<chromosome id="58367" primary-parent-id="57909"><neuron id="52914" type="in" activation="linear"/>
<neuron id="52915" type="in" activation="linear"/>
<neuron id="52916" type="in" activation="linear"/>
<neuron id="52917" type="in" activation="linear"/>
<neuron id="52918" type="in" activation="linear"/>
<neuron id="52919" type="in" activation="linear"/>
<neuron id="52920" type="in" activation="linear"/>
<neuron id="52921" type="in" activation="linear"/>
<neuron id="52922" type="in" activation="linear"/>
<neuron id="52923" type="in" activation="linear"/>
<neuron id="52924" type="in" activation="linear"/>
<neuron id="52925" type="in" activation="linear"/>
<neuron id="52926" type="in" activation="linear"/>
<neuron id="52927" type="in" activation="linear"/>
<neuron id="52928" type="in" activation="linear"/>
<neuron id="52929" type="in" activation="linear"/>
<neuron id="52930" type="in" activation="linear"/>
<neuron id="52931" type="in" activation="linear"/>
<neuron id="52932" type="in" activation="linear"/>
<neuron id="52933" type="in" activation="linear"/>
<neuron id="52934" type="in" activation="linear"/>
<neuron id="52935" type="in" activation="linear"/>
<neuron id="52936" type="in" activation="linear"/>
<neuron id="52937" type="in" activation="linear"/>
<neuron id="52938" type="in" activation="linear"/>
<neuron id="52939" type="in" activation="linear"/>
<neuron id="52940" type="in" activation="linear"/>
<neuron id="52941" type="in" activation="linear"/>
<neuron id="52942" type="in" activation="linear"/>
<neuron id="52943" type="in" activation="linear"/>
<neuron id="52944" type="in" activation="linear"/>
<neuron id="52945" type="in" activation="linear"/>
<neuron id="52946" type="in" activation="linear"/>
<neuron id="52947" type="in" activation="linear"/>
<neuron id="52948" type="in" activation="linear"/>
<neuron id="52949" type="in" activation="linear"/>
<neuron id="52950" type="in" activation="linear"/>
<neuron id="52951" type="in" activation="linear"/>
<neuron id="52952" type="in" activation="linear"/>
<neuron id="52953" type="in" activation="linear"/>
<neuron id="52954" type="in" activation="linear"/>
<neuron id="52955" type="in" activation="linear"/>
<neuron id="52956" type="out" activation="linear"/>
<neuron id="52957" type="hid" activation="sigmoid"/>
<connection id="52958" src-id="52914" dest-id="52957" weight="5.695014919128179"/>
<connection id="52959" src-id="52915" dest-id="52957" weight="-7.220391388891975"/>
<connection id="52960" src-id="52916" dest-id="52957" weight="2.3019288000455473"/>
<connection id="52962" src-id="52918" dest-id="52957" weight="-15.090627330940517"/>
<connection id="52963" src-id="52919" dest-id="52957" weight="-11.92494983182484"/>
<connection id="52965" src-id="52921" dest-id="52957" weight="-23.11430804277433"/>
<connection id="52967" src-id="52923" dest-id="52957" weight="-17.993176813633568"/>
<connection id="52968" src-id="52924" dest-id="52957" weight="8.322400257521615"/>
<connection id="52969" src-id="52925" dest-id="52957" weight="3.949350524132141"/>
<connection id="52970" src-id="52926" dest-id="52957" weight="-3.7377927958826445"/>
<connection id="52971" src-id="52927" dest-id="52957" weight="-7.838098556978831"/>
<connection id="52972" src-id="52928" dest-id="52957" weight="-3.3322736162264475"/>
<connection id="52973" src-id="52929" dest-id="52957" weight="-10.90756846781374"/>
<connection id="52974" src-id="52930" dest-id="52957" weight="-5.793790150690991"/>
<connection id="52975" src-id="52931" dest-id="52957" weight="-4.894613399339281"/>
<connection id="52978" src-id="52934" dest-id="52957" weight="-13.938037790558774"/>
<connection id="52979" src-id="52935" dest-id="52957" weight="-5.370826875596343"/>
<connection id="52980" src-id="52936" dest-id="52957" weight="6.153726351222543"/>
<connection id="52981" src-id="52937" dest-id="52957" weight="5.192998277263972"/>
<connection id="52982" src-id="52938" dest-id="52957" weight="3.011772903090506"/>
<connection id="52983" src-id="52939" dest-id="52957" weight="-4.887147464799025"/>
<connection id="52984" src-id="52940" dest-id="52957" weight="-6.406230905496965"/>
<connection id="52986" src-id="52942" dest-id="52957" weight="4.313707315864224"/>
<connection id="52988" src-id="52944" dest-id="52957" weight="-7.1375138165593945"/>
<connection id="52989" src-id="52945" dest-id="52957" weight="-1.4581502014894188"/>
<connection id="52990" src-id="52946" dest-id="52957" weight="13.055698418193117"/>
<connection id="52991" src-id="52947" dest-id="52957" weight="21.307778810526678"/>
<connection id="52992" src-id="52948" dest-id="52957" weight="-13.296801252548486"/>
<connection id="52994" src-id="52950" dest-id="52957" weight="-2.6444973101649003"/>
<connection id="52995" src-id="52951" dest-id="52957" weight="-6.893952180642046"/>
<connection id="52996" src-id="52952" dest-id="52957" weight="7.685194885511165"/>
<connection id="52997" src-id="52953" dest-id="52957" weight="11.563262794285812"/>
<connection id="52999" src-id="52955" dest-id="52957" weight="8.319256484937876"/>
<neuron id="53001" type="hid" activation="sigmoid"/>
<connection id="53002" src-id="52914" dest-id="53001" weight="9.282544130135364"/>
<connection id="53005" src-id="52917" dest-id="53001" weight="-1.8551526672297942"/>
<connection id="53006" src-id="52918" dest-id="53001" weight="-3.774424251207922"/>
<connection id="53007" src-id="52919" dest-id="53001" weight="-15.252097744615314"/>
<connection id="53008" src-id="52920" dest-id="53001" weight="-19.231566634121307"/>
<connection id="53009" src-id="52921" dest-id="53001" weight="-9.250590550892316"/>
<connection id="53010" src-id="52922" dest-id="53001" weight="-10.886047614540871"/>
<connection id="53012" src-id="52924" dest-id="53001" weight="-6.754722999941017"/>
<connection id="53013" src-id="52925" dest-id="53001" weight="-5.646114141523939"/>
<connection id="53014" src-id="52926" dest-id="53001" weight="9.057801864666978"/>
<connection id="53015" src-id="52927" dest-id="53001" weight="-1.4681002446563565"/>
<connection id="53016" src-id="52928" dest-id="53001" weight="-16.075206430321845"/>
<connection id="53017" src-id="52929" dest-id="53001" weight="6.807478473848687"/>
<connection id="53018" src-id="52930" dest-id="53001" weight="7.907167942952702"/>
<connection id="53019" src-id="52931" dest-id="53001" weight="-11.960210800123038"/>
<connection id="53021" src-id="52933" dest-id="53001" weight="-8.73027880764193"/>
<connection id="53022" src-id="52934" dest-id="53001" weight="5.950094008218264"/>
<connection id="53024" src-id="52936" dest-id="53001" weight="-9.558778531659462"/>
<connection id="53025" src-id="52937" dest-id="53001" weight="-1.8110691359608195"/>
<connection id="53026" src-id="52938" dest-id="53001" weight="-6.709892622502102"/>
<connection id="53027" src-id="52939" dest-id="53001" weight="-16.47346334936782"/>
<connection id="53029" src-id="52941" dest-id="53001" weight="0.372255170377892"/>
<connection id="53030" src-id="52942" dest-id="53001" weight="17.883564886875575"/>
<connection id="53031" src-id="52943" dest-id="53001" weight="-11.231687106671838"/>
<connection id="53032" src-id="52944" dest-id="53001" weight="4.048180477623473"/>
<connection id="53033" src-id="52945" dest-id="53001" weight="-1.9494791131113636"/>
<connection id="53034" src-id="52946" dest-id="53001" weight="0.03077255733747064"/>
<connection id="53035" src-id="52947" dest-id="53001" weight="-2.35172375987712"/>
<connection id="53036" src-id="52948" dest-id="53001" weight="-7.616675141716177"/>
<connection id="53037" src-id="52949" dest-id="53001" weight="6.351255281598064"/>
<connection id="53038" src-id="52950" dest-id="53001" weight="-4.950535997842271"/>
<connection id="53039" src-id="52951" dest-id="53001" weight="11.478587472193773"/>
<connection id="53041" src-id="52953" dest-id="53001" weight="-16.814809324883207"/>
<connection id="53042" src-id="52954" dest-id="53001" weight="-1.5789501177082765"/>
<connection id="53043" src-id="52955" dest-id="53001" weight="-3.540803354324468"/>
<neuron id="53045" type="hid" activation="sigmoid"/>
<connection id="53046" src-id="52914" dest-id="53045" weight="-7.017143660864347"/>
<connection id="53049" src-id="52917" dest-id="53045" weight="8.832017356717387"/>
<connection id="53050" src-id="52918" dest-id="53045" weight="-27.77890206390085"/>
<connection id="53052" src-id="52920" dest-id="53045" weight="4.4118498900487335"/>
<connection id="53053" src-id="52921" dest-id="53045" weight="-5.517834355720086"/>
<connection id="53054" src-id="52922" dest-id="53045" weight="6.943332945254537"/>
<connection id="53056" src-id="52924" dest-id="53045" weight="7.4359903666209295"/>
<connection id="53057" src-id="52925" dest-id="53045" weight="-9.389751444273127"/>
<connection id="53059" src-id="52927" dest-id="53045" weight="16.1251159710788"/>
<connection id="53060" src-id="52928" dest-id="53045" weight="10.12302222119822"/>
<connection id="53061" src-id="52929" dest-id="53045" weight="-33.72030641003363"/>
<connection id="53063" src-id="52931" dest-id="53045" weight="-2.4377367268445065"/>
<connection id="53064" src-id="52932" dest-id="53045" weight="6.8698962129676024"/>
<connection id="53065" src-id="52933" dest-id="53045" weight="-2.6371552323726664"/>
<connection id="53066" src-id="52934" dest-id="53045" weight="-6.116344993464918"/>
<connection id="53067" src-id="52935" dest-id="53045" weight="-12.096949851824876"/>
<connection id="53069" src-id="52937" dest-id="53045" weight="-0.9252559815107535"/>
<connection id="53070" src-id="52938" dest-id="53045" weight="-25.900729131366216"/>
<connection id="53071" src-id="52939" dest-id="53045" weight="9.159749345777026"/>
<connection id="53072" src-id="52940" dest-id="53045" weight="4.282647834331719"/>
<connection id="53073" src-id="52941" dest-id="53045" weight="-7.9839571548723764"/>
<connection id="53074" src-id="52942" dest-id="53045" weight="-9.099824803099965"/>
<connection id="53075" src-id="52943" dest-id="53045" weight="-9.938986891141786"/>
<connection id="53076" src-id="52944" dest-id="53045" weight="9.00733979826255"/>
<connection id="53077" src-id="52945" dest-id="53045" weight="-1.7881970238079095"/>
<connection id="53080" src-id="52948" dest-id="53045" weight="2.7429286601624305"/>
<connection id="53082" src-id="52950" dest-id="53045" weight="0.07833224496854507"/>
<connection id="53083" src-id="52951" dest-id="53045" weight="10.274080653791895"/>
<connection id="53085" src-id="52953" dest-id="53045" weight="10.094363443926461"/>
<connection id="53086" src-id="52954" dest-id="53045" weight="-2.5349588353555177"/>
<connection id="53087" src-id="52955" dest-id="53045" weight="8.514475525940863"/>
<connection id="53088" src-id="53045" dest-id="52956" weight="-1.0958848112772628"/>
<neuron id="53089" type="hid" activation="sigmoid"/>
<connection id="53090" src-id="52914" dest-id="53089" weight="-1.7644897973997526"/>
<connection id="53091" src-id="52915" dest-id="53089" weight="-0.11332379191079145"/>
<connection id="53092" src-id="52916" dest-id="53089" weight="6.755477550488672"/>
<connection id="53093" src-id="52917" dest-id="53089" weight="-6.318663620995464"/>
<connection id="53094" src-id="52918" dest-id="53089" weight="14.148863789264592"/>
<connection id="53096" src-id="52920" dest-id="53089" weight="10.952569973301618"/>
<connection id="53097" src-id="52921" dest-id="53089" weight="6.435354847135967"/>
<connection id="53099" src-id="52923" dest-id="53089" weight="-8.266455372569947"/>
<connection id="53100" src-id="52924" dest-id="53089" weight="5.630293472518164"/>
<connection id="53101" src-id="52925" dest-id="53089" weight="-1.1924333692308857"/>
<connection id="53102" src-id="52926" dest-id="53089" weight="0.4429838422200465"/>
<connection id="53103" src-id="52927" dest-id="53089" weight="6.641705630463953"/>
<connection id="53104" src-id="52928" dest-id="53089" weight="-8.075579211166183"/>
<connection id="53105" src-id="52929" dest-id="53089" weight="-5.812219308294766"/>
<connection id="53106" src-id="52930" dest-id="53089" weight="24.832548193402147"/>
<connection id="53107" src-id="52931" dest-id="53089" weight="-23.42166584989639"/>
<connection id="53108" src-id="52932" dest-id="53089" weight="0.2055348642592043"/>
<connection id="53109" src-id="52933" dest-id="53089" weight="3.641257352304981"/>
<connection id="53110" src-id="52934" dest-id="53089" weight="-2.0799257838749234"/>
<connection id="53112" src-id="52936" dest-id="53089" weight="1.5478500348891608"/>
<connection id="53113" src-id="52937" dest-id="53089" weight="0.9291387412921841"/>
<connection id="53114" src-id="52938" dest-id="53089" weight="-1.358468717119601"/>
<connection id="53115" src-id="52939" dest-id="53089" weight="3.043157789207787"/>
<connection id="53116" src-id="52940" dest-id="53089" weight="8.476691915414337"/>
<connection id="53117" src-id="52941" dest-id="53089" weight="-0.053581957477290665"/>
<connection id="53118" src-id="52942" dest-id="53089" weight="-10.388384215432158"/>
<connection id="53119" src-id="52943" dest-id="53089" weight="2.848162450379779"/>
<connection id="53120" src-id="52944" dest-id="53089" weight="0.23768990927356703"/>
<connection id="53121" src-id="52945" dest-id="53089" weight="-7.153504024637396"/>
<connection id="53122" src-id="52946" dest-id="53089" weight="2.597622495393286"/>
<connection id="53123" src-id="52947" dest-id="53089" weight="-16.49277721007105"/>
<connection id="53124" src-id="52948" dest-id="53089" weight="10.40608668607677"/>
<connection id="53126" src-id="52950" dest-id="53089" weight="-11.774259938546214"/>
<connection id="53127" src-id="52951" dest-id="53089" weight="19.69278199172027"/>
<connection id="53128" src-id="52952" dest-id="53089" weight="-1.7885191075581197"/>
<connection id="53129" src-id="52953" dest-id="53089" weight="-2.7181078498736553"/>
<connection id="53130" src-id="52954" dest-id="53089" weight="-1.6618102444788292"/>
<connection id="53131" src-id="52955" dest-id="53089" weight="14.116180402762426"/>
<connection id="53132" src-id="53089" dest-id="52956" weight="-0.4239751962031646"/>
<neuron id="53133" type="hid" activation="sigmoid"/>
<connection id="53134" src-id="52914" dest-id="53133" weight="2.8055360191270697"/>
<connection id="53135" src-id="52915" dest-id="53133" weight="-4.431954454992173"/>
<connection id="53137" src-id="52917" dest-id="53133" weight="3.124208881466682"/>
<connection id="53138" src-id="52918" dest-id="53133" weight="-9.630217851378257"/>
<connection id="53139" src-id="52919" dest-id="53133" weight="-4.717348361100134"/>
<connection id="53140" src-id="52920" dest-id="53133" weight="0.5775552112672593"/>
<connection id="53141" src-id="52921" dest-id="53133" weight="1.9425415603943452"/>
<connection id="53142" src-id="52922" dest-id="53133" weight="5.038815709725441"/>
<connection id="53144" src-id="52924" dest-id="53133" weight="-0.4284976772252742"/>
<connection id="53146" src-id="52926" dest-id="53133" weight="-6.772940933185751"/>
<connection id="53147" src-id="52927" dest-id="53133" weight="17.108715919184785"/>
<connection id="53148" src-id="52928" dest-id="53133" weight="-1.2560867071820323"/>
<connection id="53149" src-id="52929" dest-id="53133" weight="0.1071518779650169"/>
<connection id="53150" src-id="52930" dest-id="53133" weight="2.3391046458715508"/>
<connection id="53151" src-id="52931" dest-id="53133" weight="3.223644514090879"/>
<connection id="53152" src-id="52932" dest-id="53133" weight="-20.202145681883877"/>
<connection id="53153" src-id="52933" dest-id="53133" weight="6.323492743259328"/>
<connection id="53154" src-id="52934" dest-id="53133" weight="15.646439052342128"/>
<connection id="53155" src-id="52935" dest-id="53133" weight="-9.593460169772317"/>
<connection id="53156" src-id="52936" dest-id="53133" weight="23.034675657076598"/>
<connection id="53157" src-id="52937" dest-id="53133" weight="-0.10493481900756407"/>
<connection id="53158" src-id="52938" dest-id="53133" weight="0.8197103415629106"/>
<connection id="53159" src-id="52939" dest-id="53133" weight="-6.15817857551194"/>
<connection id="53160" src-id="52940" dest-id="53133" weight="2.2653259041811165"/>
<connection id="53161" src-id="52941" dest-id="53133" weight="14.072556397338179"/>
<connection id="53162" src-id="52942" dest-id="53133" weight="2.289563015667026"/>
<connection id="53163" src-id="52943" dest-id="53133" weight="-0.6464371945399914"/>
<connection id="53164" src-id="52944" dest-id="53133" weight="-18.093364914782835"/>
<connection id="53166" src-id="52946" dest-id="53133" weight="27.0321171658066"/>
<connection id="53168" src-id="52948" dest-id="53133" weight="-2.8272225146537693"/>
<connection id="53169" src-id="52949" dest-id="53133" weight="-9.29889306936585"/>
<connection id="53170" src-id="52950" dest-id="53133" weight="-9.294079686907361"/>
<connection id="53173" src-id="52953" dest-id="53133" weight="-2.5378587239682417"/>
<connection id="53174" src-id="52954" dest-id="53133" weight="-22.392323861850716"/>
<connection id="53176" src-id="53133" dest-id="52956" weight="6.346258753553112"/>
<connection id="53262" src-id="52945" dest-id="52956" weight="11.483373093670373"/>
<neuron id="53521" type="hid" activation="sigmoid"/>
<connection id="53522" src-id="52922" dest-id="53521" weight="4.438645479100572"/>
<connection id="53523" src-id="53521" dest-id="53089" weight="-5.941537105527051"/>
<connection id="53670" src-id="52923" dest-id="52956" weight="11.842076327983815"/>
<neuron id="53857" type="hid" activation="sigmoid"/>
<connection id="53858" src-id="52932" dest-id="53857" weight="6.087140811602833"/>
<connection id="53859" src-id="53857" dest-id="53001" weight="-2.097374067622548"/>
<connection id="53963" src-id="52927" dest-id="53857" weight="0.1483632520166508"/>
<connection id="54061" src-id="52916" dest-id="52956" weight="10.940792615268146"/>
<neuron id="54124" type="hid" activation="sigmoid"/>
<connection id="54125" src-id="52923" dest-id="54124" weight="1.8469398016417267"/>
<connection id="54126" src-id="54124" dest-id="53001" weight="1.3147808443281095"/>
<neuron id="54641" type="hid" activation="sigmoid"/>
<connection id="54643" src-id="54641" dest-id="53089" weight="-16.247945922584517"/>
<neuron id="54644" type="hid" activation="sigmoid"/>
<connection id="54645" src-id="52933" dest-id="54644" weight="10.905244946402817"/>
<connection id="54761" src-id="52921" dest-id="54644" weight="5.113482709233737"/>
<connection id="54769" src-id="52955" dest-id="54644" weight="14.5516854842995"/>
<connection id="54771" src-id="53089" dest-id="53045" weight="1.0049202563262516"/>
<neuron id="54885" type="hid" activation="sigmoid"/>
<connection id="54886" src-id="52927" dest-id="54885" weight="-4.675094579206659"/>
<connection id="54887" src-id="54885" dest-id="53001" weight="4.285949345231684"/>
<connection id="55071" src-id="52918" dest-id="52956" weight="4.154008979741805"/>
<connection id="55230" src-id="52944" dest-id="53857" weight="4.508340728191443"/>
<neuron id="55293" type="hid" activation="sigmoid"/>
<connection id="55294" src-id="54644" dest-id="55293" weight="4.329293135964714"/>
<connection id="55295" src-id="55293" dest-id="52957" weight="7.187091564329417"/>
<connection id="55332" src-id="52955" dest-id="54885" weight="-1.843424818719368"/>
<connection id="55394" src-id="52938" dest-id="53857" weight="-9.209570925202609"/>
<connection id="55409" src-id="52919" dest-id="53857" weight="-8.838405899198031"/>
<connection id="55424" src-id="52952" dest-id="54644" weight="7.851371049473751"/>
<connection id="55563" src-id="52930" dest-id="52956" weight="6.656295153614295"/>
<connection id="55606" src-id="52916" dest-id="54644" weight="-4.603222517508482"/>
<connection id="55610" src-id="52937" dest-id="54641" weight="-0.13970666414204125"/>
<connection id="55613" src-id="53001" dest-id="53133" weight="11.28719403113874"/>
<connection id="55661" src-id="52938" dest-id="54641" weight="-3.8903749993120833"/>
<connection id="55747" src-id="52951" dest-id="52956" weight="-1.839098126184692"/>
<connection id="55751" src-id="52928" dest-id="54644" weight="-5.284718114195097"/>
<connection id="55780" src-id="52915" dest-id="52956" weight="5.292808233192502"/>
<neuron id="55829" type="hid" activation="sigmoid"/>
<connection id="55830" src-id="52955" dest-id="55829" weight="-4.931166947271793"/>
<connection id="55831" src-id="55829" dest-id="53133" weight="-0.3536056672545636"/>
<connection id="55920" src-id="53001" dest-id="53089" weight="0.5740325869666487"/>
<connection id="55948" src-id="52947" dest-id="54885" weight="-2.8981834090807475"/>
<neuron id="55978" type="hid" activation="sigmoid"/>
<connection id="55979" src-id="52957" dest-id="55978" weight="0.7020330929093217"/>
<connection id="55980" src-id="55978" dest-id="52956" weight="12.882444899281502"/>
<connection id="56049" src-id="52918" dest-id="54641" weight="0.12930282319469055"/>
<connection id="56062" src-id="53045" dest-id="54644" weight="-1.4851179889199804"/>
<connection id="56168" src-id="52952" dest-id="54641" weight="1.826097230697294"/>
<connection id="56274" src-id="52928" dest-id="54885" weight="-3.163559218038182"/>
<connection id="56515" src-id="52944" dest-id="54644" weight="7.667871122665508"/>
<connection id="56603" src-id="52946" dest-id="54885" weight="-0.44149601459503174"/>
<connection id="56604" src-id="53857" dest-id="54644" weight="5.329120010039407"/>
<connection id="56755" src-id="52950" dest-id="53521" weight="-1.9752566665254072"/>
<connection id="56758" src-id="52932" dest-id="53521" weight="-1.5189737919498598"/>
<connection id="56759" src-id="52951" dest-id="53521" weight="8.341456650947443"/>
<connection id="56762" src-id="54641" dest-id="53521" weight="12.830868860838745"/>
<connection id="56764" src-id="52935" dest-id="53521" weight="0.5801534585958265"/>
<connection id="56790" src-id="52949" dest-id="54641" weight="-1.571651376173407"/>
<connection id="56900" src-id="52938" dest-id="54885" weight="-1.8032960903553557"/>
<neuron id="56934" type="hid" activation="sigmoid"/>
<connection id="56935" src-id="52943" dest-id="56934" weight="-1.455862399342637"/>
<connection id="56936" src-id="56934" dest-id="52957" weight="10.908163959222179"/>
<neuron id="56937" type="hid" activation="sigmoid"/>
<connection id="56938" src-id="54641" dest-id="56937" weight="-7.00483886686711"/>
<connection id="56939" src-id="56937" dest-id="52956" weight="-2.689468830841797"/>
<neuron id="56940" type="hid" activation="sigmoid"/>
<connection id="56941" src-id="52949" dest-id="56940" weight="-0.18518231964109333"/>
<connection id="56942" src-id="56940" dest-id="53045" weight="-16.03202972330571"/>
<connection id="56986" src-id="52932" dest-id="56937" weight="10.821898584795544"/>
<connection id="56987" src-id="56934" dest-id="53045" weight="7.105071200984096"/>
<connection id="57210" src-id="52916" dest-id="56937" weight="-9.257913337848082"/>
<connection id="57211" src-id="56937" dest-id="53045" weight="2.3437629502449506"/>
<connection id="57215" src-id="52914" dest-id="56937" weight="2.680614988679505"/>
<neuron id="57225" type="hid" activation="sigmoid"/>
<connection id="57226" src-id="52952" dest-id="57225" weight="-3.984107591246464"/>
<connection id="57227" src-id="57225" dest-id="53133" weight="11.559303997817949"/>
<neuron id="57246" type="hid" activation="sigmoid"/>
<connection id="57247" src-id="52923" dest-id="57246" weight="12.715201078284242"/>
<connection id="57248" src-id="57246" dest-id="53857" weight="-5.383422649898156"/>
<neuron id="57249" type="hid" activation="sigmoid"/>
<connection id="57250" src-id="53857" dest-id="57249" weight="-0.4276359939952139"/>
<connection id="57251" src-id="57249" dest-id="54885" weight="-2.017103875212237"/>
<neuron id="57398" type="hid" activation="sigmoid"/>
<connection id="57399" src-id="52940" dest-id="57398" weight="-4.1021481292518445"/>
<connection id="57400" src-id="57398" dest-id="53001" weight="-4.929500763714942"/>
<connection id="57438" src-id="57249" dest-id="52957" weight="-2.6162545741348886"/>
<connection id="57441" src-id="52935" dest-id="57246" weight="-2.2769637185268747"/>
<connection id="57443" src-id="52916" dest-id="57246" weight="-7.7000877725620445"/>
<connection id="57444" src-id="52921" dest-id="56937" weight="-4.801866948229177"/>
<connection id="57447" src-id="56940" dest-id="52957" weight="1.2724999582239407"/>
<connection id="57449" src-id="56940" dest-id="56934" weight="-5.165658737724563"/>
<neuron id="57544" type="hid" activation="sigmoid"/>
<connection id="57545" src-id="52916" dest-id="57544" weight="-1.8614971948815757"/>
<connection id="57546" src-id="57544" dest-id="53001" weight="15.56482587598948"/>
<connection id="57674" src-id="57246" dest-id="54644" weight="-0.37422159337885486"/>
<connection id="57676" src-id="52953" dest-id="53521" weight="6.147592934514483"/>
<connection id="57678" src-id="56937" dest-id="54885" weight="10.405451134607212"/>
<connection id="57679" src-id="52930" dest-id="57249" weight="-2.6715997186024385"/>
<connection id="57680" src-id="56937" dest-id="52957" weight="-7.3618170444111"/>
<connection id="57859" src-id="52942" dest-id="55829" weight="-3.5728543658412923"/>
<connection id="57861" src-id="55829" dest-id="53045" weight="-0.060851405752886056"/>
<connection id="57863" src-id="54124" dest-id="53089" weight="-3.2399299847596565"/>
<connection id="57866" src-id="52937" dest-id="57246" weight="0.9694376703484313"/>
<connection id="58127" src-id="52916" dest-id="57249" weight="-2.1988805154000897"/>
<connection id="58129" src-id="57398" dest-id="52956" weight="0.2644813060760498"/>
<connection id="58132" src-id="56934" dest-id="57249" weight="-0.35896527767181396"/>
<connection id="58133" src-id="52919" dest-id="56934" weight="1.7687210922009438"/>
<connection id="58134" src-id="52918" dest-id="57249" weight="0.7108091115951538"/>
<neuron id="58330" type="hid" activation="sigmoid"/>
<connection id="58331" src-id="52949" dest-id="58330" weight="-1.5513417386617543"/>
<connection id="58332" src-id="58330" dest-id="53089" weight="17.23338361801036"/>
</chromosome>