<chromosome id="63156" primary-parent-id="61889"><neuron id="39470" type="in" activation="linear"/>
<neuron id="39471" type="in" activation="linear"/>
<neuron id="39472" type="in" activation="linear"/>
<neuron id="39473" type="in" activation="linear"/>
<neuron id="39474" type="in" activation="linear"/>
<neuron id="39475" type="in" activation="linear"/>
<neuron id="39476" type="in" activation="linear"/>
<neuron id="39477" type="in" activation="linear"/>
<neuron id="39478" type="in" activation="linear"/>
<neuron id="39479" type="in" activation="linear"/>
<neuron id="39480" type="in" activation="linear"/>
<neuron id="39481" type="in" activation="linear"/>
<neuron id="39482" type="in" activation="linear"/>
<neuron id="39483" type="in" activation="linear"/>
<neuron id="39484" type="in" activation="linear"/>
<neuron id="39485" type="in" activation="linear"/>
<neuron id="39486" type="in" activation="linear"/>
<neuron id="39487" type="in" activation="linear"/>
<neuron id="39488" type="in" activation="linear"/>
<neuron id="39489" type="in" activation="linear"/>
<neuron id="39490" type="in" activation="linear"/>
<neuron id="39491" type="in" activation="linear"/>
<neuron id="39492" type="in" activation="linear"/>
<neuron id="39493" type="in" activation="linear"/>
<neuron id="39494" type="in" activation="linear"/>
<neuron id="39495" type="in" activation="linear"/>
<neuron id="39496" type="in" activation="linear"/>
<neuron id="39497" type="in" activation="linear"/>
<neuron id="39498" type="in" activation="linear"/>
<neuron id="39499" type="in" activation="linear"/>
<neuron id="39500" type="in" activation="linear"/>
<neuron id="39501" type="in" activation="linear"/>
<neuron id="39502" type="in" activation="linear"/>
<neuron id="39503" type="in" activation="linear"/>
<neuron id="39504" type="in" activation="linear"/>
<neuron id="39505" type="in" activation="linear"/>
<neuron id="39506" type="in" activation="linear"/>
<neuron id="39507" type="in" activation="linear"/>
<neuron id="39508" type="in" activation="linear"/>
<neuron id="39509" type="in" activation="linear"/>
<neuron id="39510" type="in" activation="linear"/>
<neuron id="39511" type="in" activation="linear"/>
<neuron id="39512" type="out" activation="linear"/>
<neuron id="39513" type="hid" activation="sigmoid"/>
<connection id="39514" src-id="39470" dest-id="39513" weight="24.876167666486477"/>
<connection id="39515" src-id="39471" dest-id="39513" weight="-24.418207371710956"/>
<connection id="39517" src-id="39473" dest-id="39513" weight="15.288205224661217"/>
<connection id="39519" src-id="39475" dest-id="39513" weight="3.4604566204946177"/>
<connection id="39521" src-id="39477" dest-id="39513" weight="1.9701002466460455"/>
<connection id="39522" src-id="39478" dest-id="39513" weight="-11.679495716750454"/>
<connection id="39523" src-id="39479" dest-id="39513" weight="-6.215198375694806"/>
<connection id="39525" src-id="39481" dest-id="39513" weight="-2.369735345257523"/>
<connection id="39526" src-id="39482" dest-id="39513" weight="-10.190353511469384"/>
<connection id="39527" src-id="39483" dest-id="39513" weight="30.53732070216137"/>
<connection id="39529" src-id="39485" dest-id="39513" weight="11.093907354581287"/>
<connection id="39530" src-id="39486" dest-id="39513" weight="10.325664498023471"/>
<connection id="39532" src-id="39488" dest-id="39513" weight="-10.890315494927412"/>
<connection id="39533" src-id="39489" dest-id="39513" weight="14.776975819647898"/>
<connection id="39534" src-id="39490" dest-id="39513" weight="-13.379662223962711"/>
<connection id="39536" src-id="39492" dest-id="39513" weight="0.012446373434168878"/>
<connection id="39538" src-id="39494" dest-id="39513" weight="0.3443632524899496"/>
<connection id="39544" src-id="39500" dest-id="39513" weight="9.894780087007332"/>
<connection id="39545" src-id="39501" dest-id="39513" weight="-3.861470474454998"/>
<connection id="39546" src-id="39502" dest-id="39513" weight="5.061241787892863"/>
<connection id="39547" src-id="39503" dest-id="39513" weight="2.3253927756842176"/>
<connection id="39550" src-id="39506" dest-id="39513" weight="-0.028156652664790283"/>
<connection id="39551" src-id="39507" dest-id="39513" weight="5.85876945504762"/>
<connection id="39552" src-id="39508" dest-id="39513" weight="25.174957875294602"/>
<connection id="39555" src-id="39511" dest-id="39513" weight="9.599372970147517"/>
<neuron id="39557" type="hid" activation="sigmoid"/>
<connection id="39559" src-id="39471" dest-id="39557" weight="-8.163510710306856"/>
<connection id="39560" src-id="39472" dest-id="39557" weight="-14.474974709343757"/>
<connection id="39561" src-id="39473" dest-id="39557" weight="2.0530562596787285"/>
<connection id="39562" src-id="39474" dest-id="39557" weight="-9.170410890870606"/>
<connection id="39563" src-id="39475" dest-id="39557" weight="-6.634003029409982"/>
<connection id="39565" src-id="39477" dest-id="39557" weight="3.3800419214072033"/>
<connection id="39566" src-id="39478" dest-id="39557" weight="15.166146421475375"/>
<connection id="39567" src-id="39479" dest-id="39557" weight="19.536494626018204"/>
<connection id="39569" src-id="39481" dest-id="39557" weight="-6.120010986014319"/>
<connection id="39572" src-id="39484" dest-id="39557" weight="-4.985280026098334"/>
<connection id="39573" src-id="39485" dest-id="39557" weight="20.76986399242473"/>
<connection id="39575" src-id="39487" dest-id="39557" weight="10.784107635902927"/>
<connection id="39577" src-id="39489" dest-id="39557" weight="-11.334411752604701"/>
<connection id="39578" src-id="39490" dest-id="39557" weight="-22.593926947631388"/>
<connection id="39579" src-id="39491" dest-id="39557" weight="18.79723471799572"/>
<connection id="39580" src-id="39492" dest-id="39557" weight="-2.579900134071469"/>
<connection id="39582" src-id="39494" dest-id="39557" weight="9.554380767895449"/>
<connection id="39583" src-id="39495" dest-id="39557" weight="-14.633366449800791"/>
<connection id="39586" src-id="39498" dest-id="39557" weight="-2.314381427485391"/>
<connection id="39590" src-id="39502" dest-id="39557" weight="-15.751380360433238"/>
<connection id="39591" src-id="39503" dest-id="39557" weight="34.83408099222843"/>
<connection id="39592" src-id="39504" dest-id="39557" weight="8.664732320552817"/>
<connection id="39594" src-id="39506" dest-id="39557" weight="8.446889804355742"/>
<connection id="39595" src-id="39507" dest-id="39557" weight="-2.058961876676354"/>
<connection id="39596" src-id="39508" dest-id="39557" weight="11.538452309651799"/>
<connection id="39597" src-id="39509" dest-id="39557" weight="-16.739016134267853"/>
<connection id="39598" src-id="39510" dest-id="39557" weight="0.24571808742974355"/>
<connection id="39599" src-id="39511" dest-id="39557" weight="-4.4618743712756705"/>
<connection id="39600" src-id="39557" dest-id="39512" weight="4.3584349520060774"/>
<neuron id="39601" type="hid" activation="sigmoid"/>
<connection id="39604" src-id="39472" dest-id="39601" weight="11.337386368657121"/>
<connection id="39605" src-id="39473" dest-id="39601" weight="22.040201632432048"/>
<connection id="39606" src-id="39474" dest-id="39601" weight="2.392979173325885"/>
<connection id="39608" src-id="39476" dest-id="39601" weight="-0.16607157223356017"/>
<connection id="39610" src-id="39478" dest-id="39601" weight="17.590784223937447"/>
<connection id="39611" src-id="39479" dest-id="39601" weight="9.209850341569961"/>
<connection id="39612" src-id="39480" dest-id="39601" weight="-12.083959200751844"/>
<connection id="39613" src-id="39481" dest-id="39601" weight="10.30889619470387"/>
<connection id="39617" src-id="39485" dest-id="39601" weight="3.6860761934295736"/>
<connection id="39618" src-id="39486" dest-id="39601" weight="-13.93231356447329"/>
<connection id="39620" src-id="39488" dest-id="39601" weight="11.327581654842303"/>
<connection id="39621" src-id="39489" dest-id="39601" weight="-5.002269511030573"/>
<connection id="39623" src-id="39491" dest-id="39601" weight="5.766589437174549"/>
<connection id="39625" src-id="39493" dest-id="39601" weight="5.024960545645557"/>
<connection id="39626" src-id="39494" dest-id="39601" weight="10.020149538776087"/>
<connection id="39627" src-id="39495" dest-id="39601" weight="-0.6894235278159302"/>
<connection id="39628" src-id="39496" dest-id="39601" weight="-1.788481481756306"/>
<connection id="39629" src-id="39497" dest-id="39601" weight="-10.240241594452948"/>
<connection id="39632" src-id="39500" dest-id="39601" weight="-4.159792409596742"/>
<connection id="39637" src-id="39505" dest-id="39601" weight="6.77953106243084"/>
<connection id="39638" src-id="39506" dest-id="39601" weight="-4.04637726721535"/>
<connection id="39640" src-id="39508" dest-id="39601" weight="-2.585500843857546"/>
<connection id="39641" src-id="39509" dest-id="39601" weight="-7.096093567743113"/>
<connection id="39643" src-id="39511" dest-id="39601" weight="-5.835197964617288"/>
<connection id="39644" src-id="39601" dest-id="39512" weight="31.211456104355637"/>
<neuron id="39645" type="hid" activation="sigmoid"/>
<connection id="39646" src-id="39470" dest-id="39645" weight="4.267694456809578"/>
<connection id="39648" src-id="39472" dest-id="39645" weight="-17.2028077570244"/>
<connection id="39656" src-id="39480" dest-id="39645" weight="-7.393320169084086"/>
<connection id="39657" src-id="39481" dest-id="39645" weight="6.534117508874605"/>
<connection id="39658" src-id="39482" dest-id="39645" weight="17.639226663925967"/>
<connection id="39659" src-id="39483" dest-id="39645" weight="-8.442758195785004"/>
<connection id="39660" src-id="39484" dest-id="39645" weight="-13.119562671206138"/>
<connection id="39662" src-id="39486" dest-id="39645" weight="4.716088319076145"/>
<connection id="39663" src-id="39487" dest-id="39645" weight="-12.932803694309326"/>
<connection id="39665" src-id="39489" dest-id="39645" weight="28.318962192255754"/>
<connection id="39666" src-id="39490" dest-id="39645" weight="-10.091869455327215"/>
<connection id="39668" src-id="39492" dest-id="39645" weight="8.169330135544595"/>
<connection id="39670" src-id="39494" dest-id="39645" weight="-12.183115408770544"/>
<connection id="39675" src-id="39499" dest-id="39645" weight="-2.9875574451746303"/>
<connection id="39677" src-id="39501" dest-id="39645" weight="21.363611842444538"/>
<connection id="39680" src-id="39504" dest-id="39645" weight="12.714174810297093"/>
<connection id="39681" src-id="39505" dest-id="39645" weight="2.470268635650304"/>
<connection id="39683" src-id="39507" dest-id="39645" weight="-5.760808273765955"/>
<connection id="39687" src-id="39511" dest-id="39645" weight="5.6443602327860996"/>
<connection id="39688" src-id="39645" dest-id="39512" weight="14.446148606905485"/>
<connection id="39977" src-id="39485" dest-id="39512" weight="4.432726516627079"/>
<connection id="40249" src-id="39492" dest-id="39512" weight="12.901623659389234"/>
<connection id="40254" src-id="39475" dest-id="39512" weight="6.177967808016852"/>
<neuron id="40493" type="hid" activation="sigmoid"/>
<connection id="40494" src-id="39480" dest-id="40493" weight="-3.3018819956552683"/>
<connection id="40495" src-id="40493" dest-id="39557" weight="-5.2629588749017255"/>
<neuron id="40502" type="hid" activation="sigmoid"/>
<connection id="40503" src-id="39470" dest-id="40502" weight="6.6466457347724335"/>
<connection id="40504" src-id="40502" dest-id="39601" weight="-12.377169289964757"/>
<neuron id="40505" type="hid" activation="sigmoid"/>
<connection id="40506" src-id="39496" dest-id="40505" weight="-7.169811466968507"/>
<connection id="40507" src-id="40505" dest-id="39557" weight="15.403405274715643"/>
<neuron id="40553" type="hid" activation="sigmoid"/>
<connection id="40554" src-id="39478" dest-id="40553" weight="-0.8987746240297796"/>
<connection id="40555" src-id="40553" dest-id="39645" weight="1.480106536573004"/>
<connection id="40681" src-id="39477" dest-id="39512" weight="1.4629287126528128"/>
<connection id="40765" src-id="39498" dest-id="39512" weight="4.487655978939196"/>
<connection id="40962" src-id="39513" dest-id="39645" weight="4.334331887013908"/>
<neuron id="41118" type="hid" activation="sigmoid"/>
<connection id="41392" src-id="39509" dest-id="39512" weight="8.538627100299864"/>
<neuron id="41520" type="hid" activation="sigmoid"/>
<connection id="41522" src-id="41520" dest-id="39557" weight="4.005144769357028"/>
<neuron id="41523" type="hid" activation="sigmoid"/>
<connection id="41524" src-id="39509" dest-id="41523" weight="-0.39606364310823405"/>
<connection id="41525" src-id="41523" dest-id="39513" weight="9.052036288537051"/>
<neuron id="41526" type="hid" activation="sigmoid"/>
<connection id="41528" src-id="41526" dest-id="39513" weight="12.903887181118318"/>
<neuron id="41538" type="hid" activation="sigmoid"/>
<neuron id="41562" type="hid" activation="sigmoid"/>
<connection id="41564" src-id="41562" dest-id="39645" weight="11.508426560933593"/>
<neuron id="41565" type="hid" activation="sigmoid"/>
<connection id="41566" src-id="39471" dest-id="41565" weight="4.4427163166393635"/>
<connection id="41567" src-id="41565" dest-id="39601" weight="-27.04522953346902"/>
<neuron id="41580" type="hid" activation="sigmoid"/>
<connection id="41581" src-id="39508" dest-id="41580" weight="15.404152486537253"/>
<connection id="41582" src-id="41580" dest-id="39645" weight="-6.539363315155043"/>
<connection id="41669" src-id="39499" dest-id="39512" weight="4.598713329254055"/>
<connection id="41756" src-id="39498" dest-id="41520" weight="0.31036293506622314"/>
<neuron id="41858" type="hid" activation="sigmoid"/>
<connection id="41859" src-id="39509" dest-id="41858" weight="13.705126921352385"/>
<connection id="41860" src-id="41858" dest-id="39645" weight="-6.089317792441606"/>
<neuron id="41876" type="hid" activation="sigmoid"/>
<connection id="41877" src-id="39492" dest-id="41876" weight="21.68863644145901"/>
<neuron id="41906" type="hid" activation="sigmoid"/>
<connection id="41907" src-id="39510" dest-id="41906" weight="3.472167100548213"/>
<connection id="41908" src-id="41906" dest-id="39601" weight="1.444530873687946"/>
<connection id="42009" src-id="39494" dest-id="41876" weight="-1.3441009929124155"/>
<connection id="42036" src-id="39496" dest-id="41523" weight="9.05334315211308"/>
<connection id="42045" src-id="39484" dest-id="41520" weight="14.269575142931998"/>
<neuron id="42140" type="hid" activation="sigmoid"/>
<connection id="42141" src-id="39507" dest-id="42140" weight="-0.7828875180134638"/>
<connection id="42142" src-id="42140" dest-id="39513" weight="-9.463082921703275"/>
<neuron id="42155" type="hid" activation="sigmoid"/>
<connection id="42157" src-id="42155" dest-id="39645" weight="-16.46207312998373"/>
<connection id="42213" src-id="41520" dest-id="39645" weight="-3.8391873493290496"/>
<connection id="42252" src-id="39472" dest-id="41906" weight="17.899744128692692"/>
<connection id="42266" src-id="39494" dest-id="41523" weight="-4.348823757138503"/>
<connection id="42274" src-id="39483" dest-id="41523" weight="-1.7624153321074834"/>
<connection id="42277" src-id="39478" dest-id="41523" weight="-1.4500536603782654"/>
<connection id="42297" src-id="39482" dest-id="41562" weight="-1.212967217677764"/>
<connection id="42318" src-id="41520" dest-id="41523" weight="3.317027533253384"/>
<connection id="42339" src-id="39503" dest-id="41906" weight="13.847514867780411"/>
<connection id="42453" src-id="39491" dest-id="41520" weight="7.972166005070064"/>
<connection id="42496" src-id="39507" dest-id="41538" weight="-0.9982945474596908"/>
<connection id="42503" src-id="41523" dest-id="39645" weight="-1.3504413427156707"/>
<connection id="42627" src-id="39482" dest-id="41906" weight="-14.683818877294687"/>
<connection id="42628" src-id="39490" dest-id="41523" weight="-0.797338489069171"/>
<connection id="42722" src-id="39473" dest-id="41520" weight="10.366307363043905"/>
<connection id="42731" src-id="39511" dest-id="41523" weight="9.298116839101613"/>
<connection id="42757" src-id="39471" dest-id="41562" weight="4.658024074639543"/>
<connection id="42763" src-id="39506" dest-id="41520" weight="-1.8783354627042752"/>
<connection id="42797" src-id="39507" dest-id="41876" weight="-5.210724730585488"/>
<connection id="42851" src-id="39473" dest-id="41538" weight="-0.5101717953407033"/>
<connection id="42856" src-id="41520" dest-id="39513" weight="-1.2736036886097009"/>
<connection id="42862" src-id="39507" dest-id="41523" weight="26.86761861815058"/>
<neuron id="42880" type="hid" activation="sigmoid"/>
<connection id="42881" src-id="39491" dest-id="42880" weight="16.194961263444235"/>
<connection id="42882" src-id="42880" dest-id="39513" weight="-0.5033853511223231"/>
<neuron id="42901" type="hid" activation="sigmoid"/>
<connection id="42902" src-id="39479" dest-id="42901" weight="-8.621894469754753"/>
<connection id="42903" src-id="42901" dest-id="39645" weight="-44.4732861519872"/>
<connection id="42986" src-id="39480" dest-id="41565" weight="-3.404232001486284"/>
<connection id="43035" src-id="39472" dest-id="41538" weight="-25.18515403369072"/>
<connection id="43039" src-id="39490" dest-id="41538" weight="-4.267293136563045"/>
<connection id="43041" src-id="39475" dest-id="41906" weight="8.3837566394355"/>
<connection id="43063" src-id="39488" dest-id="41906" weight="-5.87570765806207"/>
<neuron id="43097" type="hid" activation="sigmoid"/>
<connection id="43098" src-id="39491" dest-id="43097" weight="-2.424427987479122"/>
<connection id="43099" src-id="43097" dest-id="39512" weight="-7.890739346624005"/>
<neuron id="43100" type="hid" activation="sigmoid"/>
<connection id="43101" src-id="41538" dest-id="43100" weight="-9.995928450214361"/>
<connection id="43102" src-id="43100" dest-id="39557" weight="10.891509391424666"/>
<connection id="43208" src-id="39503" dest-id="41565" weight="-3.3605479973491463"/>
<connection id="43210" src-id="39470" dest-id="42901" weight="-1.1770012023051535"/>
<connection id="43224" src-id="39486" dest-id="39512" weight="12.409398547694458"/>
<connection id="43230" src-id="39471" dest-id="39512" weight="1.7053997949614352"/>
<connection id="43269" src-id="39495" dest-id="41520" weight="28.926172336766445"/>
<connection id="43273" src-id="39498" dest-id="41523" weight="-1.5079596205997783"/>
<connection id="43277" src-id="39492" dest-id="41520" weight="-1.6089690537201173"/>
<connection id="43306" src-id="39504" dest-id="42901" weight="-0.8286944809721752"/>
<connection id="43307" src-id="39601" dest-id="41538" weight="-5.820477695965449"/>
<connection id="43309" src-id="41565" dest-id="39645" weight="1.3315817675543364"/>
<connection id="43314" src-id="39500" dest-id="41565" weight="9.7179578499421"/>
<connection id="43315" src-id="39486" dest-id="42901" weight="9.108955409441652"/>
<connection id="43319" src-id="39491" dest-id="41538" weight="5.423196906154081"/>
<connection id="43338" src-id="39509" dest-id="41562" weight="6.889216255972216"/>
<neuron id="43377" type="hid" activation="sigmoid"/>
<connection id="43379" src-id="43377" dest-id="39513" weight="-33.063213296549385"/>
<connection id="43432" src-id="39503" dest-id="41523" weight="0.4068998632623313"/>
<connection id="43442" src-id="39484" dest-id="42901" weight="4.695893089713458"/>
<connection id="43457" src-id="39507" dest-id="40502" weight="-5.1397929922002605"/>
<connection id="43471" src-id="39487" dest-id="41876" weight="3.2829339724948836"/>
<connection id="43562" src-id="39487" dest-id="41906" weight="-15.122508924284585"/>
<connection id="43567" src-id="41523" dest-id="39512" weight="-1.8197425673271777"/>
<connection id="43574" src-id="41520" dest-id="39601" weight="-0.8811014270783524"/>
<neuron id="43588" type="hid" activation="sigmoid"/>
<connection id="43589" src-id="39475" dest-id="43588" weight="-2.0222054126924616"/>
<neuron id="43603" type="hid" activation="sigmoid"/>
<connection id="43604" src-id="39495" dest-id="43603" weight="1.2530080864706248"/>
<connection id="43605" src-id="43603" dest-id="39645" weight="-9.265454746818017"/>
<connection id="43659" src-id="39474" dest-id="41565" weight="6.491019155808531"/>
<connection id="43672" src-id="41562" dest-id="39601" weight="-3.5261792519635975"/>
<connection id="43726" src-id="39497" dest-id="42901" weight="-1.3961501392337765"/>
<connection id="43733" src-id="42901" dest-id="39512" weight="2.6901850262160076"/>
<neuron id="43808" type="hid" activation="sigmoid"/>
<connection id="43809" src-id="39493" dest-id="43808" weight="-13.498945277488387"/>
<connection id="43952" src-id="39506" dest-id="41565" weight="3.158340954920508"/>
<neuron id="44023" type="hid" activation="sigmoid"/>
<connection id="44024" src-id="39497" dest-id="44023" weight="-0.9481582840207623"/>
<connection id="44025" src-id="44023" dest-id="39512" weight="17.184263486729574"/>
<neuron id="44032" type="hid" activation="sigmoid"/>
<connection id="44033" src-id="39497" dest-id="44032" weight="4.02366847232256"/>
<connection id="44034" src-id="44032" dest-id="39513" weight="-5.641635826286857"/>
<connection id="44080" src-id="39601" dest-id="42901" weight="0.5877817964494655"/>
<connection id="44147" src-id="39473" dest-id="42155" weight="-8.581969736812809"/>
<connection id="44150" src-id="39471" dest-id="41906" weight="3.4996466487897235"/>
<connection id="44166" src-id="39472" dest-id="41565" weight="-2.9812027116620134"/>
<neuron id="44238" type="hid" activation="sigmoid"/>
<connection id="44239" src-id="39491" dest-id="44238" weight="-1.3229722758367002"/>
<connection id="44240" src-id="44238" dest-id="39645" weight="-0.07475530830002805"/>
<neuron id="44247" type="hid" activation="sigmoid"/>
<connection id="44248" src-id="39484" dest-id="44247" weight="8.115728353640446"/>
<connection id="44322" src-id="39487" dest-id="41523" weight="7.593502466770268"/>
<connection id="44351" src-id="39493" dest-id="41906" weight="-31.221590867696065"/>
<connection id="44374" src-id="39502" dest-id="41538" weight="-3.145397979532132"/>
<connection id="44375" src-id="39491" dest-id="41565" weight="9.012062173761688"/>
<connection id="44379" src-id="39474" dest-id="42155" weight="19.256140102180993"/>
<connection id="44424" src-id="39479" dest-id="41538" weight="5.073036368567648"/>
<connection id="44482" src-id="39497" dest-id="41562" weight="-1.6694461361240887"/>
<connection id="44561" src-id="39489" dest-id="42155" weight="-5.407290127647274"/>
<connection id="44621" src-id="39505" dest-id="41906" weight="6.273305739965545"/>
<connection id="44690" src-id="42901" dest-id="39513" weight="-11.218150493365103"/>
<connection id="44691" src-id="39494" dest-id="41565" weight="7.3757067644372984"/>
<connection id="44693" src-id="41565" dest-id="41520" weight="-9.808232916720673"/>
<connection id="44703" src-id="40493" dest-id="41538" weight="-8.935788577523999"/>
<connection id="44704" src-id="39480" dest-id="43588" weight="2.633154026903688"/>
<connection id="44705" src-id="41520" dest-id="41538" weight="7.536161614403484"/>
<connection id="44990" src-id="39476" dest-id="41538" weight="-3.7780249176333447"/>
<connection id="45021" src-id="43588" dest-id="42155" weight="-10.623130458131271"/>
<connection id="45038" src-id="39488" dest-id="41565" weight="1.890063471233839"/>
<connection id="45041" src-id="40493" dest-id="43588" weight="-2.777363068525566"/>
<connection id="45042" src-id="39497" dest-id="40493" weight="4.178179339603361"/>
<connection id="45058" src-id="41520" dest-id="41906" weight="-1.5991376270617255"/>
<neuron id="45073" type="hid" activation="sigmoid"/>
<connection id="45074" src-id="39503" dest-id="45073" weight="5.312065818253833"/>
<connection id="45075" src-id="45073" dest-id="39601" weight="-2.7225762092687646"/>
<connection id="45160" src-id="39495" dest-id="41565" weight="-14.932384163698906"/>
<connection id="45265" src-id="39481" dest-id="40493" weight="1.838939950685215"/>
<connection id="45272" src-id="39478" dest-id="41565" weight="-18.92656411547841"/>
<connection id="45274" src-id="39509" dest-id="41580" weight="0.9039058511906316"/>
<connection id="45285" src-id="39481" dest-id="41906" weight="-1.664606686591501"/>
<connection id="45286" src-id="39479" dest-id="41565" weight="3.669177532234657"/>
<connection id="45288" src-id="39471" dest-id="41538" weight="13.92219879062921"/>
<connection id="45289" src-id="39480" dest-id="41580" weight="7.3733523434388335"/>
<connection id="45301" src-id="41538" dest-id="39645" weight="0.8110175132751465"/>
<connection id="45428" src-id="39487" dest-id="41580" weight="6.637664520192259"/>
<connection id="45436" src-id="39501" dest-id="41565" weight="0.6973075541624278"/>
<connection id="45473" src-id="39492" dest-id="41538" weight="-0.7632653446677037"/>
<connection id="45477" src-id="40493" dest-id="39512" weight="-3.0647991462831987"/>
<connection id="45479" src-id="39483" dest-id="43588" weight="-2.025146124644632"/>
<connection id="45481" src-id="39476" dest-id="40493" weight="15.25503832438946"/>
<connection id="45482" src-id="39601" dest-id="43097" weight="-6.957691739808446"/>
<connection id="45485" src-id="39481" dest-id="43588" weight="12.561136978963379"/>
<connection id="45537" src-id="39490" dest-id="43588" weight="24.383235807936515"/>
<connection id="45540" src-id="39488" dest-id="43097" weight="0.6098323500496652"/>
<connection id="45548" src-id="39476" dest-id="43588" weight="16.281492474726516"/>
<connection id="45594" src-id="41523" dest-id="41906" weight="-4.553491723174012"/>
<connection id="45653" src-id="39471" dest-id="42901" weight="-1.6657088426546733"/>
<connection id="45658" src-id="39488" dest-id="41580" weight="-5.5228826357566865"/>
<neuron id="45675" type="hid" activation="sigmoid"/>
<connection id="45677" src-id="45675" dest-id="41538" weight="-3.884465225533358"/>
<connection id="45750" src-id="39502" dest-id="41906" weight="1.1486193912850977"/>
<connection id="45813" src-id="39487" dest-id="41538" weight="-1.344695425942363"/>
<connection id="45833" src-id="39479" dest-id="43588" weight="-2.193731715141815"/>
<connection id="45836" src-id="39507" dest-id="40493" weight="-1.703037023606012"/>
<connection id="45852" src-id="39497" dest-id="43097" weight="-14.178332457897426"/>
<connection id="45897" src-id="39499" dest-id="41538" weight="-6.5625438814964046"/>
<neuron id="45917" type="hid" activation="sigmoid"/>
<connection id="45918" src-id="43588" dest-id="45917" weight="10.817023742565588"/>
<connection id="45919" src-id="45917" dest-id="39601" weight="-12.943269442979268"/>
<connection id="45992" src-id="39474" dest-id="41538" weight="-7.22536344646902"/>
<connection id="46015" src-id="39477" dest-id="43097" weight="-3.9819162825820573"/>
<connection id="46106" src-id="41876" dest-id="42155" weight="-4.848866237759287"/>
<connection id="46123" src-id="39491" dest-id="40493" weight="-8.778211976315914"/>
<connection id="46124" src-id="39477" dest-id="41565" weight="7.905686811739862"/>
<connection id="46126" src-id="39508" dest-id="41520" weight="8.229292399257918"/>
<connection id="46358" src-id="41520" dest-id="40493" weight="-8.597983321863731"/>
<connection id="46359" src-id="42155" dest-id="39601" weight="2.6048628899116038"/>
<connection id="46362" src-id="41565" dest-id="42140" weight="23.32788672432513"/>
<connection id="46363" src-id="39505" dest-id="41538" weight="-4.220116480143597"/>
<connection id="46364" src-id="39510" dest-id="40493" weight="12.484243911404015"/>
<connection id="46371" src-id="45675" dest-id="41580" weight="-0.08437323570251465"/>
<connection id="46456" src-id="39481" dest-id="41565" weight="-3.9400765616176914"/>
<connection id="46520" src-id="41580" dest-id="39557" weight="6.180796312902261"/>
<connection id="46525" src-id="39471" dest-id="43097" weight="10.953612485588915"/>
<connection id="46668" src-id="39471" dest-id="41520" weight="-1.3638618906933924"/>
<connection id="46776" src-id="39474" dest-id="42140" weight="-3.598004995190229"/>
<connection id="46808" src-id="42901" dest-id="42140" weight="-8.813052336736433"/>
<connection id="46810" src-id="43097" dest-id="42901" weight="6.941257160052274"/>
<connection id="46859" src-id="39488" dest-id="45675" weight="2.7174272747903734"/>
<neuron id="46882" type="hid" activation="sigmoid"/>
<connection id="46883" src-id="39483" dest-id="46882" weight="-8.361001125833385"/>
<connection id="46884" src-id="46882" dest-id="43588" weight="17.495702697953366"/>
<connection id="46983" src-id="39485" dest-id="41580" weight="5.066900654163771"/>
<connection id="47085" src-id="42140" dest-id="39512" weight="-8.86753552170595"/>
<connection id="47139" src-id="39509" dest-id="42901" weight="-3.4495660973792845"/>
<connection id="47140" src-id="39485" dest-id="42901" weight="-11.284277029723405"/>
<connection id="47160" src-id="39489" dest-id="43097" weight="-1.2974745736418907"/>
<connection id="47185" src-id="39498" dest-id="42140" weight="-16.535590682827962"/>
<connection id="47186" src-id="39474" dest-id="42880" weight="6.149470743014068"/>
<connection id="47187" src-id="40493" dest-id="43097" weight="-2.2041121401643147"/>
<connection id="47188" src-id="39472" dest-id="43097" weight="-15.767304113753028"/>
<connection id="47190" src-id="39475" dest-id="41565" weight="-0.7431415578513136"/>
<neuron id="47280" type="hid" activation="sigmoid"/>
<connection id="47281" src-id="39510" dest-id="47280" weight="-21.70135661038315"/>
<connection id="47282" src-id="47280" dest-id="41906" weight="10.47061760065306"/>
<neuron id="47283" type="hid" activation="sigmoid"/>
<connection id="47284" src-id="39493" dest-id="47283" weight="-7.357660435987418"/>
<connection id="47285" src-id="47283" dest-id="39557" weight="23.245748400110678"/>
<connection id="47390" src-id="41876" dest-id="47280" weight="-7.916499966884807"/>
<connection id="47411" src-id="39509" dest-id="42140" weight="6.0528006221276325"/>
<connection id="47511" src-id="39508" dest-id="43097" weight="3.1593517046038313"/>
<connection id="47518" src-id="39486" dest-id="41538" weight="1.368374453718"/>
<connection id="47577" src-id="39483" dest-id="40493" weight="-9.443817166397322"/>
<connection id="47578" src-id="47280" dest-id="43097" weight="-5.328757289730023"/>
<connection id="47580" src-id="41876" dest-id="43097" weight="-19.058051976693918"/>
<connection id="47581" src-id="39500" dest-id="45675" weight="-13.453780108025372"/>
<connection id="47582" src-id="39495" dest-id="41538" weight="-5.562772235487836"/>
<connection id="47619" src-id="39484" dest-id="43097" weight="1.5512556883889228"/>
<connection id="47636" src-id="39511" dest-id="41876" weight="3.5694363660531763"/>
<connection id="47640" src-id="39474" dest-id="43588" weight="-7.612075030997959"/>
<neuron id="47684" type="hid" activation="sigmoid"/>
<connection id="47685" src-id="39490" dest-id="47684" weight="10.332262268037319"/>
<connection id="47774" src-id="39497" dest-id="42140" weight="-12.366491560782432"/>
<connection id="47796" src-id="39488" dest-id="46882" weight="0.8715919330344093"/>
<connection id="47802" src-id="39489" dest-id="46882" weight="2.3560435083874074"/>
<connection id="47843" src-id="39498" dest-id="42155" weight="-8.493237627542081"/>
<connection id="47867" src-id="41523" dest-id="42880" weight="-7.11843899343328"/>
<connection id="47886" src-id="39499" dest-id="46882" weight="2.4783468778674074"/>
<connection id="47892" src-id="39474" dest-id="46882" weight="-0.6756422060868461"/>
<connection id="47893" src-id="39489" dest-id="42140" weight="-8.820078910372574"/>
<connection id="47895" src-id="39496" dest-id="42140" weight="-2.035889653068495"/>
<connection id="47972" src-id="39490" dest-id="41876" weight="2.4277189369477394"/>
<connection id="48084" src-id="39480" dest-id="42155" weight="-5.552794374638365"/>
<neuron id="48133" type="hid" activation="sigmoid"/>
<connection id="48134" src-id="39481" dest-id="48133" weight="-0.014182341525988296"/>
<connection id="48135" src-id="48133" dest-id="41520" weight="-28.923702904877953"/>
<connection id="48206" src-id="42155" dest-id="42140" weight="-1.3729304820499817"/>
<connection id="48209" src-id="42880" dest-id="41580" weight="-6.371278301571035"/>
<connection id="48211" src-id="39509" dest-id="41876" weight="-8.89180721367455"/>
<connection id="48220" src-id="43377" dest-id="42901" weight="-9.776035248244622"/>
<connection id="48283" src-id="39496" dest-id="42880" weight="-4.235552354705909"/>
<connection id="48288" src-id="39501" dest-id="47684" weight="4.000674216123511"/>
<connection id="48312" src-id="39493" dest-id="46882" weight="4.713602060233164"/>
<connection id="48334" src-id="44247" dest-id="43097" weight="-20.318637859890394"/>
<connection id="48335" src-id="43097" dest-id="43377" weight="-1.8692590107602394"/>
<connection id="48336" src-id="39475" dest-id="43097" weight="-4.995689860913448"/>
<connection id="48342" src-id="47684" dest-id="41538" weight="-1.620788462370677"/>
<connection id="48366" src-id="39476" dest-id="43377" weight="-0.8495655119255638"/>
<connection id="48470" src-id="41520" dest-id="42155" weight="2.4036462065100617"/>
<connection id="48489" src-id="45675" dest-id="39557" weight="-2.3600252778527473"/>
<connection id="48493" src-id="39503" dest-id="41580" weight="-4.961343875073343"/>
<connection id="48557" src-id="39510" dest-id="41580" weight="-6.308611823905855"/>
<neuron id="48590" type="hid" activation="sigmoid"/>
<connection id="48591" src-id="46882" dest-id="48590" weight="-9.732745499639352"/>
<connection id="48592" src-id="48590" dest-id="45675" weight="-4.214545103693789"/>
<connection id="48752" src-id="39474" dest-id="44247" weight="6.5393820868437595"/>
<connection id="48755" src-id="39505" dest-id="43588" weight="10.780794062159117"/>
<connection id="48757" src-id="39487" dest-id="42880" weight="11.577423719380555"/>
<connection id="48758" src-id="39499" dest-id="43377" weight="1.4897940748910445"/>
<connection id="48784" src-id="46882" dest-id="41906" weight="-6.490823236050238"/>
<connection id="48796" src-id="41876" dest-id="41538" weight="-0.3416518422685215"/>
<connection id="48989" src-id="39473" dest-id="47283" weight="-0.5810859291441829"/>
<connection id="49006" src-id="39478" dest-id="41876" weight="-1.0031325814773926"/>
<connection id="49012" src-id="39494" dest-id="43097" weight="0.17139723149280364"/>
<connection id="49075" src-id="39475" dest-id="44247" weight="3.4071667816775113"/>
<connection id="49078" src-id="47280" dest-id="39513" weight="-9.984752427487226"/>
<connection id="49090" src-id="39501" dest-id="41906" weight="1.0729150203507474"/>
<neuron id="49112" type="hid" activation="sigmoid"/>
<connection id="49113" src-id="42901" dest-id="49112" weight="4.578652294024405"/>
<connection id="49251" src-id="39507" dest-id="47283" weight="-11.061926093162961"/>
<connection id="49282" src-id="39506" dest-id="40493" weight="1.4426038354075392"/>
<connection id="49286" src-id="39491" dest-id="43808" weight="0.6578032287000963"/>
<connection id="49404" src-id="39474" dest-id="43377" weight="9.15690703384817"/>
<connection id="49405" src-id="48590" dest-id="41538" weight="6.2173261144517795"/>
<connection id="49406" src-id="46882" dest-id="39557" weight="2.8106813851632744"/>
<connection id="49407" src-id="39470" dest-id="48590" weight="-9.88130942227227"/>
<connection id="49408" src-id="39477" dest-id="46882" weight="1.5854964756316319"/>
<connection id="49412" src-id="39479" dest-id="43377" weight="0.41211155375822206"/>
<connection id="49414" src-id="39489" dest-id="49112" weight="-2.1017816583864097"/>
<connection id="49415" src-id="46882" dest-id="43377" weight="7.950629885505661"/>
<connection id="49416" src-id="42140" dest-id="42880" weight="7.198954609692361"/>
<connection id="49505" src-id="41520" dest-id="42901" weight="-3.863886661165038"/>
<neuron id="49582" type="hid" activation="sigmoid"/>
<connection id="49584" src-id="49582" dest-id="39513" weight="12.580687070731718"/>
<connection id="49677" src-id="39498" dest-id="42880" weight="-6.096431241453168"/>
<connection id="49732" src-id="41118" dest-id="44247" weight="-3.069336198408637"/>
<connection id="49769" src-id="39490" dest-id="45675" weight="1.8577997649856872"/>
<connection id="49827" src-id="43097" dest-id="41580" weight="1.1240836302221502"/>
<connection id="49926" src-id="39489" dest-id="48590" weight="-1.510190131804182"/>
<connection id="49928" src-id="39493" dest-id="41118" weight="-7.843678256900746"/>
<connection id="49930" src-id="47280" dest-id="47283" weight="11.557179280071644"/>
<connection id="49933" src-id="43808" dest-id="43097" weight="-4.128551054225978"/>
<connection id="49934" src-id="39506" dest-id="41580" weight="4.65700959821927"/>
<connection id="49935" src-id="40493" dest-id="47283" weight="0.40103963779820084"/>
<connection id="49936" src-id="41858" dest-id="47280" weight="-9.35648701277448"/>
<connection id="49954" src-id="39485" dest-id="48590" weight="-10.536805167873952"/>
<connection id="50002" src-id="39491" dest-id="41876" weight="3.7146486071328026"/>
<connection id="50006" src-id="45675" dest-id="39512" weight="4.2852447004504475"/>
<connection id="50048" src-id="39501" dest-id="42140" weight="-2.104863087281947"/>
<connection id="50190" src-id="46882" dest-id="49112" weight="6.065399753776799"/>
<connection id="50202" src-id="39477" dest-id="47283" weight="2.8398397101168866"/>
<connection id="50225" src-id="41858" dest-id="46882" weight="4.768244337317279"/>
<connection id="50273" src-id="46882" dest-id="42155" weight="-11.013958168543876"/>
<connection id="50293" src-id="39495" dest-id="47684" weight="-12.796317463042625"/>
<connection id="50294" src-id="39513" dest-id="48590" weight="0.006090079270579585"/>
<connection id="50296" src-id="39494" dest-id="49582" weight="8.455019573938298"/>
<connection id="50298" src-id="39484" dest-id="42880" weight="6.509132316685524"/>
<connection id="50308" src-id="39505" dest-id="48590" weight="-7.210277943922237"/>
<connection id="50321" src-id="41858" dest-id="43377" weight="-5.857901708067272"/>
<connection id="50431" src-id="39502" dest-id="45675" weight="-4.933324953190449"/>
<connection id="50496" src-id="39511" dest-id="45675" weight="2.177416630526621"/>
<connection id="50537" src-id="39504" dest-id="43588" weight="0.413415264539003"/>
<connection id="50737" src-id="39493" dest-id="45675" weight="-6.673113635266333"/>
<connection id="50752" src-id="39474" dest-id="41858" weight="-2.004206184899868"/>
<connection id="50754" src-id="39601" dest-id="44247" weight="-0.702782172550501"/>
<connection id="50755" src-id="39480" dest-id="42880" weight="1.5990481570569304"/>
<connection id="50756" src-id="39482" dest-id="47280" weight="1.5377385063116895"/>
<connection id="50759" src-id="41118" dest-id="40493" weight="6.781670371314448"/>
<connection id="50761" src-id="39471" dest-id="43588" weight="1.368457164261117"/>
<connection id="50786" src-id="42140" dest-id="39557" weight="3.6796171001366584"/>
<connection id="50852" src-id="39503" dest-id="47283" weight="1.491193385843347"/>
<neuron id="50997" type="hid" activation="sigmoid"/>
<connection id="50998" src-id="39491" dest-id="50997" weight="1.3250194683189895"/>
<connection id="50999" src-id="50997" dest-id="42901" weight="8.654800420664563"/>
<connection id="51101" src-id="41906" dest-id="43808" weight="1.2808832808615438"/>
<connection id="51177" src-id="39477" dest-id="44023" weight="-2.7683939841640393"/>
<connection id="51208" src-id="39476" dest-id="45675" weight="-3.4319466764298716"/>
<connection id="51232" src-id="39494" dest-id="48590" weight="0.9301959635641852"/>
<connection id="51233" src-id="39499" dest-id="47684" weight="-9.651048224083"/>
<connection id="51282" src-id="39494" dest-id="46882" weight="4.16512284230883"/>
<connection id="51391" src-id="39510" dest-id="42880" weight="1.9659942674611353"/>
<connection id="51394" src-id="49582" dest-id="39557" weight="0.6581940490440394"/>
<connection id="51395" src-id="39503" dest-id="43097" weight="-3.2988737450995744"/>
<connection id="51398" src-id="39484" dest-id="47684" weight="-15.557249248623208"/>
<connection id="51584" src-id="41858" dest-id="39512" weight="-1.7111999875501842"/>
<connection id="51654" src-id="39499" dest-id="48590" weight="8.237402348153612"/>
<connection id="51655" src-id="41118" dest-id="41523" weight="-1.5879900956639315"/>
<connection id="51659" src-id="39502" dest-id="50997" weight="-6.388951942354382"/>
<connection id="51676" src-id="39501" dest-id="41118" weight="1.3381488260109506"/>
<connection id="51745" src-id="39492" dest-id="45675" weight="-5.64139235440992"/>
<connection id="51747" src-id="39498" dest-id="45675" weight="0.5323389899434918"/>
<connection id="51855" src-id="39511" dest-id="47283" weight="8.915580695668933"/>
<connection id="51896" src-id="44023" dest-id="42880" weight="11.890295971703345"/>
<connection id="51898" src-id="47283" dest-id="41906" weight="-1.3818018012558633"/>
<connection id="51900" src-id="39478" dest-id="49112" weight="19.402065680741096"/>
<connection id="51901" src-id="39490" dest-id="43808" weight="2.481982344936375"/>
<connection id="51903" src-id="41906" dest-id="44023" weight="9.098925681096965"/>
<connection id="51906" src-id="39491" dest-id="47280" weight="5.732064538653051"/>
<connection id="51910" src-id="39482" dest-id="41858" weight="-2.626852773481736"/>
<neuron id="52033" type="hid" activation="sigmoid"/>
<connection id="52034" src-id="39499" dest-id="52033" weight="-0.6140758295786144"/>
<connection id="52035" src-id="52033" dest-id="41580" weight="-11.144419701249209"/>
<connection id="52138" src-id="50997" dest-id="49112" weight="-13.271723821581935"/>
<connection id="52139" src-id="41858" dest-id="39513" weight="5.484223567496819"/>
<connection id="52147" src-id="39488" dest-id="49112" weight="0.13220581507224438"/>
<connection id="52155" src-id="47684" dest-id="44247" weight="-1.1162172858018273"/>
<connection id="52178" src-id="42140" dest-id="48590" weight="-0.5303790414348444"/>
<connection id="52186" src-id="39496" dest-id="41118" weight="1.9454556683868653"/>
<connection id="52196" src-id="39500" dest-id="41118" weight="0.12483751854011382"/>
<connection id="52198" src-id="41523" dest-id="41858" weight="9.979334131871378"/>
<connection id="52219" src-id="39490" dest-id="48590" weight="5.137806261919642"/>
<connection id="52330" src-id="39486" dest-id="43377" weight="-2.2491992452605345"/>
<connection id="52340" src-id="39483" dest-id="48590" weight="-4.77177501397929"/>
<connection id="52370" src-id="44247" dest-id="49112" weight="-3.488172220972043"/>
<connection id="52411" src-id="39477" dest-id="40502" weight="-0.7544688412488898"/>
<connection id="52413" src-id="49582" dest-id="41858" weight="-1.1988770234239752"/>
<connection id="52414" src-id="41562" dest-id="41565" weight="-4.43403677086679"/>
<connection id="52415" src-id="47283" dest-id="43097" weight="4.768665642288465"/>
<connection id="52418" src-id="47684" dest-id="41562" weight="3.8176926039766537"/>
<connection id="52419" src-id="39473" dest-id="46882" weight="3.9673666804109615"/>
<connection id="52420" src-id="45917" dest-id="50997" weight="-1.9509999506761528"/>
<connection id="52506" src-id="39490" dest-id="49582" weight="0.26237090125911156"/>
<connection id="52516" src-id="39503" dest-id="49112" weight="-10.749792311007221"/>
<connection id="52729" src-id="41118" dest-id="42155" weight="14.310684550058902"/>
<connection id="52732" src-id="39508" dest-id="49112" weight="-0.1431196150429246"/>
<connection id="52762" src-id="41520" dest-id="49582" weight="0.8189607392946167"/>
<connection id="52768" src-id="41565" dest-id="46882" weight="0.37450696445325016"/>
<connection id="52783" src-id="39472" dest-id="49582" weight="-0.0034667524211116074"/>
<connection id="52879" src-id="45675" dest-id="39645" weight="-4.1606806316600915"/>
<connection id="52976" src-id="39487" dest-id="47283" weight="4.6424142011677425"/>
<connection id="52985" src-id="39488" dest-id="43808" weight="0.9493165117338067"/>
<connection id="52998" src-id="39477" dest-id="41118" weight="-8.860925767981508"/>
<connection id="53017" src-id="39476" dest-id="49582" weight="0.28092540665694155"/>
<connection id="53039" src-id="39510" dest-id="43808" weight="1.7524465300853784"/>
<connection id="53049" src-id="39504" dest-id="40505" weight="-3.0002060329463305"/>
<connection id="53121" src-id="52033" dest-id="47280" weight="0.6323034763336182"/>
<connection id="53128" src-id="39475" dest-id="41118" weight="10.15282442772465"/>
<connection id="53199" src-id="44238" dest-id="43377" weight="2.5827765664244566"/>
<connection id="53203" src-id="39507" dest-id="52033" weight="3.2296204603901377"/>
<connection id="53212" src-id="47684" dest-id="39557" weight="2.0165566654807012"/>
<connection id="53213" src-id="39470" dest-id="41858" weight="8.94038362493048"/>
<connection id="53214" src-id="39490" dest-id="40505" weight="11.600499519889379"/>
<connection id="53218" src-id="45917" dest-id="39513" weight="-0.8915742477689474"/>
<connection id="53220" src-id="41565" dest-id="50997" weight="-1.4681994731436994"/>
<connection id="53221" src-id="49112" dest-id="39512" weight="-5.73298766509962"/>
<connection id="53223" src-id="39507" dest-id="43100" weight="-9.894874597872487"/>
<connection id="53236" src-id="39492" dest-id="50997" weight="2.2915114278086692"/>
<connection id="53245" src-id="39493" dest-id="44238" weight="7.149680794404926"/>
<neuron id="53329" type="hid" activation="sigmoid"/>
<connection id="53330" src-id="43588" dest-id="53329" weight="-8.530206931344248"/>
<connection id="53331" src-id="53329" dest-id="39645" weight="11.67468650056303"/>
<neuron id="53350" type="hid" activation="sigmoid"/>
<connection id="53351" src-id="39488" dest-id="53350" weight="2.324460389540171"/>
<connection id="53352" src-id="53350" dest-id="42880" weight="-14.133630614186625"/>
<connection id="53454" src-id="45917" dest-id="42140" weight="-0.4588432624789913"/>
<connection id="53457" src-id="53350" dest-id="45675" weight="6.445972615993552"/>
<connection id="53459" src-id="41858" dest-id="53350" weight="-6.872009706374605"/>
<connection id="53460" src-id="39500" dest-id="43100" weight="-5.182573514907334"/>
<connection id="53461" src-id="45917" dest-id="44247" weight="-4.049594971617451"/>
<connection id="53463" src-id="39481" dest-id="41858" weight="0.5926631018230699"/>
<connection id="53465" src-id="39498" dest-id="43100" weight="-4.515451820386879"/>
<connection id="53466" src-id="39473" dest-id="47684" weight="2.1232844965663067"/>
<connection id="53467" src-id="53350" dest-id="47280" weight="-0.8714667410651766"/>
<connection id="53468" src-id="39486" dest-id="43808" weight="-3.0114545517127116"/>
<connection id="53470" src-id="40493" dest-id="44238" weight="-11.535707123818922"/>
<connection id="53472" src-id="39488" dest-id="44238" weight="5.026677823343803"/>
<connection id="53588" src-id="39484" dest-id="47283" weight="1.2044657765876199"/>
<connection id="53658" src-id="46882" dest-id="44023" weight="-0.7214283003706665"/>
<connection id="53665" src-id="39476" dest-id="50997" weight="0.8173207694036613"/>
<connection id="53720" src-id="39504" dest-id="41858" weight="-2.776963305417773"/>
<connection id="53733" src-id="39506" dest-id="40505" weight="-3.722921119695261"/>
<connection id="53792" src-id="39485" dest-id="40505" weight="5.4306194019983405"/>
<connection id="53794" src-id="39503" dest-id="52033" weight="-0.27363992620013167"/>
<connection id="53965" src-id="39497" dest-id="48590" weight="7.047322529967195"/>
<neuron id="53983" type="hid" activation="sigmoid"/>
<connection id="53984" src-id="39490" dest-id="53983" weight="-0.8396044095914432"/>
<connection id="53985" src-id="53983" dest-id="42901" weight="-0.5940645052130669"/>
<neuron id="54037" type="hid" activation="sigmoid"/>
<connection id="54038" src-id="43097" dest-id="54037" weight="0.6026241806439211"/>
<connection id="54039" src-id="54037" dest-id="41538" weight="6.928386743879198"/>
<connection id="54292" src-id="39496" dest-id="45917" weight="-7.121725219412455"/>
<connection id="54294" src-id="39500" dest-id="43377" weight="0.9231885377670885"/>
<connection id="54296" src-id="39510" dest-id="43100" weight="-7.178227527590495"/>
<connection id="54297" src-id="39510" dest-id="44032" weight="1.4252105397897687"/>
<connection id="54299" src-id="39479" dest-id="40505" weight="0.25812193735395583"/>
<connection id="54301" src-id="39496" dest-id="49582" weight="23.5555511222231"/>
<connection id="54303" src-id="44238" dest-id="39601" weight="-2.9686510257942444E-4"/>
<connection id="54304" src-id="44023" dest-id="43588" weight="-5.667136564637774"/>
<connection id="54305" src-id="40505" dest-id="42155" weight="-4.852323095576789"/>
<connection id="54313" src-id="39507" dest-id="48590" weight="-0.09376021033455606"/>
<connection id="54317" src-id="39493" dest-id="41858" weight="-1.8347318152917889"/>
<connection id="54326" src-id="47280" dest-id="43808" weight="-1.3261340690494101"/>
<connection id="54344" src-id="39509" dest-id="50997" weight="-4.339829462427383"/>
<connection id="54357" src-id="39473" dest-id="49582" weight="2.966850674286722"/>
<connection id="54363" src-id="41526" dest-id="48590" weight="1.3719202504080936"/>
<connection id="54408" src-id="41562" dest-id="47280" weight="-3.48530267388944"/>
<connection id="54409" src-id="39475" dest-id="52033" weight="-0.7942298169621518"/>
<connection id="54565" src-id="47684" dest-id="41876" weight="0.122982300788398"/>
<connection id="54636" src-id="41526" dest-id="41118" weight="-2.3693424897624804"/>
<connection id="54648" src-id="39501" dest-id="40502" weight="-0.9112007338092007"/>
<connection id="54664" src-id="41565" dest-id="47280" weight="0.21420621871948242"/>
<connection id="54725" src-id="53350" dest-id="50997" weight="6.955470264977744"/>
<connection id="54731" src-id="41876" dest-id="41562" weight="-7.39298480072"/>
<connection id="54756" src-id="44238" dest-id="43588" weight="-2.87582525553301"/>
<neuron id="54795" type="hid" activation="sigmoid"/>
<connection id="54796" src-id="39490" dest-id="54795" weight="8.219536857460211"/>
<connection id="55009" src-id="39475" dest-id="42880" weight="4.2281997679677"/>
<connection id="55053" src-id="49582" dest-id="41538" weight="-1.7399339467704626"/>
<connection id="55112" src-id="49582" dest-id="46882" weight="-6.882792490798032"/>
<connection id="55236" src-id="50997" dest-id="45675" weight="-0.2958966244590576"/>
<connection id="55291" src-id="41526" dest-id="47283" weight="1.8456171528507537"/>
<connection id="55358" src-id="39482" dest-id="44023" weight="-0.3904859365130535"/>
<connection id="55385" src-id="41526" dest-id="41565" weight="0.4320858689374625"/>
<connection id="55387" src-id="43588" dest-id="44032" weight="3.2654769213884465"/>
<connection id="55389" src-id="53350" dest-id="40493" weight="-3.8083578562254043"/>
<connection id="55394" src-id="39485" dest-id="40502" weight="-0.4470570306401589"/>
<connection id="55395" src-id="41562" dest-id="53350" weight="-8.72342692321989"/>
<connection id="55396" src-id="46882" dest-id="40505" weight="5.730858313551"/>
<connection id="55401" src-id="40505" dest-id="43100" weight="-4.229519558430467"/>
<connection id="55402" src-id="39484" dest-id="41526" weight="-9.742737078765165"/>
<connection id="55418" src-id="39476" dest-id="53350" weight="0.26029648200472577"/>
<connection id="55419" src-id="53350" dest-id="54795" weight="-3.448362942515316"/>
<connection id="55425" src-id="39509" dest-id="54795" weight="0.9045380353927612"/>
<connection id="55520" src-id="44023" dest-id="44247" weight="6.205846784779381"/>
<neuron id="55616" type="hid" activation="sigmoid"/>
<connection id="55617" src-id="41523" dest-id="55616" weight="14.157309667108596"/>
<neuron id="55646" type="hid" activation="sigmoid"/>
<connection id="55647" src-id="43808" dest-id="55646" weight="3.3005216903706254"/>
<connection id="55648" src-id="55646" dest-id="44238" weight="1.6805601944891961"/>
<connection id="55734" src-id="43808" dest-id="39645" weight="1.725499413518421"/>
<connection id="55854" src-id="39490" dest-id="53350" weight="4.082276776154675"/>
<connection id="56052" src-id="39503" dest-id="44023" weight="0.8730614117118982"/>
<connection id="56062" src-id="45917" dest-id="39645" weight="-5.657213369691989"/>
<connection id="56085" src-id="40502" dest-id="41562" weight="3.1304795551923608"/>
<connection id="56087" src-id="39479" dest-id="52033" weight="0.4463498592376709"/>
<connection id="56125" src-id="39508" dest-id="41118" weight="1.0398992244213012"/>
<connection id="56140" src-id="40502" dest-id="43100" weight="1.6385090691368298"/>
<connection id="56171" src-id="49582" dest-id="44032" weight="-2.761429858179847"/>
<connection id="56172" src-id="40502" dest-id="41118" weight="-17.865731181983293"/>
<connection id="56173" src-id="41858" dest-id="50997" weight="-2.751061993668291"/>
<connection id="56179" src-id="41858" dest-id="53983" weight="-5.975049984751485"/>
<connection id="56180" src-id="39477" dest-id="44238" weight="-4.76826475820014"/>
<connection id="56187" src-id="54795" dest-id="40505" weight="5.568001273573216"/>
<connection id="56288" src-id="41562" dest-id="55646" weight="0.8904967725875291"/>
<neuron id="56656" type="hid" activation="sigmoid"/>
<connection id="56657" src-id="39505" dest-id="56656" weight="0.3529929095914358"/>
<connection id="56658" src-id="56656" dest-id="40505" weight="1.9422201257762641"/>
<connection id="56737" src-id="55616" dest-id="44032" weight="0.025858175272382544"/>
<connection id="56886" src-id="39489" dest-id="45917" weight="9.234193313817356"/>
<connection id="56973" src-id="39481" dest-id="50997" weight="-0.3773973844003151"/>
<connection id="56974" src-id="39481" dest-id="44023" weight="4.823024247597079"/>
<connection id="56978" src-id="44238" dest-id="50997" weight="-7.0135066757776645"/>
<connection id="56981" src-id="39488" dest-id="45073" weight="11.950261360121054"/>
<connection id="56982" src-id="53983" dest-id="39645" weight="3.131299529749205"/>
<connection id="56983" src-id="40493" dest-id="55616" weight="-5.033500128677475"/>
<connection id="56987" src-id="39498" dest-id="54795" weight="2.4792572163666566"/>
<connection id="56991" src-id="39486" dest-id="53329" weight="-0.9218960727469907"/>
<connection id="57325" src-id="39482" dest-id="40505" weight="-0.4572618007659912"/>
<connection id="57386" src-id="40493" dest-id="43377" weight="1.7608393244890612"/>
<neuron id="57514" type="hid" activation="sigmoid"/>
<connection id="57515" src-id="39494" dest-id="57514" weight="4.5161861344964676"/>
<connection id="57516" src-id="57514" dest-id="43377" weight="-1.6912197883278046"/>
<neuron id="57517" type="hid" activation="sigmoid"/>
<connection id="57518" src-id="50997" dest-id="57517" weight="2.122390362852329"/>
<connection id="57519" src-id="57517" dest-id="39512" weight="-1.859549127385581"/>
<neuron id="57520" type="hid" activation="sigmoid"/>
<connection id="57521" src-id="39500" dest-id="57520" weight="1.6437476688552808"/>
<connection id="57522" src-id="57520" dest-id="43588" weight="1.8234802723548553"/>
<connection id="57764" src-id="39494" dest-id="45073" weight="-0.016015918065483997"/>
<connection id="57824" src-id="39511" dest-id="55616" weight="-1.6322986280414056"/>
<connection id="57848" src-id="39508" dest-id="44023" weight="3.492975613419627"/>
<connection id="57885" src-id="53350" dest-id="41538" weight="2.1924803963061654"/>
<connection id="58297" src-id="45917" dest-id="55616" weight="-0.04301407452852901"/>
<connection id="58299" src-id="39494" dest-id="55616" weight="-7.437311961159233"/>
<connection id="58300" src-id="39491" dest-id="54795" weight="8.083884315392444"/>
<connection id="58302" src-id="39509" dest-id="53329" weight="-10.027723840228948"/>
<connection id="58303" src-id="39471" dest-id="54795" weight="5.142609084728974"/>
<connection id="58304" src-id="42901" dest-id="53329" weight="-5.158295812210996"/>
<connection id="58305" src-id="54795" dest-id="40493" weight="2.968134833480019"/>
<connection id="58308" src-id="53983" dest-id="44032" weight="-5.362642025801386"/>
<connection id="58309" src-id="39475" dest-id="53329" weight="-1.0142065091626942"/>
<connection id="58310" src-id="44238" dest-id="57517" weight="3.389319069323785"/>
<connection id="58311" src-id="39490" dest-id="57520" weight="-9.746085121154003"/>
<connection id="58312" src-id="41565" dest-id="57517" weight="-2.085321600867662"/>
<connection id="58314" src-id="39484" dest-id="53329" weight="-3.4928211884771185"/>
<connection id="58315" src-id="39494" dest-id="52033" weight="-3.019809477845124"/>
<connection id="58317" src-id="39507" dest-id="53983" weight="0.9850412029650994"/>
<connection id="58318" src-id="39492" dest-id="52033" weight="-0.41908366935579977"/>
<connection id="58320" src-id="39506" dest-id="44023" weight="4.611225257950639"/>
<connection id="58321" src-id="53350" dest-id="45073" weight="1.2597726661886302"/>
<connection id="58334" src-id="54795" dest-id="41906" weight="4.139179582951996"/>
<connection id="58815" src-id="39504" dest-id="55616" weight="3.2211132880978197"/>
<connection id="58864" src-id="39486" dest-id="54795" weight="2.732259583990471"/>
<connection id="58881" src-id="55616" dest-id="41580" weight="1.3937524066105327"/>
<connection id="59138" src-id="40493" dest-id="57514" weight="7.658220527781302"/>
<connection id="59139" src-id="49112" dest-id="57517" weight="-0.5477036740171038"/>
<connection id="59141" src-id="41118" dest-id="45073" weight="-5.58091637390742"/>
<connection id="59344" src-id="53983" dest-id="39601" weight="-0.8955748054055215"/>
<connection id="59351" src-id="39502" dest-id="41526" weight="4.261059877459388"/>
<connection id="59366" src-id="39470" dest-id="54795" weight="-0.38622111191969977"/>
<connection id="59471" src-id="45073" dest-id="49112" weight="2.5000560119071693"/>
<connection id="59880" src-id="52033" dest-id="54795" weight="-2.4390109454208293"/>
<connection id="59991" src-id="55616" dest-id="39645" weight="-1.7101613213909481"/>
<connection id="59993" src-id="44247" dest-id="53329" weight="-4.353430937235519"/>
<connection id="59994" src-id="49582" dest-id="55616" weight="-2.4978813577958263"/>
<connection id="59997" src-id="41538" dest-id="57517" weight="4.659912697778755"/>
<connection id="59998" src-id="41526" dest-id="39645" weight="4.517759995123537"/>
<connection id="59999" src-id="47684" dest-id="55616" weight="7.43658083182821"/>
<connection id="60000" src-id="43808" dest-id="53329" weight="-4.819244647125245"/>
<connection id="60001" src-id="41876" dest-id="41526" weight="0.5384304167882139"/>
<connection id="60002" src-id="40502" dest-id="57520" weight="-0.07708301127092354"/>
<connection id="60004" src-id="57520" dest-id="46882" weight="-3.2901690281315354"/>
<connection id="60005" src-id="39496" dest-id="40502" weight="-2.781327952976269"/>
<connection id="60006" src-id="42155" dest-id="43377" weight="-6.740099801883256"/>
<connection id="60008" src-id="54795" dest-id="57517" weight="2.016777283458893"/>
<connection id="60009" src-id="48133" dest-id="41580" weight="-1.1727189958976174"/>
<connection id="60292" src-id="39498" dest-id="44247" weight="-0.05928303358545817"/>
<connection id="60335" src-id="46882" dest-id="53983" weight="-1.6929377334808358"/>
<neuron id="60601" type="hid" activation="sigmoid"/>
<connection id="60602" src-id="39496" dest-id="60601" weight="0.0529476926826431"/>
<connection id="60603" src-id="60601" dest-id="41906" weight="5.071398903861095"/>
<neuron id="60652" type="hid" activation="sigmoid"/>
<connection id="60653" src-id="49582" dest-id="60652" weight="1.0"/>
<connection id="60654" src-id="60652" dest-id="47283" weight="15.740455629201989"/>
<connection id="60863" src-id="39503" dest-id="53329" weight="-2.5837370197469243"/>
<connection id="60952" src-id="39506" dest-id="40502" weight="-1.8597744273149288"/>
<connection id="60955" src-id="39474" dest-id="44032" weight="5.156856329020802"/>
<neuron id="61699" type="hid" activation="sigmoid"/>
<connection id="61700" src-id="55616" dest-id="61699" weight="4.03125282040387"/>
<connection id="61701" src-id="61699" dest-id="43377" weight="19.3150249184892"/>
<neuron id="61702" type="hid" activation="sigmoid"/>
<connection id="61703" src-id="39482" dest-id="61702" weight="2.179735479404793"/>
<connection id="61704" src-id="61702" dest-id="43377" weight="-3.55269387664349"/>
<neuron id="61705" type="hid" activation="sigmoid"/>
<connection id="61706" src-id="39503" dest-id="61705" weight="-1.944335724284429"/>
<connection id="61707" src-id="61705" dest-id="53350" weight="10.810136167355163"/>
<neuron id="61708" type="hid" activation="sigmoid"/>
<connection id="61709" src-id="40493" dest-id="61708" weight="7.318019479429184"/>
<connection id="61710" src-id="61708" dest-id="42140" weight="-10.959044479007325"/>
<connection id="62496" src-id="41526" dest-id="48133" weight="-0.8840557336807251"/>
<connection id="62500" src-id="56656" dest-id="43808" weight="0.41433656215667725"/>
<connection id="62503" src-id="39470" dest-id="53329" weight="-3.2913771810419785"/>
<connection id="62504" src-id="39502" dest-id="61699" weight="1.7798905956438167"/>
<connection id="62505" src-id="39483" dest-id="54037" weight="5.041907565374119"/>
<connection id="62508" src-id="60652" dest-id="39601" weight="0.6026387214660645"/>
<connection id="62509" src-id="43603" dest-id="49112" weight="-0.3113418611518623"/>
<connection id="62510" src-id="45073" dest-id="43588" weight="0.24783817907196115"/>
<connection id="62511" src-id="53350" dest-id="60652" weight="-3.343615970756613"/>
<connection id="62512" src-id="45073" dest-id="40553" weight="0.9396923780441284"/>
<connection id="62513" src-id="39493" dest-id="53350" weight="0.09863495437186409"/>
<connection id="62515" src-id="39493" dest-id="61708" weight="-0.2667340040206909"/>
<connection id="62516" src-id="39488" dest-id="60601" weight="-2.352482657503699"/>
<connection id="62517" src-id="39472" dest-id="61708" weight="-6.507201739819704"/>
<connection id="62518" src-id="60601" dest-id="45073" weight="-3.884248950026568"/>
<connection id="62519" src-id="57514" dest-id="40505" weight="0.7633094787597656"/>
<connection id="62520" src-id="40553" dest-id="57517" weight="-0.7886865139007568"/>
<connection id="62521" src-id="39481" dest-id="40553" weight="-2.051631915492613"/>
<connection id="62522" src-id="39473" dest-id="56656" weight="3.364907001114106"/>
<connection id="62524" src-id="39478" dest-id="48133" weight="-3.7952213154794445"/>
<connection id="62526" src-id="39480" dest-id="61708" weight="5.175944163079435"/>
</chromosome>