<chromosome id="67633" primary-parent-id="66109"><neuron id="39470" type="in" activation="linear"/>
<neuron id="39471" type="in" activation="linear"/>
<neuron id="39472" type="in" activation="linear"/>
<neuron id="39473" type="in" activation="linear"/>
<neuron id="39474" type="in" activation="linear"/>
<neuron id="39475" type="in" activation="linear"/>
<neuron id="39476" type="in" activation="linear"/>
<neuron id="39477" type="in" activation="linear"/>
<neuron id="39478" type="in" activation="linear"/>
<neuron id="39479" type="in" activation="linear"/>
<neuron id="39480" type="in" activation="linear"/>
<neuron id="39481" type="in" activation="linear"/>
<neuron id="39482" type="in" activation="linear"/>
<neuron id="39483" type="in" activation="linear"/>
<neuron id="39484" type="in" activation="linear"/>
<neuron id="39485" type="in" activation="linear"/>
<neuron id="39486" type="in" activation="linear"/>
<neuron id="39487" type="in" activation="linear"/>
<neuron id="39488" type="in" activation="linear"/>
<neuron id="39489" type="in" activation="linear"/>
<neuron id="39490" type="in" activation="linear"/>
<neuron id="39491" type="in" activation="linear"/>
<neuron id="39492" type="in" activation="linear"/>
<neuron id="39493" type="in" activation="linear"/>
<neuron id="39494" type="in" activation="linear"/>
<neuron id="39495" type="in" activation="linear"/>
<neuron id="39496" type="in" activation="linear"/>
<neuron id="39497" type="in" activation="linear"/>
<neuron id="39498" type="in" activation="linear"/>
<neuron id="39499" type="in" activation="linear"/>
<neuron id="39500" type="in" activation="linear"/>
<neuron id="39501" type="in" activation="linear"/>
<neuron id="39502" type="in" activation="linear"/>
<neuron id="39503" type="in" activation="linear"/>
<neuron id="39504" type="in" activation="linear"/>
<neuron id="39505" type="in" activation="linear"/>
<neuron id="39506" type="in" activation="linear"/>
<neuron id="39507" type="in" activation="linear"/>
<neuron id="39508" type="in" activation="linear"/>
<neuron id="39509" type="in" activation="linear"/>
<neuron id="39510" type="in" activation="linear"/>
<neuron id="39511" type="in" activation="linear"/>
<neuron id="39512" type="out" activation="linear"/>
<neuron id="39513" type="hid" activation="sigmoid"/>
<connection id="39514" src-id="39470" dest-id="39513" weight="18.201309974344717"/>
<connection id="39515" src-id="39471" dest-id="39513" weight="-22.875805715614764"/>
<connection id="39517" src-id="39473" dest-id="39513" weight="12.99824869373732"/>
<connection id="39519" src-id="39475" dest-id="39513" weight="10.709188992233782"/>
<connection id="39520" src-id="39476" dest-id="39513" weight="-1.298147734946959"/>
<connection id="39521" src-id="39477" dest-id="39513" weight="7.289666868004348"/>
<connection id="39522" src-id="39478" dest-id="39513" weight="-12.596094444418451"/>
<connection id="39523" src-id="39479" dest-id="39513" weight="-10.66149525714956"/>
<connection id="39525" src-id="39481" dest-id="39513" weight="6.75472022927196"/>
<connection id="39526" src-id="39482" dest-id="39513" weight="-1.1633683899449865"/>
<connection id="39527" src-id="39483" dest-id="39513" weight="32.31423664252712"/>
<connection id="39529" src-id="39485" dest-id="39513" weight="8.802513398044251"/>
<connection id="39530" src-id="39486" dest-id="39513" weight="10.251622973660611"/>
<connection id="39532" src-id="39488" dest-id="39513" weight="-21.629368023838435"/>
<connection id="39533" src-id="39489" dest-id="39513" weight="14.162941932648067"/>
<connection id="39534" src-id="39490" dest-id="39513" weight="-13.30561615957067"/>
<connection id="39536" src-id="39492" dest-id="39513" weight="-2.1913307705709255"/>
<connection id="39538" src-id="39494" dest-id="39513" weight="7.417366152688823"/>
<connection id="39544" src-id="39500" dest-id="39513" weight="16.27581795574077"/>
<connection id="39545" src-id="39501" dest-id="39513" weight="-4.2561074085961375"/>
<connection id="39546" src-id="39502" dest-id="39513" weight="4.426219246849486"/>
<connection id="39547" src-id="39503" dest-id="39513" weight="4.009520606340701"/>
<connection id="39550" src-id="39506" dest-id="39513" weight="2.8535307249681203"/>
<connection id="39551" src-id="39507" dest-id="39513" weight="9.634954991533082"/>
<connection id="39552" src-id="39508" dest-id="39513" weight="19.283711181084858"/>
<connection id="39555" src-id="39511" dest-id="39513" weight="0.7715384230805147"/>
<neuron id="39557" type="hid" activation="sigmoid"/>
<connection id="39559" src-id="39471" dest-id="39557" weight="-10.29899777290153"/>
<connection id="39560" src-id="39472" dest-id="39557" weight="-17.77581870095889"/>
<connection id="39561" src-id="39473" dest-id="39557" weight="3.1974937623608346"/>
<connection id="39562" src-id="39474" dest-id="39557" weight="-1.9916553727026236"/>
<connection id="39563" src-id="39475" dest-id="39557" weight="4.960965449507851"/>
<connection id="39565" src-id="39477" dest-id="39557" weight="9.019116429484505"/>
<connection id="39567" src-id="39479" dest-id="39557" weight="13.022247022806908"/>
<connection id="39569" src-id="39481" dest-id="39557" weight="-12.315053576568566"/>
<connection id="39572" src-id="39484" dest-id="39557" weight="-13.7675195921148"/>
<connection id="39573" src-id="39485" dest-id="39557" weight="5.896048813373196"/>
<connection id="39575" src-id="39487" dest-id="39557" weight="4.1764555574383175"/>
<connection id="39577" src-id="39489" dest-id="39557" weight="1.4503000562483521"/>
<connection id="39578" src-id="39490" dest-id="39557" weight="-26.981477442053922"/>
<connection id="39579" src-id="39491" dest-id="39557" weight="14.717732503385372"/>
<connection id="39580" src-id="39492" dest-id="39557" weight="-11.275062345048239"/>
<connection id="39582" src-id="39494" dest-id="39557" weight="10.866952378548568"/>
<connection id="39586" src-id="39498" dest-id="39557" weight="-3.977229724943468"/>
<connection id="39590" src-id="39502" dest-id="39557" weight="-21.157904994386143"/>
<connection id="39591" src-id="39503" dest-id="39557" weight="41.13653012655545"/>
<connection id="39592" src-id="39504" dest-id="39557" weight="15.740414392992355"/>
<connection id="39594" src-id="39506" dest-id="39557" weight="13.065893814046976"/>
<connection id="39595" src-id="39507" dest-id="39557" weight="-0.16254092280614607"/>
<connection id="39596" src-id="39508" dest-id="39557" weight="11.253329663158672"/>
<connection id="39597" src-id="39509" dest-id="39557" weight="-8.5037601739126"/>
<connection id="39598" src-id="39510" dest-id="39557" weight="1.5556407533306063"/>
<connection id="39599" src-id="39511" dest-id="39557" weight="4.615562752898722"/>
<connection id="39600" src-id="39557" dest-id="39512" weight="9.916882800076273"/>
<neuron id="39601" type="hid" activation="sigmoid"/>
<connection id="39604" src-id="39472" dest-id="39601" weight="12.457939317278997"/>
<connection id="39605" src-id="39473" dest-id="39601" weight="27.859429194134872"/>
<connection id="39606" src-id="39474" dest-id="39601" weight="4.723499541714214"/>
<connection id="39607" src-id="39475" dest-id="39601" weight="-4.102309316083202"/>
<connection id="39608" src-id="39476" dest-id="39601" weight="-1.0391055385003103"/>
<connection id="39610" src-id="39478" dest-id="39601" weight="6.7697399353679275"/>
<connection id="39611" src-id="39479" dest-id="39601" weight="11.808395971368284"/>
<connection id="39612" src-id="39480" dest-id="39601" weight="-11.559676104261813"/>
<connection id="39616" src-id="39484" dest-id="39601" weight="-4.599009040573223"/>
<connection id="39617" src-id="39485" dest-id="39601" weight="-1.083821220569279"/>
<connection id="39618" src-id="39486" dest-id="39601" weight="-23.483921557111316"/>
<connection id="39619" src-id="39487" dest-id="39601" weight="3.618408651609575"/>
<connection id="39620" src-id="39488" dest-id="39601" weight="-2.872157178178195"/>
<connection id="39621" src-id="39489" dest-id="39601" weight="-10.768936972364429"/>
<connection id="39623" src-id="39491" dest-id="39601" weight="4.82727625654973"/>
<connection id="39625" src-id="39493" dest-id="39601" weight="6.961564937219171"/>
<connection id="39626" src-id="39494" dest-id="39601" weight="11.377569797967519"/>
<connection id="39627" src-id="39495" dest-id="39601" weight="-2.8943716240649375"/>
<connection id="39628" src-id="39496" dest-id="39601" weight="-2.727856893885223"/>
<connection id="39632" src-id="39500" dest-id="39601" weight="-5.564213989115115"/>
<connection id="39633" src-id="39501" dest-id="39601" weight="7.421428623692751"/>
<connection id="39637" src-id="39505" dest-id="39601" weight="5.546257587101461"/>
<connection id="39638" src-id="39506" dest-id="39601" weight="-4.5872909546432235"/>
<connection id="39639" src-id="39507" dest-id="39601" weight="0.9903223285378001"/>
<connection id="39640" src-id="39508" dest-id="39601" weight="-2.6687825386564326"/>
<connection id="39641" src-id="39509" dest-id="39601" weight="-4.350138011343724"/>
<connection id="39643" src-id="39511" dest-id="39601" weight="6.969087264231381"/>
<connection id="39644" src-id="39601" dest-id="39512" weight="2.9501625571952514"/>
<neuron id="39645" type="hid" activation="sigmoid"/>
<connection id="39646" src-id="39470" dest-id="39645" weight="11.712988771621106"/>
<connection id="39648" src-id="39472" dest-id="39645" weight="-11.727861929781994"/>
<connection id="39654" src-id="39478" dest-id="39645" weight="-17.41207320881503"/>
<connection id="39656" src-id="39480" dest-id="39645" weight="-8.17439313508477"/>
<connection id="39657" src-id="39481" dest-id="39645" weight="-1.508438909278707"/>
<connection id="39658" src-id="39482" dest-id="39645" weight="23.04707940828114"/>
<connection id="39659" src-id="39483" dest-id="39645" weight="-13.727128376699284"/>
<connection id="39662" src-id="39486" dest-id="39645" weight="2.8095876246965283"/>
<connection id="39665" src-id="39489" dest-id="39645" weight="30.717750757361863"/>
<connection id="39666" src-id="39490" dest-id="39645" weight="-10.904677817097769"/>
<connection id="39668" src-id="39492" dest-id="39645" weight="4.278343091761787"/>
<connection id="39670" src-id="39494" dest-id="39645" weight="-16.83940172649804"/>
<connection id="39671" src-id="39495" dest-id="39645" weight="4.91136520840883"/>
<connection id="39674" src-id="39498" dest-id="39645" weight="-20.376009527799"/>
<connection id="39675" src-id="39499" dest-id="39645" weight="4.067693095914737"/>
<connection id="39678" src-id="39502" dest-id="39645" weight="-1.66505719358252"/>
<connection id="39680" src-id="39504" dest-id="39645" weight="12.818679035015105"/>
<connection id="39681" src-id="39505" dest-id="39645" weight="2.0430711812335978"/>
<connection id="39682" src-id="39506" dest-id="39645" weight="6.14075233030856"/>
<connection id="39683" src-id="39507" dest-id="39645" weight="-7.380093706242899"/>
<connection id="39687" src-id="39511" dest-id="39645" weight="11.573788443886173"/>
<connection id="39688" src-id="39645" dest-id="39512" weight="9.607443098352954"/>
<connection id="39977" src-id="39485" dest-id="39512" weight="0.0026492060266085637"/>
<connection id="40249" src-id="39492" dest-id="39512" weight="8.406039796211418"/>
<connection id="40254" src-id="39475" dest-id="39512" weight="0.6882368316856164"/>
<connection id="40354" src-id="39474" dest-id="39512" weight="3.442431459790737"/>
<neuron id="40481" type="hid" activation="sigmoid"/>
<connection id="40482" src-id="39484" dest-id="40481" weight="-2.1772334013799535"/>
<connection id="40483" src-id="40481" dest-id="39645" weight="-11.25678221982036"/>
<neuron id="40493" type="hid" activation="sigmoid"/>
<connection id="40494" src-id="39480" dest-id="40493" weight="-2.320736629094609"/>
<connection id="40495" src-id="40493" dest-id="39557" weight="-18.14602120638156"/>
<neuron id="40502" type="hid" activation="sigmoid"/>
<connection id="40503" src-id="39470" dest-id="40502" weight="0.9296956391456034"/>
<connection id="40504" src-id="40502" dest-id="39601" weight="-6.843015409863535"/>
<neuron id="40505" type="hid" activation="sigmoid"/>
<connection id="40506" src-id="39496" dest-id="40505" weight="-1.908554432201735"/>
<connection id="40507" src-id="40505" dest-id="39557" weight="15.496523136364594"/>
<neuron id="40523" type="hid" activation="sigmoid"/>
<connection id="40524" src-id="39501" dest-id="40523" weight="1.2398576558231467"/>
<connection id="40525" src-id="40523" dest-id="39645" weight="14.507215060703569"/>
<neuron id="40583" type="hid" activation="sigmoid"/>
<connection id="40584" src-id="39495" dest-id="40583" weight="1.4863538808416712"/>
<connection id="40585" src-id="40583" dest-id="39557" weight="-12.117660690204469"/>
<connection id="40681" src-id="39477" dest-id="39512" weight="13.890579528100332"/>
<connection id="40765" src-id="39498" dest-id="39512" weight="9.283251240825335"/>
<connection id="40962" src-id="39513" dest-id="39645" weight="-0.1825042150108247"/>
<neuron id="41118" type="hid" activation="sigmoid"/>
<connection id="41120" src-id="41118" dest-id="39513" weight="9.891502944395013"/>
<neuron id="41124" type="hid" activation="sigmoid"/>
<connection id="41125" src-id="39601" dest-id="41124" weight="-1.0272258367584133"/>
<connection id="41126" src-id="41124" dest-id="39512" weight="32.562328200510514"/>
<connection id="41392" src-id="39509" dest-id="39512" weight="16.104909028380757"/>
<neuron id="41520" type="hid" activation="sigmoid"/>
<connection id="41522" src-id="41520" dest-id="39557" weight="-4.568751024573787"/>
<neuron id="41523" type="hid" activation="sigmoid"/>
<connection id="41524" src-id="39509" dest-id="41523" weight="-13.290452576625514"/>
<connection id="41525" src-id="41523" dest-id="39513" weight="4.184900881593665"/>
<neuron id="41526" type="hid" activation="sigmoid"/>
<connection id="41528" src-id="41526" dest-id="39513" weight="14.7231958452615"/>
<neuron id="41538" type="hid" activation="sigmoid"/>
<neuron id="41562" type="hid" activation="sigmoid"/>
<connection id="41564" src-id="41562" dest-id="39645" weight="22.493278926548765"/>
<neuron id="41565" type="hid" activation="sigmoid"/>
<connection id="41566" src-id="39471" dest-id="41565" weight="4.269436393338893"/>
<connection id="41567" src-id="41565" dest-id="39601" weight="-25.45527119153607"/>
<neuron id="41580" type="hid" activation="sigmoid"/>
<connection id="41581" src-id="39508" dest-id="41580" weight="15.752757316170026"/>
<connection id="41582" src-id="41580" dest-id="39645" weight="-3.456611679545027"/>
<neuron id="41586" type="hid" activation="sigmoid"/>
<connection id="41587" src-id="39497" dest-id="41586" weight="10.507442148771178"/>
<connection id="41588" src-id="41586" dest-id="39601" weight="1.1335380976750848"/>
<connection id="41669" src-id="39499" dest-id="39512" weight="0.31427291370133137"/>
<neuron id="41858" type="hid" activation="sigmoid"/>
<connection id="41859" src-id="39509" dest-id="41858" weight="22.89246875163783"/>
<connection id="41860" src-id="41858" dest-id="39645" weight="-9.180530616845298"/>
<neuron id="41876" type="hid" activation="sigmoid"/>
<connection id="41877" src-id="39492" dest-id="41876" weight="14.864978011465588"/>
<neuron id="41906" type="hid" activation="sigmoid"/>
<connection id="42036" src-id="39496" dest-id="41523" weight="26.995995898850605"/>
<connection id="42045" src-id="39484" dest-id="41520" weight="11.074443998129176"/>
<neuron id="42140" type="hid" activation="sigmoid"/>
<connection id="42141" src-id="39507" dest-id="42140" weight="-13.032286969343657"/>
<connection id="42142" src-id="42140" dest-id="39513" weight="-15.763622024794472"/>
<neuron id="42155" type="hid" activation="sigmoid"/>
<connection id="42157" src-id="42155" dest-id="39645" weight="-16.835156477636183"/>
<connection id="42213" src-id="41520" dest-id="39645" weight="-0.9904865917860961"/>
<connection id="42252" src-id="39472" dest-id="41906" weight="11.404373154389688"/>
<connection id="42266" src-id="39494" dest-id="41523" weight="-12.588079595165542"/>
<connection id="42274" src-id="39483" dest-id="41523" weight="5.980213351872072"/>
<connection id="42277" src-id="39478" dest-id="41523" weight="-2.852187837958108"/>
<connection id="42297" src-id="39482" dest-id="41562" weight="-2.4419024409655803"/>
<connection id="42313" src-id="41520" dest-id="39512" weight="-0.8825557333948173"/>
<connection id="42318" src-id="41520" dest-id="41523" weight="-5.009157343299049"/>
<connection id="42339" src-id="39503" dest-id="41906" weight="12.172101163979786"/>
<connection id="42453" src-id="39491" dest-id="41520" weight="16.90205113011672"/>
<connection id="42496" src-id="39507" dest-id="41538" weight="-0.5873098667971881"/>
<connection id="42503" src-id="41523" dest-id="39645" weight="7.964013218623942"/>
<connection id="42522" src-id="39511" dest-id="41562" weight="-7.53424272097904"/>
<connection id="42627" src-id="39482" dest-id="41906" weight="-14.207701066133957"/>
<connection id="42628" src-id="39490" dest-id="41523" weight="-1.4369489054179745"/>
<connection id="42722" src-id="39473" dest-id="41520" weight="15.707975383773578"/>
<connection id="42731" src-id="39511" dest-id="41523" weight="2.733599823186325"/>
<connection id="42732" src-id="39506" dest-id="41876" weight="-0.6927854628624348"/>
<connection id="42757" src-id="39471" dest-id="41562" weight="-4.601651223893867"/>
<connection id="42763" src-id="39506" dest-id="41520" weight="-6.6924599745207445"/>
<connection id="42797" src-id="39507" dest-id="41876" weight="2.4946627247725073"/>
<connection id="42862" src-id="39507" dest-id="41523" weight="21.477285919278994"/>
<neuron id="42880" type="hid" activation="sigmoid"/>
<connection id="42881" src-id="39491" dest-id="42880" weight="21.64940491495967"/>
<connection id="42882" src-id="42880" dest-id="39513" weight="-1.5240074203030334"/>
<neuron id="42901" type="hid" activation="sigmoid"/>
<connection id="42902" src-id="39479" dest-id="42901" weight="-9.397036284097984"/>
<connection id="42903" src-id="42901" dest-id="39645" weight="-34.59549740969067"/>
<connection id="42986" src-id="39480" dest-id="41565" weight="-0.9969688221542374"/>
<connection id="43022" src-id="39478" dest-id="40502" weight="3.7732756786370856"/>
<connection id="43035" src-id="39472" dest-id="41538" weight="-12.172502331468259"/>
<connection id="43039" src-id="39490" dest-id="41538" weight="0.32486781375886853"/>
<connection id="43041" src-id="39475" dest-id="41906" weight="7.674661030026222"/>
<connection id="43063" src-id="39488" dest-id="41906" weight="6.736388154452803"/>
<neuron id="43097" type="hid" activation="sigmoid"/>
<connection id="43098" src-id="39491" dest-id="43097" weight="-5.337820251932324"/>
<connection id="43099" src-id="43097" dest-id="39512" weight="-7.146594634189544"/>
<neuron id="43100" type="hid" activation="sigmoid"/>
<connection id="43101" src-id="41538" dest-id="43100" weight="3.427137519653804"/>
<connection id="43102" src-id="43100" dest-id="39557" weight="18.96558951456506"/>
<connection id="43208" src-id="39503" dest-id="41565" weight="-14.16572933655734"/>
<connection id="43224" src-id="39486" dest-id="39512" weight="17.2622946500044"/>
<connection id="43230" src-id="39471" dest-id="39512" weight="3.3665102990292666"/>
<connection id="43266" src-id="39487" dest-id="41520" weight="-0.9708822570331138"/>
<connection id="43269" src-id="39495" dest-id="41520" weight="26.176008054381448"/>
<connection id="43277" src-id="39492" dest-id="41520" weight="-10.232322503443141"/>
<connection id="43306" src-id="39504" dest-id="42901" weight="-5.712707039532475"/>
<connection id="43307" src-id="39601" dest-id="41538" weight="2.008535356365361"/>
<connection id="43309" src-id="41565" dest-id="39645" weight="4.402434704727872"/>
<connection id="43314" src-id="39500" dest-id="41565" weight="9.989218486019503"/>
<connection id="43315" src-id="39486" dest-id="42901" weight="6.23041358145503"/>
<connection id="43319" src-id="39491" dest-id="41538" weight="6.550268818536102"/>
<connection id="43338" src-id="39509" dest-id="41562" weight="1.4585076695295962"/>
<neuron id="43368" type="hid" activation="sigmoid"/>
<connection id="43369" src-id="41876" dest-id="43368" weight="4.946909794592763"/>
<connection id="43370" src-id="43368" dest-id="39601" weight="18.815387916692025"/>
<neuron id="43377" type="hid" activation="sigmoid"/>
<connection id="43379" src-id="43377" dest-id="39513" weight="-27.109315514967516"/>
<connection id="43432" src-id="39503" dest-id="41523" weight="-3.720072395955495"/>
<connection id="43442" src-id="39484" dest-id="42901" weight="8.236842201882704"/>
<connection id="43457" src-id="39507" dest-id="40502" weight="-2.680272741830551"/>
<connection id="43471" src-id="39487" dest-id="41876" weight="9.312510288842372"/>
<connection id="43473" src-id="39485" dest-id="41876" weight="1.8489414250641691"/>
<connection id="43517" src-id="39504" dest-id="41562" weight="4.91486820681596"/>
<connection id="43518" src-id="39482" dest-id="41538" weight="-5.035929067672408"/>
<connection id="43567" src-id="41523" dest-id="39512" weight="-3.7394368349660314"/>
<neuron id="43588" type="hid" activation="sigmoid"/>
<connection id="43589" src-id="39475" dest-id="43588" weight="-8.323015566402827"/>
<connection id="43659" src-id="39474" dest-id="41565" weight="3.8462993116334383"/>
<connection id="43672" src-id="41562" dest-id="39601" weight="-4.502307411550177"/>
<connection id="43726" src-id="39497" dest-id="42901" weight="5.2675496950257195"/>
<connection id="43733" src-id="42901" dest-id="39512" weight="3.7362910650471504"/>
<neuron id="43808" type="hid" activation="sigmoid"/>
<connection id="43809" src-id="39493" dest-id="43808" weight="-17.92957586515391"/>
<connection id="43943" src-id="39472" dest-id="42901" weight="8.602888032497303"/>
<connection id="43951" src-id="39496" dest-id="42155" weight="5.696033707055619"/>
<connection id="43952" src-id="39506" dest-id="41565" weight="-2.303116218855055"/>
<neuron id="44023" type="hid" activation="sigmoid"/>
<connection id="44024" src-id="39497" dest-id="44023" weight="-7.1399086785813335"/>
<connection id="44025" src-id="44023" dest-id="39512" weight="33.35582481553808"/>
<neuron id="44032" type="hid" activation="sigmoid"/>
<connection id="44033" src-id="39497" dest-id="44032" weight="5.932706374818515"/>
<connection id="44034" src-id="44032" dest-id="39513" weight="-14.459434204308172"/>
<connection id="44080" src-id="39601" dest-id="42901" weight="-7.660706098967567"/>
<connection id="44147" src-id="39473" dest-id="42155" weight="-9.301005996855963"/>
<connection id="44150" src-id="39471" dest-id="41906" weight="-0.327522097082678"/>
<connection id="44166" src-id="39472" dest-id="41565" weight="-5.236684571441124"/>
<connection id="44212" src-id="39504" dest-id="41538" weight="15.627477943808373"/>
<neuron id="44238" type="hid" activation="sigmoid"/>
<connection id="44239" src-id="39491" dest-id="44238" weight="-7.41451995347297"/>
<connection id="44240" src-id="44238" dest-id="39645" weight="-4.992958494189894"/>
<neuron id="44247" type="hid" activation="sigmoid"/>
<connection id="44248" src-id="39484" dest-id="44247" weight="16.03156162754016"/>
<connection id="44322" src-id="39487" dest-id="41523" weight="11.443545679806581"/>
<connection id="44351" src-id="39493" dest-id="41906" weight="-30.359236750341235"/>
<connection id="44374" src-id="39502" dest-id="41538" weight="3.7079372382216653"/>
<connection id="44375" src-id="39491" dest-id="41565" weight="13.791669557676311"/>
<connection id="44376" src-id="41523" dest-id="42155" weight="2.7782899750449266"/>
<connection id="44379" src-id="39474" dest-id="42155" weight="21.27121718621096"/>
<connection id="44424" src-id="39479" dest-id="41538" weight="4.642113189321659"/>
<connection id="44437" src-id="39498" dest-id="42901" weight="-10.169448659698936"/>
<connection id="44472" src-id="39499" dest-id="41562" weight="-5.96722969834623"/>
<connection id="44482" src-id="39497" dest-id="41562" weight="-5.993321290979682"/>
<connection id="44561" src-id="39489" dest-id="42155" weight="-7.419518502039562"/>
<connection id="44575" src-id="41523" dest-id="39601" weight="4.04763101785577"/>
<connection id="44690" src-id="42901" dest-id="39513" weight="-15.61256935373208"/>
<connection id="44693" src-id="41565" dest-id="41520" weight="2.591232359277751"/>
<connection id="44703" src-id="40493" dest-id="41538" weight="-9.800322454709166"/>
<connection id="44705" src-id="41520" dest-id="41538" weight="8.334760314537935"/>
<connection id="44879" src-id="39507" dest-id="41906" weight="-0.2023543971613701"/>
<connection id="45038" src-id="39488" dest-id="41565" weight="8.627871725335394"/>
<connection id="45041" src-id="40493" dest-id="43588" weight="-6.885863709802864"/>
<connection id="45042" src-id="39497" dest-id="40493" weight="15.819204285881586"/>
<connection id="45058" src-id="41520" dest-id="41906" weight="-8.336618561096"/>
<neuron id="45073" type="hid" activation="sigmoid"/>
<connection id="45074" src-id="39503" dest-id="45073" weight="3.553133524249347"/>
<connection id="45075" src-id="45073" dest-id="39601" weight="-1.9295753038278756"/>
<connection id="45160" src-id="39495" dest-id="41565" weight="-13.11829057705621"/>
<connection id="45267" src-id="39471" dest-id="40493" weight="-1.4627367815293408"/>
<connection id="45272" src-id="39478" dest-id="41565" weight="-14.401962981847246"/>
<connection id="45274" src-id="39509" dest-id="41580" weight="3.2253374943291933"/>
<connection id="45285" src-id="39481" dest-id="41906" weight="-11.243938965040172"/>
<connection id="45286" src-id="39479" dest-id="41565" weight="2.9104296683158317"/>
<connection id="45288" src-id="39471" dest-id="41538" weight="5.382369601401482"/>
<connection id="45289" src-id="39480" dest-id="41580" weight="8.46489999378781"/>
<connection id="45436" src-id="39501" dest-id="41565" weight="0.24694797373695732"/>
<connection id="45477" src-id="40493" dest-id="39512" weight="-15.814529248615193"/>
<connection id="45479" src-id="39483" dest-id="43588" weight="-3.207271033803491"/>
<connection id="45481" src-id="39476" dest-id="40493" weight="21.903849570632055"/>
<connection id="45482" src-id="39601" dest-id="43097" weight="-3.3371253748516145"/>
<connection id="45485" src-id="39481" dest-id="43588" weight="19.896461087276386"/>
<connection id="45537" src-id="39490" dest-id="43588" weight="28.65494093257706"/>
<connection id="45540" src-id="39488" dest-id="43097" weight="11.445167831760685"/>
<connection id="45548" src-id="39476" dest-id="43588" weight="14.065351438483022"/>
<connection id="45653" src-id="39471" dest-id="42901" weight="-0.7520319792876775"/>
<connection id="45658" src-id="39488" dest-id="41580" weight="-4.34989284524662"/>
<neuron id="45675" type="hid" activation="sigmoid"/>
<connection id="45677" src-id="45675" dest-id="41538" weight="-8.2225844178377"/>
<connection id="45750" src-id="39502" dest-id="41906" weight="9.851616766139884"/>
<connection id="45813" src-id="39487" dest-id="41538" weight="-12.931946046673573"/>
<connection id="45833" src-id="39479" dest-id="43588" weight="-3.4360692752366315"/>
<connection id="45836" src-id="39507" dest-id="40493" weight="0.05384511420261373"/>
<connection id="45852" src-id="39497" dest-id="43097" weight="-8.333026560635052"/>
<connection id="45897" src-id="39499" dest-id="41538" weight="-4.749422223335676"/>
<neuron id="45917" type="hid" activation="sigmoid"/>
<connection id="45918" src-id="43588" dest-id="45917" weight="6.853405070343934"/>
<connection id="45919" src-id="45917" dest-id="39601" weight="-16.60244530298989"/>
<connection id="45992" src-id="39474" dest-id="41538" weight="0.16193253383481454"/>
<connection id="46015" src-id="39477" dest-id="43097" weight="0.8000835507909991"/>
<connection id="46123" src-id="39491" dest-id="40493" weight="-13.51944277053972"/>
<connection id="46124" src-id="39477" dest-id="41565" weight="-0.29355133098523023"/>
<connection id="46145" src-id="39509" dest-id="40493" weight="-0.6502101551152945"/>
<connection id="46358" src-id="41520" dest-id="40493" weight="2.889417256372838"/>
<connection id="46359" src-id="42155" dest-id="39601" weight="4.703534978308612"/>
<connection id="46362" src-id="41565" dest-id="42140" weight="26.188749549854354"/>
<connection id="46363" src-id="39505" dest-id="41538" weight="2.9033606520773945"/>
<connection id="46456" src-id="39481" dest-id="41565" weight="-3.8035457693991277"/>
<connection id="46520" src-id="41580" dest-id="39557" weight="14.04883105486752"/>
<connection id="46525" src-id="39471" dest-id="43097" weight="-0.1897909690549353"/>
<connection id="46668" src-id="39471" dest-id="41520" weight="-2.590756351069521"/>
<connection id="46776" src-id="39474" dest-id="42140" weight="-2.9058802431722897"/>
<connection id="46808" src-id="42901" dest-id="42140" weight="-0.3342029198290888"/>
<connection id="46810" src-id="43097" dest-id="42901" weight="9.06057120442084"/>
<connection id="46849" src-id="43097" dest-id="41538" weight="2.772436615339952"/>
<connection id="46859" src-id="39488" dest-id="45675" weight="4.110677703227341"/>
<neuron id="46882" type="hid" activation="sigmoid"/>
<connection id="46883" src-id="39483" dest-id="46882" weight="-10.17024014700108"/>
<connection id="46884" src-id="46882" dest-id="43588" weight="18.379667174623087"/>
<connection id="46983" src-id="39485" dest-id="41580" weight="3.5653344959514435"/>
<connection id="46984" src-id="39511" dest-id="42880" weight="-0.08752925896740393"/>
<connection id="47085" src-id="42140" dest-id="39512" weight="0.4400616644656132"/>
<connection id="47140" src-id="39485" dest-id="42901" weight="-13.389478187214962"/>
<connection id="47160" src-id="39489" dest-id="43097" weight="3.99920368285467"/>
<connection id="47185" src-id="39498" dest-id="42140" weight="-16.92060264484261"/>
<connection id="47186" src-id="39474" dest-id="42880" weight="4.954653069257864"/>
<connection id="47187" src-id="40493" dest-id="43097" weight="-5.972045512971813"/>
<connection id="47188" src-id="39472" dest-id="43097" weight="-24.599186826053835"/>
<connection id="47190" src-id="39475" dest-id="41565" weight="-9.240661284005908"/>
<neuron id="47280" type="hid" activation="sigmoid"/>
<connection id="47281" src-id="39510" dest-id="47280" weight="-12.043732373775974"/>
<connection id="47282" src-id="47280" dest-id="41906" weight="17.904948279365833"/>
<neuron id="47283" type="hid" activation="sigmoid"/>
<connection id="47284" src-id="39493" dest-id="47283" weight="-1.7413607485105933"/>
<connection id="47285" src-id="47283" dest-id="39557" weight="21.899874265862938"/>
<connection id="47390" src-id="41876" dest-id="47280" weight="-9.033508337314606"/>
<connection id="47397" src-id="39498" dest-id="41580" weight="-4.989234902326365"/>
<connection id="47411" src-id="39509" dest-id="42140" weight="8.633094042426615"/>
<connection id="47475" src-id="39488" dest-id="43588" weight="6.6058359640881825"/>
<connection id="47577" src-id="39483" dest-id="40493" weight="-7.002802046210272"/>
<connection id="47578" src-id="47280" dest-id="43097" weight="-18.27313921693861"/>
<connection id="47580" src-id="41876" dest-id="43097" weight="-25.188320274687413"/>
<connection id="47581" src-id="39500" dest-id="45675" weight="-14.60245653330857"/>
<connection id="47582" src-id="39495" dest-id="41538" weight="9.091350823627359"/>
<connection id="47640" src-id="39474" dest-id="43588" weight="4.167414571555195"/>
<neuron id="47684" type="hid" activation="sigmoid"/>
<connection id="47774" src-id="39497" dest-id="42140" weight="-22.710521843307177"/>
<connection id="47796" src-id="39488" dest-id="46882" weight="-0.3175650085698908"/>
<connection id="47797" src-id="39478" dest-id="42880" weight="-1.222097091366691"/>
<connection id="47802" src-id="39489" dest-id="46882" weight="6.022453060591747"/>
<connection id="47843" src-id="39498" dest-id="42155" weight="1.4739688979485617"/>
<connection id="47867" src-id="41523" dest-id="42880" weight="-8.30299531416178"/>
<connection id="47886" src-id="39499" dest-id="46882" weight="-5.111573957990086"/>
<connection id="47892" src-id="39474" dest-id="46882" weight="4.658404352750601"/>
<connection id="47893" src-id="39489" dest-id="42140" weight="-6.2287474111793175"/>
<connection id="47895" src-id="39496" dest-id="42140" weight="0.12454398795157595"/>
<connection id="47968" src-id="41523" dest-id="40493" weight="-0.48204848285005464"/>
<connection id="47972" src-id="39490" dest-id="41876" weight="-4.285728805468845"/>
<connection id="48084" src-id="39480" dest-id="42155" weight="-9.698585213444236"/>
<neuron id="48133" type="hid" activation="sigmoid"/>
<connection id="48134" src-id="39481" dest-id="48133" weight="-0.6872443547518468"/>
<connection id="48135" src-id="48133" dest-id="41520" weight="-27.28739834825854"/>
<connection id="48211" src-id="39509" dest-id="41876" weight="-14.716124640543432"/>
<connection id="48220" src-id="43377" dest-id="42901" weight="1.554007874447962"/>
<connection id="48221" src-id="42901" dest-id="42880" weight="-0.32308999638281405"/>
<connection id="48226" src-id="39472" dest-id="41124" weight="2.9510600676678473"/>
<connection id="48288" src-id="39501" dest-id="47684" weight="8.329624041039672"/>
<connection id="48312" src-id="39493" dest-id="46882" weight="-1.8024612841527432"/>
<connection id="48317" src-id="39497" dest-id="41876" weight="0.5479731559753418"/>
<connection id="48334" src-id="44247" dest-id="43097" weight="-19.267036552848015"/>
<connection id="48335" src-id="43097" dest-id="43377" weight="-19.395801156745947"/>
<connection id="48336" src-id="39475" dest-id="43097" weight="-2.3899060496141025"/>
<connection id="48342" src-id="47684" dest-id="41538" weight="1.7966526741579492"/>
<connection id="48413" src-id="41565" dest-id="39557" weight="-1.6407669684030346"/>
<connection id="48493" src-id="39503" dest-id="41580" weight="4.536876732952351"/>
<connection id="48543" src-id="39507" dest-id="44247" weight="-0.8808895349502563"/>
<connection id="48557" src-id="39510" dest-id="41580" weight="-4.269558450581936"/>
<neuron id="48590" type="hid" activation="sigmoid"/>
<connection id="48591" src-id="46882" dest-id="48590" weight="-11.309808613192077"/>
<connection id="48592" src-id="48590" dest-id="45675" weight="11.271290217991242"/>
<connection id="48708" src-id="39502" dest-id="41580" weight="0.580601446447039"/>
<connection id="48752" src-id="39474" dest-id="44247" weight="7.490165592411001"/>
<connection id="48755" src-id="39505" dest-id="43588" weight="15.116224397068779"/>
<connection id="48757" src-id="39487" dest-id="42880" weight="11.176980138074466"/>
<connection id="48758" src-id="39499" dest-id="43377" weight="-2.3500839667617024"/>
<connection id="48784" src-id="46882" dest-id="41906" weight="-4.455973998420042"/>
<connection id="48805" src-id="40493" dest-id="42140" weight="-5.101340699559117"/>
<connection id="48989" src-id="39473" dest-id="47283" weight="0.156647133619923"/>
<connection id="48999" src-id="39501" dest-id="44247" weight="1.3152859694985617"/>
<connection id="49006" src-id="39478" dest-id="41876" weight="-1.0876943538130317"/>
<connection id="49013" src-id="43377" dest-id="39645" weight="3.531174733814147"/>
<connection id="49078" src-id="47280" dest-id="39513" weight="-9.11065653976387"/>
<connection id="49090" src-id="39501" dest-id="41906" weight="5.3731754866752794"/>
<connection id="49101" src-id="39472" dest-id="44247" weight="-5.821730241408016"/>
<neuron id="49112" type="hid" activation="sigmoid"/>
<connection id="49113" src-id="42901" dest-id="49112" weight="-2.5286832248216453"/>
<connection id="49114" src-id="49112" dest-id="42140" weight="-7.773176121718485"/>
<connection id="49205" src-id="39483" dest-id="41580" weight="2.224765804385896"/>
<connection id="49251" src-id="39507" dest-id="47283" weight="1.7729313423278976"/>
<connection id="49254" src-id="39496" dest-id="49112" weight="-1.9297544973677216"/>
<connection id="49282" src-id="39506" dest-id="40493" weight="-0.5427601516145699"/>
<connection id="49335" src-id="39496" dest-id="41906" weight="12.699899999641344"/>
<connection id="49404" src-id="39474" dest-id="43377" weight="10.228608990868697"/>
<connection id="49405" src-id="48590" dest-id="41538" weight="5.163731386082374"/>
<connection id="49406" src-id="46882" dest-id="39557" weight="-1.1343745603113855"/>
<connection id="49407" src-id="39470" dest-id="48590" weight="-13.98428621394191"/>
<connection id="49408" src-id="39477" dest-id="46882" weight="-8.207225654470244"/>
<connection id="49412" src-id="39479" dest-id="43377" weight="2.840035792832896"/>
<connection id="49414" src-id="39489" dest-id="49112" weight="-6.993768047875916"/>
<connection id="49415" src-id="46882" dest-id="43377" weight="13.036756889949494"/>
<connection id="49416" src-id="42140" dest-id="42880" weight="6.147245873147439"/>
<connection id="49423" src-id="39508" dest-id="42140" weight="3.9469890903960843"/>
<connection id="49441" src-id="39479" dest-id="40493" weight="4.311314598309983"/>
<neuron id="49582" type="hid" activation="sigmoid"/>
<connection id="49584" src-id="49582" dest-id="39513" weight="15.927422470506944"/>
<connection id="49677" src-id="39498" dest-id="42880" weight="1.5407040604689195"/>
<connection id="49732" src-id="41118" dest-id="44247" weight="7.014711188827086"/>
<connection id="49769" src-id="39490" dest-id="45675" weight="12.421636459028038"/>
<connection id="49854" src-id="39473" dest-id="43808" weight="-4.824386330898621"/>
<connection id="49926" src-id="39489" dest-id="48590" weight="1.3471072858120985"/>
<connection id="49928" src-id="39493" dest-id="41118" weight="-8.355950081872832"/>
<connection id="49930" src-id="47280" dest-id="47283" weight="12.010042249667977"/>
<connection id="49931" src-id="41565" dest-id="49582" weight="5.6482684783808015"/>
<connection id="49933" src-id="43808" dest-id="43097" weight="-8.25431896539308"/>
<connection id="49935" src-id="40493" dest-id="47283" weight="6.671364038142689"/>
<connection id="49954" src-id="39485" dest-id="48590" weight="-13.430933576307261"/>
<connection id="50002" src-id="39491" dest-id="41876" weight="-0.6456555799105751"/>
<connection id="50027" src-id="39475" dest-id="49112" weight="1.9083357925631335"/>
<connection id="50048" src-id="39501" dest-id="42140" weight="-1.2536009952693392"/>
<neuron id="50101" type="hid" activation="sigmoid"/>
<connection id="50103" src-id="50101" dest-id="41906" weight="5.440256100260727"/>
<neuron id="50119" type="hid" activation="sigmoid"/>
<connection id="50120" src-id="39510" dest-id="50119" weight="0.15529754409626317"/>
<connection id="50121" src-id="50119" dest-id="40493" weight="22.725911692259324"/>
<connection id="50190" src-id="46882" dest-id="49112" weight="6.036447227519298"/>
<connection id="50202" src-id="39477" dest-id="47283" weight="5.851477133472246"/>
<connection id="50220" src-id="39485" dest-id="44247" weight="0.24057984618640588"/>
<connection id="50226" src-id="39503" dest-id="41858" weight="2.612563032417536"/>
<connection id="50238" src-id="39513" dest-id="45675" weight="-1.8811217444333619"/>
<connection id="50293" src-id="39495" dest-id="47684" weight="-9.927566403671184"/>
<connection id="50296" src-id="39494" dest-id="49582" weight="12.514284427630416"/>
<connection id="50298" src-id="39484" dest-id="42880" weight="3.752716200004953"/>
<connection id="50308" src-id="39505" dest-id="48590" weight="2.3029158056495254"/>
<connection id="50323" src-id="39502" dest-id="41858" weight="-1.0967127561220356"/>
<connection id="50431" src-id="39502" dest-id="45675" weight="-7.102765415546352"/>
<connection id="50496" src-id="39511" dest-id="45675" weight="-4.083061633629176"/>
<connection id="50537" src-id="39504" dest-id="43588" weight="-1.5932405105498593"/>
<connection id="50737" src-id="39493" dest-id="45675" weight="-6.952355698017203"/>
<connection id="50752" src-id="39474" dest-id="41858" weight="-5.537737264412057"/>
<connection id="50754" src-id="39601" dest-id="44247" weight="-4.1302994058834175"/>
<connection id="50755" src-id="39480" dest-id="42880" weight="-2.9305021580557273"/>
<connection id="50756" src-id="39482" dest-id="47280" weight="6.092467974526998"/>
<connection id="50758" src-id="47684" dest-id="43097" weight="7.059912784896882"/>
<connection id="50761" src-id="39471" dest-id="43588" weight="-1.2162395726210995"/>
<connection id="50852" src-id="39503" dest-id="47283" weight="-6.264452963621884"/>
<connection id="50948" src-id="39497" dest-id="46882" weight="0.4834675973912018"/>
<neuron id="50997" type="hid" activation="sigmoid"/>
<connection id="50998" src-id="39491" dest-id="50997" weight="6.346356583923182"/>
<connection id="50999" src-id="50997" dest-id="42901" weight="13.581596287731543"/>
<connection id="51098" src-id="39500" dest-id="48590" weight="12.163565707617582"/>
<connection id="51170" src-id="39492" dest-id="49112" weight="8.45786552802415"/>
<connection id="51177" src-id="39477" dest-id="44023" weight="-9.811313287407406"/>
<connection id="51208" src-id="39476" dest-id="45675" weight="1.7785717435881505"/>
<connection id="51231" src-id="42155" dest-id="47280" weight="2.0488269704548974"/>
<connection id="51232" src-id="39494" dest-id="48590" weight="-4.717604490419888"/>
<connection id="51233" src-id="39499" dest-id="47684" weight="-1.0870604048484718"/>
<connection id="51236" src-id="47684" dest-id="48590" weight="-6.888408964071634"/>
<connection id="51237" src-id="42155" dest-id="42880" weight="-0.16652860966150201"/>
<connection id="51261" src-id="39488" dest-id="47684" weight="-0.4173224717654176"/>
<connection id="51282" src-id="39494" dest-id="46882" weight="4.369671516062988"/>
<connection id="51391" src-id="39510" dest-id="42880" weight="10.341226168057197"/>
<connection id="51394" src-id="49582" dest-id="39557" weight="-5.564207382480524"/>
<connection id="51395" src-id="39503" dest-id="43097" weight="-6.144352318541699"/>
<connection id="51398" src-id="39484" dest-id="47684" weight="-12.364490120365986"/>
<connection id="51399" src-id="49582" dest-id="47283" weight="15.04125851612536"/>
<connection id="51401" src-id="41858" dest-id="42155" weight="-5.234921767903892"/>
<connection id="51419" src-id="39510" dest-id="41858" weight="-3.2384331010668927"/>
<connection id="51420" src-id="39471" dest-id="43808" weight="0.6575662089336904"/>
<neuron id="51472" type="hid" activation="sigmoid"/>
<connection id="51473" src-id="41523" dest-id="51472" weight="3.3212220906082623"/>
<connection id="51474" src-id="51472" dest-id="41906" weight="-0.05952786218079442"/>
<connection id="51584" src-id="41858" dest-id="39512" weight="-2.6611837482685288"/>
<connection id="51654" src-id="39499" dest-id="48590" weight="3.1298925516311513"/>
<connection id="51655" src-id="41118" dest-id="41523" weight="6.463745775689143"/>
<connection id="51659" src-id="39502" dest-id="50997" weight="-1.9391528063097163"/>
<connection id="51664" src-id="39486" dest-id="48590" weight="-4.1079858695114115"/>
<connection id="51676" src-id="39501" dest-id="41118" weight="-1.3902758096317815"/>
<connection id="51745" src-id="39492" dest-id="45675" weight="-4.255261733647515"/>
<connection id="51747" src-id="39498" dest-id="45675" weight="-4.9031307620170335"/>
<connection id="51855" src-id="39511" dest-id="47283" weight="10.08064656040975"/>
<connection id="51898" src-id="47283" dest-id="41906" weight="-1.2707640816178645"/>
<connection id="51900" src-id="39478" dest-id="49112" weight="16.844750852952984"/>
<connection id="51901" src-id="39490" dest-id="43808" weight="-3.665423739109113"/>
<connection id="51906" src-id="39491" dest-id="47280" weight="1.6452194421736102"/>
<neuron id="52033" type="hid" activation="sigmoid"/>
<connection id="52034" src-id="39499" dest-id="52033" weight="-0.2750797309591224"/>
<connection id="52035" src-id="52033" dest-id="41580" weight="-7.145649025926698"/>
<connection id="52091" src-id="39492" dest-id="46882" weight="-1.5207243105362216"/>
<connection id="52115" src-id="40493" dest-id="41124" weight="-1.5724579049360008"/>
<connection id="52138" src-id="50997" dest-id="49112" weight="-13.241169926268872"/>
<connection id="52139" src-id="41858" dest-id="39513" weight="-4.235655927057727"/>
<connection id="52141" src-id="39489" dest-id="44247" weight="8.700443146921923"/>
<connection id="52147" src-id="39488" dest-id="49112" weight="-3.054460486305682"/>
<connection id="52154" src-id="39470" dest-id="50997" weight="-2.5203930651403006"/>
<connection id="52177" src-id="39507" dest-id="49112" weight="-4.227435183889776"/>
<connection id="52178" src-id="42140" dest-id="48590" weight="3.9314953467739153"/>
<connection id="52186" src-id="39496" dest-id="41118" weight="4.4868496864314125"/>
<connection id="52198" src-id="41523" dest-id="41858" weight="10.284888610234724"/>
<connection id="52219" src-id="39490" dest-id="48590" weight="4.686717851492086"/>
<connection id="52330" src-id="39486" dest-id="43377" weight="4.112709024641657"/>
<connection id="52340" src-id="39483" dest-id="48590" weight="-15.416798227745282"/>
<connection id="52370" src-id="44247" dest-id="49112" weight="-3.2477686724539705"/>
<connection id="52397" src-id="39494" dest-id="42140" weight="1.2280007493254037"/>
<connection id="52411" src-id="39477" dest-id="40502" weight="2.4259440723574714"/>
<connection id="52413" src-id="49582" dest-id="41858" weight="-1.8434849971522953"/>
<connection id="52415" src-id="47283" dest-id="43097" weight="4.76779495262385"/>
<connection id="52418" src-id="47684" dest-id="41562" weight="13.43255151972608"/>
<connection id="52419" src-id="39473" dest-id="46882" weight="3.125366562237184"/>
<connection id="52496" src-id="49582" dest-id="40493" weight="-5.7413218259606875"/>
<connection id="52502" src-id="39481" dest-id="47684" weight="5.820769724513635"/>
<connection id="52506" src-id="39490" dest-id="49582" weight="1.5066546610844713"/>
<connection id="52516" src-id="39503" dest-id="49112" weight="-8.159005430083228"/>
<connection id="52587" src-id="39504" dest-id="47280" weight="0.22023387769493447"/>
<connection id="52593" src-id="39492" dest-id="44247" weight="4.189406804082587"/>
<connection id="52729" src-id="41118" dest-id="42155" weight="19.095693322443974"/>
<connection id="52769" src-id="47280" dest-id="41538" weight="0.9845136219180028"/>
<connection id="52783" src-id="39472" dest-id="49582" weight="3.4016417384053157"/>
<connection id="52791" src-id="39509" dest-id="41118" weight="-0.6714468508699923"/>
<connection id="52849" src-id="39492" dest-id="45917" weight="-2.8417427544590517"/>
<connection id="52879" src-id="45675" dest-id="39645" weight="-2.694549069167665"/>
<connection id="52985" src-id="39488" dest-id="43808" weight="2.9961854319378087"/>
<connection id="52991" src-id="41118" dest-id="43808" weight="-0.8754418701801514"/>
<connection id="52993" src-id="49582" dest-id="49112" weight="-10.435558208723453"/>
<connection id="52998" src-id="39477" dest-id="41118" weight="-10.074217791036602"/>
<connection id="53034" src-id="39471" dest-id="47280" weight="-1.8082744364886096"/>
<connection id="53047" src-id="39501" dest-id="45917" weight="-0.10787265077353236"/>
<connection id="53049" src-id="39504" dest-id="40505" weight="2.6916724538406487"/>
<connection id="53117" src-id="41565" dest-id="40505" weight="-3.671526569706232"/>
<connection id="53118" src-id="39485" dest-id="49112" weight="0.005482792854309082"/>
<connection id="53128" src-id="39475" dest-id="41118" weight="2.864324936586099"/>
<connection id="53178" src-id="41520" dest-id="41858" weight="-0.389921783619065"/>
<connection id="53199" src-id="44238" dest-id="43377" weight="2.3179329581013475"/>
<connection id="53203" src-id="39507" dest-id="52033" weight="-3.6202601769299902"/>
<connection id="53212" src-id="47684" dest-id="39557" weight="-9.431132674369376"/>
<connection id="53213" src-id="39470" dest-id="41858" weight="10.309814504075325"/>
<connection id="53214" src-id="39490" dest-id="40505" weight="1.4698608137974403"/>
<connection id="53218" src-id="45917" dest-id="39513" weight="-7.875463945085164"/>
<connection id="53220" src-id="41565" dest-id="50997" weight="-1.0184943554964603"/>
<connection id="53221" src-id="49112" dest-id="39512" weight="5.839725921049288"/>
<connection id="53223" src-id="39507" dest-id="43100" weight="-12.239287088345726"/>
<connection id="53236" src-id="39492" dest-id="50997" weight="0.9332066392667291"/>
<neuron id="53329" type="hid" activation="sigmoid"/>
<connection id="53330" src-id="43588" dest-id="53329" weight="1.7355537452327838"/>
<connection id="53331" src-id="53329" dest-id="39645" weight="13.610898172963234"/>
<neuron id="53350" type="hid" activation="sigmoid"/>
<connection id="53352" src-id="53350" dest-id="42880" weight="-1.1898183202676238"/>
<connection id="53404" src-id="39497" dest-id="49582" weight="-7.774577939767791"/>
<connection id="53457" src-id="53350" dest-id="45675" weight="-9.102053285318966"/>
<connection id="53459" src-id="41858" dest-id="53350" weight="-3.2563595263958427"/>
<connection id="53460" src-id="39500" dest-id="43100" weight="-9.98294159980797"/>
<connection id="53461" src-id="45917" dest-id="44247" weight="3.2624420302244337"/>
<connection id="53465" src-id="39498" dest-id="43100" weight="6.97603926507539"/>
<connection id="53466" src-id="39473" dest-id="47684" weight="-2.0379728849822403"/>
<connection id="53467" src-id="53350" dest-id="47280" weight="-2.6987245718318102"/>
<connection id="53468" src-id="39486" dest-id="43808" weight="4.489009544069222"/>
<connection id="53470" src-id="40493" dest-id="44238" weight="-8.571470229645906"/>
<connection id="53472" src-id="39488" dest-id="44238" weight="17.00105404558641"/>
<connection id="53478" src-id="41876" dest-id="40493" weight="2.667365761264232"/>
<connection id="53549" src-id="39482" dest-id="48590" weight="-0.048428039374952436"/>
<connection id="53577" src-id="42880" dest-id="39512" weight="5.736363205125347"/>
<connection id="53616" src-id="39505" dest-id="40505" weight="2.002758934368047"/>
<connection id="53632" src-id="39489" dest-id="52033" weight="2.34148378248739"/>
<connection id="53656" src-id="39481" dest-id="43808" weight="3.1407361766002175"/>
<connection id="53658" src-id="46882" dest-id="44023" weight="-10.815777636503196"/>
<connection id="53665" src-id="39476" dest-id="50997" weight="1.5481633146311595"/>
<connection id="53727" src-id="39506" dest-id="43808" weight="-2.6682438478517962"/>
<connection id="53733" src-id="39506" dest-id="40505" weight="2.5528422483946174"/>
<connection id="53737" src-id="39508" dest-id="45917" weight="1.3993505841562395"/>
<connection id="53747" src-id="40505" dest-id="39513" weight="2.067659214205772"/>
<connection id="53772" src-id="49112" dest-id="41580" weight="0.27037531335602505"/>
<connection id="53775" src-id="39507" dest-id="40505" weight="-1.7968410886371122"/>
<connection id="53792" src-id="39485" dest-id="40505" weight="9.536747712621583"/>
<connection id="53965" src-id="39497" dest-id="48590" weight="-2.723696284216242"/>
<neuron id="53983" type="hid" activation="sigmoid"/>
<connection id="53984" src-id="39490" dest-id="53983" weight="-0.9635628930061686"/>
<connection id="53985" src-id="53983" dest-id="42901" weight="2.692174387918938"/>
<connection id="54150" src-id="42880" dest-id="52033" weight="-5.57997595974283"/>
<connection id="54222" src-id="39471" dest-id="44023" weight="7.548601805528695"/>
<connection id="54268" src-id="39508" dest-id="43808" weight="-0.12013494968414307"/>
<connection id="54291" src-id="39500" dest-id="52033" weight="-5.068507687826442"/>
<connection id="54293" src-id="43808" dest-id="44238" weight="-1.280040613537081"/>
<connection id="54294" src-id="39500" dest-id="43377" weight="-2.6834668929121603"/>
<connection id="54296" src-id="39510" dest-id="43100" weight="-7.601972319752876"/>
<connection id="54297" src-id="39510" dest-id="44032" weight="3.545459902801266"/>
<connection id="54299" src-id="39479" dest-id="40505" weight="-1.4701891196956636"/>
<connection id="54301" src-id="39496" dest-id="49582" weight="20.85528912355573"/>
<connection id="54304" src-id="44023" dest-id="43588" weight="5.698790856200049"/>
<connection id="54305" src-id="40505" dest-id="42155" weight="-4.099625708374982"/>
<connection id="54317" src-id="39493" dest-id="41858" weight="-5.00436294821402"/>
<connection id="54326" src-id="47280" dest-id="43808" weight="7.307141546999305"/>
<connection id="54344" src-id="39509" dest-id="50997" weight="-0.9448909277255266"/>
<connection id="54356" src-id="39601" dest-id="50997" weight="-2.951443007763294"/>
<connection id="54403" src-id="49112" dest-id="42880" weight="1.335465460485731"/>
<connection id="54636" src-id="41526" dest-id="41118" weight="-1.045922252713075"/>
<connection id="54656" src-id="40493" dest-id="44023" weight="6.212774818480449"/>
<connection id="54669" src-id="47283" dest-id="42140" weight="1.922044033379516"/>
<connection id="54731" src-id="41876" dest-id="41562" weight="-1.6063451872276804"/>
<connection id="54748" src-id="39506" dest-id="43100" weight="-0.21972162652547178"/>
<neuron id="54768" type="hid" activation="sigmoid"/>
<connection id="54769" src-id="39484" dest-id="54768" weight="2.9203220736907736"/>
<connection id="54770" src-id="54768" dest-id="43097" weight="-10.155667116976625"/>
<neuron id="54789" type="hid" activation="sigmoid"/>
<connection id="54790" src-id="39476" dest-id="54789" weight="1.0"/>
<connection id="54791" src-id="54789" dest-id="41562" weight="-8.49293158971652"/>
<neuron id="54795" type="hid" activation="sigmoid"/>
<connection id="54796" src-id="39490" dest-id="54795" weight="-2.8038360823326878"/>
<connection id="54797" src-id="54795" dest-id="42880" weight="12.607449318805362"/>
<connection id="54910" src-id="39497" dest-id="49112" weight="4.839655464590558"/>
<connection id="54961" src-id="41562" dest-id="41526" weight="-1.3890692390965396"/>
<connection id="54987" src-id="46882" dest-id="47283" weight="3.510442766330558"/>
<connection id="55009" src-id="39475" dest-id="42880" weight="-4.407469238646133"/>
<connection id="55026" src-id="41562" dest-id="53983" weight="1.3313503340671031"/>
<connection id="55028" src-id="47283" dest-id="52033" weight="-2.9267386068540753"/>
<connection id="55112" src-id="49582" dest-id="46882" weight="-5.89317014153895"/>
<connection id="55269" src-id="39492" dest-id="43377" weight="3.120858840996754"/>
<connection id="55291" src-id="41526" dest-id="47283" weight="-6.366453683475505"/>
<connection id="55349" src-id="39500" dest-id="40505" weight="-1.0072733167953327"/>
<connection id="55385" src-id="41526" dest-id="41565" weight="11.858145964584212"/>
<connection id="55386" src-id="54795" dest-id="44023" weight="1.3022933800417504"/>
<connection id="55387" src-id="43588" dest-id="44032" weight="6.944507178055092"/>
<connection id="55392" src-id="43368" dest-id="47280" weight="-5.695512740976841"/>
<connection id="55393" src-id="39486" dest-id="40502" weight="0.14497840882237045"/>
<connection id="55394" src-id="39485" dest-id="40502" weight="1.3741767105758398"/>
<connection id="55395" src-id="41562" dest-id="53350" weight="-17.760453326803525"/>
<connection id="55396" src-id="46882" dest-id="40505" weight="2.9274768605342514"/>
<connection id="55399" src-id="43368" dest-id="40493" weight="-6.187276383163803"/>
<connection id="55400" src-id="39482" dest-id="43377" weight="-7.575010391202539"/>
<connection id="55401" src-id="40505" dest-id="43100" weight="0.530444061723949"/>
<connection id="55402" src-id="39484" dest-id="41526" weight="-17.627948078581067"/>
<connection id="55415" src-id="54795" dest-id="44032" weight="-15.362039471780387"/>
<connection id="55418" src-id="39476" dest-id="53350" weight="-12.549545970633188"/>
<connection id="55419" src-id="53350" dest-id="54795" weight="-4.498770589626989"/>
<connection id="55520" src-id="44023" dest-id="44247" weight="1.4079182736347509"/>
<neuron id="55613" type="hid" activation="sigmoid"/>
<connection id="55614" src-id="44023" dest-id="55613" weight="1.1432232908398043"/>
<connection id="55615" src-id="55613" dest-id="42880" weight="15.677288003089664"/>
<neuron id="55616" type="hid" activation="sigmoid"/>
<connection id="55618" src-id="55616" dest-id="43377" weight="14.548488561219246"/>
<connection id="55734" src-id="43808" dest-id="39645" weight="-5.192475970444075"/>
<connection id="55845" src-id="41906" dest-id="43100" weight="1.969135264606227"/>
<connection id="55854" src-id="39490" dest-id="53350" weight="9.019964562024207"/>
<connection id="55855" src-id="43368" dest-id="42880" weight="-3.618006914554777"/>
<connection id="55857" src-id="47280" dest-id="39645" weight="8.148055211727561"/>
<connection id="56062" src-id="45917" dest-id="39645" weight="0.8036954134832333"/>
<connection id="56085" src-id="40502" dest-id="41562" weight="3.37933453588876"/>
<connection id="56120" src-id="39483" dest-id="41118" weight="6.043732193205129"/>
<connection id="56123" src-id="49582" dest-id="43588" weight="0.5135553941658626"/>
<connection id="56125" src-id="39508" dest-id="41118" weight="1.961907775695714"/>
<connection id="56137" src-id="39504" dest-id="53983" weight="-1.3318951672679409"/>
<connection id="56171" src-id="49582" dest-id="44032" weight="-2.762077964710214"/>
<connection id="56172" src-id="40502" dest-id="41118" weight="-8.04928921004733"/>
<connection id="56173" src-id="41858" dest-id="50997" weight="-19.072632793986468"/>
<connection id="56177" src-id="43368" dest-id="43588" weight="4.727232196881513"/>
<connection id="56179" src-id="41858" dest-id="53983" weight="9.15333763997118"/>
<connection id="56181" src-id="43368" dest-id="49582" weight="-4.433079010251936"/>
<connection id="56182" src-id="41520" dest-id="45917" weight="0.7305141505480397"/>
<connection id="56187" src-id="54795" dest-id="40505" weight="5.106018180706336"/>
<connection id="56252" src-id="41565" dest-id="52033" weight="-0.667158842086792"/>
<connection id="56282" src-id="47684" dest-id="40505" weight="4.358238731331692"/>
<connection id="56302" src-id="39500" dest-id="53983" weight="-6.812765393468872"/>
<connection id="56519" src-id="45917" dest-id="42901" weight="-2.956642884084468"/>
<neuron id="56566" type="hid" activation="sigmoid"/>
<connection id="56567" src-id="46882" dest-id="56566" weight="5.5101400038504424"/>
<connection id="56568" src-id="56566" dest-id="42155" weight="-8.41058055503463"/>
<connection id="56764" src-id="39505" dest-id="50997" weight="-4.3365408856338075"/>
<connection id="56886" src-id="39489" dest-id="45917" weight="5.356612603100625"/>
<connection id="56973" src-id="39481" dest-id="50997" weight="7.3312177041497835"/>
<connection id="56974" src-id="39481" dest-id="44023" weight="5.647634403162516"/>
<connection id="56977" src-id="45917" dest-id="49112" weight="-8.67205142445232"/>
<connection id="56978" src-id="44238" dest-id="50997" weight="4.423974336253464"/>
<connection id="56981" src-id="39488" dest-id="45073" weight="10.14075523802488"/>
<connection id="56982" src-id="53983" dest-id="39645" weight="-8.628997989029418"/>
<connection id="56983" src-id="40493" dest-id="55616" weight="-3.059013684584052"/>
<connection id="56987" src-id="39498" dest-id="54795" weight="-8.602509046715047"/>
<connection id="56991" src-id="39486" dest-id="53329" weight="3.213828472964469"/>
<connection id="57079" src-id="39490" dest-id="41118" weight="-10.899082155213755"/>
<connection id="57080" src-id="39481" dest-id="54795" weight="-0.011120141546897333"/>
<connection id="57082" src-id="54795" dest-id="39513" weight="0.6937720801742638"/>
<connection id="57097" src-id="39496" dest-id="43368" weight="-4.980819933862209"/>
<connection id="57299" src-id="39489" dest-id="41526" weight="2.366538572004606"/>
<neuron id="57514" type="hid" activation="sigmoid"/>
<connection id="57515" src-id="39494" dest-id="57514" weight="5.445404254694343"/>
<connection id="57516" src-id="57514" dest-id="43377" weight="-4.635917957186845"/>
<neuron id="57517" type="hid" activation="sigmoid"/>
<connection id="57518" src-id="50997" dest-id="57517" weight="-6.713021789418093"/>
<connection id="57519" src-id="57517" dest-id="39512" weight="7.0444906955759485"/>
<neuron id="57520" type="hid" activation="sigmoid"/>
<connection id="57521" src-id="39500" dest-id="57520" weight="9.566396332286944"/>
<connection id="57522" src-id="57520" dest-id="43588" weight="2.267903788025152"/>
<connection id="57822" src-id="41858" dest-id="54795" weight="-3.5566652628860655"/>
<connection id="57836" src-id="39506" dest-id="44032" weight="-0.21644024197090017"/>
<connection id="57848" src-id="39508" dest-id="44023" weight="-1.149945023558545"/>
<connection id="57872" src-id="39474" dest-id="53983" weight="-3.669238196434129"/>
<connection id="57892" src-id="53983" dest-id="42880" weight="-3.5155218239505963"/>
<connection id="57959" src-id="44032" dest-id="50997" weight="-1.8199069293403567"/>
<connection id="57996" src-id="39508" dest-id="54795" weight="-5.055968352923809"/>
<connection id="58244" src-id="41118" dest-id="53983" weight="-1.3578965895435609"/>
<connection id="58300" src-id="39491" dest-id="54795" weight="-15.156258177481218"/>
<connection id="58302" src-id="39509" dest-id="53329" weight="2.0644127386582567"/>
<connection id="58303" src-id="39471" dest-id="54795" weight="1.4383011955018286"/>
<connection id="58304" src-id="42901" dest-id="53329" weight="-3.5290817068664935"/>
<connection id="58305" src-id="54795" dest-id="40493" weight="6.139072992022589"/>
<connection id="58308" src-id="53983" dest-id="44032" weight="-8.375454386951164"/>
<connection id="58309" src-id="39475" dest-id="53329" weight="7.0525899697104535"/>
<connection id="58310" src-id="44238" dest-id="57517" weight="-10.9463933225617"/>
<connection id="58311" src-id="39490" dest-id="57520" weight="2.326241297878961"/>
<connection id="58312" src-id="41565" dest-id="57517" weight="-1.8880674070218628"/>
<connection id="58314" src-id="39484" dest-id="53329" weight="-2.309339905461875"/>
<connection id="58315" src-id="39494" dest-id="52033" weight="-5.533740420042189"/>
<connection id="58317" src-id="39507" dest-id="53983" weight="8.346295907777979"/>
<connection id="58318" src-id="39492" dest-id="52033" weight="-0.42931226205534834"/>
<connection id="58320" src-id="39506" dest-id="44023" weight="-10.638155825036588"/>
<connection id="58321" src-id="53350" dest-id="45073" weight="-3.5983583906225967"/>
<connection id="58358" src-id="39479" dest-id="44032" weight="-4.034906080977318"/>
<connection id="58364" src-id="49582" dest-id="43097" weight="-1.9312979344882935"/>
<connection id="58437" src-id="45073" dest-id="40493" weight="-2.991676397893861"/>
<neuron id="58535" type="hid" activation="sigmoid"/>
<connection id="58536" src-id="41562" dest-id="58535" weight="-0.714980908975146"/>
<connection id="58537" src-id="58535" dest-id="41565" weight="-0.9240394367725737"/>
<connection id="58732" src-id="39489" dest-id="41118" weight="-2.055038574708103"/>
<connection id="58802" src-id="39489" dest-id="40505" weight="0.1136797513675909"/>
<connection id="58815" src-id="39504" dest-id="55616" weight="0.7283200795085014"/>
<connection id="58866" src-id="43368" dest-id="48590" weight="-0.15067715561749462"/>
<connection id="58875" src-id="45073" dest-id="43097" weight="-2.0863007429148253"/>
<connection id="59069" src-id="45073" dest-id="43808" weight="-0.7373619569696837"/>
<connection id="59117" src-id="39502" dest-id="43368" weight="-5.970977135589808"/>
<connection id="59119" src-id="57514" dest-id="50997" weight="-2.156007508329087"/>
<connection id="59120" src-id="43368" dest-id="44023" weight="-9.787971248958124"/>
<connection id="59122" src-id="43368" dest-id="45073" weight="6.65873959178352"/>
<connection id="59124" src-id="39480" dest-id="48133" weight="4.043465825676143"/>
<connection id="59125" src-id="44238" dest-id="42880" weight="-6.651961282442057"/>
<connection id="59128" src-id="39601" dest-id="57517" weight="-3.3581465079810826"/>
<connection id="59130" src-id="39484" dest-id="57517" weight="-1.8984038018900813"/>
<connection id="59132" src-id="47283" dest-id="57514" weight="2.0321739973437047"/>
<connection id="59133" src-id="46882" dest-id="54795" weight="3.590091066091274"/>
<connection id="59149" src-id="43368" dest-id="39512" weight="0.023765483480585103"/>
<connection id="59183" src-id="44032" dest-id="40505" weight="-1.4877718278744574"/>
<connection id="59195" src-id="41520" dest-id="53983" weight="-2.7671999964902554"/>
<connection id="59214" src-id="39491" dest-id="45073" weight="-0.02452718910336832"/>
<connection id="59231" src-id="53983" dest-id="50997" weight="7.992281932753418"/>
<connection id="59302" src-id="39511" dest-id="41118" weight="-0.8670132160186768"/>
<connection id="59393" src-id="39488" dest-id="53983" weight="2.0225179559419915"/>
<neuron id="59570" type="hid" activation="sigmoid"/>
<connection id="59571" src-id="39476" dest-id="59570" weight="-8.671257107808785"/>
<connection id="59572" src-id="59570" dest-id="41538" weight="-1.3206954342753048"/>
<connection id="60001" src-id="41876" dest-id="41526" weight="2.343381297027691"/>
<connection id="60115" src-id="39479" dest-id="40502" weight="3.4272115328574495"/>
<connection id="60388" src-id="57517" dest-id="49112" weight="-1.7533929040587601"/>
<neuron id="60655" type="hid" activation="sigmoid"/>
<connection id="60656" src-id="39510" dest-id="60655" weight="-0.524355434270412"/>
<connection id="60657" src-id="60655" dest-id="43808" weight="-12.492607003460591"/>
<connection id="60855" src-id="39496" dest-id="53983" weight="-1.980047837808697"/>
<connection id="61027" src-id="39476" dest-id="40502" weight="0.15632331371307373"/>
<connection id="61146" src-id="41858" dest-id="57520" weight="1.2051015516028887"/>
<connection id="61147" src-id="39492" dest-id="45073" weight="6.017904459334357"/>
<connection id="61148" src-id="44023" dest-id="39557" weight="8.685452561576259"/>
<connection id="61150" src-id="39505" dest-id="59570" weight="6.636995552025661"/>
<connection id="61151" src-id="39506" dest-id="43368" weight="-9.581771931775608"/>
<connection id="61152" src-id="48133" dest-id="39557" weight="2.5003748144403417"/>
<connection id="61153" src-id="39472" dest-id="48133" weight="-1.0413451466635546"/>
<connection id="61156" src-id="59570" dest-id="57517" weight="2.345482137186921"/>
<connection id="61158" src-id="39487" dest-id="53983" weight="-1.9100507194446674"/>
<connection id="61159" src-id="39508" dest-id="41586" weight="7.894679383310333"/>
<connection id="61161" src-id="39492" dest-id="57514" weight="-0.9948828209214646"/>
<connection id="61163" src-id="59570" dest-id="43100" weight="1.7320473052943361"/>
<connection id="61195" src-id="39491" dest-id="57514" weight="-1.321645390245091"/>
<connection id="61201" src-id="39503" dest-id="41586" weight="4.552968679815077"/>
<connection id="61215" src-id="53329" dest-id="39557" weight="-5.190418566908986"/>
<connection id="61233" src-id="39495" dest-id="55616" weight="2.797651386197983"/>
<connection id="61622" src-id="39483" dest-id="53329" weight="-2.262701761355958"/>
<connection id="61632" src-id="53983" dest-id="41538" weight="-4.91178226938241"/>
<connection id="61918" src-id="39511" dest-id="40481" weight="-1.457446991456235"/>
<connection id="62045" src-id="39496" dest-id="41858" weight="2.333529213658292"/>
<connection id="62109" src-id="39471" dest-id="53983" weight="-0.6044322179370074"/>
<connection id="62208" src-id="39502" dest-id="57514" weight="4.31823883822591"/>
<connection id="62209" src-id="49112" dest-id="40481" weight="0.11787654327280478"/>
<connection id="62211" src-id="56566" dest-id="41906" weight="0.6229464547290374"/>
<connection id="62212" src-id="39475" dest-id="59570" weight="2.199943761365393"/>
<connection id="62215" src-id="39507" dest-id="57520" weight="-2.3101757760925095"/>
<connection id="62217" src-id="39492" dest-id="57520" weight="10.628064955914226"/>
<connection id="62220" src-id="41858" dest-id="44032" weight="3.4454418868165253"/>
<connection id="62222" src-id="39508" dest-id="55616" weight="5.342092894947173"/>
<connection id="62223" src-id="39478" dest-id="40481" weight="-3.0342164527194377"/>
<connection id="62224" src-id="39507" dest-id="53329" weight="-1.1865972696180382"/>
<connection id="62235" src-id="42155" dest-id="59570" weight="0.6223029035912645"/>
<neuron id="63026" type="hid" activation="sigmoid"/>
<connection id="63027" src-id="45917" dest-id="63026" weight="7.175287231049079"/>
<connection id="63028" src-id="63026" dest-id="50997" weight="17.63364139246062"/>
<connection id="63382" src-id="51472" dest-id="48590" weight="0.5379705148812115"/>
<connection id="63388" src-id="39475" dest-id="41586" weight="3.5080677053903635"/>
<connection id="63394" src-id="39499" dest-id="41586" weight="-1.3351699335849123"/>
<connection id="63490" src-id="41580" dest-id="43100" weight="-0.782982721706689"/>
<connection id="63556" src-id="48133" dest-id="57517" weight="0.6535151868383959"/>
<connection id="64001" src-id="60655" dest-id="43377" weight="-0.7544386898536479"/>
<connection id="64002" src-id="39494" dest-id="41526" weight="-1.1373219093591924"/>
<connection id="64003" src-id="42140" dest-id="50101" weight="9.854302078212168"/>
<connection id="64005" src-id="45917" dest-id="41124" weight="3.917357842088764"/>
<connection id="64007" src-id="63026" dest-id="49112" weight="1.6343752796714006"/>
<connection id="64008" src-id="39478" dest-id="63026" weight="-0.4264855659091554"/>
<connection id="64010" src-id="41520" dest-id="41586" weight="2.2691648398907147"/>
<connection id="64014" src-id="41586" dest-id="43368" weight="9.203665678205788"/>
<connection id="64020" src-id="63026" dest-id="44032" weight="3.3112038381002145"/>
<connection id="64022" src-id="39492" dest-id="60655" weight="-0.27922077294169934"/>
<connection id="64024" src-id="40481" dest-id="41580" weight="5.448679466096415"/>
<connection id="64027" src-id="39470" dest-id="60655" weight="2.1006042041973005"/>
<connection id="64029" src-id="60655" dest-id="41523" weight="-1.7578108944526698"/>
<connection id="64846" src-id="43588" dest-id="43100" weight="1.1317301810269158"/>
<connection id="65108" src-id="53329" dest-id="59570" weight="-5.028043055429073"/>
<connection id="65111" src-id="57520" dest-id="52033" weight="1.959594796186617"/>
<connection id="65113" src-id="53350" dest-id="56566" weight="-4.803335382313012"/>
<connection id="65114" src-id="39474" dest-id="51472" weight="2.067997894285252"/>
<connection id="65117" src-id="42155" dest-id="40583" weight="-4.117078505375352"/>
<connection id="65118" src-id="60655" dest-id="39645" weight="-2.03800546281162"/>
<connection id="65119" src-id="57520" dest-id="50119" weight="2.259395769496516"/>
<connection id="65121" src-id="53350" dest-id="63026" weight="1.111950671802556"/>
<connection id="65124" src-id="51472" dest-id="47280" weight="-2.4408358229150724"/>
<connection id="65125" src-id="40481" dest-id="39513" weight="5.636663973550327"/>
<connection id="65127" src-id="39502" dest-id="41124" weight="-6.677489297029423"/>
<connection id="65128" src-id="55616" dest-id="63026" weight="-2.745373647653553"/>
<connection id="65131" src-id="40481" dest-id="43100" weight="-2.0409454569554444"/>
<connection id="65132" src-id="39470" dest-id="40583" weight="0.8914779397476922"/>
<connection id="65204" src-id="39476" dest-id="48133" weight="-0.37359170588786084"/>
<neuron id="65938" type="hid" activation="sigmoid"/>
<connection id="65939" src-id="39473" dest-id="65938" weight="-0.6752335508261952"/>
<connection id="65940" src-id="65938" dest-id="53350" weight="-0.6491445435757635"/>
<neuron id="65941" type="hid" activation="sigmoid"/>
<connection id="65942" src-id="39479" dest-id="65941" weight="-1.0545768849797277"/>
<connection id="65943" src-id="65941" dest-id="63026" weight="1.8473218352165088"/>
<neuron id="65944" type="hid" activation="sigmoid"/>
<connection id="65945" src-id="43588" dest-id="65944" weight="2.4668105095795627"/>
<connection id="65946" src-id="65944" dest-id="57514" weight="-0.022363033174878755"/>
<connection id="67365" src-id="40481" dest-id="45675" weight="-2.046875388544667"/>
<connection id="67368" src-id="50119" dest-id="54795" weight="-0.02423405587304689"/>
<connection id="67370" src-id="57520" dest-id="41124" weight="-0.8002547906424164"/>
<connection id="67371" src-id="48590" dest-id="41124" weight="-3.1879447490002235"/>
<connection id="67373" src-id="65941" dest-id="54795" weight="-0.28255015841823183"/>
<connection id="67374" src-id="58535" dest-id="56566" weight="0.42301809787750244"/>
<connection id="67376" src-id="52033" dest-id="40583" weight="0.9835696220397949"/>
<connection id="67377" src-id="39495" dest-id="53350" weight="-0.5080682039260864"/>
<connection id="67382" src-id="47684" dest-id="65938" weight="0.11941146850585938"/>
<connection id="67385" src-id="50119" dest-id="42155" weight="0.6168461332387931"/>
<connection id="67386" src-id="41562" dest-id="65941" weight="-2.031699059013061"/>
<connection id="67387" src-id="39505" dest-id="65941" weight="-5.900361837594156"/>
<connection id="67389" src-id="59570" dest-id="39557" weight="-0.3471807747531838"/>
<connection id="67392" src-id="39506" dest-id="40523" weight="-0.35569749307175724"/>
<neuron id="67609" type="hid" activation="sigmoid"/>
<connection id="67610" src-id="45917" dest-id="67609" weight="-0.22013890877768238"/>
<connection id="67611" src-id="67609" dest-id="55616" weight="-1.559686556228014"/>
<neuron id="67612" type="hid" activation="sigmoid"/>
<connection id="67613" src-id="39503" dest-id="67612" weight="-1.4015001476263493"/>
<connection id="67614" src-id="67612" dest-id="40502" weight="-0.9573019302109422"/>
<neuron id="67615" type="hid" activation="sigmoid"/>
<connection id="67616" src-id="39488" dest-id="67615" weight="-0.6649535714576138"/>
<connection id="67617" src-id="67615" dest-id="53350" weight="3.3892697178915907"/>
</chromosome>