<chromosome id="58963" primary-parent-id="58653"><neuron id="52914" type="in" activation="linear"/>
<neuron id="52915" type="in" activation="linear"/>
<neuron id="52916" type="in" activation="linear"/>
<neuron id="52917" type="in" activation="linear"/>
<neuron id="52918" type="in" activation="linear"/>
<neuron id="52919" type="in" activation="linear"/>
<neuron id="52920" type="in" activation="linear"/>
<neuron id="52921" type="in" activation="linear"/>
<neuron id="52922" type="in" activation="linear"/>
<neuron id="52923" type="in" activation="linear"/>
<neuron id="52924" type="in" activation="linear"/>
<neuron id="52925" type="in" activation="linear"/>
<neuron id="52926" type="in" activation="linear"/>
<neuron id="52927" type="in" activation="linear"/>
<neuron id="52928" type="in" activation="linear"/>
<neuron id="52929" type="in" activation="linear"/>
<neuron id="52930" type="in" activation="linear"/>
<neuron id="52931" type="in" activation="linear"/>
<neuron id="52932" type="in" activation="linear"/>
<neuron id="52933" type="in" activation="linear"/>
<neuron id="52934" type="in" activation="linear"/>
<neuron id="52935" type="in" activation="linear"/>
<neuron id="52936" type="in" activation="linear"/>
<neuron id="52937" type="in" activation="linear"/>
<neuron id="52938" type="in" activation="linear"/>
<neuron id="52939" type="in" activation="linear"/>
<neuron id="52940" type="in" activation="linear"/>
<neuron id="52941" type="in" activation="linear"/>
<neuron id="52942" type="in" activation="linear"/>
<neuron id="52943" type="in" activation="linear"/>
<neuron id="52944" type="in" activation="linear"/>
<neuron id="52945" type="in" activation="linear"/>
<neuron id="52946" type="in" activation="linear"/>
<neuron id="52947" type="in" activation="linear"/>
<neuron id="52948" type="in" activation="linear"/>
<neuron id="52949" type="in" activation="linear"/>
<neuron id="52950" type="in" activation="linear"/>
<neuron id="52951" type="in" activation="linear"/>
<neuron id="52952" type="in" activation="linear"/>
<neuron id="52953" type="in" activation="linear"/>
<neuron id="52954" type="in" activation="linear"/>
<neuron id="52955" type="in" activation="linear"/>
<neuron id="52956" type="out" activation="linear"/>
<neuron id="52957" type="hid" activation="sigmoid"/>
<connection id="52958" src-id="52914" dest-id="52957" weight="8.219793668783632"/>
<connection id="52959" src-id="52915" dest-id="52957" weight="-6.959204151990722"/>
<connection id="52960" src-id="52916" dest-id="52957" weight="9.454085048192425"/>
<connection id="52961" src-id="52917" dest-id="52957" weight="1.5297634172027568"/>
<connection id="52963" src-id="52919" dest-id="52957" weight="-3.4791758380518214"/>
<connection id="52964" src-id="52920" dest-id="52957" weight="0.6353392760500403"/>
<connection id="52965" src-id="52921" dest-id="52957" weight="-3.4424654836272506"/>
<connection id="52966" src-id="52922" dest-id="52957" weight="-1.882865387181789"/>
<connection id="52967" src-id="52923" dest-id="52957" weight="-6.81286579280734"/>
<connection id="52968" src-id="52924" dest-id="52957" weight="-1.6662928274156"/>
<connection id="52969" src-id="52925" dest-id="52957" weight="1.600414395880088"/>
<connection id="52970" src-id="52926" dest-id="52957" weight="12.456855569895454"/>
<connection id="52971" src-id="52927" dest-id="52957" weight="3.5027308945493902"/>
<connection id="52972" src-id="52928" dest-id="52957" weight="-5.512555007806063"/>
<connection id="52973" src-id="52929" dest-id="52957" weight="-11.05623235531224"/>
<connection id="52974" src-id="52930" dest-id="52957" weight="-2.7915067515083294"/>
<connection id="52976" src-id="52932" dest-id="52957" weight="-3.1432995312823757"/>
<connection id="52978" src-id="52934" dest-id="52957" weight="-15.923935123747707"/>
<connection id="52979" src-id="52935" dest-id="52957" weight="-5.874997200899806"/>
<connection id="52980" src-id="52936" dest-id="52957" weight="1.4634281545434717"/>
<connection id="52982" src-id="52938" dest-id="52957" weight="13.864114615900105"/>
<connection id="52983" src-id="52939" dest-id="52957" weight="4.014223897946113"/>
<connection id="52984" src-id="52940" dest-id="52957" weight="14.788895582579851"/>
<connection id="52985" src-id="52941" dest-id="52957" weight="-8.144559330395005"/>
<connection id="52986" src-id="52942" dest-id="52957" weight="-8.941225245614927"/>
<connection id="52987" src-id="52943" dest-id="52957" weight="-8.239639541576256"/>
<connection id="52988" src-id="52944" dest-id="52957" weight="-0.252090790850259"/>
<connection id="52989" src-id="52945" dest-id="52957" weight="-8.734754206956717"/>
<connection id="52990" src-id="52946" dest-id="52957" weight="-1.1071014964669508"/>
<connection id="52991" src-id="52947" dest-id="52957" weight="0.27786305539645306"/>
<connection id="52992" src-id="52948" dest-id="52957" weight="-4.846887263865595"/>
<connection id="52993" src-id="52949" dest-id="52957" weight="-0.9374577596028209"/>
<connection id="52994" src-id="52950" dest-id="52957" weight="-26.515808203463024"/>
<connection id="52995" src-id="52951" dest-id="52957" weight="0.2076219059878106"/>
<connection id="52996" src-id="52952" dest-id="52957" weight="24.41200865399432"/>
<connection id="53000" src-id="52957" dest-id="52956" weight="9.124865217123862"/>
<neuron id="53001" type="hid" activation="sigmoid"/>
<connection id="53002" src-id="52914" dest-id="53001" weight="-6.0832909458387245"/>
<connection id="53003" src-id="52915" dest-id="53001" weight="1.7819249927172223"/>
<connection id="53005" src-id="52917" dest-id="53001" weight="6.653360597323003"/>
<connection id="53006" src-id="52918" dest-id="53001" weight="2.0556130030874047"/>
<connection id="53007" src-id="52919" dest-id="53001" weight="2.5262473897413473"/>
<connection id="53010" src-id="52922" dest-id="53001" weight="10.843841608943114"/>
<connection id="53011" src-id="52923" dest-id="53001" weight="-11.683146372364533"/>
<connection id="53012" src-id="52924" dest-id="53001" weight="-2.5833429191523227"/>
<connection id="53013" src-id="52925" dest-id="53001" weight="-8.721713001049245"/>
<connection id="53014" src-id="52926" dest-id="53001" weight="20.498823391340615"/>
<connection id="53015" src-id="52927" dest-id="53001" weight="7.1892684413489585"/>
<connection id="53016" src-id="52928" dest-id="53001" weight="-10.732776405340822"/>
<connection id="53017" src-id="52929" dest-id="53001" weight="2.3894955979368815"/>
<connection id="53018" src-id="52930" dest-id="53001" weight="-4.394130070055589"/>
<connection id="53019" src-id="52931" dest-id="53001" weight="-6.979772486755815"/>
<connection id="53020" src-id="52932" dest-id="53001" weight="1.567324030365214"/>
<connection id="53021" src-id="52933" dest-id="53001" weight="-30.152408826643846"/>
<connection id="53022" src-id="52934" dest-id="53001" weight="-7.638186097159615"/>
<connection id="53023" src-id="52935" dest-id="53001" weight="13.668534156726025"/>
<connection id="53025" src-id="52937" dest-id="53001" weight="2.215658901308654"/>
<connection id="53026" src-id="52938" dest-id="53001" weight="-15.330940288708817"/>
<connection id="53027" src-id="52939" dest-id="53001" weight="-28.629361656501317"/>
<connection id="53028" src-id="52940" dest-id="53001" weight="7.532101924834045"/>
<connection id="53029" src-id="52941" dest-id="53001" weight="-12.706312065754592"/>
<connection id="53031" src-id="52943" dest-id="53001" weight="6.994339424585255"/>
<connection id="53032" src-id="52944" dest-id="53001" weight="6.740548351156619"/>
<connection id="53033" src-id="52945" dest-id="53001" weight="-11.770499830545928"/>
<connection id="53034" src-id="52946" dest-id="53001" weight="-13.023671338610622"/>
<connection id="53036" src-id="52948" dest-id="53001" weight="-17.887482793564303"/>
<connection id="53037" src-id="52949" dest-id="53001" weight="7.047012111192722"/>
<connection id="53038" src-id="52950" dest-id="53001" weight="0.11760283594428944"/>
<connection id="53040" src-id="52952" dest-id="53001" weight="-4.891065056845179"/>
<connection id="53041" src-id="52953" dest-id="53001" weight="-2.9301988383817377"/>
<connection id="53042" src-id="52954" dest-id="53001" weight="6.486807251444735"/>
<connection id="53043" src-id="52955" dest-id="53001" weight="1.3364640092354245"/>
<neuron id="53045" type="hid" activation="sigmoid"/>
<connection id="53046" src-id="52914" dest-id="53045" weight="-0.739769593793735"/>
<connection id="53049" src-id="52917" dest-id="53045" weight="-1.29397154843421"/>
<connection id="53050" src-id="52918" dest-id="53045" weight="-9.163855597868718"/>
<connection id="53051" src-id="52919" dest-id="53045" weight="-4.703074599642784"/>
<connection id="53052" src-id="52920" dest-id="53045" weight="-9.044420552142379"/>
<connection id="53053" src-id="52921" dest-id="53045" weight="6.309471676747243"/>
<connection id="53054" src-id="52922" dest-id="53045" weight="-2.136903444719587"/>
<connection id="53056" src-id="52924" dest-id="53045" weight="-2.014596029252557"/>
<connection id="53058" src-id="52926" dest-id="53045" weight="1.6011189896336984"/>
<connection id="53059" src-id="52927" dest-id="53045" weight="4.185283430317398"/>
<connection id="53060" src-id="52928" dest-id="53045" weight="10.44056909344287"/>
<connection id="53061" src-id="52929" dest-id="53045" weight="-28.355346439980142"/>
<connection id="53063" src-id="52931" dest-id="53045" weight="-20.838168050328893"/>
<connection id="53065" src-id="52933" dest-id="53045" weight="-10.327284928641802"/>
<connection id="53066" src-id="52934" dest-id="53045" weight="15.54641248632964"/>
<connection id="53067" src-id="52935" dest-id="53045" weight="-10.929100727380861"/>
<connection id="53069" src-id="52937" dest-id="53045" weight="-12.981024893819091"/>
<connection id="53070" src-id="52938" dest-id="53045" weight="-30.79041180926462"/>
<connection id="53072" src-id="52940" dest-id="53045" weight="0.17238771753850646"/>
<connection id="53073" src-id="52941" dest-id="53045" weight="-9.651432071367331"/>
<connection id="53074" src-id="52942" dest-id="53045" weight="-14.012140913017854"/>
<connection id="53078" src-id="52946" dest-id="53045" weight="5.474895489632791"/>
<connection id="53079" src-id="52947" dest-id="53045" weight="5.489343064657751"/>
<connection id="53080" src-id="52948" dest-id="53045" weight="10.677352968960289"/>
<connection id="53082" src-id="52950" dest-id="53045" weight="4.58593610458564"/>
<connection id="53083" src-id="52951" dest-id="53045" weight="7.6322345892460275"/>
<connection id="53084" src-id="52952" dest-id="53045" weight="16.507081286062693"/>
<connection id="53085" src-id="52953" dest-id="53045" weight="-0.3842643290362473"/>
<connection id="53086" src-id="52954" dest-id="53045" weight="-5.291699925940763"/>
<connection id="53087" src-id="52955" dest-id="53045" weight="-4.876330406207121"/>
<connection id="53088" src-id="53045" dest-id="52956" weight="3.557115818639413"/>
<neuron id="53089" type="hid" activation="sigmoid"/>
<connection id="53091" src-id="52915" dest-id="53089" weight="4.433337370317035"/>
<connection id="53093" src-id="52917" dest-id="53089" weight="-6.341811093312937"/>
<connection id="53094" src-id="52918" dest-id="53089" weight="19.708345234605655"/>
<connection id="53096" src-id="52920" dest-id="53089" weight="8.459555410392761"/>
<connection id="53097" src-id="52921" dest-id="53089" weight="9.091465976619748"/>
<connection id="53098" src-id="52922" dest-id="53089" weight="-8.464475084259528"/>
<connection id="53099" src-id="52923" dest-id="53089" weight="-14.928944626068269"/>
<connection id="53100" src-id="52924" dest-id="53089" weight="4.808029744979099"/>
<connection id="53101" src-id="52925" dest-id="53089" weight="-6.410419071366247"/>
<connection id="53102" src-id="52926" dest-id="53089" weight="10.94355749700399"/>
<connection id="53103" src-id="52927" dest-id="53089" weight="9.140005411099814"/>
<connection id="53104" src-id="52928" dest-id="53089" weight="-8.310395607890655"/>
<connection id="53105" src-id="52929" dest-id="53089" weight="-9.289522675031732"/>
<connection id="53106" src-id="52930" dest-id="53089" weight="7.687772321083358"/>
<connection id="53107" src-id="52931" dest-id="53089" weight="3.1725177978419214"/>
<connection id="53108" src-id="52932" dest-id="53089" weight="-8.916506741924827"/>
<connection id="53109" src-id="52933" dest-id="53089" weight="-2.1484096735972624"/>
<connection id="53110" src-id="52934" dest-id="53089" weight="8.304310700756192"/>
<connection id="53111" src-id="52935" dest-id="53089" weight="3.438479443239671"/>
<connection id="53112" src-id="52936" dest-id="53089" weight="9.409317401607893"/>
<connection id="53113" src-id="52937" dest-id="53089" weight="-5.8183400928008595"/>
<connection id="53114" src-id="52938" dest-id="53089" weight="3.3007932619487645"/>
<connection id="53115" src-id="52939" dest-id="53089" weight="-4.509883474669848"/>
<connection id="53116" src-id="52940" dest-id="53089" weight="10.61884489375212"/>
<connection id="53117" src-id="52941" dest-id="53089" weight="-2.1246120813389977"/>
<connection id="53118" src-id="52942" dest-id="53089" weight="0.41712050470194073"/>
<connection id="53119" src-id="52943" dest-id="53089" weight="7.271543323790072"/>
<connection id="53121" src-id="52945" dest-id="53089" weight="-32.82628582678726"/>
<connection id="53122" src-id="52946" dest-id="53089" weight="-18.773987121456397"/>
<connection id="53124" src-id="52948" dest-id="53089" weight="-2.65381705264651"/>
<connection id="53125" src-id="52949" dest-id="53089" weight="6.956355615920696"/>
<connection id="53126" src-id="52950" dest-id="53089" weight="-6.285235390719599"/>
<connection id="53128" src-id="52952" dest-id="53089" weight="-8.633807477357674"/>
<connection id="53129" src-id="52953" dest-id="53089" weight="3.5451014978511313"/>
<connection id="53130" src-id="52954" dest-id="53089" weight="-2.2589995798172433"/>
<connection id="53131" src-id="52955" dest-id="53089" weight="3.7936554796538555"/>
<connection id="53132" src-id="53089" dest-id="52956" weight="6.220696368198503"/>
<neuron id="53133" type="hid" activation="sigmoid"/>
<connection id="53134" src-id="52914" dest-id="53133" weight="0.041674493151015124"/>
<connection id="53135" src-id="52915" dest-id="53133" weight="-9.176069548151887"/>
<connection id="53137" src-id="52917" dest-id="53133" weight="-13.060749460184148"/>
<connection id="53138" src-id="52918" dest-id="53133" weight="-1.3276437178665903"/>
<connection id="53139" src-id="52919" dest-id="53133" weight="11.083521416781233"/>
<connection id="53140" src-id="52920" dest-id="53133" weight="-1.5267898449142885"/>
<connection id="53141" src-id="52921" dest-id="53133" weight="-0.11685180093376218"/>
<connection id="53142" src-id="52922" dest-id="53133" weight="-4.846222300314804"/>
<connection id="53144" src-id="52924" dest-id="53133" weight="-2.0767732082667734"/>
<connection id="53146" src-id="52926" dest-id="53133" weight="-0.9837692606670383"/>
<connection id="53147" src-id="52927" dest-id="53133" weight="-12.793396925965098"/>
<connection id="53148" src-id="52928" dest-id="53133" weight="7.163507759484894"/>
<connection id="53149" src-id="52929" dest-id="53133" weight="-4.696002011783055"/>
<connection id="53153" src-id="52933" dest-id="53133" weight="3.341792874762393"/>
<connection id="53155" src-id="52935" dest-id="53133" weight="-6.120213877140671"/>
<connection id="53156" src-id="52936" dest-id="53133" weight="35.39332643497394"/>
<connection id="53157" src-id="52937" dest-id="53133" weight="11.22587279097903"/>
<connection id="53158" src-id="52938" dest-id="53133" weight="-12.589811935294609"/>
<connection id="53159" src-id="52939" dest-id="53133" weight="-8.82442815620085"/>
<connection id="53160" src-id="52940" dest-id="53133" weight="-5.397791123144787"/>
<connection id="53161" src-id="52941" dest-id="53133" weight="14.875682813871391"/>
<connection id="53162" src-id="52942" dest-id="53133" weight="-4.46155980611597"/>
<connection id="53163" src-id="52943" dest-id="53133" weight="-4.422193175559986"/>
<connection id="53167" src-id="52947" dest-id="53133" weight="9.886686828127482"/>
<connection id="53168" src-id="52948" dest-id="53133" weight="-0.22268457847104095"/>
<connection id="53169" src-id="52949" dest-id="53133" weight="-2.512562645145642"/>
<connection id="53170" src-id="52950" dest-id="53133" weight="16.41257473000665"/>
<connection id="53172" src-id="52952" dest-id="53133" weight="8.716567001170674"/>
<connection id="53173" src-id="52953" dest-id="53133" weight="-10.087360751061935"/>
<connection id="53174" src-id="52954" dest-id="53133" weight="-19.19451045703038"/>
<connection id="53175" src-id="52955" dest-id="53133" weight="-8.23613035709949"/>
<connection id="53176" src-id="53133" dest-id="52956" weight="7.730780250861927"/>
<connection id="53262" src-id="52945" dest-id="52956" weight="22.785049345421903"/>
<neuron id="53512" type="hid" activation="sigmoid"/>
<connection id="53513" src-id="52946" dest-id="53512" weight="-3.00575188570095"/>
<connection id="53514" src-id="53512" dest-id="53133" weight="5.229819278596294"/>
<neuron id="53518" type="hid" activation="sigmoid"/>
<connection id="53519" src-id="52932" dest-id="53518" weight="-2.8850693328243504"/>
<connection id="53520" src-id="53518" dest-id="53133" weight="-14.243824957434342"/>
<connection id="53670" src-id="52923" dest-id="52956" weight="17.87345262278501"/>
<neuron id="53857" type="hid" activation="sigmoid"/>
<connection id="53859" src-id="53857" dest-id="53001" weight="6.36357982413894"/>
<neuron id="53869" type="hid" activation="sigmoid"/>
<connection id="53870" src-id="52931" dest-id="53869" weight="-10.456576554055282"/>
<connection id="53871" src-id="53869" dest-id="52957" weight="-13.014936991700655"/>
<neuron id="53875" type="hid" activation="sigmoid"/>
<connection id="53876" src-id="52953" dest-id="53875" weight="0.6488373156866452"/>
<connection id="53877" src-id="53875" dest-id="52957" weight="12.550718745046483"/>
<connection id="53899" src-id="52922" dest-id="53857" weight="7.906147765345647"/>
<connection id="53933" src-id="52934" dest-id="52956" weight="1.9643337757414034"/>
<connection id="54061" src-id="52916" dest-id="52956" weight="1.340729039981458"/>
<neuron id="54127" type="hid" activation="sigmoid"/>
<connection id="54128" src-id="52939" dest-id="54127" weight="2.2414063650715788"/>
<connection id="54129" src-id="54127" dest-id="53045" weight="-4.165117832525203"/>
<neuron id="54145" type="hid" activation="sigmoid"/>
<connection id="54146" src-id="52916" dest-id="54145" weight="5.033351700141125"/>
<connection id="54147" src-id="54145" dest-id="53089" weight="17.770387417132547"/>
<connection id="54262" src-id="52936" dest-id="53857" weight="-2.499767871557359"/>
<neuron id="54421" type="hid" activation="sigmoid"/>
<connection id="54422" src-id="52947" dest-id="54421" weight="-2.270118068978481"/>
<connection id="54423" src-id="54421" dest-id="53089" weight="7.5771906815951695"/>
<connection id="54535" src-id="52916" dest-id="53512" weight="-7.343728737557104"/>
<neuron id="54641" type="hid" activation="sigmoid"/>
<connection id="54642" src-id="52919" dest-id="54641" weight="-22.511131832528243"/>
<neuron id="54644" type="hid" activation="sigmoid"/>
<connection id="54645" src-id="52933" dest-id="54644" weight="-8.572015175091321"/>
<connection id="54646" src-id="54644" dest-id="52957" weight="-4.957679996570204"/>
<connection id="54771" src-id="53089" dest-id="53045" weight="0.3492903370096586"/>
<neuron id="54885" type="hid" activation="sigmoid"/>
<connection id="54886" src-id="52927" dest-id="54885" weight="-0.6187657147474419"/>
<connection id="55065" src-id="52941" dest-id="53857" weight="2.901125052111384"/>
<connection id="55071" src-id="52918" dest-id="52956" weight="5.907811316577558"/>
<connection id="55155" src-id="52946" dest-id="53857" weight="9.637062187517593"/>
<connection id="55232" src-id="52951" dest-id="54644" weight="14.149243490740576"/>
<connection id="55268" src-id="52917" dest-id="53857" weight="-1.8324646104542754"/>
<connection id="55430" src-id="52936" dest-id="54641" weight="4.871960579146965"/>
<connection id="55481" src-id="52946" dest-id="54641" weight="0.6820320183099349"/>
<connection id="55575" src-id="52950" dest-id="52956" weight="4.645174750022274"/>
<connection id="55610" src-id="52937" dest-id="54641" weight="-11.79870969930312"/>
<connection id="55613" src-id="53001" dest-id="53133" weight="1.152888507282848"/>
<connection id="55618" src-id="52941" dest-id="54641" weight="8.727200221720292"/>
<neuron id="55667" type="hid" activation="sigmoid"/>
<connection id="55668" src-id="52918" dest-id="55667" weight="1.8204531752592563"/>
<connection id="55669" src-id="55667" dest-id="52957" weight="-14.057846863174992"/>
<connection id="55734" src-id="52919" dest-id="52956" weight="0.6861430770497667"/>
<connection id="55860" src-id="54641" dest-id="52956" weight="2.1479482064010775"/>
<connection id="55888" src-id="52937" dest-id="54885" weight="-5.132268539492007"/>
<connection id="55932" src-id="52954" dest-id="54885" weight="-2.180370377837323"/>
<neuron id="55969" type="hid" activation="sigmoid"/>
<connection id="55971" src-id="55969" dest-id="53045" weight="8.127802986687279"/>
<connection id="56069" src-id="52921" dest-id="52956" weight="1.5584936001378062"/>
<connection id="56130" src-id="52943" dest-id="54641" weight="-3.0365901099878707"/>
<connection id="56168" src-id="52952" dest-id="54641" weight="-1.3767309297076356"/>
<connection id="56275" src-id="52936" dest-id="54644" weight="-1.1900717377539347"/>
<connection id="56319" src-id="52940" dest-id="54641" weight="5.141557997213818"/>
<connection id="56324" src-id="52926" dest-id="55969" weight="4.747184378734812"/>
<connection id="56335" src-id="52928" dest-id="55969" weight="-5.817938244484144"/>
<connection id="56386" src-id="52927" dest-id="55969" weight="-2.652439714331325"/>
<connection id="56422" src-id="52928" dest-id="54641" weight="2.0883896078109077"/>
<connection id="56423" src-id="52953" dest-id="54641" weight="-0.3924740259369677"/>
<neuron id="56480" type="hid" activation="sigmoid"/>
<connection id="56481" src-id="52954" dest-id="56480" weight="6.558500550993137"/>
<connection id="56482" src-id="56480" dest-id="52957" weight="-0.4020902293090347"/>
<neuron id="56483" type="hid" activation="sigmoid"/>
<connection id="56484" src-id="52932" dest-id="56483" weight="9.907928883234668"/>
<connection id="56485" src-id="56483" dest-id="53857" weight="-5.015314734415643"/>
<connection id="56545" src-id="52947" dest-id="55969" weight="-1.4171492076593961"/>
<connection id="56555" src-id="53857" dest-id="55969" weight="-17.031007647935432"/>
<connection id="56559" src-id="54885" dest-id="52956" weight="4.805750484473178"/>
<connection id="56566" src-id="52945" dest-id="55969" weight="2.6830983331823117"/>
<neuron id="56572" type="hid" activation="sigmoid"/>
<connection id="56573" src-id="52951" dest-id="56572" weight="-5.931435264300481"/>
<connection id="56574" src-id="56572" dest-id="53089" weight="7.568192701931636"/>
<neuron id="56575" type="hid" activation="sigmoid"/>
<connection id="56576" src-id="54641" dest-id="56575" weight="-13.063728873135906"/>
<connection id="56577" src-id="56575" dest-id="53089" weight="-17.211658301093895"/>
<neuron id="56578" type="hid" activation="sigmoid"/>
<connection id="56579" src-id="52937" dest-id="56578" weight="-0.6145968138013949"/>
<connection id="56608" src-id="52951" dest-id="53857" weight="-1.9966148700949704"/>
<connection id="56767" src-id="53869" dest-id="53512" weight="-7.145859590125163"/>
<connection id="56768" src-id="52914" dest-id="56575" weight="-0.6678404101996271"/>
<connection id="56769" src-id="54644" dest-id="53869" weight="8.760335891955899"/>
<connection id="56844" src-id="52932" dest-id="53869" weight="1.4318094998336515"/>
<connection id="56848" src-id="52924" dest-id="53869" weight="7.41039347215725"/>
<connection id="56875" src-id="53001" dest-id="55667" weight="-5.784076591125949"/>
<connection id="56895" src-id="52939" dest-id="56578" weight="3.5402607984995043"/>
<connection id="56964" src-id="52948" dest-id="53869" weight="7.1945220233820635"/>
<connection id="56965" src-id="52941" dest-id="54644" weight="7.572325649504706"/>
<connection id="56966" src-id="54641" dest-id="53512" weight="2.546927544724328"/>
<connection id="56971" src-id="52952" dest-id="54885" weight="20.98542325735679"/>
<connection id="56995" src-id="55969" dest-id="53089" weight="5.727499891785038"/>
<connection id="57020" src-id="53089" dest-id="53512" weight="-0.1726537394934946"/>
<connection id="57165" src-id="56483" dest-id="53045" weight="-11.816978004909064"/>
<connection id="57171" src-id="52919" dest-id="55667" weight="7.794573859548061"/>
<connection id="57172" src-id="52924" dest-id="53512" weight="-3.512445524196621"/>
<connection id="57173" src-id="56483" dest-id="54641" weight="1.298989809069722"/>
<connection id="57188" src-id="52950" dest-id="55969" weight="4.642460308084441"/>
<neuron id="57231" type="hid" activation="sigmoid"/>
<connection id="57232" src-id="52944" dest-id="57231" weight="1.7056059181086483"/>
<connection id="57233" src-id="57231" dest-id="53089" weight="-5.616312079399948"/>
<connection id="57272" src-id="56575" dest-id="53133" weight="4.833760692272578"/>
<connection id="57273" src-id="52937" dest-id="56575" weight="-3.9515068158870053"/>
<connection id="57274" src-id="53001" dest-id="53869" weight="2.810282897356978"/>
<connection id="57275" src-id="52943" dest-id="55667" weight="-2.524950871278761"/>
<connection id="57277" src-id="52925" dest-id="56575" weight="7.330009143192514"/>
<connection id="57278" src-id="52947" dest-id="54644" weight="2.6616275860933167"/>
<connection id="57309" src-id="52943" dest-id="53512" weight="2.019120392907848"/>
<connection id="57313" src-id="52955" dest-id="54641" weight="-5.034960280882373"/>
<connection id="57322" src-id="52939" dest-id="56575" weight="-0.02568084528330372"/>
<connection id="57356" src-id="56483" dest-id="53133" weight="0.780882355465458"/>
<connection id="57373" src-id="52945" dest-id="56483" weight="-0.5197566388683929"/>
<connection id="57384" src-id="53001" dest-id="56578" weight="3.2146122271227586"/>
<connection id="57514" src-id="52952" dest-id="56578" weight="5.296556587229691"/>
<connection id="57518" src-id="54421" dest-id="54641" weight="5.263510173134052"/>
<connection id="57519" src-id="56578" dest-id="54644" weight="8.215798484262466"/>
<connection id="57520" src-id="52944" dest-id="56575" weight="6.710979091225146"/>
<connection id="57521" src-id="52942" dest-id="56483" weight="4.443543877353853"/>
<connection id="57522" src-id="52926" dest-id="53518" weight="3.0310997205477213"/>
<connection id="57523" src-id="52937" dest-id="56483" weight="-4.069041357421771"/>
<connection id="57527" src-id="56575" dest-id="53518" weight="-6.890047892887829"/>
<neuron id="57562" type="hid" activation="sigmoid"/>
<connection id="57563" src-id="52952" dest-id="57562" weight="12.525697738305274"/>
<connection id="57564" src-id="57562" dest-id="54644" weight="7.239366378164661"/>
<connection id="57593" src-id="52948" dest-id="55969" weight="-5.249722356390896"/>
<connection id="57642" src-id="56575" dest-id="53512" weight="0.6357755340665117"/>
<connection id="57643" src-id="52944" dest-id="56578" weight="0.18552992131347434"/>
<connection id="57644" src-id="52933" dest-id="56483" weight="5.508755027863179"/>
<connection id="57650" src-id="52931" dest-id="54644" weight="3.0537381638194168"/>
<connection id="57651" src-id="54885" dest-id="56578" weight="0.3088679969893232"/>
<connection id="57652" src-id="56578" dest-id="56575" weight="2.6724911561265925"/>
<connection id="57653" src-id="52927" dest-id="54421" weight="-0.2874000446856879"/>
<connection id="57654" src-id="54145" dest-id="52957" weight="10.58190042021582"/>
<connection id="57655" src-id="52921" dest-id="54145" weight="5.855357392835383"/>
<connection id="57656" src-id="52937" dest-id="53518" weight="5.738781950015396"/>
<connection id="57659" src-id="52945" dest-id="53869" weight="2.622409405647975"/>
<connection id="57660" src-id="54644" dest-id="56575" weight="1.6054113917405646"/>
<connection id="57661" src-id="52932" dest-id="54145" weight="0.013337575531024548"/>
<connection id="57662" src-id="52925" dest-id="56483" weight="0.8544989849724973"/>
<neuron id="57703" type="hid" activation="sigmoid"/>
<connection id="57704" src-id="52935" dest-id="57703" weight="2.055357817865533"/>
<connection id="57705" src-id="57703" dest-id="54885" weight="0.07675849378841226"/>
<connection id="57739" src-id="55969" dest-id="54145" weight="-0.7053317259038798"/>
<connection id="57795" src-id="57231" dest-id="56480" weight="6.236573127485206"/>
<connection id="57797" src-id="52916" dest-id="54421" weight="-7.611122799881562"/>
<connection id="57798" src-id="52928" dest-id="56483" weight="-7.095476663189342"/>
<connection id="57799" src-id="52948" dest-id="56578" weight="0.9153692305174437"/>
<connection id="57801" src-id="53001" dest-id="53518" weight="-0.05552265512403354"/>
<connection id="57802" src-id="52923" dest-id="53512" weight="-2.712974321169203"/>
<connection id="57803" src-id="52914" dest-id="56483" weight="2.033522270385311"/>
<connection id="57804" src-id="52933" dest-id="56480" weight="2.578946775444032"/>
<connection id="57806" src-id="52957" dest-id="53518" weight="2.2910396606047847"/>
<connection id="57807" src-id="52951" dest-id="53518" weight="2.0371550041833015"/>
<connection id="57927" src-id="52949" dest-id="54421" weight="3.5933165904917863"/>
<connection id="57928" src-id="54641" dest-id="57703" weight="3.320157433367643"/>
<connection id="57929" src-id="55969" dest-id="53869" weight="-3.5940689016969083"/>
<connection id="57934" src-id="52950" dest-id="56572" weight="-1.5504403183699336"/>
<connection id="57935" src-id="52957" dest-id="54127" weight="2.081631982255071"/>
<connection id="57938" src-id="52919" dest-id="57231" weight="0.12619126478925827"/>
<connection id="57939" src-id="52943" dest-id="57231" weight="4.044002686008536"/>
<connection id="57940" src-id="52953" dest-id="53869" weight="0.6742928798303574"/>
<connection id="57992" src-id="56572" dest-id="56483" weight="3.854592276928604"/>
<connection id="58016" src-id="52955" dest-id="57231" weight="0.028168082237243652"/>
<connection id="58020" src-id="52937" dest-id="54127" weight="-1.3789607438499623"/>
<connection id="58026" src-id="52955" dest-id="54145" weight="3.51337411608602"/>
<neuron id="58090" type="hid" activation="sigmoid"/>
<connection id="58092" src-id="58090" dest-id="57562" weight="2.930277594248131"/>
<connection id="58228" src-id="52916" dest-id="53875" weight="-1.7885908883191846"/>
<connection id="58230" src-id="52949" dest-id="56572" weight="-2.3658051770356687"/>
<connection id="58231" src-id="52933" dest-id="56572" weight="-0.21004110579827984"/>
<connection id="58234" src-id="52929" dest-id="53869" weight="0.47526278220230767"/>
<connection id="58236" src-id="57703" dest-id="57562" weight="6.6249398327465805"/>
<connection id="58240" src-id="54885" dest-id="58090" weight="-0.9690865340594836"/>
<connection id="58242" src-id="54421" dest-id="56483" weight="0.7575780478427085"/>
<connection id="58243" src-id="57231" dest-id="55969" weight="-2.2789088436571237"/>
<neuron id="58351" type="hid" activation="sigmoid"/>
<connection id="58352" src-id="52938" dest-id="58351" weight="-1.7211796421192183"/>
<connection id="58353" src-id="58351" dest-id="57562" weight="2.7815763978457335"/>
<connection id="58469" src-id="52930" dest-id="56483" weight="-2.3028879644722267"/>
<connection id="58470" src-id="54127" dest-id="53512" weight="3.027879339603734"/>
<connection id="58471" src-id="56483" dest-id="53001" weight="0.05790542050692071"/>
<connection id="58473" src-id="52936" dest-id="55667" weight="-5.493776085249786"/>
<connection id="58476" src-id="52942" dest-id="58090" weight="-4.156385116096159"/>
<connection id="58477" src-id="52923" dest-id="57703" weight="5.400801698923372"/>
<connection id="58478" src-id="52944" dest-id="53875" weight="-0.8395246219459845"/>
<connection id="58479" src-id="52951" dest-id="54421" weight="-1.1256501003963173"/>
<connection id="58480" src-id="52914" dest-id="53512" weight="2.848472371113492"/>
<connection id="58483" src-id="53001" dest-id="56480" weight="1.9396850636864507"/>
<connection id="58484" src-id="54885" dest-id="55667" weight="4.546200439213445"/>
<connection id="58486" src-id="52940" dest-id="58351" weight="-1.5599760039490336"/>
<neuron id="58627" type="hid" activation="sigmoid"/>
<connection id="58628" src-id="52918" dest-id="58627" weight="-1.6781107250292746"/>
<connection id="58629" src-id="58627" dest-id="55969" weight="4.011573803379173"/>
<connection id="58715" src-id="52920" dest-id="53869" weight="2.9156180966750798"/>
<connection id="58824" src-id="52933" dest-id="58090" weight="0.4589075683759747"/>
<connection id="58825" src-id="58627" dest-id="53512" weight="-0.6008073091506958"/>
<connection id="58826" src-id="52938" dest-id="57703" weight="1.8390740475838927"/>
<connection id="58828" src-id="57703" dest-id="53001" weight="-2.4212518031213586"/>
<connection id="58831" src-id="52936" dest-id="56483" weight="-0.9134906398696743"/>
<connection id="58832" src-id="54644" dest-id="54145" weight="-1.213436953393848"/>
<connection id="58834" src-id="56480" dest-id="56578" weight="1.120042510449523"/>
<connection id="58835" src-id="52925" dest-id="54145" weight="-3.064874650183781"/>
<neuron id="58943" type="hid" activation="sigmoid"/>
<connection id="58944" src-id="52943" dest-id="58943" weight="4.330532807724582"/>
<connection id="58945" src-id="58943" dest-id="58090" weight="7.846826925025816"/>
</chromosome>