<chromosome id="39759"><neuron id="39470" type="in" activation="linear"/>
<neuron id="39471" type="in" activation="linear"/>
<neuron id="39472" type="in" activation="linear"/>
<neuron id="39473" type="in" activation="linear"/>
<neuron id="39474" type="in" activation="linear"/>
<neuron id="39475" type="in" activation="linear"/>
<neuron id="39476" type="in" activation="linear"/>
<neuron id="39477" type="in" activation="linear"/>
<neuron id="39478" type="in" activation="linear"/>
<neuron id="39479" type="in" activation="linear"/>
<neuron id="39480" type="in" activation="linear"/>
<neuron id="39481" type="in" activation="linear"/>
<neuron id="39482" type="in" activation="linear"/>
<neuron id="39483" type="in" activation="linear"/>
<neuron id="39484" type="in" activation="linear"/>
<neuron id="39485" type="in" activation="linear"/>
<neuron id="39486" type="in" activation="linear"/>
<neuron id="39487" type="in" activation="linear"/>
<neuron id="39488" type="in" activation="linear"/>
<neuron id="39489" type="in" activation="linear"/>
<neuron id="39490" type="in" activation="linear"/>
<neuron id="39491" type="in" activation="linear"/>
<neuron id="39492" type="in" activation="linear"/>
<neuron id="39493" type="in" activation="linear"/>
<neuron id="39494" type="in" activation="linear"/>
<neuron id="39495" type="in" activation="linear"/>
<neuron id="39496" type="in" activation="linear"/>
<neuron id="39497" type="in" activation="linear"/>
<neuron id="39498" type="in" activation="linear"/>
<neuron id="39499" type="in" activation="linear"/>
<neuron id="39500" type="in" activation="linear"/>
<neuron id="39501" type="in" activation="linear"/>
<neuron id="39502" type="in" activation="linear"/>
<neuron id="39503" type="in" activation="linear"/>
<neuron id="39504" type="in" activation="linear"/>
<neuron id="39505" type="in" activation="linear"/>
<neuron id="39506" type="in" activation="linear"/>
<neuron id="39507" type="in" activation="linear"/>
<neuron id="39508" type="in" activation="linear"/>
<neuron id="39509" type="in" activation="linear"/>
<neuron id="39510" type="in" activation="linear"/>
<neuron id="39511" type="in" activation="linear"/>
<neuron id="39512" type="out" activation="linear"/>
<neuron id="39513" type="hid" activation="sigmoid"/>
<connection id="39514" src-id="39470" dest-id="39513" weight="0.4615737199783325"/>
<connection id="39515" src-id="39471" dest-id="39513" weight="0.8351873159408569"/>
<connection id="39516" src-id="39472" dest-id="39513" weight="-0.5744844675064087"/>
<connection id="39517" src-id="39473" dest-id="39513" weight="-0.25222504138946533"/>
<connection id="39518" src-id="39474" dest-id="39513" weight="0.17882847785949707"/>
<connection id="39519" src-id="39475" dest-id="39513" weight="-0.8841547966003418"/>
<connection id="39520" src-id="39476" dest-id="39513" weight="-0.18302655220031738"/>
<connection id="39521" src-id="39477" dest-id="39513" weight="0.45414912700653076"/>
<connection id="39522" src-id="39478" dest-id="39513" weight="0.02532958984375"/>
<connection id="39523" src-id="39479" dest-id="39513" weight="-0.5778254270553589"/>
<connection id="39524" src-id="39480" dest-id="39513" weight="-0.42671871185302734"/>
<connection id="39525" src-id="39481" dest-id="39513" weight="0.38760483264923096"/>
<connection id="39526" src-id="39482" dest-id="39513" weight="-0.2980688810348511"/>
<connection id="39527" src-id="39483" dest-id="39513" weight="0.7023817300796509"/>
<connection id="39528" src-id="39484" dest-id="39513" weight="0.33186936378479004"/>
<connection id="39529" src-id="39485" dest-id="39513" weight="0.10242593288421631"/>
<connection id="39530" src-id="39486" dest-id="39513" weight="0.5215346813201904"/>
<connection id="39531" src-id="39487" dest-id="39513" weight="0.32871997356414795"/>
<connection id="39532" src-id="39488" dest-id="39513" weight="0.23180806636810303"/>
<connection id="39533" src-id="39489" dest-id="39513" weight="0.4480443000793457"/>
<connection id="39534" src-id="39490" dest-id="39513" weight="0.04653465747833252"/>
<connection id="39535" src-id="39491" dest-id="39513" weight="0.5351129770278931"/>
<connection id="39536" src-id="39492" dest-id="39513" weight="-0.15670835971832275"/>
<connection id="39537" src-id="39493" dest-id="39513" weight="0.7353770732879639"/>
<connection id="39538" src-id="39494" dest-id="39513" weight="-0.48379993438720703"/>
<connection id="39539" src-id="39495" dest-id="39513" weight="-0.5470781326293945"/>
<connection id="39540" src-id="39496" dest-id="39513" weight="0.4630439281463623"/>
<connection id="39541" src-id="39497" dest-id="39513" weight="0.3981434106826782"/>
<connection id="39542" src-id="39498" dest-id="39513" weight="-0.8518558740615845"/>
<connection id="39543" src-id="39499" dest-id="39513" weight="-0.7966079711914062"/>
<connection id="39544" src-id="39500" dest-id="39513" weight="-0.9574096202850342"/>
<connection id="39545" src-id="39501" dest-id="39513" weight="-0.8609004020690918"/>
<connection id="39546" src-id="39502" dest-id="39513" weight="-0.2868945598602295"/>
<connection id="39547" src-id="39503" dest-id="39513" weight="0.23477911949157715"/>
<connection id="39548" src-id="39504" dest-id="39513" weight="0.6808344125747681"/>
<connection id="39549" src-id="39505" dest-id="39513" weight="0.5868138074874878"/>
<connection id="39550" src-id="39506" dest-id="39513" weight="-0.3322277069091797"/>
<connection id="39551" src-id="39507" dest-id="39513" weight="0.18649542331695557"/>
<connection id="39552" src-id="39508" dest-id="39513" weight="-0.5149968862533569"/>
<connection id="39553" src-id="39509" dest-id="39513" weight="0.8979432582855225"/>
<connection id="39554" src-id="39510" dest-id="39513" weight="-0.31798064708709717"/>
<connection id="39555" src-id="39511" dest-id="39513" weight="0.45346224308013916"/>
<connection id="39556" src-id="39513" dest-id="39512" weight="0.733615517616272"/>
<neuron id="39557" type="hid" activation="sigmoid"/>
<connection id="39558" src-id="39470" dest-id="39557" weight="-0.1547621488571167"/>
<connection id="39559" src-id="39471" dest-id="39557" weight="-0.2583320140838623"/>
<connection id="39560" src-id="39472" dest-id="39557" weight="0.14909851551055908"/>
<connection id="39561" src-id="39473" dest-id="39557" weight="0.991745114326477"/>
<connection id="39562" src-id="39474" dest-id="39557" weight="-0.2888040542602539"/>
<connection id="39563" src-id="39475" dest-id="39557" weight="0.8039015531539917"/>
<connection id="39564" src-id="39476" dest-id="39557" weight="0.06916499137878418"/>
<connection id="39565" src-id="39477" dest-id="39557" weight="0.2438359260559082"/>
<connection id="39566" src-id="39478" dest-id="39557" weight="-0.10379695892333984"/>
<connection id="39567" src-id="39479" dest-id="39557" weight="-0.08075129985809326"/>
<connection id="39568" src-id="39480" dest-id="39557" weight="0.6913955211639404"/>
<connection id="39569" src-id="39481" dest-id="39557" weight="0.6152575016021729"/>
<connection id="39570" src-id="39482" dest-id="39557" weight="-0.6608881950378418"/>
<connection id="39571" src-id="39483" dest-id="39557" weight="0.03226947784423828"/>
<connection id="39572" src-id="39484" dest-id="39557" weight="0.26413822174072266"/>
<connection id="39573" src-id="39485" dest-id="39557" weight="-0.9755144119262695"/>
<connection id="39574" src-id="39486" dest-id="39557" weight="-0.41517436504364014"/>
<connection id="39575" src-id="39487" dest-id="39557" weight="-0.41529178619384766"/>
<connection id="39576" src-id="39488" dest-id="39557" weight="0.10397577285766602"/>
<connection id="39577" src-id="39489" dest-id="39557" weight="-0.4016610383987427"/>
<connection id="39578" src-id="39490" dest-id="39557" weight="0.2210690975189209"/>
<connection id="39579" src-id="39491" dest-id="39557" weight="0.35311412811279297"/>
<connection id="39580" src-id="39492" dest-id="39557" weight="-0.2933504581451416"/>
<connection id="39581" src-id="39493" dest-id="39557" weight="0.12942969799041748"/>
<connection id="39582" src-id="39494" dest-id="39557" weight="0.2048962116241455"/>
<connection id="39583" src-id="39495" dest-id="39557" weight="0.472223162651062"/>
<connection id="39584" src-id="39496" dest-id="39557" weight="0.9529539346694946"/>
<connection id="39585" src-id="39497" dest-id="39557" weight="0.7754626274108887"/>
<connection id="39586" src-id="39498" dest-id="39557" weight="-0.27534306049346924"/>
<connection id="39587" src-id="39499" dest-id="39557" weight="-0.3285468816757202"/>
<connection id="39588" src-id="39500" dest-id="39557" weight="-0.7567497491836548"/>
<connection id="39589" src-id="39501" dest-id="39557" weight="-0.10692179203033447"/>
<connection id="39590" src-id="39502" dest-id="39557" weight="0.2673426866531372"/>
<connection id="39591" src-id="39503" dest-id="39557" weight="0.7616372108459473"/>
<connection id="39592" src-id="39504" dest-id="39557" weight="0.9087480306625366"/>
<connection id="39593" src-id="39505" dest-id="39557" weight="0.9446620941162109"/>
<connection id="39594" src-id="39506" dest-id="39557" weight="0.7130093574523926"/>
<connection id="39595" src-id="39507" dest-id="39557" weight="0.26081347465515137"/>
<connection id="39596" src-id="39508" dest-id="39557" weight="0.7188762426376343"/>
<connection id="39597" src-id="39509" dest-id="39557" weight="0.17625033855438232"/>
<connection id="39598" src-id="39510" dest-id="39557" weight="0.942072868347168"/>
<connection id="39599" src-id="39511" dest-id="39557" weight="0.6809514760971069"/>
<connection id="39600" src-id="39557" dest-id="39512" weight="0.13228535652160645"/>
<neuron id="39601" type="hid" activation="sigmoid"/>
<connection id="39602" src-id="39470" dest-id="39601" weight="0.8809438943862915"/>
<connection id="39603" src-id="39471" dest-id="39601" weight="-0.3412811756134033"/>
<connection id="39604" src-id="39472" dest-id="39601" weight="0.882637619972229"/>
<connection id="39605" src-id="39473" dest-id="39601" weight="-0.5690550804138184"/>
<connection id="39606" src-id="39474" dest-id="39601" weight="-0.04108166694641113"/>
<connection id="39607" src-id="39475" dest-id="39601" weight="0.10172545909881592"/>
<connection id="39608" src-id="39476" dest-id="39601" weight="-0.45609307289123535"/>
<connection id="39609" src-id="39477" dest-id="39601" weight="0.7453089952468872"/>
<connection id="39610" src-id="39478" dest-id="39601" weight="-0.13273561000823975"/>
<connection id="39611" src-id="39479" dest-id="39601" weight="0.8861768245697021"/>
<connection id="39612" src-id="39480" dest-id="39601" weight="0.2158113718032837"/>
<connection id="39613" src-id="39481" dest-id="39601" weight="0.8427538871765137"/>
<connection id="39614" src-id="39482" dest-id="39601" weight="0.4068453311920166"/>
<connection id="39615" src-id="39483" dest-id="39601" weight="-0.5943785905838013"/>
<connection id="39616" src-id="39484" dest-id="39601" weight="0.7153940200805664"/>
<connection id="39617" src-id="39485" dest-id="39601" weight="0.43684864044189453"/>
<connection id="39618" src-id="39486" dest-id="39601" weight="-0.1133122444152832"/>
<connection id="39619" src-id="39487" dest-id="39601" weight="-0.30979371070861816"/>
<connection id="39620" src-id="39488" dest-id="39601" weight="-0.66778564453125"/>
<connection id="39621" src-id="39489" dest-id="39601" weight="0.6131290197372437"/>
<connection id="39622" src-id="39490" dest-id="39601" weight="-0.4120398759841919"/>
<connection id="39623" src-id="39491" dest-id="39601" weight="-0.8155238628387451"/>
<connection id="39624" src-id="39492" dest-id="39601" weight="-0.8756198883056641"/>
<connection id="39625" src-id="39493" dest-id="39601" weight="-0.9041922092437744"/>
<connection id="39626" src-id="39494" dest-id="39601" weight="0.9494185447692871"/>
<connection id="39627" src-id="39495" dest-id="39601" weight="0.05736398696899414"/>
<connection id="39628" src-id="39496" dest-id="39601" weight="0.612396240234375"/>
<connection id="39629" src-id="39497" dest-id="39601" weight="0.7434049844741821"/>
<connection id="39630" src-id="39498" dest-id="39601" weight="0.12563824653625488"/>
<connection id="39631" src-id="39499" dest-id="39601" weight="0.021196842193603516"/>
<connection id="39632" src-id="39500" dest-id="39601" weight="-0.36650168895721436"/>
<connection id="39633" src-id="39501" dest-id="39601" weight="0.5100133419036865"/>
<connection id="39634" src-id="39502" dest-id="39601" weight="-0.5790205001831055"/>
<connection id="39635" src-id="39503" dest-id="39601" weight="0.5073095560073853"/>
<connection id="39636" src-id="39504" dest-id="39601" weight="0.7161871194839478"/>
<connection id="39637" src-id="39505" dest-id="39601" weight="-0.3005307912826538"/>
<connection id="39638" src-id="39506" dest-id="39601" weight="-0.7501112222671509"/>
<connection id="39639" src-id="39507" dest-id="39601" weight="-0.12964582443237305"/>
<connection id="39640" src-id="39508" dest-id="39601" weight="-0.17360758781433105"/>
<connection id="39641" src-id="39509" dest-id="39601" weight="0.6349614858627319"/>
<connection id="39642" src-id="39510" dest-id="39601" weight="-0.3271130323410034"/>
<connection id="39643" src-id="39511" dest-id="39601" weight="0.17515015602111816"/>
<connection id="39644" src-id="39601" dest-id="39512" weight="0.006251692771911621"/>
<neuron id="39645" type="hid" activation="sigmoid"/>
<connection id="39646" src-id="39470" dest-id="39645" weight="0.735733151435852"/>
<connection id="39647" src-id="39471" dest-id="39645" weight="-0.05622732639312744"/>
<connection id="39648" src-id="39472" dest-id="39645" weight="-0.6813135147094727"/>
<connection id="39649" src-id="39473" dest-id="39645" weight="-0.41163063049316406"/>
<connection id="39650" src-id="39474" dest-id="39645" weight="-0.2891150712966919"/>
<connection id="39651" src-id="39475" dest-id="39645" weight="-0.10524988174438477"/>
<connection id="39652" src-id="39476" dest-id="39645" weight="0.6716876029968262"/>
<connection id="39653" src-id="39477" dest-id="39645" weight="0.16830027103424072"/>
<connection id="39654" src-id="39478" dest-id="39645" weight="0.3295421600341797"/>
<connection id="39655" src-id="39479" dest-id="39645" weight="0.18120837211608887"/>
<connection id="39656" src-id="39480" dest-id="39645" weight="-0.8387444019317627"/>
<connection id="39657" src-id="39481" dest-id="39645" weight="0.23285925388336182"/>
<connection id="39658" src-id="39482" dest-id="39645" weight="-0.4053412675857544"/>
<connection id="39659" src-id="39483" dest-id="39645" weight="-0.5131986141204834"/>
<connection id="39660" src-id="39484" dest-id="39645" weight="-0.5129895210266113"/>
<connection id="39661" src-id="39485" dest-id="39645" weight="-0.32012641429901123"/>
<connection id="39662" src-id="39486" dest-id="39645" weight="-0.3713289499282837"/>
<connection id="39663" src-id="39487" dest-id="39645" weight="0.6136469841003418"/>
<connection id="39664" src-id="39488" dest-id="39645" weight="-0.1473557949066162"/>
<connection id="39665" src-id="39489" dest-id="39645" weight="-0.1343592405319214"/>
<connection id="39666" src-id="39490" dest-id="39645" weight="0.07345104217529297"/>
<connection id="39667" src-id="39491" dest-id="39645" weight="0.09444284439086914"/>
<connection id="39668" src-id="39492" dest-id="39645" weight="-0.2561115026473999"/>
<connection id="39669" src-id="39493" dest-id="39645" weight="-0.7496789693832397"/>
<connection id="39670" src-id="39494" dest-id="39645" weight="0.12119591236114502"/>
<connection id="39671" src-id="39495" dest-id="39645" weight="-0.5130718946456909"/>
<connection id="39672" src-id="39496" dest-id="39645" weight="-0.4101557731628418"/>
<connection id="39673" src-id="39497" dest-id="39645" weight="-0.8192613124847412"/>
<connection id="39674" src-id="39498" dest-id="39645" weight="0.639914870262146"/>
<connection id="39675" src-id="39499" dest-id="39645" weight="-0.9485304355621338"/>
<connection id="39676" src-id="39500" dest-id="39645" weight="0.9609405994415283"/>
<connection id="39677" src-id="39501" dest-id="39645" weight="0.38779520988464355"/>
<connection id="39678" src-id="39502" dest-id="39645" weight="0.3561713695526123"/>
<connection id="39679" src-id="39503" dest-id="39645" weight="-0.9440445899963379"/>
<connection id="39680" src-id="39504" dest-id="39645" weight="0.7932581901550293"/>
<connection id="39681" src-id="39505" dest-id="39645" weight="0.9463576078414917"/>
<connection id="39682" src-id="39506" dest-id="39645" weight="-0.7658882141113281"/>
<connection id="39683" src-id="39507" dest-id="39645" weight="0.7662131786346436"/>
<connection id="39684" src-id="39508" dest-id="39645" weight="0.15156936645507812"/>
<connection id="39685" src-id="39509" dest-id="39645" weight="-0.15521240234375"/>
<connection id="39686" src-id="39510" dest-id="39645" weight="-0.524814248085022"/>
<connection id="39687" src-id="39511" dest-id="39645" weight="0.31366002559661865"/>
<connection id="39688" src-id="39645" dest-id="39512" weight="-0.4255046844482422"/>
<neuron id="39689" type="hid" activation="sigmoid"/>
<connection id="39690" src-id="39470" dest-id="39689" weight="-0.9338364601135254"/>
<connection id="39691" src-id="39471" dest-id="39689" weight="0.7952425479888916"/>
<connection id="39692" src-id="39472" dest-id="39689" weight="0.4149216413497925"/>
<connection id="39693" src-id="39473" dest-id="39689" weight="0.06316101551055908"/>
<connection id="39694" src-id="39474" dest-id="39689" weight="0.8519359827041626"/>
<connection id="39695" src-id="39475" dest-id="39689" weight="-0.44099676609039307"/>
<connection id="39696" src-id="39476" dest-id="39689" weight="0.46204566955566406"/>
<connection id="39697" src-id="39477" dest-id="39689" weight="-0.5855872631072998"/>
<connection id="39698" src-id="39478" dest-id="39689" weight="-0.7093145847320557"/>
<connection id="39699" src-id="39479" dest-id="39689" weight="0.11665678024291992"/>
<connection id="39700" src-id="39480" dest-id="39689" weight="-0.8007255792617798"/>
<connection id="39701" src-id="39481" dest-id="39689" weight="-0.3479238748550415"/>
<connection id="39702" src-id="39482" dest-id="39689" weight="0.770534873008728"/>
<connection id="39703" src-id="39483" dest-id="39689" weight="0.3501473665237427"/>
<connection id="39704" src-id="39484" dest-id="39689" weight="0.22694051265716553"/>
<connection id="39705" src-id="39485" dest-id="39689" weight="0.7221168279647827"/>
<connection id="39706" src-id="39486" dest-id="39689" weight="-0.5944457054138184"/>
<connection id="39707" src-id="39487" dest-id="39689" weight="-0.5394997596740723"/>
<connection id="39708" src-id="39488" dest-id="39689" weight="-0.6199922561645508"/>
<connection id="39709" src-id="39489" dest-id="39689" weight="0.9934628009796143"/>
<connection id="39710" src-id="39490" dest-id="39689" weight="0.07738363742828369"/>
<connection id="39711" src-id="39491" dest-id="39689" weight="0.7814171314239502"/>
<connection id="39712" src-id="39492" dest-id="39689" weight="-0.1455932855606079"/>
<connection id="39713" src-id="39493" dest-id="39689" weight="0.2054070234298706"/>
<connection id="39714" src-id="39494" dest-id="39689" weight="0.03775620460510254"/>
<connection id="39715" src-id="39495" dest-id="39689" weight="-0.3362499475479126"/>
<connection id="39716" src-id="39496" dest-id="39689" weight="0.3162010908126831"/>
<connection id="39717" src-id="39497" dest-id="39689" weight="0.7409460544586182"/>
<connection id="39718" src-id="39498" dest-id="39689" weight="-0.5586879253387451"/>
<connection id="39719" src-id="39499" dest-id="39689" weight="-0.07803070545196533"/>
<connection id="39720" src-id="39500" dest-id="39689" weight="-0.5744127035140991"/>
<connection id="39721" src-id="39501" dest-id="39689" weight="0.05540668964385986"/>
<connection id="39722" src-id="39502" dest-id="39689" weight="0.09802663326263428"/>
<connection id="39723" src-id="39503" dest-id="39689" weight="0.055280208587646484"/>
<connection id="39724" src-id="39504" dest-id="39689" weight="-0.18013954162597656"/>
<connection id="39725" src-id="39505" dest-id="39689" weight="0.9797581434249878"/>
<connection id="39726" src-id="39506" dest-id="39689" weight="0.05892384052276611"/>
<connection id="39727" src-id="39507" dest-id="39689" weight="-0.5532592535018921"/>
<connection id="39728" src-id="39508" dest-id="39689" weight="0.9880988597869873"/>
<connection id="39729" src-id="39509" dest-id="39689" weight="0.8328944444656372"/>
<connection id="39730" src-id="39510" dest-id="39689" weight="-0.6830348968505859"/>
<connection id="39731" src-id="39511" dest-id="39689" weight="-0.596013069152832"/>
<connection id="39732" src-id="39689" dest-id="39512" weight="0.27800261974334717"/>
</chromosome>