<chromosome id="49874" primary-parent-id="48949"><neuron id="46664" type="in" activation="linear"/>
<neuron id="46665" type="in" activation="linear"/>
<neuron id="46666" type="in" activation="linear"/>
<neuron id="46667" type="in" activation="linear"/>
<neuron id="46668" type="in" activation="linear"/>
<neuron id="46669" type="in" activation="linear"/>
<neuron id="46670" type="in" activation="linear"/>
<neuron id="46671" type="in" activation="linear"/>
<neuron id="46672" type="in" activation="linear"/>
<neuron id="46673" type="in" activation="linear"/>
<neuron id="46674" type="in" activation="linear"/>
<neuron id="46675" type="in" activation="linear"/>
<neuron id="46676" type="in" activation="linear"/>
<neuron id="46677" type="in" activation="linear"/>
<neuron id="46678" type="in" activation="linear"/>
<neuron id="46679" type="in" activation="linear"/>
<neuron id="46680" type="in" activation="linear"/>
<neuron id="46681" type="in" activation="linear"/>
<neuron id="46682" type="in" activation="linear"/>
<neuron id="46683" type="in" activation="linear"/>
<neuron id="46684" type="in" activation="linear"/>
<neuron id="46685" type="in" activation="linear"/>
<neuron id="46686" type="in" activation="linear"/>
<neuron id="46687" type="in" activation="linear"/>
<neuron id="46688" type="in" activation="linear"/>
<neuron id="46689" type="in" activation="linear"/>
<neuron id="46690" type="in" activation="linear"/>
<neuron id="46691" type="in" activation="linear"/>
<neuron id="46692" type="in" activation="linear"/>
<neuron id="46693" type="in" activation="linear"/>
<neuron id="46694" type="in" activation="linear"/>
<neuron id="46695" type="in" activation="linear"/>
<neuron id="46696" type="in" activation="linear"/>
<neuron id="46697" type="in" activation="linear"/>
<neuron id="46698" type="in" activation="linear"/>
<neuron id="46699" type="in" activation="linear"/>
<neuron id="46700" type="in" activation="linear"/>
<neuron id="46701" type="in" activation="linear"/>
<neuron id="46702" type="in" activation="linear"/>
<neuron id="46703" type="in" activation="linear"/>
<neuron id="46704" type="in" activation="linear"/>
<neuron id="46705" type="in" activation="linear"/>
<neuron id="46706" type="out" activation="linear"/>
<neuron id="46707" type="hid" activation="sigmoid"/>
<connection id="46708" src-id="46664" dest-id="46707" weight="0.5612679547849795"/>
<connection id="46709" src-id="46665" dest-id="46707" weight="7.689998592942124"/>
<connection id="46710" src-id="46666" dest-id="46707" weight="3.6150332083213987"/>
<connection id="46711" src-id="46667" dest-id="46707" weight="-0.6216676237492658"/>
<connection id="46712" src-id="46668" dest-id="46707" weight="-4.709017989884761"/>
<connection id="46713" src-id="46669" dest-id="46707" weight="-4.34299066856086"/>
<connection id="46714" src-id="46670" dest-id="46707" weight="6.902075190389117"/>
<connection id="46715" src-id="46671" dest-id="46707" weight="7.1890864231771054"/>
<connection id="46716" src-id="46672" dest-id="46707" weight="7.5896755377926866"/>
<connection id="46717" src-id="46673" dest-id="46707" weight="5.8530165089849415"/>
<connection id="46719" src-id="46675" dest-id="46707" weight="-1.9914589286605353"/>
<connection id="46720" src-id="46676" dest-id="46707" weight="0.7472695071339182"/>
<connection id="46721" src-id="46677" dest-id="46707" weight="-5.526465006731265"/>
<connection id="46722" src-id="46678" dest-id="46707" weight="13.015314703993468"/>
<connection id="46723" src-id="46679" dest-id="46707" weight="4.728888501542856"/>
<connection id="46724" src-id="46680" dest-id="46707" weight="3.907596965983268"/>
<connection id="46725" src-id="46681" dest-id="46707" weight="-2.588802809705175"/>
<connection id="46727" src-id="46683" dest-id="46707" weight="-3.917390391730528"/>
<connection id="46728" src-id="46684" dest-id="46707" weight="-3.772125127086713"/>
<connection id="46729" src-id="46685" dest-id="46707" weight="-4.625135196173047"/>
<connection id="46730" src-id="46686" dest-id="46707" weight="2.310544754020082"/>
<connection id="46731" src-id="46687" dest-id="46707" weight="1.6609240931868983"/>
<connection id="46732" src-id="46688" dest-id="46707" weight="1.7509200520309878"/>
<connection id="46733" src-id="46689" dest-id="46707" weight="-7.469245144800198"/>
<connection id="46734" src-id="46690" dest-id="46707" weight="-2.075502607863425"/>
<connection id="46736" src-id="46692" dest-id="46707" weight="3.3582091104705367"/>
<connection id="46737" src-id="46693" dest-id="46707" weight="7.708832285834664"/>
<connection id="46738" src-id="46694" dest-id="46707" weight="3.673967318755275"/>
<connection id="46739" src-id="46695" dest-id="46707" weight="4.953561489453424"/>
<connection id="46740" src-id="46696" dest-id="46707" weight="-2.4731074610225443"/>
<connection id="46741" src-id="46697" dest-id="46707" weight="3.4300505792852465"/>
<connection id="46742" src-id="46698" dest-id="46707" weight="-4.945034434065692"/>
<connection id="46744" src-id="46700" dest-id="46707" weight="-4.811732001011277"/>
<connection id="46745" src-id="46701" dest-id="46707" weight="2.0719272876364223"/>
<connection id="46746" src-id="46702" dest-id="46707" weight="7.178532722131261"/>
<connection id="46748" src-id="46704" dest-id="46707" weight="6.039175836642394"/>
<connection id="46749" src-id="46705" dest-id="46707" weight="-2.9213990953584417"/>
<connection id="46750" src-id="46707" dest-id="46706" weight="4.3258509004445305"/>
<neuron id="46751" type="hid" activation="sigmoid"/>
<connection id="46752" src-id="46664" dest-id="46751" weight="1.0074514301700543"/>
<connection id="46753" src-id="46665" dest-id="46751" weight="-0.2710105612644711"/>
<connection id="46755" src-id="46667" dest-id="46751" weight="3.0811703540638318"/>
<connection id="46756" src-id="46668" dest-id="46751" weight="4.081179285419603"/>
<connection id="46758" src-id="46670" dest-id="46751" weight="7.287445725059054"/>
<connection id="46759" src-id="46671" dest-id="46751" weight="-14.571658023446984"/>
<connection id="46760" src-id="46672" dest-id="46751" weight="2.0947564912928596"/>
<connection id="46761" src-id="46673" dest-id="46751" weight="4.647775967034983"/>
<connection id="46763" src-id="46675" dest-id="46751" weight="-9.231344395775823"/>
<connection id="46764" src-id="46676" dest-id="46751" weight="5.570267626384393"/>
<connection id="46765" src-id="46677" dest-id="46751" weight="4.2867605597774805"/>
<connection id="46767" src-id="46679" dest-id="46751" weight="11.010603699045408"/>
<connection id="46770" src-id="46682" dest-id="46751" weight="7.465923267044703"/>
<connection id="46771" src-id="46683" dest-id="46751" weight="-4.921284309888528"/>
<connection id="46772" src-id="46684" dest-id="46751" weight="1.036930097000767"/>
<connection id="46773" src-id="46685" dest-id="46751" weight="-8.525901148017187"/>
<connection id="46774" src-id="46686" dest-id="46751" weight="-11.932390009176597"/>
<connection id="46775" src-id="46687" dest-id="46751" weight="9.75011146140328"/>
<connection id="46776" src-id="46688" dest-id="46751" weight="-2.0060944434251824"/>
<connection id="46777" src-id="46689" dest-id="46751" weight="0.46284910457552075"/>
<connection id="46778" src-id="46690" dest-id="46751" weight="0.15553089682161025"/>
<connection id="46779" src-id="46691" dest-id="46751" weight="7.334407833816408"/>
<connection id="46780" src-id="46692" dest-id="46751" weight="-1.071591830671098"/>
<connection id="46781" src-id="46693" dest-id="46751" weight="-7.621204009072674"/>
<connection id="46782" src-id="46694" dest-id="46751" weight="6.946270756263845"/>
<connection id="46783" src-id="46695" dest-id="46751" weight="10.335288716626504"/>
<connection id="46786" src-id="46698" dest-id="46751" weight="8.80824191673975"/>
<connection id="46787" src-id="46699" dest-id="46751" weight="0.09666136599068853"/>
<connection id="46788" src-id="46700" dest-id="46751" weight="2.1554630316619883"/>
<connection id="46789" src-id="46701" dest-id="46751" weight="-4.409237171402084"/>
<connection id="46790" src-id="46702" dest-id="46751" weight="4.7700687242403506"/>
<connection id="46792" src-id="46704" dest-id="46751" weight="3.1375652520304875"/>
<connection id="46793" src-id="46705" dest-id="46751" weight="-0.28801649628740145"/>
<connection id="46794" src-id="46751" dest-id="46706" weight="-0.23937517521891344"/>
<neuron id="46795" type="hid" activation="sigmoid"/>
<connection id="46796" src-id="46664" dest-id="46795" weight="1.932609651723408"/>
<connection id="46797" src-id="46665" dest-id="46795" weight="-9.531846563056899"/>
<connection id="46798" src-id="46666" dest-id="46795" weight="0.8990688574558832"/>
<connection id="46799" src-id="46667" dest-id="46795" weight="-1.8236930918089511"/>
<connection id="46800" src-id="46668" dest-id="46795" weight="-3.9547046630458897"/>
<connection id="46801" src-id="46669" dest-id="46795" weight="5.622839904697475"/>
<connection id="46802" src-id="46670" dest-id="46795" weight="0.17742384613456785"/>
<connection id="46803" src-id="46671" dest-id="46795" weight="-5.077776663482964"/>
<connection id="46804" src-id="46672" dest-id="46795" weight="11.01160821400746"/>
<connection id="46805" src-id="46673" dest-id="46795" weight="2.551765590709481"/>
<connection id="46807" src-id="46675" dest-id="46795" weight="2.8415061893507225"/>
<connection id="46808" src-id="46676" dest-id="46795" weight="-0.14067900665656285"/>
<connection id="46809" src-id="46677" dest-id="46795" weight="-4.262850514039416"/>
<connection id="46810" src-id="46678" dest-id="46795" weight="-8.893863631379899"/>
<connection id="46811" src-id="46679" dest-id="46795" weight="-6.086137606362783"/>
<connection id="46812" src-id="46680" dest-id="46795" weight="-4.144590386396935"/>
<connection id="46813" src-id="46681" dest-id="46795" weight="-4.9735733612226"/>
<connection id="46814" src-id="46682" dest-id="46795" weight="-7.742500616340137"/>
<connection id="46815" src-id="46683" dest-id="46795" weight="-0.5796754665847859"/>
<connection id="46816" src-id="46684" dest-id="46795" weight="13.93016472430612"/>
<connection id="46817" src-id="46685" dest-id="46795" weight="4.393781463572102"/>
<connection id="46818" src-id="46686" dest-id="46795" weight="-0.6491834807274124"/>
<connection id="46819" src-id="46687" dest-id="46795" weight="0.5147940758757348"/>
<connection id="46820" src-id="46688" dest-id="46795" weight="-0.3931317560231816"/>
<connection id="46821" src-id="46689" dest-id="46795" weight="4.4795527661852494"/>
<connection id="46822" src-id="46690" dest-id="46795" weight="-4.246292518731205"/>
<connection id="46823" src-id="46691" dest-id="46795" weight="-8.05745625211932"/>
<connection id="46825" src-id="46693" dest-id="46795" weight="1.218107119908057"/>
<connection id="46826" src-id="46694" dest-id="46795" weight="-0.6682013114466281"/>
<connection id="46827" src-id="46695" dest-id="46795" weight="-7.583399624652428"/>
<connection id="46828" src-id="46696" dest-id="46795" weight="-10.486917052706707"/>
<connection id="46829" src-id="46697" dest-id="46795" weight="5.784651309740334"/>
<connection id="46830" src-id="46698" dest-id="46795" weight="-5.780844499132481"/>
<connection id="46831" src-id="46699" dest-id="46795" weight="3.554603943656577"/>
<connection id="46832" src-id="46700" dest-id="46795" weight="4.984201363440666"/>
<connection id="46833" src-id="46701" dest-id="46795" weight="9.57950555275407"/>
<connection id="46834" src-id="46702" dest-id="46795" weight="-7.861005811569192"/>
<connection id="46835" src-id="46703" dest-id="46795" weight="4.94050552630391"/>
<connection id="46836" src-id="46704" dest-id="46795" weight="-6.64472555040456"/>
<connection id="46837" src-id="46705" dest-id="46795" weight="-2.6822622784237717"/>
<connection id="46838" src-id="46795" dest-id="46706" weight="-3.028747445075218"/>
<neuron id="46883" type="hid" activation="sigmoid"/>
<connection id="46884" src-id="46664" dest-id="46883" weight="1.8810582138998373"/>
<connection id="46885" src-id="46665" dest-id="46883" weight="-3.4569810732336714"/>
<connection id="46886" src-id="46666" dest-id="46883" weight="-2.3919722071498994"/>
<connection id="46887" src-id="46667" dest-id="46883" weight="-9.604282562285418"/>
<connection id="46889" src-id="46669" dest-id="46883" weight="2.6252971148138764"/>
<connection id="46890" src-id="46670" dest-id="46883" weight="-2.4195359969470105"/>
<connection id="46891" src-id="46671" dest-id="46883" weight="-4.2577111476685765"/>
<connection id="46892" src-id="46672" dest-id="46883" weight="11.676315997558858"/>
<connection id="46893" src-id="46673" dest-id="46883" weight="2.9883104418784363"/>
<connection id="46894" src-id="46674" dest-id="46883" weight="-2.085136690168985"/>
<connection id="46895" src-id="46675" dest-id="46883" weight="-3.7388340974382417"/>
<connection id="46896" src-id="46676" dest-id="46883" weight="0.22493199822333576"/>
<connection id="46897" src-id="46677" dest-id="46883" weight="-15.117743707250936"/>
<connection id="46898" src-id="46678" dest-id="46883" weight="-5.9930196346906515"/>
<connection id="46899" src-id="46679" dest-id="46883" weight="-9.819304131372004"/>
<connection id="46900" src-id="46680" dest-id="46883" weight="-9.732718448294339"/>
<connection id="46901" src-id="46681" dest-id="46883" weight="1.6781956668890916"/>
<connection id="46902" src-id="46682" dest-id="46883" weight="2.032716434789424"/>
<connection id="46904" src-id="46684" dest-id="46883" weight="-5.973022291895669"/>
<connection id="46906" src-id="46686" dest-id="46883" weight="3.012770580562396"/>
<connection id="46908" src-id="46688" dest-id="46883" weight="2.0450529945247684"/>
<connection id="46909" src-id="46689" dest-id="46883" weight="9.595866036751755"/>
<connection id="46910" src-id="46690" dest-id="46883" weight="4.781657886007496"/>
<connection id="46911" src-id="46691" dest-id="46883" weight="3.055676042931878"/>
<connection id="46912" src-id="46692" dest-id="46883" weight="-8.697583533579781"/>
<connection id="46913" src-id="46693" dest-id="46883" weight="-4.18431250271567"/>
<connection id="46914" src-id="46694" dest-id="46883" weight="-4.265238685270051"/>
<connection id="46917" src-id="46697" dest-id="46883" weight="8.869777848379677"/>
<connection id="46918" src-id="46698" dest-id="46883" weight="6.998745617535405"/>
<connection id="46919" src-id="46699" dest-id="46883" weight="-2.8197840510012853"/>
<connection id="46920" src-id="46700" dest-id="46883" weight="7.754391047611333"/>
<connection id="46921" src-id="46701" dest-id="46883" weight="-2.207156027070608"/>
<connection id="46922" src-id="46702" dest-id="46883" weight="-4.146497658336605"/>
<connection id="46923" src-id="46703" dest-id="46883" weight="2.429754929947686"/>
<connection id="46924" src-id="46704" dest-id="46883" weight="-5.7236742684170085"/>
<connection id="46925" src-id="46705" dest-id="46883" weight="-11.94236120457002"/>
<connection id="46926" src-id="46883" dest-id="46706" weight="-13.772184897507104"/>
<connection id="47147" src-id="46674" dest-id="46706" weight="4.8603534151028995"/>
<connection id="47245" src-id="46700" dest-id="46706" weight="2.841286262390162"/>
<neuron id="47329" type="hid" activation="sigmoid"/>
<connection id="47330" src-id="46685" dest-id="47329" weight="4.3858778192143255"/>
<connection id="47331" src-id="47329" dest-id="46883" weight="3.852517891881116"/>
<connection id="47408" src-id="46696" dest-id="47329" weight="-6.7489487094770295"/>
<connection id="47611" src-id="46672" dest-id="46706" weight="11.40648024139345"/>
<neuron id="47649" type="hid" activation="sigmoid"/>
<connection id="47650" src-id="46703" dest-id="47649" weight="2.871577735836701"/>
<connection id="47651" src-id="47649" dest-id="46707" weight="-6.937001410912811"/>
<connection id="47876" src-id="46702" dest-id="46706" weight="-0.07341572569291037"/>
<neuron id="47926" type="hid" activation="sigmoid"/>
<connection id="47927" src-id="46674" dest-id="47926" weight="-0.9652018360269055"/>
<connection id="47928" src-id="47926" dest-id="46751" weight="9.997609610306025"/>
<connection id="48005" src-id="46686" dest-id="47329" weight="-6.414877329329122"/>
<connection id="48011" src-id="46687" dest-id="46706" weight="1.68362049827224"/>
<connection id="48012" src-id="46672" dest-id="47329" weight="-4.811948874141114"/>
<neuron id="48202" type="hid" activation="sigmoid"/>
<connection id="48203" src-id="46666" dest-id="48202" weight="-5.108830085969743"/>
<connection id="48204" src-id="48202" dest-id="46751" weight="4.10715801928751"/>
<neuron id="48205" type="hid" activation="sigmoid"/>
<connection id="48206" src-id="46678" dest-id="48205" weight="-1.4964117268149317"/>
<connection id="48207" src-id="48205" dest-id="46751" weight="3.923584007307186"/>
<connection id="48406" src-id="47329" dest-id="48202" weight="-1.1454263812907937"/>
<neuron id="48477" type="hid" activation="sigmoid"/>
<connection id="48478" src-id="46695" dest-id="48477" weight="-3.2185048087920296"/>
<connection id="48479" src-id="48477" dest-id="46883" weight="3.8665298272006106"/>
<connection id="48644" src-id="46682" dest-id="48202" weight="5.824853424107719"/>
<connection id="48650" src-id="48202" dest-id="48205" weight="4.216832172363306"/>
<connection id="48790" src-id="46694" dest-id="48205" weight="-3.6903351793203916"/>
<connection id="48794" src-id="46695" dest-id="48205" weight="-1.6062912062129602"/>
<neuron id="49134" type="hid" activation="sigmoid"/>
<connection id="49135" src-id="46699" dest-id="49134" weight="0.8454311669469192"/>
<connection id="49136" src-id="49134" dest-id="46707" weight="12.228803502193813"/>
<connection id="49749" src-id="46703" dest-id="48202" weight="-1.731566227515228"/>
<neuron id="49845" type="hid" activation="sigmoid"/>
<connection id="49846" src-id="46696" dest-id="49845" weight="3.809349591700201"/>
<connection id="49847" src-id="49845" dest-id="46883" weight="5.829625611040398"/>
</chromosome>