<chromosome id="56830" primary-parent-id="56584"><neuron id="52914" type="in" activation="linear"/>
<neuron id="52915" type="in" activation="linear"/>
<neuron id="52916" type="in" activation="linear"/>
<neuron id="52917" type="in" activation="linear"/>
<neuron id="52918" type="in" activation="linear"/>
<neuron id="52919" type="in" activation="linear"/>
<neuron id="52920" type="in" activation="linear"/>
<neuron id="52921" type="in" activation="linear"/>
<neuron id="52922" type="in" activation="linear"/>
<neuron id="52923" type="in" activation="linear"/>
<neuron id="52924" type="in" activation="linear"/>
<neuron id="52925" type="in" activation="linear"/>
<neuron id="52926" type="in" activation="linear"/>
<neuron id="52927" type="in" activation="linear"/>
<neuron id="52928" type="in" activation="linear"/>
<neuron id="52929" type="in" activation="linear"/>
<neuron id="52930" type="in" activation="linear"/>
<neuron id="52931" type="in" activation="linear"/>
<neuron id="52932" type="in" activation="linear"/>
<neuron id="52933" type="in" activation="linear"/>
<neuron id="52934" type="in" activation="linear"/>
<neuron id="52935" type="in" activation="linear"/>
<neuron id="52936" type="in" activation="linear"/>
<neuron id="52937" type="in" activation="linear"/>
<neuron id="52938" type="in" activation="linear"/>
<neuron id="52939" type="in" activation="linear"/>
<neuron id="52940" type="in" activation="linear"/>
<neuron id="52941" type="in" activation="linear"/>
<neuron id="52942" type="in" activation="linear"/>
<neuron id="52943" type="in" activation="linear"/>
<neuron id="52944" type="in" activation="linear"/>
<neuron id="52945" type="in" activation="linear"/>
<neuron id="52946" type="in" activation="linear"/>
<neuron id="52947" type="in" activation="linear"/>
<neuron id="52948" type="in" activation="linear"/>
<neuron id="52949" type="in" activation="linear"/>
<neuron id="52950" type="in" activation="linear"/>
<neuron id="52951" type="in" activation="linear"/>
<neuron id="52952" type="in" activation="linear"/>
<neuron id="52953" type="in" activation="linear"/>
<neuron id="52954" type="in" activation="linear"/>
<neuron id="52955" type="in" activation="linear"/>
<neuron id="52956" type="out" activation="linear"/>
<neuron id="52957" type="hid" activation="sigmoid"/>
<connection id="52958" src-id="52914" dest-id="52957" weight="4.799128036686865"/>
<connection id="52959" src-id="52915" dest-id="52957" weight="-5.556340027132082"/>
<connection id="52960" src-id="52916" dest-id="52957" weight="6.5843433019655775"/>
<connection id="52963" src-id="52919" dest-id="52957" weight="-8.003525339955392"/>
<connection id="52964" src-id="52920" dest-id="52957" weight="-5.424029463149576"/>
<connection id="52965" src-id="52921" dest-id="52957" weight="-11.052901039724489"/>
<connection id="52966" src-id="52922" dest-id="52957" weight="-3.171544214990633"/>
<connection id="52967" src-id="52923" dest-id="52957" weight="0.16363200827451108"/>
<connection id="52968" src-id="52924" dest-id="52957" weight="11.301251907462383"/>
<connection id="52969" src-id="52925" dest-id="52957" weight="0.35406741942572617"/>
<connection id="52970" src-id="52926" dest-id="52957" weight="6.685595595510353"/>
<connection id="52971" src-id="52927" dest-id="52957" weight="-4.0763292605401045"/>
<connection id="52972" src-id="52928" dest-id="52957" weight="-7.493344544715056"/>
<connection id="52973" src-id="52929" dest-id="52957" weight="-7.440171939276723"/>
<connection id="52974" src-id="52930" dest-id="52957" weight="3.3164516843338494"/>
<connection id="52976" src-id="52932" dest-id="52957" weight="3.2175051804140606"/>
<connection id="52978" src-id="52934" dest-id="52957" weight="-8.563390270732226"/>
<connection id="52979" src-id="52935" dest-id="52957" weight="-6.643338442404921"/>
<connection id="52980" src-id="52936" dest-id="52957" weight="1.189366869559879"/>
<connection id="52982" src-id="52938" dest-id="52957" weight="8.025587411749434"/>
<connection id="52983" src-id="52939" dest-id="52957" weight="-0.2982664642705757"/>
<connection id="52984" src-id="52940" dest-id="52957" weight="-0.37156026403251374"/>
<connection id="52985" src-id="52941" dest-id="52957" weight="-0.05956909895578508"/>
<connection id="52986" src-id="52942" dest-id="52957" weight="-6.969962551639484"/>
<connection id="52987" src-id="52943" dest-id="52957" weight="-3.872848235502486"/>
<connection id="52988" src-id="52944" dest-id="52957" weight="3.5415379109773246"/>
<connection id="52989" src-id="52945" dest-id="52957" weight="-5.790621236735519"/>
<connection id="52990" src-id="52946" dest-id="52957" weight="0.026256962298654596"/>
<connection id="52991" src-id="52947" dest-id="52957" weight="4.240469086554626"/>
<connection id="52992" src-id="52948" dest-id="52957" weight="-5.000917428192259"/>
<connection id="52993" src-id="52949" dest-id="52957" weight="-1.947516435739409"/>
<connection id="52994" src-id="52950" dest-id="52957" weight="-9.180298412089844"/>
<connection id="52995" src-id="52951" dest-id="52957" weight="-0.18128717678604056"/>
<connection id="52996" src-id="52952" dest-id="52957" weight="20.5655469960196"/>
<connection id="52997" src-id="52953" dest-id="52957" weight="13.463657493959454"/>
<connection id="52998" src-id="52954" dest-id="52957" weight="5.8929791542013605"/>
<connection id="52999" src-id="52955" dest-id="52957" weight="3.80561678928463"/>
<connection id="53000" src-id="52957" dest-id="52956" weight="10.374667084574998"/>
<neuron id="53001" type="hid" activation="sigmoid"/>
<connection id="53002" src-id="52914" dest-id="53001" weight="-6.5522006436172955"/>
<connection id="53003" src-id="52915" dest-id="53001" weight="3.013304205524869"/>
<connection id="53004" src-id="52916" dest-id="53001" weight="-2.378271738927034"/>
<connection id="53005" src-id="52917" dest-id="53001" weight="-0.9999459948415161"/>
<connection id="53006" src-id="52918" dest-id="53001" weight="-5.563065029746913"/>
<connection id="53007" src-id="52919" dest-id="53001" weight="-9.827671451610756"/>
<connection id="53010" src-id="52922" dest-id="53001" weight="-1.0543006298089852"/>
<connection id="53011" src-id="52923" dest-id="53001" weight="-6.670904869733384"/>
<connection id="53012" src-id="52924" dest-id="53001" weight="-5.445545609331097"/>
<connection id="53013" src-id="52925" dest-id="53001" weight="-17.249609137993126"/>
<connection id="53014" src-id="52926" dest-id="53001" weight="2.322811624282632"/>
<connection id="53015" src-id="52927" dest-id="53001" weight="1.6328578019533624"/>
<connection id="53016" src-id="52928" dest-id="53001" weight="-9.399447358342112"/>
<connection id="53017" src-id="52929" dest-id="53001" weight="-8.285672899756875"/>
<connection id="53018" src-id="52930" dest-id="53001" weight="1.60755962567216"/>
<connection id="53019" src-id="52931" dest-id="53001" weight="-7.880207326348948"/>
<connection id="53021" src-id="52933" dest-id="53001" weight="-18.41394356586465"/>
<connection id="53022" src-id="52934" dest-id="53001" weight="-8.880990352415841"/>
<connection id="53023" src-id="52935" dest-id="53001" weight="13.744750082910828"/>
<connection id="53025" src-id="52937" dest-id="53001" weight="-3.587242533692727"/>
<connection id="53026" src-id="52938" dest-id="53001" weight="-10.381723263819833"/>
<connection id="53027" src-id="52939" dest-id="53001" weight="-12.403636416326489"/>
<connection id="53028" src-id="52940" dest-id="53001" weight="3.8264852678297787"/>
<connection id="53029" src-id="52941" dest-id="53001" weight="-2.6881673416443403"/>
<connection id="53031" src-id="52943" dest-id="53001" weight="-3.058449631959702"/>
<connection id="53032" src-id="52944" dest-id="53001" weight="-5.663517463904411"/>
<connection id="53033" src-id="52945" dest-id="53001" weight="-8.539850754587006"/>
<connection id="53034" src-id="52946" dest-id="53001" weight="-7.453298637302401"/>
<connection id="53036" src-id="52948" dest-id="53001" weight="-8.21444441971582"/>
<connection id="53037" src-id="52949" dest-id="53001" weight="7.187427824383304"/>
<connection id="53038" src-id="52950" dest-id="53001" weight="-0.3538289875162226"/>
<connection id="53039" src-id="52951" dest-id="53001" weight="1.6814773222099848"/>
<connection id="53040" src-id="52952" dest-id="53001" weight="-1.5672705881312652"/>
<connection id="53041" src-id="52953" dest-id="53001" weight="-5.312953722890981"/>
<connection id="53042" src-id="52954" dest-id="53001" weight="3.564320449686701"/>
<connection id="53043" src-id="52955" dest-id="53001" weight="0.8856819351854175"/>
<connection id="53044" src-id="53001" dest-id="52956" weight="7.453616573232692"/>
<neuron id="53045" type="hid" activation="sigmoid"/>
<connection id="53046" src-id="52914" dest-id="53045" weight="-7.816089478927822"/>
<connection id="53049" src-id="52917" dest-id="53045" weight="-5.718419897463802"/>
<connection id="53050" src-id="52918" dest-id="53045" weight="-18.562539148623753"/>
<connection id="53051" src-id="52919" dest-id="53045" weight="-1.224618514833408"/>
<connection id="53052" src-id="52920" dest-id="53045" weight="-1.3740710665777807"/>
<connection id="53053" src-id="52921" dest-id="53045" weight="-4.540468249359419"/>
<connection id="53054" src-id="52922" dest-id="53045" weight="-14.629105726358986"/>
<connection id="53056" src-id="52924" dest-id="53045" weight="7.700744639858696"/>
<connection id="53058" src-id="52926" dest-id="53045" weight="1.4938059492752984"/>
<connection id="53059" src-id="52927" dest-id="53045" weight="9.598487231556852"/>
<connection id="53060" src-id="52928" dest-id="53045" weight="1.6620691240467274"/>
<connection id="53061" src-id="52929" dest-id="53045" weight="-17.107143173386508"/>
<connection id="53062" src-id="52930" dest-id="53045" weight="-9.562682882370165"/>
<connection id="53063" src-id="52931" dest-id="53045" weight="-5.422429937005051"/>
<connection id="53064" src-id="52932" dest-id="53045" weight="17.83423137192412"/>
<connection id="53065" src-id="52933" dest-id="53045" weight="-5.715421308804089"/>
<connection id="53066" src-id="52934" dest-id="53045" weight="13.588870812743213"/>
<connection id="53067" src-id="52935" dest-id="53045" weight="-11.753340443328337"/>
<connection id="53069" src-id="52937" dest-id="53045" weight="-5.4511741180781765"/>
<connection id="53070" src-id="52938" dest-id="53045" weight="-23.55897303327155"/>
<connection id="53071" src-id="52939" dest-id="53045" weight="-0.8166949873838831"/>
<connection id="53072" src-id="52940" dest-id="53045" weight="12.098217079763575"/>
<connection id="53073" src-id="52941" dest-id="53045" weight="-11.214513988642668"/>
<connection id="53074" src-id="52942" dest-id="53045" weight="-7.252820100710638"/>
<connection id="53075" src-id="52943" dest-id="53045" weight="-13.22267008785014"/>
<connection id="53076" src-id="52944" dest-id="53045" weight="-4.744640307776991"/>
<connection id="53078" src-id="52946" dest-id="53045" weight="5.4075034274827445"/>
<connection id="53079" src-id="52947" dest-id="53045" weight="5.311649799720814"/>
<connection id="53080" src-id="52948" dest-id="53045" weight="-0.013960247028249162"/>
<connection id="53081" src-id="52949" dest-id="53045" weight="-6.276929065456272"/>
<connection id="53082" src-id="52950" dest-id="53045" weight="8.400913787219906"/>
<connection id="53083" src-id="52951" dest-id="53045" weight="7.496879985347764"/>
<connection id="53084" src-id="52952" dest-id="53045" weight="10.547231565501805"/>
<connection id="53085" src-id="52953" dest-id="53045" weight="-0.34903862391323326"/>
<connection id="53086" src-id="52954" dest-id="53045" weight="-9.57777097026824"/>
<connection id="53087" src-id="52955" dest-id="53045" weight="0.9309564535259933"/>
<connection id="53088" src-id="53045" dest-id="52956" weight="4.9365789830025255"/>
<neuron id="53089" type="hid" activation="sigmoid"/>
<connection id="53090" src-id="52914" dest-id="53089" weight="2.013983859769577"/>
<connection id="53091" src-id="52915" dest-id="53089" weight="-5.373494723079159"/>
<connection id="53092" src-id="52916" dest-id="53089" weight="8.424986345032258"/>
<connection id="53093" src-id="52917" dest-id="53089" weight="3.8325724505880707"/>
<connection id="53094" src-id="52918" dest-id="53089" weight="12.262728761026086"/>
<connection id="53096" src-id="52920" dest-id="53089" weight="10.26199979392656"/>
<connection id="53097" src-id="52921" dest-id="53089" weight="6.184463487807301"/>
<connection id="53098" src-id="52922" dest-id="53089" weight="-7.696329471845562"/>
<connection id="53099" src-id="52923" dest-id="53089" weight="-2.8147673013132954"/>
<connection id="53100" src-id="52924" dest-id="53089" weight="-4.058247557051722"/>
<connection id="53101" src-id="52925" dest-id="53089" weight="2.6929210364416956"/>
<connection id="53102" src-id="52926" dest-id="53089" weight="11.608098347385567"/>
<connection id="53103" src-id="52927" dest-id="53089" weight="3.439876613741237"/>
<connection id="53104" src-id="52928" dest-id="53089" weight="-4.420951951146658"/>
<connection id="53105" src-id="52929" dest-id="53089" weight="-0.9746035271448819"/>
<connection id="53106" src-id="52930" dest-id="53089" weight="12.452767154901899"/>
<connection id="53107" src-id="52931" dest-id="53089" weight="-17.71219423370306"/>
<connection id="53108" src-id="52932" dest-id="53089" weight="-5.31087638968593"/>
<connection id="53109" src-id="52933" dest-id="53089" weight="-3.0106995808062216"/>
<connection id="53110" src-id="52934" dest-id="53089" weight="-3.611266732195974"/>
<connection id="53111" src-id="52935" dest-id="53089" weight="-0.6387015254345572"/>
<connection id="53112" src-id="52936" dest-id="53089" weight="3.0665893863080917"/>
<connection id="53113" src-id="52937" dest-id="53089" weight="6.956391133894369"/>
<connection id="53114" src-id="52938" dest-id="53089" weight="3.61828977819256"/>
<connection id="53115" src-id="52939" dest-id="53089" weight="-5.824483953419962"/>
<connection id="53116" src-id="52940" dest-id="53089" weight="7.424722816336399"/>
<connection id="53117" src-id="52941" dest-id="53089" weight="-3.8693039852711815"/>
<connection id="53118" src-id="52942" dest-id="53089" weight="-0.4442830597131493"/>
<connection id="53119" src-id="52943" dest-id="53089" weight="5.108604222047389"/>
<connection id="53120" src-id="52944" dest-id="53089" weight="2.0894221462007336"/>
<connection id="53121" src-id="52945" dest-id="53089" weight="-0.4622250294550243"/>
<connection id="53122" src-id="52946" dest-id="53089" weight="-7.123414339992832"/>
<connection id="53123" src-id="52947" dest-id="53089" weight="-1.9124311506788292"/>
<connection id="53124" src-id="52948" dest-id="53089" weight="5.240881993782288"/>
<connection id="53125" src-id="52949" dest-id="53089" weight="10.012216633419701"/>
<connection id="53126" src-id="52950" dest-id="53089" weight="-4.29353428115018"/>
<connection id="53127" src-id="52951" dest-id="53089" weight="13.821455537420883"/>
<connection id="53128" src-id="52952" dest-id="53089" weight="5.248932439026649"/>
<connection id="53129" src-id="52953" dest-id="53089" weight="4.93696324106236"/>
<connection id="53130" src-id="52954" dest-id="53089" weight="3.5389035367513233"/>
<connection id="53131" src-id="52955" dest-id="53089" weight="7.044062700131465"/>
<connection id="53132" src-id="53089" dest-id="52956" weight="0.7144412959175046"/>
<neuron id="53133" type="hid" activation="sigmoid"/>
<connection id="53134" src-id="52914" dest-id="53133" weight="0.08661959282846998"/>
<connection id="53135" src-id="52915" dest-id="53133" weight="-1.4008844432122578"/>
<connection id="53137" src-id="52917" dest-id="53133" weight="-2.2545789340828204"/>
<connection id="53138" src-id="52918" dest-id="53133" weight="0.15916593761175957"/>
<connection id="53139" src-id="52919" dest-id="53133" weight="0.204240869308975"/>
<connection id="53140" src-id="52920" dest-id="53133" weight="0.1739693956268371"/>
<connection id="53141" src-id="52921" dest-id="53133" weight="0.37848602570709655"/>
<connection id="53142" src-id="52922" dest-id="53133" weight="1.9074752891572202"/>
<connection id="53144" src-id="52924" dest-id="53133" weight="-0.11950114445328769"/>
<connection id="53145" src-id="52925" dest-id="53133" weight="3.3535007366019958"/>
<connection id="53146" src-id="52926" dest-id="53133" weight="-9.109053041998788"/>
<connection id="53147" src-id="52927" dest-id="53133" weight="-1.3979412215947615"/>
<connection id="53148" src-id="52928" dest-id="53133" weight="3.1457901847826197"/>
<connection id="53149" src-id="52929" dest-id="53133" weight="-4.100411811349301"/>
<connection id="53150" src-id="52930" dest-id="53133" weight="-7.065932290962586"/>
<connection id="53151" src-id="52931" dest-id="53133" weight="-5.759737027728499"/>
<connection id="53152" src-id="52932" dest-id="53133" weight="-9.418817093692663"/>
<connection id="53153" src-id="52933" dest-id="53133" weight="-0.11154520599981173"/>
<connection id="53154" src-id="52934" dest-id="53133" weight="2.859238867291586"/>
<connection id="53155" src-id="52935" dest-id="53133" weight="-4.763121888742201"/>
<connection id="53156" src-id="52936" dest-id="53133" weight="14.664857106770045"/>
<connection id="53157" src-id="52937" dest-id="53133" weight="9.013126319541598"/>
<connection id="53158" src-id="52938" dest-id="53133" weight="0.3720069574808287"/>
<connection id="53159" src-id="52939" dest-id="53133" weight="1.0022277989544808"/>
<connection id="53160" src-id="52940" dest-id="53133" weight="-1.1231882104676034"/>
<connection id="53161" src-id="52941" dest-id="53133" weight="3.969865415143222"/>
<connection id="53162" src-id="52942" dest-id="53133" weight="-3.2377003948790404"/>
<connection id="53163" src-id="52943" dest-id="53133" weight="-10.829964873396259"/>
<connection id="53164" src-id="52944" dest-id="53133" weight="-2.9738356840239697"/>
<connection id="53167" src-id="52947" dest-id="53133" weight="3.3225128651931968"/>
<connection id="53168" src-id="52948" dest-id="53133" weight="2.371238888017542"/>
<connection id="53169" src-id="52949" dest-id="53133" weight="-2.567980515972649"/>
<connection id="53170" src-id="52950" dest-id="53133" weight="2.0082325333456996"/>
<connection id="53172" src-id="52952" dest-id="53133" weight="6.742850339340689"/>
<connection id="53173" src-id="52953" dest-id="53133" weight="-9.639353892691542"/>
<connection id="53174" src-id="52954" dest-id="53133" weight="-17.81173339630778"/>
<connection id="53175" src-id="52955" dest-id="53133" weight="-5.710750789459178"/>
<connection id="53176" src-id="53133" dest-id="52956" weight="8.657331624142055"/>
<connection id="53261" src-id="53089" dest-id="52957" weight="-7.33006295910277"/>
<connection id="53262" src-id="52945" dest-id="52956" weight="12.339135290839193"/>
<neuron id="53512" type="hid" activation="sigmoid"/>
<connection id="53513" src-id="52946" dest-id="53512" weight="4.541143380958115"/>
<connection id="53514" src-id="53512" dest-id="53133" weight="10.153886214865956"/>
<connection id="53670" src-id="52923" dest-id="52956" weight="13.416969096734626"/>
<neuron id="53857" type="hid" activation="sigmoid"/>
<connection id="53858" src-id="52932" dest-id="53857" weight="-6.1912058548933615"/>
<connection id="53859" src-id="53857" dest-id="53001" weight="0.17990058517762408"/>
<neuron id="53869" type="hid" activation="sigmoid"/>
<connection id="53870" src-id="52931" dest-id="53869" weight="2.160279811098631"/>
<connection id="53871" src-id="53869" dest-id="52957" weight="-3.5214958991709095"/>
<connection id="53933" src-id="52934" dest-id="52956" weight="6.033784898110819"/>
<connection id="54061" src-id="52916" dest-id="52956" weight="5.709965394757161"/>
<neuron id="54641" type="hid" activation="sigmoid"/>
<connection id="54642" src-id="52919" dest-id="54641" weight="-13.673781137535983"/>
<neuron id="54644" type="hid" activation="sigmoid"/>
<connection id="54645" src-id="52933" dest-id="54644" weight="-3.2267537200598744"/>
<connection id="54646" src-id="54644" dest-id="52957" weight="6.073642522238964"/>
<connection id="54771" src-id="53089" dest-id="53045" weight="-1.7833188040772023"/>
<neuron id="54885" type="hid" activation="sigmoid"/>
<connection id="54886" src-id="52927" dest-id="54885" weight="3.2155535917267133"/>
<connection id="54887" src-id="54885" dest-id="53001" weight="3.4024826075194805"/>
<connection id="55065" src-id="52941" dest-id="53857" weight="7.613690512687798"/>
<connection id="55071" src-id="52918" dest-id="52956" weight="0.3377061905814951"/>
<connection id="55424" src-id="52952" dest-id="54644" weight="11.609866187946785"/>
<connection id="55610" src-id="52937" dest-id="54641" weight="-1.1860127888157868"/>
<connection id="55613" src-id="53001" dest-id="53133" weight="-6.052459739166338"/>
<neuron id="55667" type="hid" activation="sigmoid"/>
<connection id="55668" src-id="52918" dest-id="55667" weight="0.47485828443753497"/>
<connection id="55669" src-id="55667" dest-id="52957" weight="-4.0613707223680935"/>
<connection id="55795" src-id="52935" dest-id="54885" weight="4.055510153839629"/>
<connection id="55860" src-id="54641" dest-id="52956" weight="1.4333944499430689"/>
<connection id="55888" src-id="52937" dest-id="54885" weight="-3.5546412155913547"/>
<neuron id="55969" type="hid" activation="sigmoid"/>
<connection id="55971" src-id="55969" dest-id="53045" weight="3.0301510822859097"/>
<connection id="56069" src-id="52921" dest-id="52956" weight="1.8663041123702218"/>
<connection id="56344" src-id="52934" dest-id="54644" weight="0.302708429265131"/>
<connection id="56422" src-id="52928" dest-id="54641" weight="0.9214732436313287"/>
<connection id="56423" src-id="52953" dest-id="54641" weight="3.5614746824086154"/>
<neuron id="56474" type="hid" activation="sigmoid"/>
<connection id="56475" src-id="52920" dest-id="56474" weight="0.13388682648363015"/>
<connection id="56476" src-id="56474" dest-id="53001" weight="-4.116720768545214"/>
<connection id="56555" src-id="53857" dest-id="55969" weight="-2.3797146622837797"/>
<connection id="56559" src-id="54885" dest-id="52956" weight="1.1883430832033917"/>
<neuron id="56575" type="hid" activation="sigmoid"/>
<connection id="56576" src-id="54641" dest-id="56575" weight="-3.0895944174419983"/>
<connection id="56577" src-id="56575" dest-id="53089" weight="-14.996769606103214"/>
<neuron id="56578" type="hid" activation="sigmoid"/>
<connection id="56579" src-id="52937" dest-id="56578" weight="1.0"/>
<connection id="56580" src-id="56578" dest-id="52957" weight="-0.6575042110318237"/>
<connection id="56767" src-id="53869" dest-id="53512" weight="-2.1116077125598487"/>
<connection id="56768" src-id="52914" dest-id="56575" weight="-1.8630156988066862"/>
<connection id="56769" src-id="54644" dest-id="53869" weight="3.3127000397082194"/>
<connection id="56772" src-id="52925" dest-id="56474" weight="0.08602607250213623"/>
</chromosome>