<chromosome id="51156" primary-parent-id="50791"><neuron id="46664" type="in" activation="linear"/>
<neuron id="46665" type="in" activation="linear"/>
<neuron id="46666" type="in" activation="linear"/>
<neuron id="46667" type="in" activation="linear"/>
<neuron id="46668" type="in" activation="linear"/>
<neuron id="46669" type="in" activation="linear"/>
<neuron id="46670" type="in" activation="linear"/>
<neuron id="46671" type="in" activation="linear"/>
<neuron id="46672" type="in" activation="linear"/>
<neuron id="46673" type="in" activation="linear"/>
<neuron id="46674" type="in" activation="linear"/>
<neuron id="46675" type="in" activation="linear"/>
<neuron id="46676" type="in" activation="linear"/>
<neuron id="46677" type="in" activation="linear"/>
<neuron id="46678" type="in" activation="linear"/>
<neuron id="46679" type="in" activation="linear"/>
<neuron id="46680" type="in" activation="linear"/>
<neuron id="46681" type="in" activation="linear"/>
<neuron id="46682" type="in" activation="linear"/>
<neuron id="46683" type="in" activation="linear"/>
<neuron id="46684" type="in" activation="linear"/>
<neuron id="46685" type="in" activation="linear"/>
<neuron id="46686" type="in" activation="linear"/>
<neuron id="46687" type="in" activation="linear"/>
<neuron id="46688" type="in" activation="linear"/>
<neuron id="46689" type="in" activation="linear"/>
<neuron id="46690" type="in" activation="linear"/>
<neuron id="46691" type="in" activation="linear"/>
<neuron id="46692" type="in" activation="linear"/>
<neuron id="46693" type="in" activation="linear"/>
<neuron id="46694" type="in" activation="linear"/>
<neuron id="46695" type="in" activation="linear"/>
<neuron id="46696" type="in" activation="linear"/>
<neuron id="46697" type="in" activation="linear"/>
<neuron id="46698" type="in" activation="linear"/>
<neuron id="46699" type="in" activation="linear"/>
<neuron id="46700" type="in" activation="linear"/>
<neuron id="46701" type="in" activation="linear"/>
<neuron id="46702" type="in" activation="linear"/>
<neuron id="46703" type="in" activation="linear"/>
<neuron id="46704" type="in" activation="linear"/>
<neuron id="46705" type="in" activation="linear"/>
<neuron id="46706" type="out" activation="linear"/>
<neuron id="46707" type="hid" activation="sigmoid"/>
<connection id="46708" src-id="46664" dest-id="46707" weight="-4.053160805441564"/>
<connection id="46709" src-id="46665" dest-id="46707" weight="6.187732964192481"/>
<connection id="46710" src-id="46666" dest-id="46707" weight="5.616366335452541"/>
<connection id="46711" src-id="46667" dest-id="46707" weight="3.4444062825969954"/>
<connection id="46712" src-id="46668" dest-id="46707" weight="0.44643823944143257"/>
<connection id="46713" src-id="46669" dest-id="46707" weight="-1.596317654207004"/>
<connection id="46714" src-id="46670" dest-id="46707" weight="2.2695610994860362"/>
<connection id="46715" src-id="46671" dest-id="46707" weight="4.84965888097237"/>
<connection id="46716" src-id="46672" dest-id="46707" weight="4.554011713284759"/>
<connection id="46717" src-id="46673" dest-id="46707" weight="0.8716276286054476"/>
<connection id="46719" src-id="46675" dest-id="46707" weight="-7.3901763199578845"/>
<connection id="46720" src-id="46676" dest-id="46707" weight="-5.037720982955111"/>
<connection id="46721" src-id="46677" dest-id="46707" weight="-6.231103499107905"/>
<connection id="46722" src-id="46678" dest-id="46707" weight="7.410850849820433"/>
<connection id="46723" src-id="46679" dest-id="46707" weight="13.887451559422228"/>
<connection id="46724" src-id="46680" dest-id="46707" weight="9.79347289970271"/>
<connection id="46725" src-id="46681" dest-id="46707" weight="-9.493093386391394"/>
<connection id="46727" src-id="46683" dest-id="46707" weight="-4.895412522742488"/>
<connection id="46728" src-id="46684" dest-id="46707" weight="-10.229657982240111"/>
<connection id="46730" src-id="46686" dest-id="46707" weight="1.5235101064596859"/>
<connection id="46731" src-id="46687" dest-id="46707" weight="-4.779916183140593"/>
<connection id="46732" src-id="46688" dest-id="46707" weight="0.6634911321856864"/>
<connection id="46734" src-id="46690" dest-id="46707" weight="3.3990220415148578"/>
<connection id="46736" src-id="46692" dest-id="46707" weight="7.351832585608651"/>
<connection id="46737" src-id="46693" dest-id="46707" weight="11.071314166389945"/>
<connection id="46738" src-id="46694" dest-id="46707" weight="12.550776266084345"/>
<connection id="46739" src-id="46695" dest-id="46707" weight="-0.5404219533766872"/>
<connection id="46740" src-id="46696" dest-id="46707" weight="-0.9743147113816333"/>
<connection id="46741" src-id="46697" dest-id="46707" weight="0.6302882481157529"/>
<connection id="46742" src-id="46698" dest-id="46707" weight="-1.8425788222755872"/>
<connection id="46744" src-id="46700" dest-id="46707" weight="-1.1625200634543296"/>
<connection id="46745" src-id="46701" dest-id="46707" weight="2.5606666237516182"/>
<connection id="46746" src-id="46702" dest-id="46707" weight="9.287873092875007"/>
<connection id="46748" src-id="46704" dest-id="46707" weight="8.313006409871415"/>
<connection id="46749" src-id="46705" dest-id="46707" weight="-3.572646073337999"/>
<connection id="46750" src-id="46707" dest-id="46706" weight="1.3317196142909924"/>
<neuron id="46751" type="hid" activation="sigmoid"/>
<connection id="46752" src-id="46664" dest-id="46751" weight="-3.0679944789762454"/>
<connection id="46753" src-id="46665" dest-id="46751" weight="-5.0441925217368535"/>
<connection id="46755" src-id="46667" dest-id="46751" weight="7.803365019914436"/>
<connection id="46756" src-id="46668" dest-id="46751" weight="5.562399624531313"/>
<connection id="46758" src-id="46670" dest-id="46751" weight="-1.151864179859535"/>
<connection id="46759" src-id="46671" dest-id="46751" weight="-16.699250219076617"/>
<connection id="46760" src-id="46672" dest-id="46751" weight="2.9822175330955742"/>
<connection id="46761" src-id="46673" dest-id="46751" weight="3.575802494616994"/>
<connection id="46763" src-id="46675" dest-id="46751" weight="-15.652519842247717"/>
<connection id="46764" src-id="46676" dest-id="46751" weight="1.6437353694843964"/>
<connection id="46765" src-id="46677" dest-id="46751" weight="0.8060779671951628"/>
<connection id="46766" src-id="46678" dest-id="46751" weight="-0.9338164329528809"/>
<connection id="46767" src-id="46679" dest-id="46751" weight="11.063604373183082"/>
<connection id="46770" src-id="46682" dest-id="46751" weight="5.646569283779625"/>
<connection id="46771" src-id="46683" dest-id="46751" weight="-0.1711597543037254"/>
<connection id="46772" src-id="46684" dest-id="46751" weight="2.8409753934029456"/>
<connection id="46773" src-id="46685" dest-id="46751" weight="-3.1329290959929117"/>
<connection id="46774" src-id="46686" dest-id="46751" weight="-10.461023318810518"/>
<connection id="46775" src-id="46687" dest-id="46751" weight="10.269914570079788"/>
<connection id="46776" src-id="46688" dest-id="46751" weight="-6.760555298688091"/>
<connection id="46777" src-id="46689" dest-id="46751" weight="0.18728843070213602"/>
<connection id="46778" src-id="46690" dest-id="46751" weight="6.9407531386168575"/>
<connection id="46779" src-id="46691" dest-id="46751" weight="1.0805590442680229"/>
<connection id="46780" src-id="46692" dest-id="46751" weight="-0.121903708468446"/>
<connection id="46781" src-id="46693" dest-id="46751" weight="-9.815569468237543"/>
<connection id="46782" src-id="46694" dest-id="46751" weight="4.833182809663262"/>
<connection id="46783" src-id="46695" dest-id="46751" weight="10.928174290812768"/>
<connection id="46786" src-id="46698" dest-id="46751" weight="6.460846611676364"/>
<connection id="46787" src-id="46699" dest-id="46751" weight="0.3012908503514643"/>
<connection id="46788" src-id="46700" dest-id="46751" weight="2.0800052992403426"/>
<connection id="46789" src-id="46701" dest-id="46751" weight="-6.136981727147675"/>
<connection id="46790" src-id="46702" dest-id="46751" weight="5.611886123661245"/>
<connection id="46792" src-id="46704" dest-id="46751" weight="6.341587245552816"/>
<connection id="46794" src-id="46751" dest-id="46706" weight="0.6717289844218064"/>
<neuron id="46795" type="hid" activation="sigmoid"/>
<connection id="46796" src-id="46664" dest-id="46795" weight="-1.7705625190755439"/>
<connection id="46797" src-id="46665" dest-id="46795" weight="-12.870854839659675"/>
<connection id="46798" src-id="46666" dest-id="46795" weight="4.80049250088512"/>
<connection id="46799" src-id="46667" dest-id="46795" weight="-0.23947079950839367"/>
<connection id="46800" src-id="46668" dest-id="46795" weight="-8.278627560122377"/>
<connection id="46801" src-id="46669" dest-id="46795" weight="11.441510980135048"/>
<connection id="46803" src-id="46671" dest-id="46795" weight="-3.8385871324125627"/>
<connection id="46804" src-id="46672" dest-id="46795" weight="6.217111407757775"/>
<connection id="46805" src-id="46673" dest-id="46795" weight="-6.0939456092726605"/>
<connection id="46807" src-id="46675" dest-id="46795" weight="13.264778680812356"/>
<connection id="46808" src-id="46676" dest-id="46795" weight="1.5954234141831236"/>
<connection id="46809" src-id="46677" dest-id="46795" weight="-3.3537442126662924"/>
<connection id="46810" src-id="46678" dest-id="46795" weight="-0.35456619332894923"/>
<connection id="46812" src-id="46680" dest-id="46795" weight="-7.0675963218047055"/>
<connection id="46813" src-id="46681" dest-id="46795" weight="2.6602726855456784"/>
<connection id="46814" src-id="46682" dest-id="46795" weight="-4.954699584055525"/>
<connection id="46815" src-id="46683" dest-id="46795" weight="-6.324168224352"/>
<connection id="46816" src-id="46684" dest-id="46795" weight="15.12071637461228"/>
<connection id="46817" src-id="46685" dest-id="46795" weight="-1.9860508291929007"/>
<connection id="46818" src-id="46686" dest-id="46795" weight="-11.056931955534711"/>
<connection id="46819" src-id="46687" dest-id="46795" weight="2.2089314365294577"/>
<connection id="46820" src-id="46688" dest-id="46795" weight="-2.7349512776342353"/>
<connection id="46821" src-id="46689" dest-id="46795" weight="0.8088755200330542"/>
<connection id="46822" src-id="46690" dest-id="46795" weight="-5.874646290664211"/>
<connection id="46823" src-id="46691" dest-id="46795" weight="-6.290047600614233"/>
<connection id="46825" src-id="46693" dest-id="46795" weight="-5.510146952497079"/>
<connection id="46826" src-id="46694" dest-id="46795" weight="-1.135661042413095"/>
<connection id="46827" src-id="46695" dest-id="46795" weight="-9.311835934811182"/>
<connection id="46828" src-id="46696" dest-id="46795" weight="-10.444982863049203"/>
<connection id="46829" src-id="46697" dest-id="46795" weight="-2.985230156243289"/>
<connection id="46830" src-id="46698" dest-id="46795" weight="-9.719158704488379"/>
<connection id="46831" src-id="46699" dest-id="46795" weight="11.27477568328004"/>
<connection id="46833" src-id="46701" dest-id="46795" weight="9.157027441610293"/>
<connection id="46834" src-id="46702" dest-id="46795" weight="-10.275148264836847"/>
<connection id="46835" src-id="46703" dest-id="46795" weight="9.101879227421772"/>
<connection id="46836" src-id="46704" dest-id="46795" weight="-7.20527162216471"/>
<connection id="46838" src-id="46795" dest-id="46706" weight="-4.342628824392934"/>
<neuron id="46883" type="hid" activation="sigmoid"/>
<connection id="46884" src-id="46664" dest-id="46883" weight="-1.4213230081452042"/>
<connection id="46885" src-id="46665" dest-id="46883" weight="2.6887588541912946"/>
<connection id="46886" src-id="46666" dest-id="46883" weight="2.351345704746082"/>
<connection id="46887" src-id="46667" dest-id="46883" weight="-13.523550291052953"/>
<connection id="46889" src-id="46669" dest-id="46883" weight="-4.1424526802226085"/>
<connection id="46890" src-id="46670" dest-id="46883" weight="-7.019486165943787"/>
<connection id="46891" src-id="46671" dest-id="46883" weight="-2.5823968195820486"/>
<connection id="46892" src-id="46672" dest-id="46883" weight="16.765364564933957"/>
<connection id="46893" src-id="46673" dest-id="46883" weight="3.8139887617502795"/>
<connection id="46894" src-id="46674" dest-id="46883" weight="-9.966688698535817"/>
<connection id="46895" src-id="46675" dest-id="46883" weight="-9.74093057328381"/>
<connection id="46896" src-id="46676" dest-id="46883" weight="-0.33503581408364846"/>
<connection id="46897" src-id="46677" dest-id="46883" weight="-10.841089731672792"/>
<connection id="46898" src-id="46678" dest-id="46883" weight="-5.934344160503025"/>
<connection id="46899" src-id="46679" dest-id="46883" weight="-8.574677094032552"/>
<connection id="46900" src-id="46680" dest-id="46883" weight="-9.140236070388278"/>
<connection id="46901" src-id="46681" dest-id="46883" weight="-2.2868756350039043"/>
<connection id="46902" src-id="46682" dest-id="46883" weight="3.4105569004217893"/>
<connection id="46904" src-id="46684" dest-id="46883" weight="-11.70594826693686"/>
<connection id="46906" src-id="46686" dest-id="46883" weight="-3.2650221364995295"/>
<connection id="46908" src-id="46688" dest-id="46883" weight="-8.487469425010268"/>
<connection id="46909" src-id="46689" dest-id="46883" weight="6.349041938728348"/>
<connection id="46910" src-id="46690" dest-id="46883" weight="0.6893389773510981"/>
<connection id="46911" src-id="46691" dest-id="46883" weight="4.253992004075432"/>
<connection id="46912" src-id="46692" dest-id="46883" weight="-11.790726273506777"/>
<connection id="46913" src-id="46693" dest-id="46883" weight="-16.607288022899496"/>
<connection id="46914" src-id="46694" dest-id="46883" weight="-9.784305213984625"/>
<connection id="46917" src-id="46697" dest-id="46883" weight="18.032434222481832"/>
<connection id="46918" src-id="46698" dest-id="46883" weight="1.9643615371208023"/>
<connection id="46919" src-id="46699" dest-id="46883" weight="-2.0059944658195734"/>
<connection id="46920" src-id="46700" dest-id="46883" weight="-1.8420438260092222"/>
<connection id="46921" src-id="46701" dest-id="46883" weight="0.9102491346910724"/>
<connection id="46922" src-id="46702" dest-id="46883" weight="-8.14320822391291"/>
<connection id="46923" src-id="46703" dest-id="46883" weight="-1.4036708507698743"/>
<connection id="46924" src-id="46704" dest-id="46883" weight="-10.955844580476745"/>
<connection id="46925" src-id="46705" dest-id="46883" weight="-10.885785159589467"/>
<connection id="46926" src-id="46883" dest-id="46706" weight="-10.95806530715817"/>
<connection id="47147" src-id="46674" dest-id="46706" weight="1.610401160950609"/>
<connection id="47165" src-id="46701" dest-id="46706" weight="-4.739817333506606"/>
<connection id="47245" src-id="46700" dest-id="46706" weight="3.615182129599024"/>
<neuron id="47329" type="hid" activation="sigmoid"/>
<connection id="47330" src-id="46685" dest-id="47329" weight="-0.36689272698367104"/>
<connection id="47408" src-id="46696" dest-id="47329" weight="-6.41085829394881"/>
<connection id="47611" src-id="46672" dest-id="46706" weight="1.5135654706710087"/>
<neuron id="47643" type="hid" activation="sigmoid"/>
<connection id="47644" src-id="46700" dest-id="47643" weight="-4.933100060973951"/>
<connection id="47645" src-id="47643" dest-id="46795" weight="8.269320412362864"/>
<neuron id="47649" type="hid" activation="sigmoid"/>
<connection id="47650" src-id="46703" dest-id="47649" weight="5.12507086549545"/>
<connection id="47651" src-id="47649" dest-id="46707" weight="-4.51713860468798"/>
<connection id="47876" src-id="46702" dest-id="46706" weight="5.02854787292072"/>
<neuron id="47926" type="hid" activation="sigmoid"/>
<connection id="47927" src-id="46674" dest-id="47926" weight="-8.18632469001345"/>
<connection id="47928" src-id="47926" dest-id="46751" weight="13.470628973639933"/>
<connection id="48005" src-id="46686" dest-id="47329" weight="-4.631733633122778"/>
<connection id="48011" src-id="46687" dest-id="46706" weight="3.883775368689578"/>
<connection id="48012" src-id="46672" dest-id="47329" weight="-7.8603004259629135"/>
<neuron id="48202" type="hid" activation="sigmoid"/>
<connection id="48203" src-id="46666" dest-id="48202" weight="-6.773438131679472"/>
<connection id="48204" src-id="48202" dest-id="46751" weight="9.022611803460427"/>
<neuron id="48205" type="hid" activation="sigmoid"/>
<connection id="48206" src-id="46678" dest-id="48205" weight="-3.5820612552555255"/>
<connection id="48207" src-id="48205" dest-id="46751" weight="0.4861476048944402"/>
<connection id="48406" src-id="47329" dest-id="48202" weight="-0.8930188491920601"/>
<neuron id="48477" type="hid" activation="sigmoid"/>
<connection id="48478" src-id="46695" dest-id="48477" weight="-5.178593523547423"/>
<connection id="48479" src-id="48477" dest-id="46883" weight="2.0814179150564796"/>
<connection id="48644" src-id="46682" dest-id="48202" weight="7.963057218799273"/>
<connection id="48650" src-id="48202" dest-id="48205" weight="2.0810979777413405"/>
<connection id="48749" src-id="46681" dest-id="46706" weight="4.52597746519937"/>
<connection id="48790" src-id="46694" dest-id="48205" weight="-5.967780598711852"/>
<connection id="48909" src-id="48477" dest-id="46707" weight="0.9575639354728736"/>
<neuron id="49134" type="hid" activation="sigmoid"/>
<connection id="49135" src-id="46699" dest-id="49134" weight="10.47624612726427"/>
<connection id="49136" src-id="49134" dest-id="46707" weight="13.93379233484667"/>
<connection id="49504" src-id="46669" dest-id="48205" weight="3.7281988408707187"/>
<connection id="49625" src-id="46676" dest-id="48202" weight="-2.320442123781818"/>
<neuron id="49688" type="hid" activation="sigmoid"/>
<connection id="49689" src-id="46670" dest-id="49688" weight="0.8382597868108927"/>
<connection id="49690" src-id="49688" dest-id="46795" weight="1.9770927849275783"/>
<neuron id="49691" type="hid" activation="sigmoid"/>
<connection id="49692" src-id="46695" dest-id="49691" weight="-0.6242630554242705"/>
<connection id="49693" src-id="49691" dest-id="48205" weight="2.567436402075286"/>
<connection id="49724" src-id="46693" dest-id="48477" weight="-5.395930030452142"/>
<connection id="49749" src-id="46703" dest-id="48202" weight="0.3800577272706883"/>
<neuron id="49845" type="hid" activation="sigmoid"/>
<connection id="49846" src-id="46696" dest-id="49845" weight="3.984206159843825"/>
<connection id="49847" src-id="49845" dest-id="46883" weight="11.429883433204338"/>
<connection id="49928" src-id="47329" dest-id="48477" weight="-4.334780128870019"/>
<connection id="49958" src-id="46677" dest-id="48202" weight="-5.316619796159291"/>
<connection id="49961" src-id="49134" dest-id="48477" weight="5.637417713334739"/>
<connection id="49963" src-id="46705" dest-id="48202" weight="6.09288192687554"/>
<neuron id="50020" type="hid" activation="sigmoid"/>
<connection id="50021" src-id="46679" dest-id="50020" weight="4.23534599288004"/>
<connection id="50022" src-id="50020" dest-id="46795" weight="1.356776878920937"/>
<connection id="50065" src-id="46751" dest-id="49845" weight="-0.44674804255484113"/>
<connection id="50242" src-id="46751" dest-id="49134" weight="-2.9600996883464834"/>
<connection id="50316" src-id="49691" dest-id="50020" weight="-1.1694365353630454"/>
<connection id="50457" src-id="46698" dest-id="48477" weight="-8.288586099875259"/>
<connection id="50461" src-id="46674" dest-id="48202" weight="-2.0490956384331342"/>
<neuron id="50577" type="hid" activation="sigmoid"/>
<connection id="50578" src-id="47329" dest-id="50577" weight="4.192865362630506"/>
<connection id="50579" src-id="50577" dest-id="46883" weight="0.7221357384937634"/>
<neuron id="50580" type="hid" activation="sigmoid"/>
<connection id="50581" src-id="46705" dest-id="50580" weight="-5.1000748439670325"/>
<connection id="50582" src-id="50580" dest-id="46751" weight="1.5472729046511724"/>
<connection id="50603" src-id="46671" dest-id="50580" weight="0.44005247647996026"/>
<connection id="50606" src-id="48477" dest-id="50577" weight="0.07041390265850977"/>
<connection id="50647" src-id="46676" dest-id="48477" weight="-1.9175938078245487"/>
<connection id="51052" src-id="46670" dest-id="47643" weight="1.7252726112643835"/>
<connection id="51057" src-id="46691" dest-id="48205" weight="2.825674232627025"/>
</chromosome>