<chromosome id="48494" primary-parent-id="48248"><neuron id="46664" type="in" activation="linear"/>
<neuron id="46665" type="in" activation="linear"/>
<neuron id="46666" type="in" activation="linear"/>
<neuron id="46667" type="in" activation="linear"/>
<neuron id="46668" type="in" activation="linear"/>
<neuron id="46669" type="in" activation="linear"/>
<neuron id="46670" type="in" activation="linear"/>
<neuron id="46671" type="in" activation="linear"/>
<neuron id="46672" type="in" activation="linear"/>
<neuron id="46673" type="in" activation="linear"/>
<neuron id="46674" type="in" activation="linear"/>
<neuron id="46675" type="in" activation="linear"/>
<neuron id="46676" type="in" activation="linear"/>
<neuron id="46677" type="in" activation="linear"/>
<neuron id="46678" type="in" activation="linear"/>
<neuron id="46679" type="in" activation="linear"/>
<neuron id="46680" type="in" activation="linear"/>
<neuron id="46681" type="in" activation="linear"/>
<neuron id="46682" type="in" activation="linear"/>
<neuron id="46683" type="in" activation="linear"/>
<neuron id="46684" type="in" activation="linear"/>
<neuron id="46685" type="in" activation="linear"/>
<neuron id="46686" type="in" activation="linear"/>
<neuron id="46687" type="in" activation="linear"/>
<neuron id="46688" type="in" activation="linear"/>
<neuron id="46689" type="in" activation="linear"/>
<neuron id="46690" type="in" activation="linear"/>
<neuron id="46691" type="in" activation="linear"/>
<neuron id="46692" type="in" activation="linear"/>
<neuron id="46693" type="in" activation="linear"/>
<neuron id="46694" type="in" activation="linear"/>
<neuron id="46695" type="in" activation="linear"/>
<neuron id="46696" type="in" activation="linear"/>
<neuron id="46697" type="in" activation="linear"/>
<neuron id="46698" type="in" activation="linear"/>
<neuron id="46699" type="in" activation="linear"/>
<neuron id="46700" type="in" activation="linear"/>
<neuron id="46701" type="in" activation="linear"/>
<neuron id="46702" type="in" activation="linear"/>
<neuron id="46703" type="in" activation="linear"/>
<neuron id="46704" type="in" activation="linear"/>
<neuron id="46705" type="in" activation="linear"/>
<neuron id="46706" type="out" activation="linear"/>
<neuron id="46707" type="hid" activation="sigmoid"/>
<connection id="46708" src-id="46664" dest-id="46707" weight="-3.793484611043607"/>
<connection id="46709" src-id="46665" dest-id="46707" weight="3.363114526504634"/>
<connection id="46710" src-id="46666" dest-id="46707" weight="0.5635770259337451"/>
<connection id="46711" src-id="46667" dest-id="46707" weight="1.1060781974430496"/>
<connection id="46712" src-id="46668" dest-id="46707" weight="1.0928247277151886"/>
<connection id="46713" src-id="46669" dest-id="46707" weight="-7.161177330579928"/>
<connection id="46714" src-id="46670" dest-id="46707" weight="0.8517862911388261"/>
<connection id="46715" src-id="46671" dest-id="46707" weight="-2.4607324384782725"/>
<connection id="46716" src-id="46672" dest-id="46707" weight="3.2365823723335247"/>
<connection id="46717" src-id="46673" dest-id="46707" weight="6.106743148206421"/>
<connection id="46719" src-id="46675" dest-id="46707" weight="5.02112458573362"/>
<connection id="46720" src-id="46676" dest-id="46707" weight="1.193267422418132"/>
<connection id="46721" src-id="46677" dest-id="46707" weight="-4.759317296242667"/>
<connection id="46722" src-id="46678" dest-id="46707" weight="4.812821733277559"/>
<connection id="46723" src-id="46679" dest-id="46707" weight="2.346434993725426"/>
<connection id="46724" src-id="46680" dest-id="46707" weight="4.022344711035885"/>
<connection id="46725" src-id="46681" dest-id="46707" weight="-5.594138526561839"/>
<connection id="46726" src-id="46682" dest-id="46707" weight="3.52973889877716"/>
<connection id="46727" src-id="46683" dest-id="46707" weight="-0.8329924309202104"/>
<connection id="46728" src-id="46684" dest-id="46707" weight="-6.079680514343922"/>
<connection id="46729" src-id="46685" dest-id="46707" weight="2.0327438920051613"/>
<connection id="46730" src-id="46686" dest-id="46707" weight="0.6734568394362587"/>
<connection id="46731" src-id="46687" dest-id="46707" weight="-1.2687840965986097"/>
<connection id="46732" src-id="46688" dest-id="46707" weight="0.9279223920126523"/>
<connection id="46733" src-id="46689" dest-id="46707" weight="-5.439620849341486"/>
<connection id="46734" src-id="46690" dest-id="46707" weight="-3.831290457095231"/>
<connection id="46735" src-id="46691" dest-id="46707" weight="-3.6199953853260878"/>
<connection id="46736" src-id="46692" dest-id="46707" weight="-1.9101862138849817"/>
<connection id="46737" src-id="46693" dest-id="46707" weight="1.9103816159082805"/>
<connection id="46738" src-id="46694" dest-id="46707" weight="-3.275025776215446"/>
<connection id="46739" src-id="46695" dest-id="46707" weight="1.4537262409801852"/>
<connection id="46740" src-id="46696" dest-id="46707" weight="-0.9532724263070651"/>
<connection id="46741" src-id="46697" dest-id="46707" weight="-1.7062764954696266"/>
<connection id="46742" src-id="46698" dest-id="46707" weight="3.190762886478298"/>
<connection id="46743" src-id="46699" dest-id="46707" weight="3.262950625800383"/>
<connection id="46744" src-id="46700" dest-id="46707" weight="-6.743255013297731"/>
<connection id="46745" src-id="46701" dest-id="46707" weight="-2.6150436372342947"/>
<connection id="46746" src-id="46702" dest-id="46707" weight="11.46647978062097"/>
<connection id="46747" src-id="46703" dest-id="46707" weight="-5.929305337716771"/>
<connection id="46748" src-id="46704" dest-id="46707" weight="1.688949182630898"/>
<connection id="46749" src-id="46705" dest-id="46707" weight="-2.5752709943520222"/>
<connection id="46750" src-id="46707" dest-id="46706" weight="2.9589706947623666"/>
<neuron id="46751" type="hid" activation="sigmoid"/>
<connection id="46752" src-id="46664" dest-id="46751" weight="-1.9787186615380252"/>
<connection id="46753" src-id="46665" dest-id="46751" weight="-0.49822119866417935"/>
<connection id="46755" src-id="46667" dest-id="46751" weight="-1.8166576107223071"/>
<connection id="46756" src-id="46668" dest-id="46751" weight="0.5225052969430998"/>
<connection id="46758" src-id="46670" dest-id="46751" weight="2.5331015312993617"/>
<connection id="46759" src-id="46671" dest-id="46751" weight="-18.37076703115204"/>
<connection id="46760" src-id="46672" dest-id="46751" weight="5.159534083278901"/>
<connection id="46761" src-id="46673" dest-id="46751" weight="-0.7736257671206577"/>
<connection id="46762" src-id="46674" dest-id="46751" weight="8.338546933808148"/>
<connection id="46763" src-id="46675" dest-id="46751" weight="-8.308693856345869"/>
<connection id="46764" src-id="46676" dest-id="46751" weight="9.889946361985753"/>
<connection id="46765" src-id="46677" dest-id="46751" weight="-1.2488886804324149"/>
<connection id="46767" src-id="46679" dest-id="46751" weight="7.917062452093779"/>
<connection id="46770" src-id="46682" dest-id="46751" weight="5.185194775738264"/>
<connection id="46771" src-id="46683" dest-id="46751" weight="-5.75035246106113"/>
<connection id="46772" src-id="46684" dest-id="46751" weight="7.220804807848094"/>
<connection id="46773" src-id="46685" dest-id="46751" weight="-8.337452504614992"/>
<connection id="46774" src-id="46686" dest-id="46751" weight="-9.905988914427516"/>
<connection id="46775" src-id="46687" dest-id="46751" weight="7.667667370747479"/>
<connection id="46776" src-id="46688" dest-id="46751" weight="4.639076059992995"/>
<connection id="46777" src-id="46689" dest-id="46751" weight="-0.29845056000969117"/>
<connection id="46778" src-id="46690" dest-id="46751" weight="-1.7680239826316182"/>
<connection id="46779" src-id="46691" dest-id="46751" weight="8.9004525720763"/>
<connection id="46780" src-id="46692" dest-id="46751" weight="-1.071591830671098"/>
<connection id="46781" src-id="46693" dest-id="46751" weight="-4.761426953665882"/>
<connection id="46782" src-id="46694" dest-id="46751" weight="2.9337527738070497"/>
<connection id="46783" src-id="46695" dest-id="46751" weight="8.13623016036202"/>
<connection id="46785" src-id="46697" dest-id="46751" weight="-6.632477987848356"/>
<connection id="46786" src-id="46698" dest-id="46751" weight="4.319887305515937"/>
<connection id="46787" src-id="46699" dest-id="46751" weight="1.1284571673371002"/>
<connection id="46788" src-id="46700" dest-id="46751" weight="-1.2395875917664347"/>
<connection id="46789" src-id="46701" dest-id="46751" weight="-6.726992208406287"/>
<connection id="46790" src-id="46702" dest-id="46751" weight="4.056563406416564"/>
<connection id="46792" src-id="46704" dest-id="46751" weight="5.4288259503812615"/>
<connection id="46793" src-id="46705" dest-id="46751" weight="0.250144470994746"/>
<connection id="46794" src-id="46751" dest-id="46706" weight="-0.6369233429796587"/>
<neuron id="46795" type="hid" activation="sigmoid"/>
<connection id="46796" src-id="46664" dest-id="46795" weight="4.0798703978997715"/>
<connection id="46797" src-id="46665" dest-id="46795" weight="-8.029615871381715"/>
<connection id="46798" src-id="46666" dest-id="46795" weight="2.7625644842440567"/>
<connection id="46799" src-id="46667" dest-id="46795" weight="2.4699099983045256"/>
<connection id="46800" src-id="46668" dest-id="46795" weight="-3.4917569054022843"/>
<connection id="46801" src-id="46669" dest-id="46795" weight="5.412846660947435"/>
<connection id="46802" src-id="46670" dest-id="46795" weight="3.095760260418351"/>
<connection id="46803" src-id="46671" dest-id="46795" weight="-7.053215825012892"/>
<connection id="46804" src-id="46672" dest-id="46795" weight="5.323973168790625"/>
<connection id="46805" src-id="46673" dest-id="46795" weight="-2.324385979962892"/>
<connection id="46807" src-id="46675" dest-id="46795" weight="2.228240332637493"/>
<connection id="46808" src-id="46676" dest-id="46795" weight="4.129679486231679"/>
<connection id="46809" src-id="46677" dest-id="46795" weight="-4.0902288617168185"/>
<connection id="46810" src-id="46678" dest-id="46795" weight="-7.534673616916563"/>
<connection id="46811" src-id="46679" dest-id="46795" weight="-10.696584638834619"/>
<connection id="46812" src-id="46680" dest-id="46795" weight="-3.4794550676826046"/>
<connection id="46813" src-id="46681" dest-id="46795" weight="-3.0935913874585963"/>
<connection id="46814" src-id="46682" dest-id="46795" weight="-0.9453068642537259"/>
<connection id="46815" src-id="46683" dest-id="46795" weight="-4.460281780708993"/>
<connection id="46816" src-id="46684" dest-id="46795" weight="7.336583975554094"/>
<connection id="46817" src-id="46685" dest-id="46795" weight="4.393781463572102"/>
<connection id="46818" src-id="46686" dest-id="46795" weight="0.08460942295119722"/>
<connection id="46819" src-id="46687" dest-id="46795" weight="-5.727606809196238"/>
<connection id="46820" src-id="46688" dest-id="46795" weight="-0.8033893863633432"/>
<connection id="46821" src-id="46689" dest-id="46795" weight="6.770483380904607"/>
<connection id="46822" src-id="46690" dest-id="46795" weight="1.2354586565685053"/>
<connection id="46823" src-id="46691" dest-id="46795" weight="-6.935566630621817"/>
<connection id="46824" src-id="46692" dest-id="46795" weight="-0.6202966909304042"/>
<connection id="46825" src-id="46693" dest-id="46795" weight="0.9914894727804082"/>
<connection id="46826" src-id="46694" dest-id="46795" weight="-2.6227771309601153"/>
<connection id="46827" src-id="46695" dest-id="46795" weight="-8.414966806507618"/>
<connection id="46828" src-id="46696" dest-id="46795" weight="-9.189723695688983"/>
<connection id="46829" src-id="46697" dest-id="46795" weight="4.029272728798687"/>
<connection id="46830" src-id="46698" dest-id="46795" weight="-2.790991049588554"/>
<connection id="46831" src-id="46699" dest-id="46795" weight="-4.52436979147936"/>
<connection id="46832" src-id="46700" dest-id="46795" weight="-0.24716065300082857"/>
<connection id="46833" src-id="46701" dest-id="46795" weight="4.765877237834203"/>
<connection id="46834" src-id="46702" dest-id="46795" weight="-8.529442994066418"/>
<connection id="46835" src-id="46703" dest-id="46795" weight="2.799374016396351"/>
<connection id="46836" src-id="46704" dest-id="46795" weight="-0.5889218879269599"/>
<connection id="46837" src-id="46705" dest-id="46795" weight="-2.1578872350567297"/>
<connection id="46838" src-id="46795" dest-id="46706" weight="-0.984189858239865"/>
<neuron id="46883" type="hid" activation="sigmoid"/>
<connection id="46884" src-id="46664" dest-id="46883" weight="3.170529366043495"/>
<connection id="46885" src-id="46665" dest-id="46883" weight="-3.7054944829723806"/>
<connection id="46886" src-id="46666" dest-id="46883" weight="-0.21329711040479804"/>
<connection id="46887" src-id="46667" dest-id="46883" weight="-5.996543724598408"/>
<connection id="46889" src-id="46669" dest-id="46883" weight="-3.085462500156952"/>
<connection id="46890" src-id="46670" dest-id="46883" weight="-2.173093757776462"/>
<connection id="46891" src-id="46671" dest-id="46883" weight="-5.4837771195572795"/>
<connection id="46892" src-id="46672" dest-id="46883" weight="8.877599905219878"/>
<connection id="46893" src-id="46673" dest-id="46883" weight="2.784494059089744"/>
<connection id="46894" src-id="46674" dest-id="46883" weight="0.48415591674172065"/>
<connection id="46895" src-id="46675" dest-id="46883" weight="-0.4905776443353065"/>
<connection id="46896" src-id="46676" dest-id="46883" weight="-2.287940387001087"/>
<connection id="46897" src-id="46677" dest-id="46883" weight="-8.115176218898933"/>
<connection id="46898" src-id="46678" dest-id="46883" weight="-4.128696800283046"/>
<connection id="46899" src-id="46679" dest-id="46883" weight="-7.541107752904698"/>
<connection id="46900" src-id="46680" dest-id="46883" weight="-2.2522979038449935"/>
<connection id="46901" src-id="46681" dest-id="46883" weight="0.7814851252551491"/>
<connection id="46902" src-id="46682" dest-id="46883" weight="1.8068609938696623"/>
<connection id="46904" src-id="46684" dest-id="46883" weight="-3.822287801355653"/>
<connection id="46906" src-id="46686" dest-id="46883" weight="1.933274199473905"/>
<connection id="46908" src-id="46688" dest-id="46883" weight="0.9719775791066059"/>
<connection id="46909" src-id="46689" dest-id="46883" weight="8.273829037750218"/>
<connection id="46910" src-id="46690" dest-id="46883" weight="2.8229630013946023"/>
<connection id="46911" src-id="46691" dest-id="46883" weight="1.104837192915888"/>
<connection id="46912" src-id="46692" dest-id="46883" weight="-6.786120584105106"/>
<connection id="46913" src-id="46693" dest-id="46883" weight="-1.4896381283219584"/>
<connection id="46914" src-id="46694" dest-id="46883" weight="-2.418783598954415"/>
<connection id="46916" src-id="46696" dest-id="46883" weight="8.597466461266201"/>
<connection id="46917" src-id="46697" dest-id="46883" weight="7.464355258098415"/>
<connection id="46918" src-id="46698" dest-id="46883" weight="3.4432357676541283"/>
<connection id="46919" src-id="46699" dest-id="46883" weight="-3.627590512927569"/>
<connection id="46920" src-id="46700" dest-id="46883" weight="-1.2068828932842461"/>
<connection id="46921" src-id="46701" dest-id="46883" weight="-2.5365861743565157"/>
<connection id="46922" src-id="46702" dest-id="46883" weight="0.8813803672873872"/>
<connection id="46923" src-id="46703" dest-id="46883" weight="-0.03848181259931138"/>
<connection id="46924" src-id="46704" dest-id="46883" weight="-4.089136532619998"/>
<connection id="46925" src-id="46705" dest-id="46883" weight="-4.618905764451872"/>
<connection id="46926" src-id="46883" dest-id="46706" weight="-3.568541006332056"/>
<connection id="47147" src-id="46674" dest-id="46706" weight="0.14157106053753"/>
<connection id="47245" src-id="46700" dest-id="46706" weight="-1.0993629579476183"/>
<neuron id="47329" type="hid" activation="sigmoid"/>
<connection id="47330" src-id="46685" dest-id="47329" weight="3.9892985342642806"/>
<connection id="47331" src-id="47329" dest-id="46883" weight="1.1999606136743513"/>
<connection id="47408" src-id="46696" dest-id="47329" weight="-2.3268578735014276"/>
<connection id="47611" src-id="46672" dest-id="46706" weight="5.024229290747289"/>
<connection id="47866" src-id="46795" dest-id="46751" weight="-3.4768377241504957"/>
<connection id="47876" src-id="46702" dest-id="46706" weight="-1.5133492630463157"/>
<connection id="48005" src-id="46686" dest-id="47329" weight="-3.7508968894072496"/>
<connection id="48011" src-id="46687" dest-id="46706" weight="0.5674647711501382"/>
<connection id="48012" src-id="46672" dest-id="47329" weight="-0.7067701816558838"/>
<neuron id="48202" type="hid" activation="sigmoid"/>
<connection id="48203" src-id="46666" dest-id="48202" weight="0.6800354702337212"/>
<connection id="48204" src-id="48202" dest-id="46751" weight="5.5694985508884916"/>
<neuron id="48205" type="hid" activation="sigmoid"/>
<connection id="48206" src-id="46678" dest-id="48205" weight="0.40704195554905526"/>
<connection id="48207" src-id="48205" dest-id="46751" weight="5.828233982494923"/>
<connection id="48406" src-id="47329" dest-id="48202" weight="3.11392882665526"/>
<connection id="48407" src-id="46666" dest-id="46706" weight="-0.9318948984146118"/>
<neuron id="48477" type="hid" activation="sigmoid"/>
<connection id="48478" src-id="46695" dest-id="48477" weight="1.4766921921763614"/>
<connection id="48479" src-id="48477" dest-id="46883" weight="0.2971600185079901"/>
</chromosome>