<chromosome id="43623" primary-parent-id="43391"><neuron id="39470" type="in" activation="linear"/>
<neuron id="39471" type="in" activation="linear"/>
<neuron id="39472" type="in" activation="linear"/>
<neuron id="39473" type="in" activation="linear"/>
<neuron id="39474" type="in" activation="linear"/>
<neuron id="39475" type="in" activation="linear"/>
<neuron id="39476" type="in" activation="linear"/>
<neuron id="39477" type="in" activation="linear"/>
<neuron id="39478" type="in" activation="linear"/>
<neuron id="39479" type="in" activation="linear"/>
<neuron id="39480" type="in" activation="linear"/>
<neuron id="39481" type="in" activation="linear"/>
<neuron id="39482" type="in" activation="linear"/>
<neuron id="39483" type="in" activation="linear"/>
<neuron id="39484" type="in" activation="linear"/>
<neuron id="39485" type="in" activation="linear"/>
<neuron id="39486" type="in" activation="linear"/>
<neuron id="39487" type="in" activation="linear"/>
<neuron id="39488" type="in" activation="linear"/>
<neuron id="39489" type="in" activation="linear"/>
<neuron id="39490" type="in" activation="linear"/>
<neuron id="39491" type="in" activation="linear"/>
<neuron id="39492" type="in" activation="linear"/>
<neuron id="39493" type="in" activation="linear"/>
<neuron id="39494" type="in" activation="linear"/>
<neuron id="39495" type="in" activation="linear"/>
<neuron id="39496" type="in" activation="linear"/>
<neuron id="39497" type="in" activation="linear"/>
<neuron id="39498" type="in" activation="linear"/>
<neuron id="39499" type="in" activation="linear"/>
<neuron id="39500" type="in" activation="linear"/>
<neuron id="39501" type="in" activation="linear"/>
<neuron id="39502" type="in" activation="linear"/>
<neuron id="39503" type="in" activation="linear"/>
<neuron id="39504" type="in" activation="linear"/>
<neuron id="39505" type="in" activation="linear"/>
<neuron id="39506" type="in" activation="linear"/>
<neuron id="39507" type="in" activation="linear"/>
<neuron id="39508" type="in" activation="linear"/>
<neuron id="39509" type="in" activation="linear"/>
<neuron id="39510" type="in" activation="linear"/>
<neuron id="39511" type="in" activation="linear"/>
<neuron id="39512" type="out" activation="linear"/>
<neuron id="39513" type="hid" activation="sigmoid"/>
<connection id="39514" src-id="39470" dest-id="39513" weight="3.0807840051289705"/>
<connection id="39515" src-id="39471" dest-id="39513" weight="-8.317638676571004"/>
<connection id="39516" src-id="39472" dest-id="39513" weight="1.5563180487581798"/>
<connection id="39517" src-id="39473" dest-id="39513" weight="3.292016172527218"/>
<connection id="39518" src-id="39474" dest-id="39513" weight="-3.7949215798160534"/>
<connection id="39519" src-id="39475" dest-id="39513" weight="19.40791905495456"/>
<connection id="39520" src-id="39476" dest-id="39513" weight="14.627052142427548"/>
<connection id="39521" src-id="39477" dest-id="39513" weight="-8.707831289556257"/>
<connection id="39522" src-id="39478" dest-id="39513" weight="10.865236191091839"/>
<connection id="39523" src-id="39479" dest-id="39513" weight="-2.142310774902975"/>
<connection id="39524" src-id="39480" dest-id="39513" weight="-6.775616704319139"/>
<connection id="39526" src-id="39482" dest-id="39513" weight="5.108222475696989"/>
<connection id="39527" src-id="39483" dest-id="39513" weight="5.055831125767356"/>
<connection id="39528" src-id="39484" dest-id="39513" weight="4.056997075110127"/>
<connection id="39529" src-id="39485" dest-id="39513" weight="-2.5193492606117243"/>
<connection id="39530" src-id="39486" dest-id="39513" weight="2.454246846587964"/>
<connection id="39531" src-id="39487" dest-id="39513" weight="-13.50161600155089"/>
<connection id="39532" src-id="39488" dest-id="39513" weight="-0.28494826025676634"/>
<connection id="39533" src-id="39489" dest-id="39513" weight="7.383094385053601"/>
<connection id="39534" src-id="39490" dest-id="39513" weight="-0.7807457989613504"/>
<connection id="39535" src-id="39491" dest-id="39513" weight="-14.293138995248283"/>
<connection id="39537" src-id="39493" dest-id="39513" weight="5.854043074994561"/>
<connection id="39538" src-id="39494" dest-id="39513" weight="-0.8939811103435206"/>
<connection id="39539" src-id="39495" dest-id="39513" weight="-5.0450261249082855"/>
<connection id="39540" src-id="39496" dest-id="39513" weight="-5.8180392928377085"/>
<connection id="39541" src-id="39497" dest-id="39513" weight="-6.015484644440704"/>
<connection id="39542" src-id="39498" dest-id="39513" weight="0.3715825306080347"/>
<connection id="39543" src-id="39499" dest-id="39513" weight="1.8457447536377114"/>
<connection id="39544" src-id="39500" dest-id="39513" weight="5.350426622035758"/>
<connection id="39545" src-id="39501" dest-id="39513" weight="0.6155540454400681"/>
<connection id="39547" src-id="39503" dest-id="39513" weight="-7.942152672814808"/>
<connection id="39548" src-id="39504" dest-id="39513" weight="3.971495744562347"/>
<connection id="39549" src-id="39505" dest-id="39513" weight="-9.830735800915692"/>
<connection id="39550" src-id="39506" dest-id="39513" weight="-0.33144572261675576"/>
<connection id="39551" src-id="39507" dest-id="39513" weight="2.3356037685837334"/>
<connection id="39552" src-id="39508" dest-id="39513" weight="3.1489337263980732"/>
<connection id="39554" src-id="39510" dest-id="39513" weight="-6.478265430552911"/>
<connection id="39555" src-id="39511" dest-id="39513" weight="-1.3878209888216309"/>
<connection id="39556" src-id="39513" dest-id="39512" weight="4.133094949355172"/>
<neuron id="39557" type="hid" activation="sigmoid"/>
<connection id="39558" src-id="39470" dest-id="39557" weight="-3.638471640935764"/>
<connection id="39561" src-id="39473" dest-id="39557" weight="6.8889361619149785"/>
<connection id="39562" src-id="39474" dest-id="39557" weight="6.720758625658568"/>
<connection id="39563" src-id="39475" dest-id="39557" weight="4.180004503585955"/>
<connection id="39565" src-id="39477" dest-id="39557" weight="-2.4798751377945485"/>
<connection id="39568" src-id="39480" dest-id="39557" weight="-1.7900427949148239"/>
<connection id="39569" src-id="39481" dest-id="39557" weight="-3.9091085019339182"/>
<connection id="39570" src-id="39482" dest-id="39557" weight="9.001453272072514"/>
<connection id="39572" src-id="39484" dest-id="39557" weight="0.3482444018168218"/>
<connection id="39573" src-id="39485" dest-id="39557" weight="7.293619080348857"/>
<connection id="39574" src-id="39486" dest-id="39557" weight="-6.0590273420552485"/>
<connection id="39575" src-id="39487" dest-id="39557" weight="10.035454436713797"/>
<connection id="39577" src-id="39489" dest-id="39557" weight="4.474761439385718"/>
<connection id="39578" src-id="39490" dest-id="39557" weight="3.606281401743873"/>
<connection id="39579" src-id="39491" dest-id="39557" weight="0.36235281880457526"/>
<connection id="39580" src-id="39492" dest-id="39557" weight="7.1721379877500055"/>
<connection id="39581" src-id="39493" dest-id="39557" weight="1.9428694171835839"/>
<connection id="39582" src-id="39494" dest-id="39557" weight="2.028254936478835"/>
<connection id="39583" src-id="39495" dest-id="39557" weight="-0.8142336370312285"/>
<connection id="39584" src-id="39496" dest-id="39557" weight="1.6866718831797738"/>
<connection id="39585" src-id="39497" dest-id="39557" weight="7.3336087429457795"/>
<connection id="39586" src-id="39498" dest-id="39557" weight="6.101313033774184"/>
<connection id="39588" src-id="39500" dest-id="39557" weight="-8.509957897636296"/>
<connection id="39589" src-id="39501" dest-id="39557" weight="0.6037263984237486"/>
<connection id="39590" src-id="39502" dest-id="39557" weight="0.9274555518027796"/>
<connection id="39591" src-id="39503" dest-id="39557" weight="0.29234297691828814"/>
<connection id="39593" src-id="39505" dest-id="39557" weight="5.338599697876311"/>
<connection id="39594" src-id="39506" dest-id="39557" weight="-4.949633833658049"/>
<connection id="39595" src-id="39507" dest-id="39557" weight="-2.4660787948580616"/>
<connection id="39596" src-id="39508" dest-id="39557" weight="-3.836368247705988"/>
<connection id="39597" src-id="39509" dest-id="39557" weight="-0.10620829785957736"/>
<connection id="39598" src-id="39510" dest-id="39557" weight="6.189446188310976"/>
<connection id="39599" src-id="39511" dest-id="39557" weight="8.655930461056576"/>
<connection id="39600" src-id="39557" dest-id="39512" weight="2.0330093129034186"/>
<neuron id="39601" type="hid" activation="sigmoid"/>
<connection id="39603" src-id="39471" dest-id="39601" weight="-0.2690177689103075"/>
<connection id="39604" src-id="39472" dest-id="39601" weight="-7.437790512257956"/>
<connection id="39606" src-id="39474" dest-id="39601" weight="8.887377314502764"/>
<connection id="39607" src-id="39475" dest-id="39601" weight="7.538274362315784"/>
<connection id="39608" src-id="39476" dest-id="39601" weight="3.3055837461611715"/>
<connection id="39609" src-id="39477" dest-id="39601" weight="-0.8045729035658953"/>
<connection id="39613" src-id="39481" dest-id="39601" weight="-0.29306962500785305"/>
<connection id="39614" src-id="39482" dest-id="39601" weight="11.398392392294642"/>
<connection id="39615" src-id="39483" dest-id="39601" weight="3.453773280852819"/>
<connection id="39616" src-id="39484" dest-id="39601" weight="-8.827313402113644"/>
<connection id="39617" src-id="39485" dest-id="39601" weight="-0.4474384831904712"/>
<connection id="39620" src-id="39488" dest-id="39601" weight="-3.0379488411587574"/>
<connection id="39622" src-id="39490" dest-id="39601" weight="-3.781593666828574"/>
<connection id="39624" src-id="39492" dest-id="39601" weight="8.348171391744566"/>
<connection id="39625" src-id="39493" dest-id="39601" weight="9.99563282172128"/>
<connection id="39626" src-id="39494" dest-id="39601" weight="3.708495175539602"/>
<connection id="39627" src-id="39495" dest-id="39601" weight="9.374037594527493"/>
<connection id="39628" src-id="39496" dest-id="39601" weight="-0.1234984674182833"/>
<connection id="39629" src-id="39497" dest-id="39601" weight="8.243117766024767"/>
<connection id="39630" src-id="39498" dest-id="39601" weight="2.887699863072844"/>
<connection id="39631" src-id="39499" dest-id="39601" weight="-1.4884490815302642"/>
<connection id="39633" src-id="39501" dest-id="39601" weight="-9.999897669110101"/>
<connection id="39634" src-id="39502" dest-id="39601" weight="2.5302408895907114"/>
<connection id="39635" src-id="39503" dest-id="39601" weight="-5.956161556137829"/>
<connection id="39636" src-id="39504" dest-id="39601" weight="-6.223756204101585"/>
<connection id="39637" src-id="39505" dest-id="39601" weight="-1.2263485137552355"/>
<connection id="39638" src-id="39506" dest-id="39601" weight="4.38082711787087"/>
<connection id="39639" src-id="39507" dest-id="39601" weight="5.705506323521799"/>
<connection id="39640" src-id="39508" dest-id="39601" weight="-1.3479676154246467"/>
<connection id="39641" src-id="39509" dest-id="39601" weight="-1.238142591587378"/>
<connection id="39642" src-id="39510" dest-id="39601" weight="10.393212062223654"/>
<connection id="39643" src-id="39511" dest-id="39601" weight="7.358890811642774"/>
<connection id="39644" src-id="39601" dest-id="39512" weight="7.953020280967067"/>
<neuron id="39645" type="hid" activation="sigmoid"/>
<connection id="39646" src-id="39470" dest-id="39645" weight="0.8192644055925076"/>
<connection id="39647" src-id="39471" dest-id="39645" weight="7.979629521953598"/>
<connection id="39648" src-id="39472" dest-id="39645" weight="3.9649218881039268"/>
<connection id="39649" src-id="39473" dest-id="39645" weight="-4.443025573412371"/>
<connection id="39651" src-id="39475" dest-id="39645" weight="2.054527209026797"/>
<connection id="39652" src-id="39476" dest-id="39645" weight="-4.60256342173096"/>
<connection id="39653" src-id="39477" dest-id="39645" weight="4.729726618466282"/>
<connection id="39655" src-id="39479" dest-id="39645" weight="-2.021146500701742"/>
<connection id="39656" src-id="39480" dest-id="39645" weight="7.652383561066797"/>
<connection id="39657" src-id="39481" dest-id="39645" weight="8.075855440036545"/>
<connection id="39658" src-id="39482" dest-id="39645" weight="-9.162215431743327"/>
<connection id="39659" src-id="39483" dest-id="39645" weight="-9.23399758150126"/>
<connection id="39660" src-id="39484" dest-id="39645" weight="2.0729761399171514"/>
<connection id="39661" src-id="39485" dest-id="39645" weight="-2.2446027608841583"/>
<connection id="39662" src-id="39486" dest-id="39645" weight="0.845881968265938"/>
<connection id="39663" src-id="39487" dest-id="39645" weight="1.4985378009448533"/>
<connection id="39664" src-id="39488" dest-id="39645" weight="-1.6067585966827864"/>
<connection id="39665" src-id="39489" dest-id="39645" weight="2.246365081821871"/>
<connection id="39666" src-id="39490" dest-id="39645" weight="-2.709542171282295"/>
<connection id="39667" src-id="39491" dest-id="39645" weight="10.178962146798629"/>
<connection id="39668" src-id="39492" dest-id="39645" weight="2.1572830440022646"/>
<connection id="39669" src-id="39493" dest-id="39645" weight="6.735980542615906"/>
<connection id="39670" src-id="39494" dest-id="39645" weight="-3.3756468638000676"/>
<connection id="39671" src-id="39495" dest-id="39645" weight="-11.005304966256423"/>
<connection id="39672" src-id="39496" dest-id="39645" weight="-1.4342497924818753"/>
<connection id="39673" src-id="39497" dest-id="39645" weight="-1.8284573811693003"/>
<connection id="39674" src-id="39498" dest-id="39645" weight="-6.636756497440157"/>
<connection id="39675" src-id="39499" dest-id="39645" weight="1.179742930131797"/>
<connection id="39676" src-id="39500" dest-id="39645" weight="15.271077872409967"/>
<connection id="39677" src-id="39501" dest-id="39645" weight="1.5094803588679029"/>
<connection id="39678" src-id="39502" dest-id="39645" weight="3.425477166518583"/>
<connection id="39679" src-id="39503" dest-id="39645" weight="7.462401006638022"/>
<connection id="39680" src-id="39504" dest-id="39645" weight="-12.48142536067936"/>
<connection id="39681" src-id="39505" dest-id="39645" weight="-4.932695012103015"/>
<connection id="39682" src-id="39506" dest-id="39645" weight="0.6736884538164156"/>
<connection id="39683" src-id="39507" dest-id="39645" weight="-5.83429481227893"/>
<connection id="39684" src-id="39508" dest-id="39645" weight="-9.839058408392855"/>
<connection id="39687" src-id="39511" dest-id="39645" weight="13.424889734269412"/>
<connection id="39688" src-id="39645" dest-id="39512" weight="5.23077967628558"/>
<connection id="39943" src-id="39472" dest-id="39512" weight="0.7340179869658552"/>
<neuron id="40502" type="hid" activation="sigmoid"/>
<connection id="40503" src-id="39470" dest-id="40502" weight="-5.881248856427158"/>
<connection id="40504" src-id="40502" dest-id="39601" weight="-2.9156290045916955"/>
<connection id="40865" src-id="39601" dest-id="39513" weight="-0.998862624168396"/>
<connection id="40961" src-id="39491" dest-id="39512" weight="0.4919603724280939"/>
<connection id="40962" src-id="39513" dest-id="39645" weight="3.9801181713788893"/>
<neuron id="41097" type="hid" activation="sigmoid"/>
<connection id="41098" src-id="39472" dest-id="41097" weight="0.22587368584927192"/>
<connection id="41099" src-id="41097" dest-id="39557" weight="-1.1906452291923624"/>
<neuron id="41115" type="hid" activation="sigmoid"/>
<connection id="41116" src-id="39473" dest-id="41115" weight="-1.5236867075916667"/>
<connection id="41117" src-id="41115" dest-id="39601" weight="8.544944476640264"/>
<connection id="41245" src-id="39484" dest-id="39512" weight="11.90006687020805"/>
<neuron id="41520" type="hid" activation="sigmoid"/>
<connection id="41521" src-id="39511" dest-id="41520" weight="-6.872674957371914"/>
<connection id="41522" src-id="41520" dest-id="39557" weight="3.162146935906713"/>
<neuron id="41523" type="hid" activation="sigmoid"/>
<connection id="41524" src-id="39509" dest-id="41523" weight="-6.820757686444588"/>
<connection id="41525" src-id="41523" dest-id="39513" weight="9.742571291121312"/>
<connection id="41666" src-id="39481" dest-id="41523" weight="0.48509629322953907"/>
<connection id="41733" src-id="39509" dest-id="41520" weight="2.1209342365657733"/>
<connection id="42051" src-id="39474" dest-id="41523" weight="-0.43977088474281545"/>
<connection id="42107" src-id="39499" dest-id="41523" weight="2.3139842741547314"/>
<neuron id="42149" type="hid" activation="sigmoid"/>
<connection id="42150" src-id="39479" dest-id="42149" weight="0.6622782191844676"/>
<connection id="42151" src-id="42149" dest-id="39601" weight="-2.075759673470326"/>
<connection id="42268" src-id="39482" dest-id="41520" weight="0.4999220757912788"/>
<connection id="42277" src-id="39478" dest-id="41523" weight="0.47982850524781373"/>
<connection id="42536" src-id="39496" dest-id="41520" weight="2.5419854300175446"/>
<connection id="42621" src-id="39499" dest-id="40502" weight="4.282358216956548"/>
<connection id="42622" src-id="39475" dest-id="41520" weight="-2.3725473022212826"/>
<connection id="42623" src-id="39487" dest-id="40502" weight="2.807204951751424"/>
<connection id="43030" src-id="41115" dest-id="39512" weight="-1.9256920210019475"/>
<connection id="43197" src-id="39472" dest-id="41520" weight="-1.4864288052036463"/>
<connection id="43567" src-id="41523" dest-id="39512" weight="0.31609225273132324"/>
<connection id="43571" src-id="39489" dest-id="42149" weight="-0.11428147159087068"/>
<connection id="43574" src-id="41520" dest-id="39601" weight="-1.6149095871965213"/>
</chromosome>