<chromosome id="51545" primary-parent-id="50597"><neuron id="39470" type="in" activation="linear"/>
<neuron id="39471" type="in" activation="linear"/>
<neuron id="39472" type="in" activation="linear"/>
<neuron id="39473" type="in" activation="linear"/>
<neuron id="39474" type="in" activation="linear"/>
<neuron id="39475" type="in" activation="linear"/>
<neuron id="39476" type="in" activation="linear"/>
<neuron id="39477" type="in" activation="linear"/>
<neuron id="39478" type="in" activation="linear"/>
<neuron id="39479" type="in" activation="linear"/>
<neuron id="39480" type="in" activation="linear"/>
<neuron id="39481" type="in" activation="linear"/>
<neuron id="39482" type="in" activation="linear"/>
<neuron id="39483" type="in" activation="linear"/>
<neuron id="39484" type="in" activation="linear"/>
<neuron id="39485" type="in" activation="linear"/>
<neuron id="39486" type="in" activation="linear"/>
<neuron id="39487" type="in" activation="linear"/>
<neuron id="39488" type="in" activation="linear"/>
<neuron id="39489" type="in" activation="linear"/>
<neuron id="39490" type="in" activation="linear"/>
<neuron id="39491" type="in" activation="linear"/>
<neuron id="39492" type="in" activation="linear"/>
<neuron id="39493" type="in" activation="linear"/>
<neuron id="39494" type="in" activation="linear"/>
<neuron id="39495" type="in" activation="linear"/>
<neuron id="39496" type="in" activation="linear"/>
<neuron id="39497" type="in" activation="linear"/>
<neuron id="39498" type="in" activation="linear"/>
<neuron id="39499" type="in" activation="linear"/>
<neuron id="39500" type="in" activation="linear"/>
<neuron id="39501" type="in" activation="linear"/>
<neuron id="39502" type="in" activation="linear"/>
<neuron id="39503" type="in" activation="linear"/>
<neuron id="39504" type="in" activation="linear"/>
<neuron id="39505" type="in" activation="linear"/>
<neuron id="39506" type="in" activation="linear"/>
<neuron id="39507" type="in" activation="linear"/>
<neuron id="39508" type="in" activation="linear"/>
<neuron id="39509" type="in" activation="linear"/>
<neuron id="39510" type="in" activation="linear"/>
<neuron id="39511" type="in" activation="linear"/>
<neuron id="39512" type="out" activation="linear"/>
<neuron id="39513" type="hid" activation="sigmoid"/>
<connection id="39514" src-id="39470" dest-id="39513" weight="15.656704404581149"/>
<connection id="39515" src-id="39471" dest-id="39513" weight="-20.896258027786946"/>
<connection id="39516" src-id="39472" dest-id="39513" weight="-11.867548042317692"/>
<connection id="39517" src-id="39473" dest-id="39513" weight="10.91849003406952"/>
<connection id="39519" src-id="39475" dest-id="39513" weight="10.778658529895354"/>
<connection id="39520" src-id="39476" dest-id="39513" weight="-3.9057817708327134"/>
<connection id="39521" src-id="39477" dest-id="39513" weight="1.6903106630265778"/>
<connection id="39522" src-id="39478" dest-id="39513" weight="-8.498728813439072"/>
<connection id="39523" src-id="39479" dest-id="39513" weight="5.1073681713652"/>
<connection id="39525" src-id="39481" dest-id="39513" weight="4.870583115148765"/>
<connection id="39526" src-id="39482" dest-id="39513" weight="-12.193621302444669"/>
<connection id="39527" src-id="39483" dest-id="39513" weight="26.468889407063017"/>
<connection id="39529" src-id="39485" dest-id="39513" weight="-0.6830717354476454"/>
<connection id="39530" src-id="39486" dest-id="39513" weight="-5.827796985753848"/>
<connection id="39532" src-id="39488" dest-id="39513" weight="3.89072914606829"/>
<connection id="39533" src-id="39489" dest-id="39513" weight="11.112436674540728"/>
<connection id="39534" src-id="39490" dest-id="39513" weight="-20.92665847034487"/>
<connection id="39536" src-id="39492" dest-id="39513" weight="-5.263737132812785"/>
<connection id="39538" src-id="39494" dest-id="39513" weight="-5.05156478689101"/>
<connection id="39541" src-id="39497" dest-id="39513" weight="-9.234209774981045"/>
<connection id="39542" src-id="39498" dest-id="39513" weight="5.729721722255368"/>
<connection id="39543" src-id="39499" dest-id="39513" weight="15.661571475246967"/>
<connection id="39544" src-id="39500" dest-id="39513" weight="4.381460626269478"/>
<connection id="39546" src-id="39502" dest-id="39513" weight="5.864942718500582"/>
<connection id="39547" src-id="39503" dest-id="39513" weight="2.475880880678612"/>
<connection id="39550" src-id="39506" dest-id="39513" weight="-1.5630531201899265"/>
<connection id="39552" src-id="39508" dest-id="39513" weight="22.777329232980943"/>
<connection id="39554" src-id="39510" dest-id="39513" weight="1.7297638010906915"/>
<connection id="39555" src-id="39511" dest-id="39513" weight="0.4890804072273318"/>
<neuron id="39557" type="hid" activation="sigmoid"/>
<connection id="39558" src-id="39470" dest-id="39557" weight="-26.093272630491185"/>
<connection id="39560" src-id="39472" dest-id="39557" weight="-13.709705114485859"/>
<connection id="39561" src-id="39473" dest-id="39557" weight="-0.4746666178305812"/>
<connection id="39562" src-id="39474" dest-id="39557" weight="-14.214592691211841"/>
<connection id="39563" src-id="39475" dest-id="39557" weight="-6.3301721018329165"/>
<connection id="39565" src-id="39477" dest-id="39557" weight="-18.384327841760417"/>
<connection id="39566" src-id="39478" dest-id="39557" weight="12.991244034496074"/>
<connection id="39567" src-id="39479" dest-id="39557" weight="21.944328764574333"/>
<connection id="39569" src-id="39481" dest-id="39557" weight="-2.5060897709666734"/>
<connection id="39572" src-id="39484" dest-id="39557" weight="1.3307352818471823"/>
<connection id="39573" src-id="39485" dest-id="39557" weight="10.60535246362248"/>
<connection id="39575" src-id="39487" dest-id="39557" weight="12.697306124535078"/>
<connection id="39576" src-id="39488" dest-id="39557" weight="-4.508231248807986"/>
<connection id="39577" src-id="39489" dest-id="39557" weight="2.5535377500187124"/>
<connection id="39578" src-id="39490" dest-id="39557" weight="-21.27369849316576"/>
<connection id="39579" src-id="39491" dest-id="39557" weight="1.9819622727608497"/>
<connection id="39580" src-id="39492" dest-id="39557" weight="0.5689999591761392"/>
<connection id="39582" src-id="39494" dest-id="39557" weight="-1.224296151161521"/>
<connection id="39583" src-id="39495" dest-id="39557" weight="-23.603074569826717"/>
<connection id="39584" src-id="39496" dest-id="39557" weight="11.438171558174108"/>
<connection id="39586" src-id="39498" dest-id="39557" weight="-4.239936403286889"/>
<connection id="39589" src-id="39501" dest-id="39557" weight="-2.751100962907838"/>
<connection id="39590" src-id="39502" dest-id="39557" weight="-20.224276335844046"/>
<connection id="39591" src-id="39503" dest-id="39557" weight="16.770975704723348"/>
<connection id="39592" src-id="39504" dest-id="39557" weight="7.676679717286527"/>
<connection id="39594" src-id="39506" dest-id="39557" weight="12.083256836467333"/>
<connection id="39595" src-id="39507" dest-id="39557" weight="-4.501747277527739"/>
<connection id="39596" src-id="39508" dest-id="39557" weight="9.072007418010262"/>
<connection id="39597" src-id="39509" dest-id="39557" weight="-2.1873869118907483"/>
<connection id="39598" src-id="39510" dest-id="39557" weight="-5.4633348965253035"/>
<connection id="39599" src-id="39511" dest-id="39557" weight="-1.0037109767324779"/>
<connection id="39600" src-id="39557" dest-id="39512" weight="-5.16406608498648"/>
<neuron id="39601" type="hid" activation="sigmoid"/>
<connection id="39602" src-id="39470" dest-id="39601" weight="-4.564013652300049"/>
<connection id="39604" src-id="39472" dest-id="39601" weight="7.596804347979968"/>
<connection id="39605" src-id="39473" dest-id="39601" weight="14.019492434021918"/>
<connection id="39606" src-id="39474" dest-id="39601" weight="14.496343923255198"/>
<connection id="39608" src-id="39476" dest-id="39601" weight="-2.1282850706272356"/>
<connection id="39610" src-id="39478" dest-id="39601" weight="4.224374740611326"/>
<connection id="39611" src-id="39479" dest-id="39601" weight="12.423757122188757"/>
<connection id="39612" src-id="39480" dest-id="39601" weight="-2.727814534410669"/>
<connection id="39613" src-id="39481" dest-id="39601" weight="3.793102456326172"/>
<connection id="39617" src-id="39485" dest-id="39601" weight="-6.916498575181789"/>
<connection id="39618" src-id="39486" dest-id="39601" weight="-22.533382144397947"/>
<connection id="39620" src-id="39488" dest-id="39601" weight="-2.9520839100770946"/>
<connection id="39621" src-id="39489" dest-id="39601" weight="-13.318582233932645"/>
<connection id="39622" src-id="39490" dest-id="39601" weight="-1.7333754808460013"/>
<connection id="39623" src-id="39491" dest-id="39601" weight="6.601920977224791"/>
<connection id="39625" src-id="39493" dest-id="39601" weight="6.428367575336314"/>
<connection id="39626" src-id="39494" dest-id="39601" weight="-1.4966000038333878"/>
<connection id="39627" src-id="39495" dest-id="39601" weight="-6.721414743114561"/>
<connection id="39628" src-id="39496" dest-id="39601" weight="-1.3201666359393127"/>
<connection id="39629" src-id="39497" dest-id="39601" weight="1.1737125972683309"/>
<connection id="39630" src-id="39498" dest-id="39601" weight="1.9857539766682688"/>
<connection id="39632" src-id="39500" dest-id="39601" weight="-4.780488153712356"/>
<connection id="39633" src-id="39501" dest-id="39601" weight="-0.7547232855886747"/>
<connection id="39635" src-id="39503" dest-id="39601" weight="-1.9696379352848918"/>
<connection id="39637" src-id="39505" dest-id="39601" weight="11.888469157380502"/>
<connection id="39638" src-id="39506" dest-id="39601" weight="3.4508977906383516"/>
<connection id="39640" src-id="39508" dest-id="39601" weight="-4.5895720693204485"/>
<connection id="39641" src-id="39509" dest-id="39601" weight="-4.926729107770798"/>
<connection id="39643" src-id="39511" dest-id="39601" weight="-4.443934874753647"/>
<connection id="39644" src-id="39601" dest-id="39512" weight="16.034443929461876"/>
<neuron id="39645" type="hid" activation="sigmoid"/>
<connection id="39646" src-id="39470" dest-id="39645" weight="1.599865959279171"/>
<connection id="39648" src-id="39472" dest-id="39645" weight="-4.302543790904297"/>
<connection id="39652" src-id="39476" dest-id="39645" weight="6.604456978375276"/>
<connection id="39656" src-id="39480" dest-id="39645" weight="16.7235591134649"/>
<connection id="39657" src-id="39481" dest-id="39645" weight="4.3117678529332695"/>
<connection id="39658" src-id="39482" dest-id="39645" weight="11.269270860528522"/>
<connection id="39659" src-id="39483" dest-id="39645" weight="-5.832356423697356"/>
<connection id="39660" src-id="39484" dest-id="39645" weight="2.782822661269494"/>
<connection id="39663" src-id="39487" dest-id="39645" weight="-4.852191998308039"/>
<connection id="39665" src-id="39489" dest-id="39645" weight="16.49504524331724"/>
<connection id="39666" src-id="39490" dest-id="39645" weight="-2.5312141050105184"/>
<connection id="39667" src-id="39491" dest-id="39645" weight="-4.413647799562379"/>
<connection id="39668" src-id="39492" dest-id="39645" weight="4.765425583106943"/>
<connection id="39669" src-id="39493" dest-id="39645" weight="5.253726474061427"/>
<connection id="39670" src-id="39494" dest-id="39645" weight="-21.462075691909558"/>
<connection id="39671" src-id="39495" dest-id="39645" weight="-3.131300512510403"/>
<connection id="39674" src-id="39498" dest-id="39645" weight="-4.868287856421228"/>
<connection id="39675" src-id="39499" dest-id="39645" weight="-1.7039227901212919"/>
<connection id="39677" src-id="39501" dest-id="39645" weight="9.306080728170144"/>
<connection id="39679" src-id="39503" dest-id="39645" weight="3.159967392599121"/>
<connection id="39680" src-id="39504" dest-id="39645" weight="4.73719341884057"/>
<connection id="39681" src-id="39505" dest-id="39645" weight="-10.43359423979645"/>
<connection id="39682" src-id="39506" dest-id="39645" weight="19.17779151347873"/>
<connection id="39683" src-id="39507" dest-id="39645" weight="1.398312714292723"/>
<connection id="39687" src-id="39511" dest-id="39645" weight="-3.4104126108399964"/>
<connection id="39688" src-id="39645" dest-id="39512" weight="10.068343708414925"/>
<connection id="40249" src-id="39492" dest-id="39512" weight="16.94756403965269"/>
<connection id="40254" src-id="39475" dest-id="39512" weight="13.751111875929565"/>
<connection id="40393" src-id="39508" dest-id="39512" weight="-0.10035812854766846"/>
<neuron id="40493" type="hid" activation="sigmoid"/>
<connection id="40494" src-id="39480" dest-id="40493" weight="-7.832133048868038"/>
<connection id="40495" src-id="40493" dest-id="39557" weight="-4.9150898523705235"/>
<connection id="40681" src-id="39477" dest-id="39512" weight="4.22204201903636"/>
<connection id="40765" src-id="39498" dest-id="39512" weight="11.659407633398605"/>
<connection id="40962" src-id="39513" dest-id="39645" weight="-9.082620278041166"/>
<neuron id="41118" type="hid" activation="sigmoid"/>
<connection id="41119" src-id="39495" dest-id="41118" weight="-0.39428690252921406"/>
<connection id="41120" src-id="41118" dest-id="39513" weight="-11.635964821376042"/>
<connection id="41392" src-id="39509" dest-id="39512" weight="5.982983940577875"/>
<neuron id="41520" type="hid" activation="sigmoid"/>
<connection id="41522" src-id="41520" dest-id="39557" weight="-10.64024438884208"/>
<neuron id="41523" type="hid" activation="sigmoid"/>
<connection id="41524" src-id="39509" dest-id="41523" weight="-2.3739475130737357"/>
<connection id="41525" src-id="41523" dest-id="39513" weight="17.311106613908848"/>
<neuron id="41538" type="hid" activation="sigmoid"/>
<connection id="41540" src-id="41538" dest-id="39557" weight="10.199899608363413"/>
<neuron id="41565" type="hid" activation="sigmoid"/>
<connection id="41566" src-id="39471" dest-id="41565" weight="-4.329190213476359"/>
<connection id="41567" src-id="41565" dest-id="39601" weight="-31.758695744872483"/>
<neuron id="41580" type="hid" activation="sigmoid"/>
<connection id="41581" src-id="39508" dest-id="41580" weight="17.88304704477488"/>
<connection id="41582" src-id="41580" dest-id="39645" weight="9.929458403291477"/>
<neuron id="41858" type="hid" activation="sigmoid"/>
<connection id="41859" src-id="39509" dest-id="41858" weight="7.980279417477278"/>
<connection id="41860" src-id="41858" dest-id="39645" weight="-20.154071757023235"/>
<neuron id="41876" type="hid" activation="sigmoid"/>
<connection id="41877" src-id="39492" dest-id="41876" weight="1.9879175990901228"/>
<connection id="41878" src-id="41876" dest-id="39601" weight="26.97639025459738"/>
<neuron id="41906" type="hid" activation="sigmoid"/>
<connection id="41908" src-id="41906" dest-id="39601" weight="-4.476301454962041"/>
<connection id="42007" src-id="39497" dest-id="39512" weight="13.7698350412311"/>
<connection id="42036" src-id="39496" dest-id="41523" weight="3.4089678457106727"/>
<connection id="42045" src-id="39484" dest-id="41520" weight="14.500838215556973"/>
<neuron id="42140" type="hid" activation="sigmoid"/>
<connection id="42141" src-id="39507" dest-id="42140" weight="3.486753616519962"/>
<connection id="42142" src-id="42140" dest-id="39513" weight="-7.796648878453967"/>
<neuron id="42155" type="hid" activation="sigmoid"/>
<connection id="42157" src-id="42155" dest-id="39645" weight="-12.969918644004258"/>
<connection id="42252" src-id="39472" dest-id="41906" weight="3.7635164075513656"/>
<connection id="42255" src-id="39481" dest-id="41520" weight="-22.54600408875735"/>
<connection id="42274" src-id="39483" dest-id="41523" weight="2.9989350745768166"/>
<connection id="42277" src-id="39478" dest-id="41523" weight="-4.476046099376704"/>
<connection id="42318" src-id="41520" dest-id="41523" weight="14.458461237809985"/>
<connection id="42339" src-id="39503" dest-id="41906" weight="0.8384291701232023"/>
<connection id="42503" src-id="41523" dest-id="39645" weight="3.450743122385793"/>
<connection id="42627" src-id="39482" dest-id="41906" weight="-0.5167511378695355"/>
<connection id="42722" src-id="39473" dest-id="41520" weight="2.788700884925846"/>
<connection id="42763" src-id="39506" dest-id="41520" weight="3.389236254864094"/>
<connection id="42797" src-id="39507" dest-id="41876" weight="-2.4239827611643703"/>
<connection id="42862" src-id="39507" dest-id="41523" weight="1.6592962835653275"/>
<neuron id="42880" type="hid" activation="sigmoid"/>
<connection id="42881" src-id="39491" dest-id="42880" weight="12.385859420689155"/>
<connection id="42882" src-id="42880" dest-id="39513" weight="-0.2720224016296442"/>
<neuron id="42901" type="hid" activation="sigmoid"/>
<connection id="42902" src-id="39479" dest-id="42901" weight="-13.470386314623834"/>
<connection id="42903" src-id="42901" dest-id="39645" weight="-18.312017556458493"/>
<connection id="43035" src-id="39472" dest-id="41538" weight="-0.30330527675728125"/>
<connection id="43041" src-id="39475" dest-id="41906" weight="-1.0124354508387499"/>
<connection id="43060" src-id="39482" dest-id="42155" weight="0.9303516149520874"/>
<neuron id="43097" type="hid" activation="sigmoid"/>
<connection id="43099" src-id="43097" dest-id="39512" weight="-12.207456820214626"/>
<connection id="43224" src-id="39486" dest-id="39512" weight="4.231497622410341"/>
<connection id="43269" src-id="39495" dest-id="41520" weight="7.853932554364527"/>
<connection id="43306" src-id="39504" dest-id="42901" weight="-3.601193135771154"/>
<connection id="43307" src-id="39601" dest-id="41538" weight="-11.709774029226939"/>
<connection id="43314" src-id="39500" dest-id="41565" weight="-13.425439778840126"/>
<connection id="43315" src-id="39486" dest-id="42901" weight="-1.1192399062515954"/>
<connection id="43319" src-id="39491" dest-id="41538" weight="5.813152125115758"/>
<neuron id="43377" type="hid" activation="sigmoid"/>
<connection id="43378" src-id="39487" dest-id="43377" weight="1.457933035316029"/>
<connection id="43379" src-id="43377" dest-id="39513" weight="-15.239064711429867"/>
<connection id="43442" src-id="39484" dest-id="42901" weight="5.068185231832237"/>
<neuron id="43588" type="hid" activation="sigmoid"/>
<connection id="43589" src-id="39475" dest-id="43588" weight="-1.8423023714635218"/>
<connection id="43590" src-id="43588" dest-id="39601" weight="-2.0912309470706805"/>
<connection id="43726" src-id="39497" dest-id="42901" weight="3.321871794155891"/>
<neuron id="43808" type="hid" activation="sigmoid"/>
<connection id="43809" src-id="39493" dest-id="43808" weight="-9.149765583344236"/>
<connection id="43810" src-id="43808" dest-id="39513" weight="4.168536133934627"/>
<connection id="43952" src-id="39506" dest-id="41565" weight="7.42832548102443"/>
<neuron id="44247" type="hid" activation="sigmoid"/>
<connection id="44248" src-id="39484" dest-id="44247" weight="-5.61758056373542"/>
<connection id="44249" src-id="44247" dest-id="39512" weight="14.924230982462182"/>
<connection id="44322" src-id="39487" dest-id="41523" weight="1.9592963854173049"/>
<connection id="44351" src-id="39493" dest-id="41906" weight="-7.9332174246190545"/>
<connection id="44374" src-id="39502" dest-id="41538" weight="5.937164020331506"/>
<connection id="44375" src-id="39491" dest-id="41565" weight="3.9253171168257803"/>
<connection id="44376" src-id="41523" dest-id="42155" weight="-2.421890750472066"/>
<connection id="44379" src-id="39474" dest-id="42155" weight="11.17185590894252"/>
<connection id="44561" src-id="39489" dest-id="42155" weight="-5.26665678539246"/>
<connection id="44621" src-id="39505" dest-id="41906" weight="3.288685871351416"/>
<connection id="44645" src-id="39475" dest-id="41876" weight="-1.8761044528892787"/>
<connection id="44688" src-id="43588" dest-id="39512" weight="-4.795631696631787"/>
<connection id="44690" src-id="42901" dest-id="39513" weight="-18.449618099668516"/>
<connection id="44691" src-id="39494" dest-id="41565" weight="1.3407503856002623"/>
<connection id="44693" src-id="41565" dest-id="41520" weight="-2.6711801231446946"/>
<connection id="44703" src-id="40493" dest-id="41538" weight="4.367888255402814"/>
<connection id="44877" src-id="43588" dest-id="39645" weight="-4.862374783034059"/>
<connection id="44990" src-id="39476" dest-id="41538" weight="-11.058632852660093"/>
<connection id="45038" src-id="39488" dest-id="41565" weight="-11.089680596669677"/>
<connection id="45041" src-id="40493" dest-id="43588" weight="-5.755106047406485"/>
<connection id="45042" src-id="39497" dest-id="40493" weight="10.250074874530902"/>
<connection id="45272" src-id="39478" dest-id="41565" weight="-4.8340159069828905"/>
<connection id="45285" src-id="39481" dest-id="41906" weight="-0.0552125563789585"/>
<connection id="45286" src-id="39479" dest-id="41565" weight="0.1802890867322784"/>
<connection id="45288" src-id="39471" dest-id="41538" weight="-4.730651335141557"/>
<connection id="45289" src-id="39480" dest-id="41580" weight="8.170306347239789"/>
<connection id="45477" src-id="40493" dest-id="39512" weight="-10.016432837718762"/>
<connection id="45481" src-id="39476" dest-id="40493" weight="8.411930960450277"/>
<connection id="45482" src-id="39601" dest-id="43097" weight="-6.459420948082502"/>
<connection id="45485" src-id="39481" dest-id="43588" weight="10.830576187369461"/>
<connection id="45537" src-id="39490" dest-id="43588" weight="21.528847059362583"/>
<connection id="45540" src-id="39488" dest-id="43097" weight="-7.520436441702014"/>
<connection id="45548" src-id="39476" dest-id="43588" weight="-1.5956730608221825"/>
<connection id="45594" src-id="41523" dest-id="41906" weight="-2.2427347567723177"/>
<connection id="45650" src-id="43588" dest-id="39557" weight="-1.2880931857878029"/>
<connection id="45658" src-id="39488" dest-id="41580" weight="4.64326735080917"/>
<neuron id="45675" type="hid" activation="sigmoid"/>
<connection id="45676" src-id="39497" dest-id="45675" weight="-3.0798732250144316"/>
<connection id="45677" src-id="45675" dest-id="41538" weight="-15.31561544656859"/>
<connection id="45746" src-id="41565" dest-id="42901" weight="0.9776486158370972"/>
<connection id="45808" src-id="39510" dest-id="41538" weight="5.768332213669534"/>
<connection id="45831" src-id="39484" dest-id="41876" weight="0.4063805341720581"/>
<connection id="45833" src-id="39479" dest-id="43588" weight="3.2529488605219865"/>
<connection id="45992" src-id="39474" dest-id="41538" weight="-4.466587916361034"/>
<connection id="46121" src-id="39491" dest-id="42901" weight="-0.781610151815001"/>
<connection id="46123" src-id="39491" dest-id="40493" weight="-14.987067197931824"/>
<connection id="46124" src-id="39477" dest-id="41565" weight="-1.4394088699776328"/>
<connection id="46358" src-id="41520" dest-id="40493" weight="-8.364344700722299"/>
<connection id="46359" src-id="42155" dest-id="39601" weight="0.9043838761305636"/>
<connection id="46362" src-id="41565" dest-id="42140" weight="6.615992285868778"/>
<connection id="46363" src-id="39505" dest-id="41538" weight="2.030175923236433"/>
<connection id="46364" src-id="39510" dest-id="40493" weight="9.065583526676773"/>
<connection id="46770" src-id="39511" dest-id="42140" weight="5.902561474968124"/>
<connection id="46810" src-id="43097" dest-id="42901" weight="5.767425667076093"/>
<connection id="46849" src-id="43097" dest-id="41538" weight="1.2969858960105065"/>
<neuron id="46882" type="hid" activation="sigmoid"/>
<connection id="46883" src-id="39483" dest-id="46882" weight="-3.498474165319699"/>
<connection id="46884" src-id="46882" dest-id="43588" weight="7.6784558315602665"/>
<connection id="47085" src-id="42140" dest-id="39512" weight="-2.0249300234494534"/>
<connection id="47140" src-id="39485" dest-id="42901" weight="3.1572617622866463"/>
<connection id="47164" src-id="39510" dest-id="45675" weight="-3.7578324864594195"/>
<connection id="47185" src-id="39498" dest-id="42140" weight="-9.251386002092636"/>
<connection id="47186" src-id="39474" dest-id="42880" weight="1.756525534194024"/>
<connection id="47187" src-id="40493" dest-id="43097" weight="-4.3735881310009175"/>
<connection id="47188" src-id="39472" dest-id="43097" weight="-2.6121597175841718"/>
<connection id="47190" src-id="39475" dest-id="41565" weight="1.7076441269478222"/>
<neuron id="47280" type="hid" activation="sigmoid"/>
<connection id="47281" src-id="39510" dest-id="47280" weight="-10.934097119235272"/>
<connection id="47282" src-id="47280" dest-id="41906" weight="7.194225616234858"/>
<neuron id="47283" type="hid" activation="sigmoid"/>
<connection id="47284" src-id="39493" dest-id="47283" weight="5.363280541017695"/>
<connection id="47285" src-id="47283" dest-id="39557" weight="7.967360991646994"/>
<connection id="47411" src-id="39509" dest-id="42140" weight="-3.8719290677189395"/>
<connection id="47577" src-id="39483" dest-id="40493" weight="-0.294419013512404"/>
<connection id="47578" src-id="47280" dest-id="43097" weight="5.941032396747145"/>
<connection id="47579" src-id="43588" dest-id="42140" weight="6.3897655718073665"/>
<connection id="47580" src-id="41876" dest-id="43097" weight="-6.685999357103334"/>
<connection id="47581" src-id="39500" dest-id="45675" weight="-6.254132283667881"/>
<connection id="47582" src-id="39495" dest-id="41538" weight="-9.382642760525279"/>
<neuron id="47684" type="hid" activation="sigmoid"/>
<connection id="47685" src-id="39490" dest-id="47684" weight="11.210934304746791"/>
<connection id="47686" src-id="47684" dest-id="41523" weight="6.761736360037646"/>
<connection id="47796" src-id="39488" dest-id="46882" weight="0.2681189123067589"/>
<connection id="47867" src-id="41523" dest-id="42880" weight="-6.118888541962753"/>
<connection id="47893" src-id="39489" dest-id="42140" weight="4.82998499398432"/>
<connection id="47932" src-id="39485" dest-id="43588" weight="-0.2260273162833517"/>
<connection id="47963" src-id="41876" dest-id="42880" weight="1.9147077650137456"/>
<connection id="48208" src-id="39499" dest-id="41580" weight="-4.650879430186748"/>
<connection id="48211" src-id="39509" dest-id="41876" weight="1.3058936443591762"/>
<connection id="48220" src-id="43377" dest-id="42901" weight="-10.598079838155408"/>
<connection id="48283" src-id="39496" dest-id="42880" weight="2.7559219440246743"/>
<connection id="48334" src-id="44247" dest-id="43097" weight="1.5511579599775231"/>
<connection id="48335" src-id="43097" dest-id="43377" weight="-1.8604108745655317"/>
<connection id="48336" src-id="39475" dest-id="43097" weight="7.229939275514019"/>
<connection id="48338" src-id="47684" dest-id="45675" weight="-4.581080431675725"/>
<connection id="48354" src-id="39486" dest-id="41565" weight="-1.259036540787399"/>
<neuron id="48590" type="hid" activation="sigmoid"/>
<connection id="48592" src-id="48590" dest-id="45675" weight="5.5915763318562135"/>
<connection id="48752" src-id="39474" dest-id="44247" weight="2.940131173101706"/>
<connection id="48753" src-id="39601" dest-id="43377" weight="-6.035473704051743"/>
<connection id="48755" src-id="39505" dest-id="43588" weight="0.31739226864159464"/>
<connection id="48757" src-id="39487" dest-id="42880" weight="5.507189089480424"/>
<connection id="48758" src-id="39499" dest-id="43377" weight="-3.80115853716541"/>
<connection id="48805" src-id="40493" dest-id="42140" weight="-1.7073776931884357"/>
<connection id="48878" src-id="39485" dest-id="40493" weight="-0.2705384987166557"/>
<connection id="49078" src-id="47280" dest-id="39513" weight="-0.6397448049164243"/>
<neuron id="49112" type="hid" activation="sigmoid"/>
<connection id="49113" src-id="42901" dest-id="49112" weight="0.7122843900823757"/>
<connection id="49114" src-id="49112" dest-id="42140" weight="-1.2776109075582505"/>
<connection id="49404" src-id="39474" dest-id="43377" weight="2.7640703513293294"/>
<connection id="49405" src-id="48590" dest-id="41538" weight="0.14170552249060275"/>
<connection id="49406" src-id="46882" dest-id="39557" weight="-2.836117037744922"/>
<connection id="49407" src-id="39470" dest-id="48590" weight="2.6792343561341068"/>
<connection id="49408" src-id="39477" dest-id="46882" weight="0.6372192100154438"/>
<connection id="49409" src-id="47280" dest-id="43588" weight="-13.274184015035246"/>
<connection id="49412" src-id="39479" dest-id="43377" weight="5.036771609670565"/>
<connection id="49413" src-id="39496" dest-id="46882" weight="-3.813015303269823"/>
<connection id="49414" src-id="39489" dest-id="49112" weight="-5.460894047022297"/>
<connection id="49415" src-id="46882" dest-id="43377" weight="-1.386665326255589"/>
<connection id="49416" src-id="42140" dest-id="42880" weight="7.361929318082133"/>
<neuron id="49582" type="hid" activation="sigmoid"/>
<connection id="49583" src-id="41580" dest-id="49582" weight="1.8341918024946136"/>
<connection id="49584" src-id="49582" dest-id="39513" weight="7.334165245382735"/>
<connection id="49842" src-id="42155" dest-id="41580" weight="-0.11763714910415074"/>
<connection id="49926" src-id="39489" dest-id="48590" weight="2.918942106502683"/>
<connection id="49928" src-id="39493" dest-id="41118" weight="2.196833207834373"/>
<connection id="49929" src-id="41876" dest-id="43808" weight="-2.3593842660392528"/>
<connection id="49930" src-id="47280" dest-id="47283" weight="5.498427757575696"/>
<connection id="49933" src-id="43808" dest-id="43097" weight="0.7746948798774793"/>
<connection id="49934" src-id="39506" dest-id="41580" weight="-1.1136081021609634"/>
<connection id="49935" src-id="40493" dest-id="47283" weight="-3.041111640030407"/>
<connection id="49936" src-id="41858" dest-id="47280" weight="3.2573714893404384"/>
<neuron id="50137" type="hid" activation="sigmoid"/>
<connection id="50138" src-id="46882" dest-id="50137" weight="3.0311452174363147"/>
<connection id="50139" src-id="50137" dest-id="48590" weight="-3.2058256239367884"/>
<connection id="50293" src-id="39495" dest-id="47684" weight="1.5188366727496478"/>
<connection id="50294" src-id="39513" dest-id="48590" weight="0.750926379305745"/>
<connection id="50296" src-id="39494" dest-id="49582" weight="-2.521699459043243"/>
<connection id="50298" src-id="39484" dest-id="42880" weight="1.3749463372126653"/>
<connection id="51235" src-id="41906" dest-id="42140" weight="-1.8171191852021804"/>
<connection id="51236" src-id="47684" dest-id="48590" weight="-0.9472047090530396"/>
<connection id="51237" src-id="42155" dest-id="42880" weight="-0.26332759857177734"/>
<connection id="51238" src-id="39493" dest-id="49582" weight="-1.992585156284509"/>
<connection id="51239" src-id="39475" dest-id="43808" weight="-1.6057052599892967"/>
<connection id="51241" src-id="47280" dest-id="41580" weight="0.6048119641290923"/>
<connection id="51243" src-id="39498" dest-id="41118" weight="-2.1419640952898535"/>
<connection id="51245" src-id="41118" dest-id="42901" weight="4.15031896465942"/>
<connection id="51246" src-id="43808" dest-id="47684" weight="-3.7800789195873516"/>
<connection id="51247" src-id="39645" dest-id="47283" weight="-1.116111354717034"/>
<connection id="51248" src-id="39495" dest-id="41858" weight="-5.068202222229968"/>
</chromosome>