<chromosome id="62890" primary-parent-id="62321"><neuron id="52914" type="in" activation="linear"/>
<neuron id="52915" type="in" activation="linear"/>
<neuron id="52916" type="in" activation="linear"/>
<neuron id="52917" type="in" activation="linear"/>
<neuron id="52918" type="in" activation="linear"/>
<neuron id="52919" type="in" activation="linear"/>
<neuron id="52920" type="in" activation="linear"/>
<neuron id="52921" type="in" activation="linear"/>
<neuron id="52922" type="in" activation="linear"/>
<neuron id="52923" type="in" activation="linear"/>
<neuron id="52924" type="in" activation="linear"/>
<neuron id="52925" type="in" activation="linear"/>
<neuron id="52926" type="in" activation="linear"/>
<neuron id="52927" type="in" activation="linear"/>
<neuron id="52928" type="in" activation="linear"/>
<neuron id="52929" type="in" activation="linear"/>
<neuron id="52930" type="in" activation="linear"/>
<neuron id="52931" type="in" activation="linear"/>
<neuron id="52932" type="in" activation="linear"/>
<neuron id="52933" type="in" activation="linear"/>
<neuron id="52934" type="in" activation="linear"/>
<neuron id="52935" type="in" activation="linear"/>
<neuron id="52936" type="in" activation="linear"/>
<neuron id="52937" type="in" activation="linear"/>
<neuron id="52938" type="in" activation="linear"/>
<neuron id="52939" type="in" activation="linear"/>
<neuron id="52940" type="in" activation="linear"/>
<neuron id="52941" type="in" activation="linear"/>
<neuron id="52942" type="in" activation="linear"/>
<neuron id="52943" type="in" activation="linear"/>
<neuron id="52944" type="in" activation="linear"/>
<neuron id="52945" type="in" activation="linear"/>
<neuron id="52946" type="in" activation="linear"/>
<neuron id="52947" type="in" activation="linear"/>
<neuron id="52948" type="in" activation="linear"/>
<neuron id="52949" type="in" activation="linear"/>
<neuron id="52950" type="in" activation="linear"/>
<neuron id="52951" type="in" activation="linear"/>
<neuron id="52952" type="in" activation="linear"/>
<neuron id="52953" type="in" activation="linear"/>
<neuron id="52954" type="in" activation="linear"/>
<neuron id="52955" type="in" activation="linear"/>
<neuron id="52956" type="out" activation="linear"/>
<neuron id="52957" type="hid" activation="sigmoid"/>
<connection id="52959" src-id="52915" dest-id="52957" weight="-7.0247606358089865"/>
<connection id="52963" src-id="52919" dest-id="52957" weight="-0.03872454274142534"/>
<connection id="52964" src-id="52920" dest-id="52957" weight="1.7775062950041067"/>
<connection id="52965" src-id="52921" dest-id="52957" weight="4.397854711372779"/>
<connection id="52966" src-id="52922" dest-id="52957" weight="17.541897534357876"/>
<connection id="52967" src-id="52923" dest-id="52957" weight="-2.049374754842858"/>
<connection id="52968" src-id="52924" dest-id="52957" weight="9.264918208158942"/>
<connection id="52969" src-id="52925" dest-id="52957" weight="-6.256444104200767"/>
<connection id="52970" src-id="52926" dest-id="52957" weight="8.353148992862263"/>
<connection id="52971" src-id="52927" dest-id="52957" weight="-1.7839865161296795"/>
<connection id="52972" src-id="52928" dest-id="52957" weight="-11.101206743027618"/>
<connection id="52974" src-id="52930" dest-id="52957" weight="16.816061018727083"/>
<connection id="52976" src-id="52932" dest-id="52957" weight="14.032902352328696"/>
<connection id="52978" src-id="52934" dest-id="52957" weight="-25.919837543044842"/>
<connection id="52979" src-id="52935" dest-id="52957" weight="-6.59131110693157"/>
<connection id="52980" src-id="52936" dest-id="52957" weight="7.065861125720414"/>
<connection id="52982" src-id="52938" dest-id="52957" weight="27.1377999278999"/>
<connection id="52983" src-id="52939" dest-id="52957" weight="4.936077018500141"/>
<connection id="52984" src-id="52940" dest-id="52957" weight="17.340673739071523"/>
<connection id="52985" src-id="52941" dest-id="52957" weight="5.425161800405803"/>
<connection id="52986" src-id="52942" dest-id="52957" weight="-12.915946103328462"/>
<connection id="52987" src-id="52943" dest-id="52957" weight="-6.0737778544765675"/>
<connection id="52988" src-id="52944" dest-id="52957" weight="-1.875814415685951"/>
<connection id="52990" src-id="52946" dest-id="52957" weight="5.044390749177674"/>
<connection id="52991" src-id="52947" dest-id="52957" weight="3.738029296275504"/>
<connection id="52992" src-id="52948" dest-id="52957" weight="-13.3453007934988"/>
<connection id="52993" src-id="52949" dest-id="52957" weight="5.400263465300466"/>
<connection id="52994" src-id="52950" dest-id="52957" weight="-11.310064691830142"/>
<connection id="52995" src-id="52951" dest-id="52957" weight="8.100583839282908"/>
<connection id="52996" src-id="52952" dest-id="52957" weight="21.77734647666974"/>
<connection id="52997" src-id="52953" dest-id="52957" weight="1.2838398807900009"/>
<connection id="53000" src-id="52957" dest-id="52956" weight="9.421214003290915"/>
<neuron id="53001" type="hid" activation="sigmoid"/>
<connection id="53002" src-id="52914" dest-id="53001" weight="-5.9089057707263555"/>
<connection id="53005" src-id="52917" dest-id="53001" weight="11.200516971585612"/>
<connection id="53006" src-id="52918" dest-id="53001" weight="-9.379076695239071"/>
<connection id="53007" src-id="52919" dest-id="53001" weight="-5.879187759408088"/>
<connection id="53010" src-id="52922" dest-id="53001" weight="11.185865076047643"/>
<connection id="53011" src-id="52923" dest-id="53001" weight="-11.162989938798134"/>
<connection id="53012" src-id="52924" dest-id="53001" weight="0.6681585894062017"/>
<connection id="53013" src-id="52925" dest-id="53001" weight="-19.18735445736345"/>
<connection id="53014" src-id="52926" dest-id="53001" weight="17.13436218523462"/>
<connection id="53015" src-id="52927" dest-id="53001" weight="9.360391860712866"/>
<connection id="53016" src-id="52928" dest-id="53001" weight="-12.105367980621507"/>
<connection id="53019" src-id="52931" dest-id="53001" weight="3.419201976854863"/>
<connection id="53021" src-id="52933" dest-id="53001" weight="-39.32350969754823"/>
<connection id="53022" src-id="52934" dest-id="53001" weight="-27.633238318856577"/>
<connection id="53023" src-id="52935" dest-id="53001" weight="-1.2841691621996887"/>
<connection id="53025" src-id="52937" dest-id="53001" weight="8.19601417215226"/>
<connection id="53026" src-id="52938" dest-id="53001" weight="-17.795184738368107"/>
<connection id="53027" src-id="52939" dest-id="53001" weight="-11.637018767429725"/>
<connection id="53028" src-id="52940" dest-id="53001" weight="22.46007243437614"/>
<connection id="53031" src-id="52943" dest-id="53001" weight="6.259952941958808"/>
<connection id="53032" src-id="52944" dest-id="53001" weight="-1.9904306799667162"/>
<connection id="53033" src-id="52945" dest-id="53001" weight="-19.890279214273857"/>
<connection id="53034" src-id="52946" dest-id="53001" weight="-18.618641411041366"/>
<connection id="53036" src-id="52948" dest-id="53001" weight="4.277631957369815"/>
<connection id="53037" src-id="52949" dest-id="53001" weight="2.2118642294875923"/>
<connection id="53038" src-id="52950" dest-id="53001" weight="12.361303332130818"/>
<connection id="53039" src-id="52951" dest-id="53001" weight="-6.598889868244982"/>
<connection id="53040" src-id="52952" dest-id="53001" weight="-18.328393169985596"/>
<connection id="53041" src-id="52953" dest-id="53001" weight="-6.860749020937758"/>
<connection id="53042" src-id="52954" dest-id="53001" weight="-4.317928250197483"/>
<connection id="53043" src-id="52955" dest-id="53001" weight="-9.855488303153379"/>
<neuron id="53045" type="hid" activation="sigmoid"/>
<connection id="53046" src-id="52914" dest-id="53045" weight="5.905029652833625"/>
<connection id="53049" src-id="52917" dest-id="53045" weight="4.999539282589813"/>
<connection id="53050" src-id="52918" dest-id="53045" weight="-4.285464136151771"/>
<connection id="53051" src-id="52919" dest-id="53045" weight="15.249894008725617"/>
<connection id="53052" src-id="52920" dest-id="53045" weight="-14.69224890544578"/>
<connection id="53053" src-id="52921" dest-id="53045" weight="-5.2323592186859536"/>
<connection id="53054" src-id="52922" dest-id="53045" weight="-15.544203738548612"/>
<connection id="53056" src-id="52924" dest-id="53045" weight="-8.40628841061844"/>
<connection id="53058" src-id="52926" dest-id="53045" weight="-3.3081946660099897"/>
<connection id="53059" src-id="52927" dest-id="53045" weight="19.40383716424034"/>
<connection id="53060" src-id="52928" dest-id="53045" weight="-5.185604990350175"/>
<connection id="53061" src-id="52929" dest-id="53045" weight="-34.98664557747247"/>
<connection id="53062" src-id="52930" dest-id="53045" weight="-12.035723710439994"/>
<connection id="53063" src-id="52931" dest-id="53045" weight="-15.588006342135516"/>
<connection id="53064" src-id="52932" dest-id="53045" weight="13.345738220159898"/>
<connection id="53065" src-id="52933" dest-id="53045" weight="-4.182799013791786"/>
<connection id="53066" src-id="52934" dest-id="53045" weight="14.534121448905783"/>
<connection id="53067" src-id="52935" dest-id="53045" weight="-16.66029013947426"/>
<connection id="53070" src-id="52938" dest-id="53045" weight="-25.98334304328215"/>
<connection id="53071" src-id="52939" dest-id="53045" weight="-9.46886483744624"/>
<connection id="53072" src-id="52940" dest-id="53045" weight="-1.502556597765825"/>
<connection id="53073" src-id="52941" dest-id="53045" weight="-6.536222491772258"/>
<connection id="53074" src-id="52942" dest-id="53045" weight="-15.199523439526144"/>
<connection id="53075" src-id="52943" dest-id="53045" weight="-5.686955868486932"/>
<connection id="53078" src-id="52946" dest-id="53045" weight="12.58867750108205"/>
<connection id="53079" src-id="52947" dest-id="53045" weight="-1.849537760250298"/>
<connection id="53080" src-id="52948" dest-id="53045" weight="-5.2452741467786"/>
<connection id="53081" src-id="52949" dest-id="53045" weight="-9.9631030644545"/>
<connection id="53082" src-id="52950" dest-id="53045" weight="-8.792089861737605"/>
<connection id="53083" src-id="52951" dest-id="53045" weight="8.282058646999035"/>
<connection id="53084" src-id="52952" dest-id="53045" weight="15.077786122884266"/>
<connection id="53085" src-id="52953" dest-id="53045" weight="5.64724868491531"/>
<connection id="53086" src-id="52954" dest-id="53045" weight="7.190314651517316E-4"/>
<connection id="53087" src-id="52955" dest-id="53045" weight="2.3895761219571026"/>
<connection id="53088" src-id="53045" dest-id="52956" weight="7.21230814834642"/>
<neuron id="53089" type="hid" activation="sigmoid"/>
<connection id="53090" src-id="52914" dest-id="53089" weight="10.451307547874919"/>
<connection id="53091" src-id="52915" dest-id="53089" weight="-8.420088415900409"/>
<connection id="53094" src-id="52918" dest-id="53089" weight="17.453118633458732"/>
<connection id="53096" src-id="52920" dest-id="53089" weight="-8.513870328311375"/>
<connection id="53097" src-id="52921" dest-id="53089" weight="-9.179168300661464"/>
<connection id="53098" src-id="52922" dest-id="53089" weight="-11.958126225551247"/>
<connection id="53099" src-id="52923" dest-id="53089" weight="-14.213738520392456"/>
<connection id="53100" src-id="52924" dest-id="53089" weight="-6.485637638803026"/>
<connection id="53101" src-id="52925" dest-id="53089" weight="-9.155951738262358"/>
<connection id="53102" src-id="52926" dest-id="53089" weight="11.568918573868343"/>
<connection id="53103" src-id="52927" dest-id="53089" weight="8.331798927071144"/>
<connection id="53104" src-id="52928" dest-id="53089" weight="-27.753932366836047"/>
<connection id="53105" src-id="52929" dest-id="53089" weight="6.310338388255279"/>
<connection id="53106" src-id="52930" dest-id="53089" weight="7.1643311793446465"/>
<connection id="53107" src-id="52931" dest-id="53089" weight="-10.876704477773814"/>
<connection id="53108" src-id="52932" dest-id="53089" weight="-8.18325246751361"/>
<connection id="53110" src-id="52934" dest-id="53089" weight="3.363330270128241"/>
<connection id="53111" src-id="52935" dest-id="53089" weight="2.430226083297258"/>
<connection id="53112" src-id="52936" dest-id="53089" weight="2.4681169323243295"/>
<connection id="53113" src-id="52937" dest-id="53089" weight="-1.683815455297914"/>
<connection id="53114" src-id="52938" dest-id="53089" weight="9.16289570775496"/>
<connection id="53116" src-id="52940" dest-id="53089" weight="15.804444521127047"/>
<connection id="53117" src-id="52941" dest-id="53089" weight="6.741394776253527"/>
<connection id="53118" src-id="52942" dest-id="53089" weight="-6.0956644397097985"/>
<connection id="53119" src-id="52943" dest-id="53089" weight="10.516523378686667"/>
<connection id="53121" src-id="52945" dest-id="53089" weight="-16.472935166557296"/>
<connection id="53122" src-id="52946" dest-id="53089" weight="-13.624152974064044"/>
<connection id="53124" src-id="52948" dest-id="53089" weight="-0.6124361311275026"/>
<connection id="53128" src-id="52952" dest-id="53089" weight="-2.0624476975327353"/>
<connection id="53129" src-id="52953" dest-id="53089" weight="-0.7098806148041521"/>
<connection id="53130" src-id="52954" dest-id="53089" weight="2.49445677270925"/>
<connection id="53131" src-id="52955" dest-id="53089" weight="15.330076647051502"/>
<connection id="53132" src-id="53089" dest-id="52956" weight="16.100190279760785"/>
<neuron id="53133" type="hid" activation="sigmoid"/>
<connection id="53134" src-id="52914" dest-id="53133" weight="-12.914790985339442"/>
<connection id="53135" src-id="52915" dest-id="53133" weight="-15.447727441285695"/>
<connection id="53137" src-id="52917" dest-id="53133" weight="-11.273521821269869"/>
<connection id="53138" src-id="52918" dest-id="53133" weight="-10.3722095126933"/>
<connection id="53139" src-id="52919" dest-id="53133" weight="10.545451477723471"/>
<connection id="53140" src-id="52920" dest-id="53133" weight="-7.7015530124085565"/>
<connection id="53141" src-id="52921" dest-id="53133" weight="3.026290758032658"/>
<connection id="53142" src-id="52922" dest-id="53133" weight="0.7019335062395158"/>
<connection id="53144" src-id="52924" dest-id="53133" weight="-3.908735209181962"/>
<connection id="53145" src-id="52925" dest-id="53133" weight="-1.094942771664543"/>
<connection id="53146" src-id="52926" dest-id="53133" weight="-13.852924104685385"/>
<connection id="53147" src-id="52927" dest-id="53133" weight="-6.899638562434392"/>
<connection id="53148" src-id="52928" dest-id="53133" weight="-5.600444293288903"/>
<connection id="53149" src-id="52929" dest-id="53133" weight="4.601644872978635"/>
<connection id="53150" src-id="52930" dest-id="53133" weight="6.968458553553882"/>
<connection id="53153" src-id="52933" dest-id="53133" weight="10.714205341416296"/>
<connection id="53155" src-id="52935" dest-id="53133" weight="-22.037997938403723"/>
<connection id="53156" src-id="52936" dest-id="53133" weight="17.882364272958903"/>
<connection id="53157" src-id="52937" dest-id="53133" weight="26.30856104700525"/>
<connection id="53158" src-id="52938" dest-id="53133" weight="-15.202212382723346"/>
<connection id="53159" src-id="52939" dest-id="53133" weight="-4.886643293346786"/>
<connection id="53160" src-id="52940" dest-id="53133" weight="-5.309530830635595"/>
<connection id="53161" src-id="52941" dest-id="53133" weight="9.32324035063451"/>
<connection id="53162" src-id="52942" dest-id="53133" weight="-9.699378005293552"/>
<connection id="53163" src-id="52943" dest-id="53133" weight="-20.453317999974274"/>
<connection id="53164" src-id="52944" dest-id="53133" weight="-8.022736156189955"/>
<connection id="53167" src-id="52947" dest-id="53133" weight="15.244805860509725"/>
<connection id="53168" src-id="52948" dest-id="53133" weight="6.522202532711129"/>
<connection id="53169" src-id="52949" dest-id="53133" weight="0.7511940277526232"/>
<connection id="53172" src-id="52952" dest-id="53133" weight="-5.292374676197106"/>
<connection id="53173" src-id="52953" dest-id="53133" weight="4.090516943597933"/>
<connection id="53174" src-id="52954" dest-id="53133" weight="-16.635769735261924"/>
<connection id="53176" src-id="53133" dest-id="52956" weight="-5.184333712139624"/>
<connection id="53261" src-id="53089" dest-id="52957" weight="-8.67080127624257"/>
<connection id="53262" src-id="52945" dest-id="52956" weight="22.324937732261333"/>
<neuron id="53512" type="hid" activation="sigmoid"/>
<connection id="53513" src-id="52946" dest-id="53512" weight="13.436447732630928"/>
<connection id="53514" src-id="53512" dest-id="53133" weight="18.040217910143788"/>
<neuron id="53515" type="hid" activation="sigmoid"/>
<connection id="53516" src-id="52929" dest-id="53515" weight="-0.46267709459643624"/>
<connection id="53517" src-id="53515" dest-id="53001" weight="-2.6736174250449323"/>
<neuron id="53518" type="hid" activation="sigmoid"/>
<connection id="53519" src-id="52932" dest-id="53518" weight="2.0345016947863566"/>
<connection id="53520" src-id="53518" dest-id="53133" weight="-9.949247319462769"/>
<connection id="53670" src-id="52923" dest-id="52956" weight="21.792456857519646"/>
<connection id="53816" src-id="52935" dest-id="53512" weight="10.964825215628418"/>
<neuron id="53857" type="hid" activation="sigmoid"/>
<connection id="53859" src-id="53857" dest-id="53001" weight="3.2105629381818703"/>
<neuron id="53869" type="hid" activation="sigmoid"/>
<connection id="53870" src-id="52931" dest-id="53869" weight="-5.339060920151109"/>
<connection id="53933" src-id="52934" dest-id="52956" weight="4.601577790685595"/>
<connection id="54061" src-id="52916" dest-id="52956" weight="4.647997744209555"/>
<connection id="54093" src-id="53001" dest-id="52957" weight="2.8066483716750126"/>
<neuron id="54145" type="hid" activation="sigmoid"/>
<connection id="54146" src-id="52916" dest-id="54145" weight="9.56902440707096"/>
<neuron id="54148" type="hid" activation="sigmoid"/>
<connection id="54149" src-id="52939" dest-id="54148" weight="-0.3137215519411658"/>
<connection id="54150" src-id="54148" dest-id="53089" weight="0.37727160842786445"/>
<connection id="54262" src-id="52936" dest-id="53857" weight="-6.195421597304101"/>
<neuron id="54421" type="hid" activation="sigmoid"/>
<connection id="54422" src-id="52947" dest-id="54421" weight="-12.682716747084974"/>
<neuron id="54641" type="hid" activation="sigmoid"/>
<neuron id="54644" type="hid" activation="sigmoid"/>
<connection id="54645" src-id="52933" dest-id="54644" weight="2.657971046219827"/>
<connection id="54646" src-id="54644" dest-id="52957" weight="-12.043258461996611"/>
<connection id="54771" src-id="53089" dest-id="53045" weight="2.6223878910449314"/>
<neuron id="54885" type="hid" activation="sigmoid"/>
<connection id="55065" src-id="52941" dest-id="53857" weight="5.250203723921684"/>
<connection id="55243" src-id="52930" dest-id="53857" weight="3.5119631108119203"/>
<connection id="55268" src-id="52917" dest-id="53857" weight="-5.875836363929534"/>
<neuron id="55275" type="hid" activation="sigmoid"/>
<connection id="55276" src-id="52915" dest-id="55275" weight="-3.7658324910721808"/>
<connection id="55277" src-id="55275" dest-id="53001" weight="12.978377521444866"/>
<connection id="55430" src-id="52936" dest-id="54641" weight="15.269535900606163"/>
<connection id="55431" src-id="52952" dest-id="53857" weight="-1.2543871516007965"/>
<neuron id="55510" type="hid" activation="sigmoid"/>
<connection id="55511" src-id="52929" dest-id="55510" weight="-6.029404094466225"/>
<connection id="55512" src-id="55510" dest-id="52957" weight="-22.239511330420505"/>
<connection id="55548" src-id="52921" dest-id="53857" weight="1.5001648144619333"/>
<connection id="55575" src-id="52950" dest-id="52956" weight="-10.577495289546219"/>
<connection id="55610" src-id="52937" dest-id="54641" weight="-12.896969061905816"/>
<connection id="55618" src-id="52941" dest-id="54641" weight="4.225485002095136"/>
<connection id="55633" src-id="52945" dest-id="54644" weight="-0.7742197950695049"/>
<neuron id="55667" type="hid" activation="sigmoid"/>
<connection id="55668" src-id="52918" dest-id="55667" weight="5.566499226502561"/>
<connection id="55669" src-id="55667" dest-id="52957" weight="-7.665459221604756"/>
<connection id="55757" src-id="52944" dest-id="54885" weight="-4.365486157482879"/>
<connection id="55780" src-id="52915" dest-id="52956" weight="15.841180251876718"/>
<connection id="55808" src-id="52917" dest-id="54885" weight="-3.1604626036368524"/>
<connection id="55860" src-id="54641" dest-id="52956" weight="-14.669214995776416"/>
<connection id="55885" src-id="52915" dest-id="53857" weight="-9.910179928455456"/>
<connection id="55888" src-id="52937" dest-id="54885" weight="-7.721872053664184"/>
<connection id="55948" src-id="52947" dest-id="54885" weight="-0.9832537890877369"/>
<neuron id="55969" type="hid" activation="sigmoid"/>
<connection id="55971" src-id="55969" dest-id="53045" weight="14.5331327542332"/>
<connection id="56069" src-id="52921" dest-id="52956" weight="8.439511844036382"/>
<neuron id="56097" type="hid" activation="sigmoid"/>
<connection id="56098" src-id="52917" dest-id="56097" weight="3.634368288175324"/>
<connection id="56099" src-id="56097" dest-id="53089" weight="-7.381367805348486"/>
<neuron id="56103" type="hid" activation="sigmoid"/>
<connection id="56104" src-id="52937" dest-id="56103" weight="-0.7923084842474877"/>
<connection id="56105" src-id="56103" dest-id="53045" weight="-4.745459013808994"/>
<connection id="56142" src-id="54641" dest-id="53133" weight="0.47275897774835673"/>
<connection id="56168" src-id="52952" dest-id="54641" weight="-9.075509383712337"/>
<connection id="56217" src-id="54885" dest-id="53133" weight="-6.51049134282766"/>
<neuron id="56237" type="hid" activation="sigmoid"/>
<connection id="56238" src-id="52918" dest-id="56237" weight="5.166349376278628"/>
<connection id="56239" src-id="56237" dest-id="52956" weight="1.170588439664992"/>
<connection id="56319" src-id="52940" dest-id="54641" weight="-10.814883029546813"/>
<connection id="56335" src-id="52928" dest-id="55969" weight="-3.688445184045258"/>
<connection id="56344" src-id="52934" dest-id="54644" weight="6.407712973415216"/>
<connection id="56386" src-id="52927" dest-id="55969" weight="-1.3374307106542673"/>
<connection id="56397" src-id="52929" dest-id="54641" weight="7.088454372668025"/>
<connection id="56422" src-id="52928" dest-id="54641" weight="-4.936232255648555"/>
<connection id="56423" src-id="52953" dest-id="54641" weight="-1.6937171672839746"/>
<neuron id="56480" type="hid" activation="sigmoid"/>
<connection id="56481" src-id="52954" dest-id="56480" weight="5.947527640288424"/>
<connection id="56482" src-id="56480" dest-id="52957" weight="-3.045621758352177"/>
<neuron id="56483" type="hid" activation="sigmoid"/>
<connection id="56484" src-id="52932" dest-id="56483" weight="-7.756740243380358"/>
<connection id="56485" src-id="56483" dest-id="53857" weight="-9.203371524461941"/>
<connection id="56534" src-id="52925" dest-id="55969" weight="-0.7462242871223332"/>
<connection id="56543" src-id="52931" dest-id="54641" weight="1.9696702764535705"/>
<connection id="56555" src-id="53857" dest-id="55969" weight="-14.529440985866511"/>
<connection id="56559" src-id="54885" dest-id="52956" weight="-10.108539222447462"/>
<connection id="56566" src-id="52945" dest-id="55969" weight="-9.93083068419392"/>
<neuron id="56572" type="hid" activation="sigmoid"/>
<connection id="56573" src-id="52951" dest-id="56572" weight="3.69254661307393"/>
<connection id="56574" src-id="56572" dest-id="53089" weight="11.083305172772906"/>
<neuron id="56575" type="hid" activation="sigmoid"/>
<connection id="56576" src-id="54641" dest-id="56575" weight="-16.01767909378511"/>
<connection id="56577" src-id="56575" dest-id="53089" weight="-36.37368946887974"/>
<neuron id="56578" type="hid" activation="sigmoid"/>
<connection id="56579" src-id="52937" dest-id="56578" weight="5.994024854948976"/>
<connection id="56635" src-id="52951" dest-id="54885" weight="3.2616295015751047"/>
<connection id="56642" src-id="54644" dest-id="53089" weight="3.572902553509265"/>
<neuron id="56692" type="hid" activation="sigmoid"/>
<connection id="56693" src-id="53869" dest-id="56692" weight="-7.915302060350001"/>
<connection id="56694" src-id="56692" dest-id="52957" weight="-13.661564024194286"/>
<connection id="56767" src-id="53869" dest-id="53512" weight="4.784314872279184"/>
<connection id="56768" src-id="52914" dest-id="56575" weight="0.9940981607712787"/>
<connection id="56769" src-id="54644" dest-id="53869" weight="16.87611486910527"/>
<connection id="56780" src-id="52948" dest-id="56575" weight="2.4436639167914738"/>
<connection id="56875" src-id="53001" dest-id="55667" weight="0.07658995630423271"/>
<connection id="56895" src-id="52939" dest-id="56578" weight="3.886091689621677"/>
<connection id="56964" src-id="52948" dest-id="53869" weight="9.657226163491451"/>
<connection id="56966" src-id="54641" dest-id="53512" weight="-5.058272256530806"/>
<connection id="56971" src-id="52952" dest-id="54885" weight="-1.1561920606804192"/>
<connection id="57024" src-id="52930" dest-id="55667" weight="-3.256317910098556"/>
<connection id="57036" src-id="52950" dest-id="56575" weight="-3.7978825886896304"/>
<connection id="57125" src-id="55667" dest-id="53045" weight="6.780852012765294"/>
<connection id="57165" src-id="56483" dest-id="53045" weight="0.016345172213709624"/>
<connection id="57171" src-id="52919" dest-id="55667" weight="-4.9771180288642745"/>
<connection id="57172" src-id="52924" dest-id="53512" weight="-3.47772691536879"/>
<connection id="57173" src-id="56483" dest-id="54641" weight="-3.8309061314355164"/>
<connection id="57188" src-id="52950" dest-id="55969" weight="1.259388717416333"/>
<neuron id="57231" type="hid" activation="sigmoid"/>
<connection id="57232" src-id="52944" dest-id="57231" weight="-1.6522268210067819"/>
<connection id="57233" src-id="57231" dest-id="53089" weight="7.134521461475423"/>
<connection id="57272" src-id="56575" dest-id="53133" weight="11.171606978371367"/>
<connection id="57273" src-id="52937" dest-id="56575" weight="14.922542506672443"/>
<connection id="57274" src-id="53001" dest-id="53869" weight="-9.06927926649039"/>
<connection id="57275" src-id="52943" dest-id="55667" weight="1.839462528083581"/>
<connection id="57277" src-id="52925" dest-id="56575" weight="3.5009283450597293"/>
<connection id="57278" src-id="52947" dest-id="54644" weight="10.648020017379396"/>
<connection id="57313" src-id="52955" dest-id="54641" weight="5.772920250733184"/>
<connection id="57381" src-id="52929" dest-id="53512" weight="3.9846425133874357"/>
<neuron id="57410" type="hid" activation="sigmoid"/>
<connection id="57411" src-id="52933" dest-id="57410" weight="0.2441629079651011"/>
<connection id="57412" src-id="57410" dest-id="53089" weight="3.8956844392291616"/>
<connection id="57514" src-id="52952" dest-id="56578" weight="-9.822796469050488"/>
<connection id="57518" src-id="54421" dest-id="54641" weight="-5.114790355946135"/>
<connection id="57519" src-id="56578" dest-id="54644" weight="1.9510037676826208"/>
<connection id="57520" src-id="52944" dest-id="56575" weight="3.7071888281942726"/>
<connection id="57522" src-id="52926" dest-id="53518" weight="4.660432219299484"/>
<connection id="57523" src-id="52937" dest-id="56483" weight="-6.3690690267818555"/>
<connection id="57527" src-id="56575" dest-id="53518" weight="1.3364805776329227"/>
<neuron id="57562" type="hid" activation="sigmoid"/>
<connection id="57563" src-id="52952" dest-id="57562" weight="4.201301761343925"/>
<connection id="57564" src-id="57562" dest-id="54644" weight="10.8096461483286"/>
<connection id="57593" src-id="52948" dest-id="55969" weight="-3.7357163586952167"/>
<connection id="57639" src-id="52927" dest-id="56483" weight="-3.735762069275512"/>
<connection id="57643" src-id="52944" dest-id="56578" weight="-0.2787606312659525"/>
<connection id="57646" src-id="52938" dest-id="57562" weight="0.6764161688694084"/>
<connection id="57650" src-id="52931" dest-id="54644" weight="-0.6911002920326524"/>
<connection id="57651" src-id="54885" dest-id="56578" weight="-15.260102944719751"/>
<connection id="57652" src-id="56578" dest-id="56575" weight="1.9241935964493033"/>
<connection id="57653" src-id="52927" dest-id="54421" weight="6.9738284644818265"/>
<connection id="57654" src-id="54145" dest-id="52957" weight="-1.9116266259316221"/>
<connection id="57655" src-id="52921" dest-id="54145" weight="-10.509341028340273"/>
<connection id="57656" src-id="52937" dest-id="53518" weight="-19.842509595576512"/>
<connection id="57659" src-id="52945" dest-id="53869" weight="5.170759592623516"/>
<connection id="57660" src-id="54644" dest-id="56575" weight="7.82796696972869"/>
<connection id="57661" src-id="52932" dest-id="54145" weight="12.331832116505332"/>
<connection id="57662" src-id="52925" dest-id="56483" weight="-1.2492392463840691"/>
<neuron id="57703" type="hid" activation="sigmoid"/>
<connection id="57705" src-id="57703" dest-id="54885" weight="-4.468590415132253"/>
<connection id="57738" src-id="52936" dest-id="54421" weight="-3.4171239438720966"/>
<connection id="57763" src-id="56483" dest-id="55969" weight="-8.201354857920341"/>
<connection id="57780" src-id="52947" dest-id="56578" weight="-0.5571163473543042"/>
<connection id="57782" src-id="52942" dest-id="57703" weight="-0.8647027644439199"/>
<connection id="57785" src-id="52918" dest-id="54145" weight="1.7909885746148255"/>
<connection id="57807" src-id="52951" dest-id="53518" weight="4.169241085512938"/>
<connection id="57808" src-id="56578" dest-id="53869" weight="1.9117390986545932"/>
<connection id="57811" src-id="57703" dest-id="54641" weight="10.353116587463093"/>
<connection id="57813" src-id="52944" dest-id="56480" weight="-3.007578137738907"/>
<connection id="57816" src-id="52940" dest-id="57703" weight="4.756571902127472"/>
<connection id="57819" src-id="52943" dest-id="56578" weight="-10.517214803521128"/>
<connection id="57821" src-id="54145" dest-id="53001" weight="0.12376322012421959"/>
<connection id="57877" src-id="52937" dest-id="53869" weight="0.5047509265797129"/>
<connection id="57879" src-id="52920" dest-id="54644" weight="7.767917129548542"/>
<neuron id="57889" type="hid" activation="sigmoid"/>
<connection id="57890" src-id="54145" dest-id="57889" weight="8.65045126968851"/>
<connection id="57929" src-id="55969" dest-id="53869" weight="-0.4968912952842168"/>
<connection id="57946" src-id="52920" dest-id="55667" weight="0.5080007133281825"/>
<connection id="57957" src-id="54885" dest-id="53089" weight="11.375249647500707"/>
<connection id="57980" src-id="52919" dest-id="54885" weight="-4.547376132082472"/>
<connection id="58052" src-id="54421" dest-id="53869" weight="-0.12965861037425297"/>
<connection id="58059" src-id="52923" dest-id="53869" weight="1.5360834196330595"/>
<connection id="58063" src-id="52955" dest-id="53518" weight="-1.9018930234584701"/>
<connection id="58072" src-id="52949" dest-id="57562" weight="-3.8682049739330786"/>
<connection id="58078" src-id="52941" dest-id="56572" weight="6.292400078705003"/>
<connection id="58079" src-id="52920" dest-id="57231" weight="-0.6718250375682091"/>
<connection id="58080" src-id="57231" dest-id="54885" weight="1.48988177119129"/>
<connection id="58081" src-id="52924" dest-id="57889" weight="2.072652336871613"/>
<connection id="58082" src-id="52941" dest-id="57703" weight="-10.512812383440304"/>
<connection id="58086" src-id="52917" dest-id="53518" weight="-3.258834395789819"/>
<neuron id="58105" type="hid" activation="sigmoid"/>
<connection id="58106" src-id="54421" dest-id="58105" weight="9.292647508763551"/>
<connection id="58107" src-id="58105" dest-id="53089" weight="16.45051424699555"/>
<connection id="58230" src-id="52949" dest-id="56572" weight="8.118154340541007"/>
<connection id="58309" src-id="52942" dest-id="56572" weight="-9.1647661521669"/>
<connection id="58311" src-id="52932" dest-id="56575" weight="-2.4687840065247686"/>
<connection id="58314" src-id="52922" dest-id="54145" weight="3.6816209067443184"/>
<connection id="58315" src-id="55667" dest-id="57562" weight="-15.95347191135424"/>
<connection id="58316" src-id="57231" dest-id="56575" weight="-3.2147111108290387"/>
<connection id="58319" src-id="56578" dest-id="56480" weight="-0.6472036702588192"/>
<connection id="58320" src-id="52945" dest-id="54641" weight="-13.507046966656686"/>
<connection id="58321" src-id="52932" dest-id="56572" weight="-7.376607712489465"/>
<connection id="58322" src-id="52914" dest-id="57562" weight="-6.070598413718248"/>
<connection id="58323" src-id="52922" dest-id="57562" weight="2.40111349919532"/>
<connection id="58324" src-id="55510" dest-id="54641" weight="-1.5937561045010629"/>
<connection id="58325" src-id="52930" dest-id="58105" weight="-0.4945386708373749"/>
<connection id="58326" src-id="52924" dest-id="55510" weight="-9.835755542386568"/>
<neuron id="58330" type="hid" activation="sigmoid"/>
<connection id="58332" src-id="58330" dest-id="53089" weight="17.19588018060508"/>
<connection id="58393" src-id="54421" dest-id="55667" weight="-12.63996878120937"/>
<connection id="58394" src-id="52938" dest-id="54421" weight="-8.847723287729508"/>
<connection id="58395" src-id="55667" dest-id="56480" weight="4.931088262031251"/>
<connection id="58396" src-id="52951" dest-id="57231" weight="4.3934591602614"/>
<connection id="58404" src-id="52924" dest-id="55667" weight="2.472150953525631"/>
<connection id="58405" src-id="54145" dest-id="53869" weight="5.39750315355366"/>
<connection id="58406" src-id="52951" dest-id="54145" weight="0.4033242291160941"/>
<connection id="58512" src-id="52955" dest-id="57562" weight="2.007633657748971"/>
<connection id="58568" src-id="52929" dest-id="58330" weight="9.090131316311716"/>
<neuron id="58612" type="hid" activation="sigmoid"/>
<connection id="58613" src-id="52927" dest-id="58612" weight="-1.1275238879379526"/>
<connection id="58614" src-id="58612" dest-id="54885" weight="7.097406890170653"/>
<neuron id="58615" type="hid" activation="sigmoid"/>
<connection id="58617" src-id="58615" dest-id="56578" weight="-2.233875285164921"/>
<neuron id="58624" type="hid" activation="sigmoid"/>
<connection id="58625" src-id="52950" dest-id="58624" weight="-7.648778701795002"/>
<connection id="58626" src-id="58624" dest-id="53133" weight="7.805210862783461"/>
<connection id="58677" src-id="55510" dest-id="53869" weight="1.8242817438889918"/>
<connection id="58766" src-id="52947" dest-id="56572" weight="11.764386986181746"/>
<connection id="58768" src-id="52931" dest-id="53512" weight="1.8111097722566818"/>
<connection id="58778" src-id="52955" dest-id="57889" weight="4.038834948970406"/>
<connection id="58803" src-id="52942" dest-id="58105" weight="-0.5377646465979455"/>
<connection id="58806" src-id="58330" dest-id="57889" weight="-3.4963480810421315"/>
<connection id="58839" src-id="52946" dest-id="57703" weight="0.5110790469620667"/>
<neuron id="58940" type="hid" activation="sigmoid"/>
<connection id="58941" src-id="52924" dest-id="58940" weight="-3.867146134166884"/>
<connection id="58942" src-id="58940" dest-id="53869" weight="-2.420508945216378"/>
<connection id="58993" src-id="56480" dest-id="58105" weight="1.1855314002913646"/>
<connection id="59001" src-id="52926" dest-id="55667" weight="-4.869730474286804"/>
<connection id="59080" src-id="54145" dest-id="53857" weight="4.266009657324284"/>
<connection id="59083" src-id="52918" dest-id="58615" weight="-2.8681454395036106"/>
<connection id="59085" src-id="52942" dest-id="55510" weight="-7.998516948658741"/>
<connection id="59086" src-id="56480" dest-id="54644" weight="2.4359888481275718"/>
<connection id="59087" src-id="52916" dest-id="53869" weight="3.932340063085739"/>
<connection id="59090" src-id="58615" dest-id="56483" weight="0.21155734204986631"/>
<connection id="59092" src-id="52926" dest-id="57703" weight="-3.649626046835932"/>
<connection id="59094" src-id="52916" dest-id="53518" weight="0.5931846603151074"/>
<connection id="59095" src-id="52935" dest-id="58105" weight="-3.9801745530698005"/>
<connection id="59150" src-id="52946" dest-id="54421" weight="1.601492547912732"/>
<connection id="59253" src-id="52934" dest-id="56572" weight="-4.079272035979055"/>
<connection id="59254" src-id="52949" dest-id="53512" weight="-0.5612908297749373"/>
<neuron id="59286" type="hid" activation="sigmoid"/>
<connection id="59287" src-id="52940" dest-id="59286" weight="-3.2337788027271146"/>
<connection id="59288" src-id="59286" dest-id="58615" weight="7.859218262504304"/>
<connection id="59334" src-id="58615" dest-id="54644" weight="-2.4577599967274506"/>
<connection id="59501" src-id="52920" dest-id="55510" weight="2.804027454402578"/>
<connection id="59517" src-id="55667" dest-id="56578" weight="0.27792469659271524"/>
<connection id="59521" src-id="53869" dest-id="56575" weight="-2.1054423790123487"/>
<connection id="59523" src-id="53857" dest-id="58612" weight="1.5332247572869893"/>
<connection id="59526" src-id="54421" dest-id="54885" weight="-4.113279584661171"/>
<connection id="59527" src-id="59286" dest-id="57562" weight="2.1784075322097625"/>
<connection id="59528" src-id="52949" dest-id="56483" weight="-2.6580336158353264"/>
<connection id="59529" src-id="54145" dest-id="54885" weight="3.846184501376202"/>
<connection id="59530" src-id="52937" dest-id="57703" weight="5.239595651960046"/>
<connection id="59531" src-id="58612" dest-id="55969" weight="-8.809282448597152"/>
<connection id="59533" src-id="53869" dest-id="54641" weight="7.867226185367665"/>
<connection id="59535" src-id="52914" dest-id="54145" weight="-7.01230469588795"/>
<connection id="59536" src-id="54145" dest-id="58105" weight="3.872331030860329"/>
<connection id="59537" src-id="52920" dest-id="59286" weight="1.721210855847204"/>
<connection id="59538" src-id="57703" dest-id="53857" weight="6.834943664479176"/>
<connection id="59540" src-id="52929" dest-id="58105" weight="-3.7674989509936587"/>
<connection id="59542" src-id="52915" dest-id="54421" weight="-4.728892474942832"/>
<connection id="59546" src-id="58330" dest-id="56483" weight="4.754578317791033"/>
<connection id="59547" src-id="52923" dest-id="58330" weight="-0.569179839006801"/>
<neuron id="59632" type="hid" activation="sigmoid"/>
<connection id="59633" src-id="52949" dest-id="59632" weight="4.401878710226002"/>
<connection id="59634" src-id="59632" dest-id="58330" weight="-1.054931132295652"/>
<neuron id="59671" type="hid" activation="sigmoid"/>
<connection id="59672" src-id="52945" dest-id="59671" weight="-2.974049306293501"/>
<connection id="59673" src-id="59671" dest-id="52957" weight="-9.293809883448102"/>
<neuron id="59674" type="hid" activation="sigmoid"/>
<connection id="59675" src-id="54145" dest-id="59674" weight="3.2047601225835303"/>
<connection id="59676" src-id="59674" dest-id="57562" weight="13.303071750321761"/>
<connection id="59735" src-id="52943" dest-id="58615" weight="-2.7200349654008242"/>
<connection id="59838" src-id="52946" dest-id="59286" weight="-4.352106467753478"/>
<connection id="59846" src-id="52925" dest-id="59674" weight="-0.20955495730840912"/>
<connection id="60079" src-id="53001" dest-id="53512" weight="6.240818945355578"/>
<connection id="60114" src-id="52923" dest-id="55510" weight="-0.8986325263977051"/>
<connection id="60122" src-id="57889" dest-id="54885" weight="-5.25907152973878"/>
<connection id="60147" src-id="58612" dest-id="53045" weight="5.613852475347653"/>
<connection id="60184" src-id="52918" dest-id="57889" weight="-1.6640801404270353"/>
<connection id="60190" src-id="55275" dest-id="53045" weight="0.9078121914925257"/>
<connection id="60192" src-id="54421" dest-id="58615" weight="-3.147582688615074"/>
<connection id="60193" src-id="52925" dest-id="56572" weight="-6.429168062853805"/>
<connection id="60194" src-id="52917" dest-id="58612" weight="-3.1973249086227464"/>
<connection id="60195" src-id="58612" dest-id="56575" weight="6.376809448272019"/>
<connection id="60196" src-id="53089" dest-id="59671" weight="-3.6540383568709576"/>
<connection id="60201" src-id="52933" dest-id="59671" weight="-2.664299452853546"/>
<connection id="60202" src-id="52947" dest-id="59674" weight="1.8780888798301711"/>
<connection id="60204" src-id="52947" dest-id="56483" weight="-1.3050004429444637"/>
<connection id="60208" src-id="52941" dest-id="56483" weight="4.443816184102709"/>
<connection id="60236" src-id="52925" dest-id="57703" weight="-2.4127693250586195"/>
<neuron id="60417" type="hid" activation="sigmoid"/>
<connection id="60418" src-id="52934" dest-id="60417" weight="4.4682343611882285"/>
<connection id="60419" src-id="60417" dest-id="57231" weight="-7.328274905782795"/>
<neuron id="60420" type="hid" activation="sigmoid"/>
<connection id="60421" src-id="53518" dest-id="60420" weight="-3.860922720641435"/>
<connection id="60422" src-id="60420" dest-id="52957" weight="11.363232628816526"/>
<neuron id="60423" type="hid" activation="sigmoid"/>
<connection id="60424" src-id="54421" dest-id="60423" weight="0.99296849530141"/>
<connection id="60425" src-id="60423" dest-id="56575" weight="-5.499548929065579"/>
<connection id="60468" src-id="52918" dest-id="56578" weight="4.383733867793554"/>
<connection id="60504" src-id="54885" dest-id="56480" weight="1.933345720443325"/>
<connection id="60549" src-id="52931" dest-id="53518" weight="4.060658946047123"/>
<connection id="60593" src-id="52925" dest-id="56578" weight="2.4805642880574417"/>
<connection id="60646" src-id="56483" dest-id="55275" weight="-6.6388863171512575"/>
<connection id="60754" src-id="52929" dest-id="58612" weight="-4.958764826129907"/>
<connection id="60780" src-id="56578" dest-id="60423" weight="0.1275479565671347"/>
<connection id="60781" src-id="55275" dest-id="56572" weight="0.7207678335316074"/>
<connection id="60783" src-id="59286" dest-id="54641" weight="7.061686847979964"/>
<connection id="60789" src-id="58624" dest-id="59286" weight="4.1270595968964425"/>
<connection id="60790" src-id="59632" dest-id="58615" weight="6.446420264845909"/>
<connection id="60791" src-id="52939" dest-id="58624" weight="7.3698106434464385"/>
<connection id="60792" src-id="52919" dest-id="53512" weight="-7.89912469741925"/>
<connection id="60795" src-id="54421" dest-id="56237" weight="-1.5240496233371177"/>
<connection id="60798" src-id="52938" dest-id="59286" weight="-2.9690954607967814"/>
<connection id="60799" src-id="52953" dest-id="58624" weight="1.8664536463097994"/>
<connection id="60801" src-id="52924" dest-id="58624" weight="-3.1953451655387477"/>
<connection id="60802" src-id="59286" dest-id="59674" weight="-3.1602797646380143"/>
<connection id="60804" src-id="57703" dest-id="56097" weight="3.7763230459714094"/>
<connection id="60806" src-id="56237" dest-id="60423" weight="-5.19503554148665"/>
<connection id="60808" src-id="57889" dest-id="53089" weight="2.601066392677393"/>
<neuron id="60848" type="hid" activation="sigmoid"/>
<connection id="60849" src-id="54145" dest-id="60848" weight="3.9545854548624524"/>
<connection id="60850" src-id="60848" dest-id="53089" weight="18.073613946789123"/>
<neuron id="60851" type="hid" activation="sigmoid"/>
<connection id="60853" src-id="60851" dest-id="57562" weight="3.7111294805596358"/>
<connection id="61066" src-id="59674" dest-id="54885" weight="6.662413281108028"/>
<connection id="61073" src-id="58330" dest-id="54145" weight="-0.3503353672723363"/>
<connection id="61226" src-id="52945" dest-id="57889" weight="-4.184154777005994"/>
<connection id="61296" src-id="52953" dest-id="56483" weight="5.211542228840024"/>
<connection id="61303" src-id="53133" dest-id="60848" weight="0.13863872424302254"/>
<connection id="61306" src-id="52938" dest-id="59674" weight="-0.20625449708374877"/>
<connection id="61413" src-id="59674" dest-id="53512" weight="1.0433644534069486"/>
<connection id="61414" src-id="52939" dest-id="60420" weight="5.0567875193077505"/>
<connection id="61415" src-id="54885" dest-id="60851" weight="3.1573361502343316"/>
<connection id="61417" src-id="52948" dest-id="57231" weight="7.618811081907895"/>
<connection id="61419" src-id="59671" dest-id="56692" weight="-1.9966437401397983"/>
<connection id="61421" src-id="55510" dest-id="55275" weight="4.46384094487287"/>
<connection id="61423" src-id="59632" dest-id="53089" weight="1.063536573219644"/>
<connection id="61425" src-id="59286" dest-id="53001" weight="3.0145943515406666"/>
<connection id="61426" src-id="52916" dest-id="55667" weight="-0.6786399707137432"/>
<connection id="61429" src-id="52915" dest-id="59671" weight="3.974779229525053"/>
<connection id="61430" src-id="52933" dest-id="60423" weight="-4.83624062375467"/>
<connection id="61432" src-id="53869" dest-id="56097" weight="4.511576046592273"/>
<connection id="61434" src-id="57231" dest-id="59286" weight="-2.0385709726294214"/>
<connection id="61435" src-id="53133" dest-id="56692" weight="-2.5700364466485786"/>
<connection id="61436" src-id="57410" dest-id="56578" weight="-0.8680800518153817"/>
<connection id="61437" src-id="52914" dest-id="57410" weight="-11.54376315454564"/>
<connection id="61469" src-id="52943" dest-id="57703" weight="3.9964112517279404"/>
<connection id="61546" src-id="52922" dest-id="55667" weight="0.2135598017176905"/>
<connection id="61594" src-id="52949" dest-id="57889" weight="-0.7978223130386934"/>
<connection id="61616" src-id="52953" dest-id="53518" weight="3.968891844449337"/>
<connection id="62210" src-id="52934" dest-id="60848" weight="2.2260937249919244"/>
<connection id="62212" src-id="52953" dest-id="58615" weight="5.202376347902897"/>
<connection id="62213" src-id="52916" dest-id="58940" weight="5.338558922857532"/>
<connection id="62214" src-id="52922" dest-id="56578" weight="-4.9686065668590285"/>
<connection id="62215" src-id="60423" dest-id="52957" weight="-4.166345543633624"/>
<connection id="62216" src-id="59632" dest-id="56097" weight="2.9476101958575045"/>
<connection id="62218" src-id="56237" dest-id="56483" weight="0.7139620827264528"/>
<connection id="62220" src-id="58105" dest-id="53133" weight="-0.3010722248008816"/>
<connection id="62221" src-id="52917" dest-id="60423" weight="2.0669783670912008"/>
<connection id="62222" src-id="52923" dest-id="57410" weight="1.1880559653585758"/>
<connection id="62223" src-id="53857" dest-id="57410" weight="1.9284228410094244"/>
<connection id="62225" src-id="52945" dest-id="60420" weight="0.5749854571135594"/>
<connection id="62226" src-id="52950" dest-id="54421" weight="4.212451211343615"/>
<connection id="62227" src-id="52934" dest-id="56097" weight="2.235208596636324"/>
<connection id="62228" src-id="60423" dest-id="60851" weight="-2.4958392596451064"/>
<connection id="62230" src-id="60417" dest-id="59632" weight="2.181433093821592"/>
<connection id="62231" src-id="52934" dest-id="56692" weight="1.7929282225046153"/>
<connection id="62234" src-id="58105" dest-id="60851" weight="-5.362870870453039"/>
<connection id="62236" src-id="52930" dest-id="60417" weight="-0.5637539625167847"/>
<connection id="62238" src-id="55969" dest-id="58940" weight="-3.023030684265904"/>
<connection id="62239" src-id="52936" dest-id="55275" weight="-7.427928372364306"/>
<connection id="62240" src-id="58105" dest-id="54641" weight="1.9165383756787133"/>
<neuron id="62307" type="hid" activation="sigmoid"/>
<connection id="62308" src-id="56237" dest-id="62307" weight="1.7088545336003436"/>
<connection id="62309" src-id="62307" dest-id="58330" weight="-3.7366374051551587"/>
<connection id="62547" src-id="52926" dest-id="58940" weight="0.7682167540228475"/>
<connection id="62548" src-id="52946" dest-id="56237" weight="0.7479324766849271"/>
<connection id="62549" src-id="52955" dest-id="59632" weight="-0.01927316188812256"/>
<connection id="62550" src-id="52941" dest-id="60417" weight="0.7727817319584099"/>
<connection id="62552" src-id="52943" dest-id="60848" weight="0.3341408967971802"/>
<connection id="62553" src-id="52937" dest-id="60417" weight="-0.3808954954147339"/>
<connection id="62556" src-id="52951" dest-id="59632" weight="0.054573893547058105"/>
<connection id="62557" src-id="57889" dest-id="59671" weight="-2.975446722574927"/>
<connection id="62559" src-id="52918" dest-id="60848" weight="0.9081774189631528"/>
<connection id="62560" src-id="57703" dest-id="54148" weight="-0.8530430452026381"/>
<connection id="62561" src-id="52931" dest-id="56097" weight="-2.29649089999673"/>
<connection id="62563" src-id="52938" dest-id="55667" weight="0.3436810089698804"/>
<connection id="62564" src-id="52930" dest-id="62307" weight="6.592051661911604"/>
<connection id="62565" src-id="56578" dest-id="56692" weight="0.04907560348510742"/>
<connection id="62566" src-id="62307" dest-id="52957" weight="-3.7713574675453394"/>
<connection id="62567" src-id="52946" dest-id="56692" weight="4.354281060294449"/>
<connection id="62570" src-id="59674" dest-id="57410" weight="0.37084907781976617"/>
<connection id="62573" src-id="52916" dest-id="62307" weight="-1.046766481921185"/>
<connection id="62574" src-id="52945" dest-id="56572" weight="-2.01602926520264"/>
<connection id="62579" src-id="56572" dest-id="57410" weight="1.1047977696494158"/>
<neuron id="62839" type="hid" activation="sigmoid"/>
<connection id="62840" src-id="52939" dest-id="62839" weight="-1.5259128784018996"/>
<connection id="62841" src-id="62839" dest-id="53869" weight="7.660922886784141"/>
<neuron id="62842" type="hid" activation="sigmoid"/>
<connection id="62843" src-id="56237" dest-id="62842" weight="1.0"/>
<connection id="62844" src-id="62842" dest-id="59286" weight="-0.788835829971614"/>
<neuron id="62845" type="hid" activation="sigmoid"/>
<connection id="62846" src-id="52933" dest-id="62845" weight="2.8898774790914024"/>
<connection id="62847" src-id="62845" dest-id="56483" weight="4.617196285851884"/>
</chromosome>