<chromosome id="45708" primary-parent-id="45374"><neuron id="39470" type="in" activation="linear"/>
<neuron id="39471" type="in" activation="linear"/>
<neuron id="39472" type="in" activation="linear"/>
<neuron id="39473" type="in" activation="linear"/>
<neuron id="39474" type="in" activation="linear"/>
<neuron id="39475" type="in" activation="linear"/>
<neuron id="39476" type="in" activation="linear"/>
<neuron id="39477" type="in" activation="linear"/>
<neuron id="39478" type="in" activation="linear"/>
<neuron id="39479" type="in" activation="linear"/>
<neuron id="39480" type="in" activation="linear"/>
<neuron id="39481" type="in" activation="linear"/>
<neuron id="39482" type="in" activation="linear"/>
<neuron id="39483" type="in" activation="linear"/>
<neuron id="39484" type="in" activation="linear"/>
<neuron id="39485" type="in" activation="linear"/>
<neuron id="39486" type="in" activation="linear"/>
<neuron id="39487" type="in" activation="linear"/>
<neuron id="39488" type="in" activation="linear"/>
<neuron id="39489" type="in" activation="linear"/>
<neuron id="39490" type="in" activation="linear"/>
<neuron id="39491" type="in" activation="linear"/>
<neuron id="39492" type="in" activation="linear"/>
<neuron id="39493" type="in" activation="linear"/>
<neuron id="39494" type="in" activation="linear"/>
<neuron id="39495" type="in" activation="linear"/>
<neuron id="39496" type="in" activation="linear"/>
<neuron id="39497" type="in" activation="linear"/>
<neuron id="39498" type="in" activation="linear"/>
<neuron id="39499" type="in" activation="linear"/>
<neuron id="39500" type="in" activation="linear"/>
<neuron id="39501" type="in" activation="linear"/>
<neuron id="39502" type="in" activation="linear"/>
<neuron id="39503" type="in" activation="linear"/>
<neuron id="39504" type="in" activation="linear"/>
<neuron id="39505" type="in" activation="linear"/>
<neuron id="39506" type="in" activation="linear"/>
<neuron id="39507" type="in" activation="linear"/>
<neuron id="39508" type="in" activation="linear"/>
<neuron id="39509" type="in" activation="linear"/>
<neuron id="39510" type="in" activation="linear"/>
<neuron id="39511" type="in" activation="linear"/>
<neuron id="39512" type="out" activation="linear"/>
<neuron id="39513" type="hid" activation="sigmoid"/>
<connection id="39515" src-id="39471" dest-id="39513" weight="3.618283101328527"/>
<connection id="39516" src-id="39472" dest-id="39513" weight="-1.0993588885939665"/>
<connection id="39517" src-id="39473" dest-id="39513" weight="-0.6457723656954437"/>
<connection id="39518" src-id="39474" dest-id="39513" weight="-4.061184613493074"/>
<connection id="39519" src-id="39475" dest-id="39513" weight="9.441104635718684"/>
<connection id="39523" src-id="39479" dest-id="39513" weight="-8.576651604605724"/>
<connection id="39525" src-id="39481" dest-id="39513" weight="-3.474695263242646"/>
<connection id="39526" src-id="39482" dest-id="39513" weight="2.189336672183859"/>
<connection id="39527" src-id="39483" dest-id="39513" weight="-1.9722682189214205"/>
<connection id="39528" src-id="39484" dest-id="39513" weight="-5.530709134791647"/>
<connection id="39530" src-id="39486" dest-id="39513" weight="-4.0880669085944135"/>
<connection id="39531" src-id="39487" dest-id="39513" weight="12.000491296247363"/>
<connection id="39532" src-id="39488" dest-id="39513" weight="-6.12005124843298"/>
<connection id="39534" src-id="39490" dest-id="39513" weight="2.484299548148675"/>
<connection id="39535" src-id="39491" dest-id="39513" weight="-3.645126471769364"/>
<connection id="39536" src-id="39492" dest-id="39513" weight="-9.255374228077388"/>
<connection id="39537" src-id="39493" dest-id="39513" weight="4.260877593923069"/>
<connection id="39538" src-id="39494" dest-id="39513" weight="1.9402979767378574"/>
<connection id="39539" src-id="39495" dest-id="39513" weight="6.942546840837656"/>
<connection id="39540" src-id="39496" dest-id="39513" weight="-2.2598393692874783"/>
<connection id="39541" src-id="39497" dest-id="39513" weight="-6.678954305302495"/>
<connection id="39542" src-id="39498" dest-id="39513" weight="11.455206709532844"/>
<connection id="39543" src-id="39499" dest-id="39513" weight="17.23039982075469"/>
<connection id="39544" src-id="39500" dest-id="39513" weight="4.345137336274171"/>
<connection id="39547" src-id="39503" dest-id="39513" weight="4.136704407812542"/>
<connection id="39548" src-id="39504" dest-id="39513" weight="3.301999735867371"/>
<connection id="39549" src-id="39505" dest-id="39513" weight="5.899017332429975"/>
<connection id="39550" src-id="39506" dest-id="39513" weight="-2.5030368891170642"/>
<connection id="39551" src-id="39507" dest-id="39513" weight="-4.234253359367685"/>
<connection id="39552" src-id="39508" dest-id="39513" weight="-10.393065044664942"/>
<connection id="39553" src-id="39509" dest-id="39513" weight="11.766602822065888"/>
<connection id="39555" src-id="39511" dest-id="39513" weight="5.7688766899238075"/>
<neuron id="39601" type="hid" activation="sigmoid"/>
<connection id="39602" src-id="39470" dest-id="39601" weight="-5.924515759216708"/>
<connection id="39603" src-id="39471" dest-id="39601" weight="-5.477408943799549"/>
<connection id="39604" src-id="39472" dest-id="39601" weight="0.04774923050629076"/>
<connection id="39605" src-id="39473" dest-id="39601" weight="2.3410871388349346"/>
<connection id="39606" src-id="39474" dest-id="39601" weight="3.5699453724090793"/>
<connection id="39607" src-id="39475" dest-id="39601" weight="2.2622893275911196"/>
<connection id="39608" src-id="39476" dest-id="39601" weight="-1.6817824084950284"/>
<connection id="39609" src-id="39477" dest-id="39601" weight="3.3169164739728494"/>
<connection id="39611" src-id="39479" dest-id="39601" weight="-7.559746746818308"/>
<connection id="39612" src-id="39480" dest-id="39601" weight="1.3143927814543046"/>
<connection id="39614" src-id="39482" dest-id="39601" weight="-3.577095774639986"/>
<connection id="39615" src-id="39483" dest-id="39601" weight="4.727277490834366"/>
<connection id="39616" src-id="39484" dest-id="39601" weight="-0.9553889999235831"/>
<connection id="39617" src-id="39485" dest-id="39601" weight="0.9088198695348635"/>
<connection id="39620" src-id="39488" dest-id="39601" weight="-14.770066705002831"/>
<connection id="39623" src-id="39491" dest-id="39601" weight="1.1629747262852748"/>
<connection id="39624" src-id="39492" dest-id="39601" weight="-5.5980301410896836"/>
<connection id="39626" src-id="39494" dest-id="39601" weight="6.400593360747983"/>
<connection id="39627" src-id="39495" dest-id="39601" weight="-9.149302815403974"/>
<connection id="39628" src-id="39496" dest-id="39601" weight="3.0198909341835085"/>
<connection id="39629" src-id="39497" dest-id="39601" weight="-14.580799817231908"/>
<connection id="39630" src-id="39498" dest-id="39601" weight="-4.0608122055805005"/>
<connection id="39631" src-id="39499" dest-id="39601" weight="1.0352299529145528"/>
<connection id="39632" src-id="39500" dest-id="39601" weight="7.715357208792793"/>
<connection id="39634" src-id="39502" dest-id="39601" weight="5.393600843189652"/>
<connection id="39635" src-id="39503" dest-id="39601" weight="2.5275878353677035"/>
<connection id="39636" src-id="39504" dest-id="39601" weight="-6.768570262468389"/>
<connection id="39637" src-id="39505" dest-id="39601" weight="-3.610220162163557"/>
<connection id="39638" src-id="39506" dest-id="39601" weight="-0.9231665702431666"/>
<connection id="39639" src-id="39507" dest-id="39601" weight="6.106277768089457"/>
<connection id="39640" src-id="39508" dest-id="39601" weight="-5.542237243293231"/>
<connection id="39641" src-id="39509" dest-id="39601" weight="-8.606514710044923"/>
<connection id="39642" src-id="39510" dest-id="39601" weight="-3.5384663002042287"/>
<connection id="39643" src-id="39511" dest-id="39601" weight="-5.599153365330587"/>
<connection id="39644" src-id="39601" dest-id="39512" weight="-7.009724182423719"/>
<neuron id="39645" type="hid" activation="sigmoid"/>
<connection id="39646" src-id="39470" dest-id="39645" weight="-6.237702453657661"/>
<connection id="39647" src-id="39471" dest-id="39645" weight="2.7169199420867844"/>
<connection id="39648" src-id="39472" dest-id="39645" weight="-8.286672465336823"/>
<connection id="39651" src-id="39475" dest-id="39645" weight="1.3625080377560934"/>
<connection id="39653" src-id="39477" dest-id="39645" weight="-3.9630368034380314"/>
<connection id="39657" src-id="39481" dest-id="39645" weight="-0.02100748328117308"/>
<connection id="39658" src-id="39482" dest-id="39645" weight="-3.368348166857513"/>
<connection id="39659" src-id="39483" dest-id="39645" weight="-2.1786553644738476"/>
<connection id="39660" src-id="39484" dest-id="39645" weight="-15.36790994122321"/>
<connection id="39662" src-id="39486" dest-id="39645" weight="-0.1964197414944917"/>
<connection id="39663" src-id="39487" dest-id="39645" weight="-3.087723153042826"/>
<connection id="39664" src-id="39488" dest-id="39645" weight="-11.022651131793545"/>
<connection id="39665" src-id="39489" dest-id="39645" weight="-3.2602241898049904"/>
<connection id="39666" src-id="39490" dest-id="39645" weight="-6.626867594214748"/>
<connection id="39668" src-id="39492" dest-id="39645" weight="-7.252484290110699"/>
<connection id="39670" src-id="39494" dest-id="39645" weight="1.9919862443779661"/>
<connection id="39671" src-id="39495" dest-id="39645" weight="-1.8682626882238098"/>
<connection id="39672" src-id="39496" dest-id="39645" weight="-7.548541844279523"/>
<connection id="39673" src-id="39497" dest-id="39645" weight="-1.1470471140665581"/>
<connection id="39674" src-id="39498" dest-id="39645" weight="-11.602017615907982"/>
<connection id="39675" src-id="39499" dest-id="39645" weight="6.87151897510813"/>
<connection id="39676" src-id="39500" dest-id="39645" weight="-0.2458580182138831"/>
<connection id="39677" src-id="39501" dest-id="39645" weight="18.123380456317562"/>
<connection id="39678" src-id="39502" dest-id="39645" weight="-2.4190808110907054"/>
<connection id="39679" src-id="39503" dest-id="39645" weight="4.51979149046153"/>
<connection id="39680" src-id="39504" dest-id="39645" weight="-8.028805510166853"/>
<connection id="39681" src-id="39505" dest-id="39645" weight="1.9583330421474043"/>
<connection id="39682" src-id="39506" dest-id="39645" weight="1.936775981304351"/>
<connection id="39683" src-id="39507" dest-id="39645" weight="0.6032945833621621"/>
<connection id="39685" src-id="39509" dest-id="39645" weight="7.118499965159903"/>
<connection id="39686" src-id="39510" dest-id="39645" weight="3.3602582276718507"/>
<connection id="39687" src-id="39511" dest-id="39645" weight="4.794073914049178"/>
<connection id="39688" src-id="39645" dest-id="39512" weight="3.349014091181879"/>
<connection id="40254" src-id="39475" dest-id="39512" weight="2.3438981499130698"/>
<connection id="40361" src-id="39503" dest-id="39512" weight="10.744381524591864"/>
<neuron id="40571" type="hid" activation="sigmoid"/>
<connection id="40572" src-id="39489" dest-id="40571" weight="-10.61882714436743"/>
<connection id="40961" src-id="39491" dest-id="39512" weight="6.158906528174896"/>
<connection id="40962" src-id="39513" dest-id="39645" weight="6.266966080736007"/>
<neuron id="41169" type="hid" activation="sigmoid"/>
<connection id="41170" src-id="39500" dest-id="41169" weight="-3.778582638643099"/>
<connection id="41171" src-id="41169" dest-id="39513" weight="-12.560422283249737"/>
<neuron id="41175" type="hid" activation="sigmoid"/>
<connection id="41176" src-id="39480" dest-id="41175" weight="8.218010031545415"/>
<connection id="41177" src-id="41175" dest-id="39645" weight="-3.5799646841401764"/>
<connection id="41392" src-id="39509" dest-id="39512" weight="0.33930633501667895"/>
<neuron id="41556" type="hid" activation="sigmoid"/>
<connection id="41557" src-id="39480" dest-id="41556" weight="-4.838690774624583"/>
<connection id="41558" src-id="41556" dest-id="39513" weight="-3.9916164902921443"/>
<neuron id="41562" type="hid" activation="sigmoid"/>
<connection id="41563" src-id="39476" dest-id="41562" weight="-2.660502488860897"/>
<connection id="41564" src-id="41562" dest-id="39645" weight="-17.914857754346198"/>
<connection id="41842" src-id="39478" dest-id="41562" weight="2.687202601539866"/>
<connection id="41853" src-id="39504" dest-id="39512" weight="1.0372770713765778"/>
<connection id="42078" src-id="39490" dest-id="40571" weight="7.88840111847888"/>
<neuron id="42131" type="hid" activation="sigmoid"/>
<connection id="42132" src-id="39473" dest-id="42131" weight="0.7963587055996331"/>
<connection id="42133" src-id="42131" dest-id="39645" weight="4.303963458542055"/>
<neuron id="42379" type="hid" activation="sigmoid"/>
<connection id="42380" src-id="39485" dest-id="42379" weight="9.35628762162706"/>
<connection id="42381" src-id="42379" dest-id="39645" weight="9.879892467266512"/>
<connection id="42523" src-id="39510" dest-id="40571" weight="1.0071673141237212"/>
<connection id="42788" src-id="39491" dest-id="41562" weight="2.53534365798264"/>
<connection id="42953" src-id="39513" dest-id="41562" weight="3.2462416247757"/>
<neuron id="43115" type="hid" activation="sigmoid"/>
<connection id="43117" src-id="43115" dest-id="39601" weight="-9.606965666562214"/>
<neuron id="43124" type="hid" activation="sigmoid"/>
<connection id="43125" src-id="39513" dest-id="43124" weight="1.8077241121273468"/>
<connection id="43126" src-id="43124" dest-id="39512" weight="0.7155718775109771"/>
<connection id="43224" src-id="39486" dest-id="39512" weight="2.223711604359513"/>
<connection id="43552" src-id="39474" dest-id="40571" weight="0.8533941507339478"/>
<connection id="43556" src-id="39489" dest-id="42379" weight="-0.29233294423505307"/>
<connection id="43711" src-id="39506" dest-id="40571" weight="10.657255774768887"/>
<neuron id="43811" type="hid" activation="sigmoid"/>
<connection id="43812" src-id="39487" dest-id="43811" weight="0.24900288115116442"/>
<connection id="43813" src-id="43811" dest-id="39601" weight="-3.28627988205063"/>
<connection id="43913" src-id="39496" dest-id="40571" weight="-3.6874961331223033"/>
<neuron id="44026" type="hid" activation="sigmoid"/>
<connection id="44027" src-id="39501" dest-id="44026" weight="4.010178622714154"/>
<connection id="44028" src-id="44026" dest-id="39513" weight="6.338813822626238"/>
<connection id="44224" src-id="44026" dest-id="40571" weight="1.9314160623406489"/>
<connection id="44226" src-id="39492" dest-id="43115" weight="5.959320938123443"/>
<connection id="44227" src-id="39488" dest-id="41169" weight="-7.237957814121899"/>
<neuron id="44274" type="hid" activation="sigmoid"/>
<connection id="44275" src-id="40571" dest-id="44274" weight="-4.23371584841023"/>
<connection id="44276" src-id="44274" dest-id="39513" weight="-5.314037565767709"/>
<connection id="44742" src-id="39491" dest-id="40571" weight="3.998223802260837"/>
<connection id="44867" src-id="39473" dest-id="41562" weight="4.0953450837916225"/>
<connection id="44972" src-id="39476" dest-id="43115" weight="-0.7557632923126221"/>
<connection id="45243" src-id="39487" dest-id="44026" weight="-3.9182717274318417"/>
<connection id="45514" src-id="39489" dest-id="44274" weight="3.0036542923018854"/>
<connection id="45515" src-id="39487" dest-id="41169" weight="0.35225892066955566"/>
</chromosome>