<chromosome id="46129" primary-parent-id="45804"><neuron id="44459" type="in" activation="linear"/>
<neuron id="44460" type="in" activation="linear"/>
<neuron id="44461" type="in" activation="linear"/>
<neuron id="44462" type="in" activation="linear"/>
<neuron id="44463" type="in" activation="linear"/>
<neuron id="44464" type="in" activation="linear"/>
<neuron id="44465" type="in" activation="linear"/>
<neuron id="44466" type="in" activation="linear"/>
<neuron id="44467" type="in" activation="linear"/>
<neuron id="44468" type="in" activation="linear"/>
<neuron id="44469" type="in" activation="linear"/>
<neuron id="44470" type="in" activation="linear"/>
<neuron id="44471" type="in" activation="linear"/>
<neuron id="44472" type="in" activation="linear"/>
<neuron id="44473" type="in" activation="linear"/>
<neuron id="44474" type="in" activation="linear"/>
<neuron id="44475" type="in" activation="linear"/>
<neuron id="44476" type="in" activation="linear"/>
<neuron id="44477" type="in" activation="linear"/>
<neuron id="44478" type="in" activation="linear"/>
<neuron id="44479" type="in" activation="linear"/>
<neuron id="44480" type="in" activation="linear"/>
<neuron id="44481" type="in" activation="linear"/>
<neuron id="44482" type="in" activation="linear"/>
<neuron id="44483" type="in" activation="linear"/>
<neuron id="44484" type="in" activation="linear"/>
<neuron id="44485" type="in" activation="linear"/>
<neuron id="44486" type="in" activation="linear"/>
<neuron id="44487" type="in" activation="linear"/>
<neuron id="44488" type="in" activation="linear"/>
<neuron id="44489" type="in" activation="linear"/>
<neuron id="44490" type="in" activation="linear"/>
<neuron id="44491" type="in" activation="linear"/>
<neuron id="44492" type="in" activation="linear"/>
<neuron id="44493" type="in" activation="linear"/>
<neuron id="44494" type="in" activation="linear"/>
<neuron id="44495" type="in" activation="linear"/>
<neuron id="44496" type="in" activation="linear"/>
<neuron id="44497" type="in" activation="linear"/>
<neuron id="44498" type="in" activation="linear"/>
<neuron id="44499" type="in" activation="linear"/>
<neuron id="44500" type="in" activation="linear"/>
<neuron id="44501" type="out" activation="linear"/>
<neuron id="44502" type="hid" activation="sigmoid"/>
<connection id="44503" src-id="44459" dest-id="44502" weight="2.435030219169834"/>
<connection id="44504" src-id="44460" dest-id="44502" weight="-4.464139211200571"/>
<connection id="44505" src-id="44461" dest-id="44502" weight="-3.757903143634216"/>
<connection id="44506" src-id="44462" dest-id="44502" weight="-3.722428053512999"/>
<connection id="44507" src-id="44463" dest-id="44502" weight="3.564669040001972"/>
<connection id="44508" src-id="44464" dest-id="44502" weight="-17.437058712081694"/>
<connection id="44509" src-id="44465" dest-id="44502" weight="0.518242733254384"/>
<connection id="44510" src-id="44466" dest-id="44502" weight="0.6893613203844637"/>
<connection id="44511" src-id="44467" dest-id="44502" weight="-3.6768946765116226"/>
<connection id="44512" src-id="44468" dest-id="44502" weight="3.8655311238789225"/>
<connection id="44513" src-id="44469" dest-id="44502" weight="-6.42902442304039"/>
<connection id="44514" src-id="44470" dest-id="44502" weight="2.96660230924618"/>
<connection id="44516" src-id="44472" dest-id="44502" weight="-4.154532729529972"/>
<connection id="44517" src-id="44473" dest-id="44502" weight="-6.996488965012222"/>
<connection id="44518" src-id="44474" dest-id="44502" weight="6.478555336310662"/>
<connection id="44519" src-id="44475" dest-id="44502" weight="7.936701111172347"/>
<connection id="44520" src-id="44476" dest-id="44502" weight="6.800146272040761"/>
<connection id="44521" src-id="44477" dest-id="44502" weight="13.067465211752893"/>
<connection id="44522" src-id="44478" dest-id="44502" weight="-4.151827296351362"/>
<connection id="44523" src-id="44479" dest-id="44502" weight="2.0663918179511844"/>
<connection id="44524" src-id="44480" dest-id="44502" weight="1.0164575154246966"/>
<connection id="44525" src-id="44481" dest-id="44502" weight="1.4607769440742295"/>
<connection id="44526" src-id="44482" dest-id="44502" weight="10.722713398540726"/>
<connection id="44527" src-id="44483" dest-id="44502" weight="1.8335429311434153"/>
<connection id="44528" src-id="44484" dest-id="44502" weight="5.544338370076419"/>
<connection id="44529" src-id="44485" dest-id="44502" weight="-3.2015523663609455"/>
<connection id="44530" src-id="44486" dest-id="44502" weight="2.3415879835467135"/>
<connection id="44532" src-id="44488" dest-id="44502" weight="8.991232702313125"/>
<connection id="44533" src-id="44489" dest-id="44502" weight="-1.4055043731999952"/>
<connection id="44534" src-id="44490" dest-id="44502" weight="-1.192526885829643"/>
<connection id="44535" src-id="44491" dest-id="44502" weight="-3.036312178178007"/>
<connection id="44536" src-id="44492" dest-id="44502" weight="3.8556865838532044"/>
<connection id="44537" src-id="44493" dest-id="44502" weight="-4.697494638323927"/>
<connection id="44538" src-id="44494" dest-id="44502" weight="-0.2931350995301857"/>
<connection id="44539" src-id="44495" dest-id="44502" weight="-4.951456219942406"/>
<connection id="44540" src-id="44496" dest-id="44502" weight="3.6734499746750586"/>
<connection id="44541" src-id="44497" dest-id="44502" weight="0.9113210144707891"/>
<connection id="44542" src-id="44498" dest-id="44502" weight="-3.0179337311556855"/>
<connection id="44543" src-id="44499" dest-id="44502" weight="-1.4253712789513413"/>
<connection id="44544" src-id="44500" dest-id="44502" weight="0.25649886501142194"/>
<connection id="44545" src-id="44502" dest-id="44501" weight="-8.408804768611677"/>
<neuron id="44590" type="hid" activation="sigmoid"/>
<connection id="44591" src-id="44459" dest-id="44590" weight="-2.347531047137563"/>
<connection id="44592" src-id="44460" dest-id="44590" weight="-6.365765053879078"/>
<connection id="44593" src-id="44461" dest-id="44590" weight="14.083391802163835"/>
<connection id="44594" src-id="44462" dest-id="44590" weight="2.6860834832054525"/>
<connection id="44595" src-id="44463" dest-id="44590" weight="0.9493286658454672"/>
<connection id="44596" src-id="44464" dest-id="44590" weight="-8.313462768125444"/>
<connection id="44597" src-id="44465" dest-id="44590" weight="-1.5791963687595065"/>
<connection id="44598" src-id="44466" dest-id="44590" weight="3.8711146333132493"/>
<connection id="44599" src-id="44467" dest-id="44590" weight="3.1981748487282613"/>
<connection id="44600" src-id="44468" dest-id="44590" weight="-5.297321697783114"/>
<connection id="44601" src-id="44469" dest-id="44590" weight="2.464029723575692"/>
<connection id="44602" src-id="44470" dest-id="44590" weight="-0.925490289639308"/>
<connection id="44603" src-id="44471" dest-id="44590" weight="-0.20522778406907793"/>
<connection id="44604" src-id="44472" dest-id="44590" weight="-7.104479163744107"/>
<connection id="44605" src-id="44473" dest-id="44590" weight="-4.350054348591916"/>
<connection id="44607" src-id="44475" dest-id="44590" weight="10.561184631935129"/>
<connection id="44608" src-id="44476" dest-id="44590" weight="-0.7945384878309736"/>
<connection id="44609" src-id="44477" dest-id="44590" weight="1.8373204396468825"/>
<connection id="44610" src-id="44478" dest-id="44590" weight="2.6599672119972135"/>
<connection id="44611" src-id="44479" dest-id="44590" weight="4.5162360709926626"/>
<connection id="44612" src-id="44480" dest-id="44590" weight="2.3693453953802606"/>
<connection id="44613" src-id="44481" dest-id="44590" weight="-7.196296841241389"/>
<connection id="44614" src-id="44482" dest-id="44590" weight="0.16406872641231007"/>
<connection id="44615" src-id="44483" dest-id="44590" weight="2.487656420543667"/>
<connection id="44616" src-id="44484" dest-id="44590" weight="12.817422391820958"/>
<connection id="44617" src-id="44485" dest-id="44590" weight="6.488792794938396"/>
<connection id="44618" src-id="44486" dest-id="44590" weight="-12.91469536135401"/>
<connection id="44619" src-id="44487" dest-id="44590" weight="1.1692575616723127"/>
<connection id="44620" src-id="44488" dest-id="44590" weight="-5.153498416047782"/>
<connection id="44621" src-id="44489" dest-id="44590" weight="-10.228664340835932"/>
<connection id="44622" src-id="44490" dest-id="44590" weight="3.8138585189710965"/>
<connection id="44623" src-id="44491" dest-id="44590" weight="5.250669688399575"/>
<connection id="44624" src-id="44492" dest-id="44590" weight="6.367110412186342"/>
<connection id="44625" src-id="44493" dest-id="44590" weight="2.7812113194659362"/>
<connection id="44626" src-id="44494" dest-id="44590" weight="8.519586365092273"/>
<connection id="44627" src-id="44495" dest-id="44590" weight="-7.94228807292758"/>
<connection id="44628" src-id="44496" dest-id="44590" weight="1.8903168643665214"/>
<connection id="44629" src-id="44497" dest-id="44590" weight="-0.09785345207686047"/>
<connection id="44630" src-id="44498" dest-id="44590" weight="-6.467416406743105"/>
<connection id="44631" src-id="44499" dest-id="44590" weight="11.004247316623996"/>
<connection id="44632" src-id="44500" dest-id="44590" weight="0.49516156084281543"/>
<connection id="44633" src-id="44590" dest-id="44501" weight="1.545007074807552"/>
<neuron id="44634" type="hid" activation="sigmoid"/>
<connection id="44635" src-id="44459" dest-id="44634" weight="-7.098983312119729"/>
<connection id="44636" src-id="44460" dest-id="44634" weight="8.149609631196856"/>
<connection id="44638" src-id="44462" dest-id="44634" weight="-0.9478132364297474"/>
<connection id="44639" src-id="44463" dest-id="44634" weight="1.1143431484647137"/>
<connection id="44640" src-id="44464" dest-id="44634" weight="-1.9211913572232318"/>
<connection id="44641" src-id="44465" dest-id="44634" weight="-2.265667813229203"/>
<connection id="44642" src-id="44466" dest-id="44634" weight="-4.897342937303131"/>
<connection id="44643" src-id="44467" dest-id="44634" weight="3.210395538734085"/>
<connection id="44644" src-id="44468" dest-id="44634" weight="-2.7573096012332803"/>
<connection id="44645" src-id="44469" dest-id="44634" weight="-2.061105381594219"/>
<connection id="44646" src-id="44470" dest-id="44634" weight="7.331098518679823"/>
<connection id="44647" src-id="44471" dest-id="44634" weight="-5.935818777103049"/>
<connection id="44648" src-id="44472" dest-id="44634" weight="5.265057468977245"/>
<connection id="44649" src-id="44473" dest-id="44634" weight="4.335462797723379"/>
<connection id="44650" src-id="44474" dest-id="44634" weight="-1.1914708108616383"/>
<connection id="44651" src-id="44475" dest-id="44634" weight="-5.766401603809687"/>
<connection id="44652" src-id="44476" dest-id="44634" weight="1.1032650008629719"/>
<connection id="44653" src-id="44477" dest-id="44634" weight="7.5880686477951835"/>
<connection id="44654" src-id="44478" dest-id="44634" weight="-10.395597528929649"/>
<connection id="44655" src-id="44479" dest-id="44634" weight="-6.363737295878221"/>
<connection id="44656" src-id="44480" dest-id="44634" weight="-0.8268516861627273"/>
<connection id="44657" src-id="44481" dest-id="44634" weight="6.959235587859258"/>
<connection id="44658" src-id="44482" dest-id="44634" weight="-0.3152363785828178"/>
<connection id="44659" src-id="44483" dest-id="44634" weight="-4.3154852954560114"/>
<connection id="44660" src-id="44484" dest-id="44634" weight="-4.43940002833144"/>
<connection id="44661" src-id="44485" dest-id="44634" weight="-6.93616376798425"/>
<connection id="44662" src-id="44486" dest-id="44634" weight="-3.826311211808307"/>
<connection id="44663" src-id="44487" dest-id="44634" weight="-7.747359369460038"/>
<connection id="44664" src-id="44488" dest-id="44634" weight="-6.13986463685373"/>
<connection id="44665" src-id="44489" dest-id="44634" weight="0.7147787898698761"/>
<connection id="44666" src-id="44490" dest-id="44634" weight="-4.142001185977335"/>
<connection id="44667" src-id="44491" dest-id="44634" weight="2.315782066868128"/>
<connection id="44668" src-id="44492" dest-id="44634" weight="0.5056879755114894"/>
<connection id="44669" src-id="44493" dest-id="44634" weight="7.70497235062262"/>
<connection id="44670" src-id="44494" dest-id="44634" weight="-0.5006800917718706"/>
<connection id="44671" src-id="44495" dest-id="44634" weight="-3.039967379897914"/>
<connection id="44672" src-id="44496" dest-id="44634" weight="-0.9119278147293151"/>
<connection id="44673" src-id="44497" dest-id="44634" weight="1.4463066431493319"/>
<connection id="44674" src-id="44498" dest-id="44634" weight="12.510383144749616"/>
<connection id="44675" src-id="44499" dest-id="44634" weight="2.3292328400366125"/>
<connection id="44676" src-id="44500" dest-id="44634" weight="-7.320213470163406"/>
<connection id="44677" src-id="44634" dest-id="44501" weight="-5.654711579988449"/>
<neuron id="44678" type="hid" activation="sigmoid"/>
<connection id="44679" src-id="44459" dest-id="44678" weight="-5.426433272195781"/>
<connection id="44680" src-id="44460" dest-id="44678" weight="5.640762520750866"/>
<connection id="44681" src-id="44461" dest-id="44678" weight="-7.660162787196045"/>
<connection id="44682" src-id="44462" dest-id="44678" weight="-1.107112208264691"/>
<connection id="44683" src-id="44463" dest-id="44678" weight="-7.840159690628071"/>
<connection id="44684" src-id="44464" dest-id="44678" weight="1.013967678048019"/>
<connection id="44685" src-id="44465" dest-id="44678" weight="6.434689555760638"/>
<connection id="44686" src-id="44466" dest-id="44678" weight="-1.448060653367075"/>
<connection id="44687" src-id="44467" dest-id="44678" weight="1.2772712999983118"/>
<connection id="44688" src-id="44468" dest-id="44678" weight="-6.294321470318235"/>
<connection id="44689" src-id="44469" dest-id="44678" weight="1.1817591132516805"/>
<connection id="44690" src-id="44470" dest-id="44678" weight="5.534598370110962"/>
<connection id="44691" src-id="44471" dest-id="44678" weight="-8.805584292069556"/>
<connection id="44692" src-id="44472" dest-id="44678" weight="-2.5801402350228315"/>
<connection id="44694" src-id="44474" dest-id="44678" weight="4.626575542399119"/>
<connection id="44695" src-id="44475" dest-id="44678" weight="1.2929208975536377"/>
<connection id="44696" src-id="44476" dest-id="44678" weight="1.3625082958343775"/>
<connection id="44698" src-id="44478" dest-id="44678" weight="3.4804680239033523"/>
<connection id="44700" src-id="44480" dest-id="44678" weight="-8.623174351424897"/>
<connection id="44701" src-id="44481" dest-id="44678" weight="-1.7396818567424874"/>
<connection id="44702" src-id="44482" dest-id="44678" weight="-3.007416183538456"/>
<connection id="44703" src-id="44483" dest-id="44678" weight="-3.0435804876910058"/>
<connection id="44704" src-id="44484" dest-id="44678" weight="2.5567051513757137"/>
<connection id="44705" src-id="44485" dest-id="44678" weight="-0.6087700832711342"/>
<connection id="44706" src-id="44486" dest-id="44678" weight="0.6448407129210896"/>
<connection id="44708" src-id="44488" dest-id="44678" weight="-10.998221385204229"/>
<connection id="44709" src-id="44489" dest-id="44678" weight="11.528093136558843"/>
<connection id="44710" src-id="44490" dest-id="44678" weight="-4.091719311686822"/>
<connection id="44711" src-id="44491" dest-id="44678" weight="-7.800501490820302"/>
<connection id="44712" src-id="44492" dest-id="44678" weight="3.5017771431041744"/>
<connection id="44713" src-id="44493" dest-id="44678" weight="-10.866843601762225"/>
<connection id="44714" src-id="44494" dest-id="44678" weight="6.300341373868163"/>
<connection id="44715" src-id="44495" dest-id="44678" weight="-5.2487284860879315"/>
<connection id="44718" src-id="44498" dest-id="44678" weight="4.7436174578553905"/>
<connection id="44719" src-id="44499" dest-id="44678" weight="-5.736748252789913"/>
<connection id="44720" src-id="44500" dest-id="44678" weight="-6.69649222372499"/>
<connection id="44721" src-id="44678" dest-id="44501" weight="-2.611623051635199"/>
<connection id="44878" src-id="44485" dest-id="44501" weight="5.92612440759578"/>
<neuron id="44918" type="hid" activation="sigmoid"/>
<connection id="44919" src-id="44479" dest-id="44918" weight="-7.915125267281842"/>
<connection id="44920" src-id="44918" dest-id="44678" weight="-12.806128481539321"/>
<neuron id="44921" type="hid" activation="sigmoid"/>
<connection id="44923" src-id="44921" dest-id="44502" weight="0.6332678882749958"/>
<neuron id="45102" type="hid" activation="sigmoid"/>
<connection id="45103" src-id="44471" dest-id="45102" weight="1.1426704702076576"/>
<connection id="45104" src-id="45102" dest-id="44502" weight="-2.321537097240048"/>
<connection id="45241" src-id="44473" dest-id="44921" weight="-4.3728458095354386"/>
<connection id="45246" src-id="44478" dest-id="44918" weight="0.8943421240050808"/>
<neuron id="45289" type="hid" activation="sigmoid"/>
<connection id="45290" src-id="44487" dest-id="45289" weight="5.403364119799771"/>
<connection id="45291" src-id="45289" dest-id="44678" weight="2.2670733449206235"/>
<connection id="45325" src-id="44463" dest-id="44918" weight="-3.4534240649758976"/>
<connection id="45427" src-id="44484" dest-id="44921" weight="3.8210324334297905"/>
<connection id="45435" src-id="44477" dest-id="44921" weight="4.234475906484963"/>
<connection id="45541" src-id="44491" dest-id="44918" weight="-5.134728669723834"/>
<neuron id="45624" type="hid" activation="sigmoid"/>
<connection id="45625" src-id="44497" dest-id="45624" weight="-0.6180883442652951"/>
<connection id="45626" src-id="45624" dest-id="44678" weight="5.780063524668133"/>
<connection id="45648" src-id="44634" dest-id="44921" weight="0.7632199269340978"/>
<connection id="46031" src-id="44502" dest-id="45289" weight="-0.14821215825196832"/>
<connection id="46032" src-id="44465" dest-id="44918" weight="-0.8742112716798385"/>
<connection id="46033" src-id="44486" dest-id="45289" weight="-0.13185888905162085"/>
<connection id="46039" src-id="44918" dest-id="44634" weight="-2.4686586270096815"/>
<connection id="46040" src-id="44485" dest-id="44918" weight="-0.5758101861978635"/>
<connection id="46041" src-id="44487" dest-id="45624" weight="-0.3156839452097009"/>
<neuron id="46117" type="hid" activation="sigmoid"/>
<connection id="46118" src-id="44460" dest-id="46117" weight="0.6011240632812197"/>
<connection id="46119" src-id="46117" dest-id="44501" weight="3.8427485965499706"/>
</chromosome>