<chromosome id="49712" primary-parent-id="49173"><neuron id="46664" type="in" activation="linear"/>
<neuron id="46665" type="in" activation="linear"/>
<neuron id="46666" type="in" activation="linear"/>
<neuron id="46667" type="in" activation="linear"/>
<neuron id="46668" type="in" activation="linear"/>
<neuron id="46669" type="in" activation="linear"/>
<neuron id="46670" type="in" activation="linear"/>
<neuron id="46671" type="in" activation="linear"/>
<neuron id="46672" type="in" activation="linear"/>
<neuron id="46673" type="in" activation="linear"/>
<neuron id="46674" type="in" activation="linear"/>
<neuron id="46675" type="in" activation="linear"/>
<neuron id="46676" type="in" activation="linear"/>
<neuron id="46677" type="in" activation="linear"/>
<neuron id="46678" type="in" activation="linear"/>
<neuron id="46679" type="in" activation="linear"/>
<neuron id="46680" type="in" activation="linear"/>
<neuron id="46681" type="in" activation="linear"/>
<neuron id="46682" type="in" activation="linear"/>
<neuron id="46683" type="in" activation="linear"/>
<neuron id="46684" type="in" activation="linear"/>
<neuron id="46685" type="in" activation="linear"/>
<neuron id="46686" type="in" activation="linear"/>
<neuron id="46687" type="in" activation="linear"/>
<neuron id="46688" type="in" activation="linear"/>
<neuron id="46689" type="in" activation="linear"/>
<neuron id="46690" type="in" activation="linear"/>
<neuron id="46691" type="in" activation="linear"/>
<neuron id="46692" type="in" activation="linear"/>
<neuron id="46693" type="in" activation="linear"/>
<neuron id="46694" type="in" activation="linear"/>
<neuron id="46695" type="in" activation="linear"/>
<neuron id="46696" type="in" activation="linear"/>
<neuron id="46697" type="in" activation="linear"/>
<neuron id="46698" type="in" activation="linear"/>
<neuron id="46699" type="in" activation="linear"/>
<neuron id="46700" type="in" activation="linear"/>
<neuron id="46701" type="in" activation="linear"/>
<neuron id="46702" type="in" activation="linear"/>
<neuron id="46703" type="in" activation="linear"/>
<neuron id="46704" type="in" activation="linear"/>
<neuron id="46705" type="in" activation="linear"/>
<neuron id="46706" type="out" activation="linear"/>
<neuron id="46707" type="hid" activation="sigmoid"/>
<connection id="46708" src-id="46664" dest-id="46707" weight="-4.525436271033624"/>
<connection id="46709" src-id="46665" dest-id="46707" weight="5.673980321548203"/>
<connection id="46710" src-id="46666" dest-id="46707" weight="4.161299663191265"/>
<connection id="46711" src-id="46667" dest-id="46707" weight="1.6377659844052221"/>
<connection id="46712" src-id="46668" dest-id="46707" weight="-9.602818456818063"/>
<connection id="46713" src-id="46669" dest-id="46707" weight="-11.202918238981988"/>
<connection id="46714" src-id="46670" dest-id="46707" weight="6.061014776448269"/>
<connection id="46715" src-id="46671" dest-id="46707" weight="-0.14240255435004312"/>
<connection id="46716" src-id="46672" dest-id="46707" weight="3.8074826575217795"/>
<connection id="46717" src-id="46673" dest-id="46707" weight="0.19431159143586463"/>
<connection id="46719" src-id="46675" dest-id="46707" weight="-4.147676266930077"/>
<connection id="46720" src-id="46676" dest-id="46707" weight="4.121553186778671"/>
<connection id="46721" src-id="46677" dest-id="46707" weight="-7.122099977841099"/>
<connection id="46722" src-id="46678" dest-id="46707" weight="10.320260165166378"/>
<connection id="46723" src-id="46679" dest-id="46707" weight="0.8589932697581057"/>
<connection id="46724" src-id="46680" dest-id="46707" weight="6.934292172095412"/>
<connection id="46725" src-id="46681" dest-id="46707" weight="-7.0361766233822545"/>
<connection id="46726" src-id="46682" dest-id="46707" weight="3.1449296527457724"/>
<connection id="46727" src-id="46683" dest-id="46707" weight="-9.169958981585385"/>
<connection id="46728" src-id="46684" dest-id="46707" weight="-5.674438727265774"/>
<connection id="46729" src-id="46685" dest-id="46707" weight="4.163236226629028"/>
<connection id="46730" src-id="46686" dest-id="46707" weight="4.899588980428991"/>
<connection id="46731" src-id="46687" dest-id="46707" weight="1.1966136627811825"/>
<connection id="46732" src-id="46688" dest-id="46707" weight="-2.219501160043467"/>
<connection id="46733" src-id="46689" dest-id="46707" weight="-10.723862842224298"/>
<connection id="46734" src-id="46690" dest-id="46707" weight="-5.607414541093448"/>
<connection id="46735" src-id="46691" dest-id="46707" weight="-3.544394822413814"/>
<connection id="46736" src-id="46692" dest-id="46707" weight="3.8287042695195344"/>
<connection id="46737" src-id="46693" dest-id="46707" weight="6.024851565946819"/>
<connection id="46738" src-id="46694" dest-id="46707" weight="-2.902240207564442"/>
<connection id="46739" src-id="46695" dest-id="46707" weight="5.040048901049785"/>
<connection id="46740" src-id="46696" dest-id="46707" weight="0.9907785435167309"/>
<connection id="46741" src-id="46697" dest-id="46707" weight="3.2788165465301446"/>
<connection id="46742" src-id="46698" dest-id="46707" weight="8.405916682397322"/>
<connection id="46743" src-id="46699" dest-id="46707" weight="-1.8353952348275495"/>
<connection id="46744" src-id="46700" dest-id="46707" weight="-3.8028662433414753"/>
<connection id="46745" src-id="46701" dest-id="46707" weight="-3.932251251066944"/>
<connection id="46746" src-id="46702" dest-id="46707" weight="7.567718976588318"/>
<connection id="46747" src-id="46703" dest-id="46707" weight="-5.160506430070361"/>
<connection id="46748" src-id="46704" dest-id="46707" weight="3.8084735933432974"/>
<connection id="46749" src-id="46705" dest-id="46707" weight="1.1514383749255306"/>
<connection id="46750" src-id="46707" dest-id="46706" weight="5.688883096030648"/>
<neuron id="46751" type="hid" activation="sigmoid"/>
<connection id="46752" src-id="46664" dest-id="46751" weight="-3.3479822377803483"/>
<connection id="46753" src-id="46665" dest-id="46751" weight="2.5091059351790967"/>
<connection id="46755" src-id="46667" dest-id="46751" weight="1.7229206420885497"/>
<connection id="46756" src-id="46668" dest-id="46751" weight="2.706471372307488"/>
<connection id="46758" src-id="46670" dest-id="46751" weight="7.750482626466557"/>
<connection id="46759" src-id="46671" dest-id="46751" weight="-14.865558630238151"/>
<connection id="46760" src-id="46672" dest-id="46751" weight="-5.504680134776114"/>
<connection id="46761" src-id="46673" dest-id="46751" weight="7.2461260756165915"/>
<connection id="46763" src-id="46675" dest-id="46751" weight="-11.740427733521617"/>
<connection id="46764" src-id="46676" dest-id="46751" weight="6.382781299265062"/>
<connection id="46765" src-id="46677" dest-id="46751" weight="1.528451367423993"/>
<connection id="46767" src-id="46679" dest-id="46751" weight="7.792139316649849"/>
<connection id="46770" src-id="46682" dest-id="46751" weight="0.6779187643074583"/>
<connection id="46771" src-id="46683" dest-id="46751" weight="-12.306256214191412"/>
<connection id="46772" src-id="46684" dest-id="46751" weight="1.8673258764909735"/>
<connection id="46773" src-id="46685" dest-id="46751" weight="-12.146737189350576"/>
<connection id="46774" src-id="46686" dest-id="46751" weight="-14.892463255707636"/>
<connection id="46775" src-id="46687" dest-id="46751" weight="3.1598396538222384"/>
<connection id="46776" src-id="46688" dest-id="46751" weight="-3.763497102425379"/>
<connection id="46777" src-id="46689" dest-id="46751" weight="-0.20569212827383776"/>
<connection id="46778" src-id="46690" dest-id="46751" weight="2.164660488233353"/>
<connection id="46779" src-id="46691" dest-id="46751" weight="1.0550511296231422"/>
<connection id="46780" src-id="46692" dest-id="46751" weight="-1.5823221925629927"/>
<connection id="46781" src-id="46693" dest-id="46751" weight="-4.016805693608954"/>
<connection id="46782" src-id="46694" dest-id="46751" weight="8.783803369590906"/>
<connection id="46783" src-id="46695" dest-id="46751" weight="9.546233553129998"/>
<connection id="46785" src-id="46697" dest-id="46751" weight="-10.491816545756523"/>
<connection id="46786" src-id="46698" dest-id="46751" weight="4.962624182775009"/>
<connection id="46787" src-id="46699" dest-id="46751" weight="4.925112774577688"/>
<connection id="46788" src-id="46700" dest-id="46751" weight="5.703719345546536"/>
<connection id="46789" src-id="46701" dest-id="46751" weight="0.5658157591779306"/>
<connection id="46790" src-id="46702" dest-id="46751" weight="4.118721395320966"/>
<connection id="46792" src-id="46704" dest-id="46751" weight="8.01867909607493"/>
<connection id="46793" src-id="46705" dest-id="46751" weight="-2.702683788416902"/>
<connection id="46794" src-id="46751" dest-id="46706" weight="4.6241713925396555"/>
<neuron id="46795" type="hid" activation="sigmoid"/>
<connection id="46796" src-id="46664" dest-id="46795" weight="6.724124682360586"/>
<connection id="46797" src-id="46665" dest-id="46795" weight="-3.540678236956761"/>
<connection id="46798" src-id="46666" dest-id="46795" weight="-4.417126544218373"/>
<connection id="46799" src-id="46667" dest-id="46795" weight="5.340479139437389"/>
<connection id="46800" src-id="46668" dest-id="46795" weight="-3.7315914209919034"/>
<connection id="46801" src-id="46669" dest-id="46795" weight="3.288830988537672"/>
<connection id="46802" src-id="46670" dest-id="46795" weight="-9.937958015617557"/>
<connection id="46803" src-id="46671" dest-id="46795" weight="-1.1580036312652942"/>
<connection id="46804" src-id="46672" dest-id="46795" weight="15.496391403531085"/>
<connection id="46805" src-id="46673" dest-id="46795" weight="-1.5826733329696012"/>
<connection id="46807" src-id="46675" dest-id="46795" weight="6.6741782785004595"/>
<connection id="46808" src-id="46676" dest-id="46795" weight="-1.35240985944147"/>
<connection id="46809" src-id="46677" dest-id="46795" weight="-1.060095963182031"/>
<connection id="46810" src-id="46678" dest-id="46795" weight="-9.080879392303158"/>
<connection id="46811" src-id="46679" dest-id="46795" weight="-5.51318538653624"/>
<connection id="46812" src-id="46680" dest-id="46795" weight="-8.260741444654904"/>
<connection id="46813" src-id="46681" dest-id="46795" weight="-0.6723049548638469"/>
<connection id="46814" src-id="46682" dest-id="46795" weight="-4.21974202214153"/>
<connection id="46815" src-id="46683" dest-id="46795" weight="-9.70580443892119"/>
<connection id="46816" src-id="46684" dest-id="46795" weight="16.13685116662128"/>
<connection id="46817" src-id="46685" dest-id="46795" weight="5.105766876607316"/>
<connection id="46818" src-id="46686" dest-id="46795" weight="-3.8534839390465763"/>
<connection id="46819" src-id="46687" dest-id="46795" weight="0.20395656897878084"/>
<connection id="46820" src-id="46688" dest-id="46795" weight="2.540772217780795"/>
<connection id="46821" src-id="46689" dest-id="46795" weight="6.130350335913444"/>
<connection id="46823" src-id="46691" dest-id="46795" weight="-5.361984319274679"/>
<connection id="46825" src-id="46693" dest-id="46795" weight="3.2043192464735553"/>
<connection id="46826" src-id="46694" dest-id="46795" weight="2.374992364241906"/>
<connection id="46827" src-id="46695" dest-id="46795" weight="-7.909777611901342"/>
<connection id="46828" src-id="46696" dest-id="46795" weight="-7.689684748867608"/>
<connection id="46829" src-id="46697" dest-id="46795" weight="5.798789976170048"/>
<connection id="46830" src-id="46698" dest-id="46795" weight="-6.470634311787623"/>
<connection id="46831" src-id="46699" dest-id="46795" weight="3.5020984925490444"/>
<connection id="46832" src-id="46700" dest-id="46795" weight="-0.2506598325414713"/>
<connection id="46833" src-id="46701" dest-id="46795" weight="12.220034346719753"/>
<connection id="46834" src-id="46702" dest-id="46795" weight="-7.5533636465622"/>
<connection id="46835" src-id="46703" dest-id="46795" weight="1.8345645717047792"/>
<connection id="46836" src-id="46704" dest-id="46795" weight="-4.479850872392365"/>
<connection id="46837" src-id="46705" dest-id="46795" weight="0.6649541200477014"/>
<connection id="46838" src-id="46795" dest-id="46706" weight="4.301673553399372"/>
<neuron id="46883" type="hid" activation="sigmoid"/>
<connection id="46884" src-id="46664" dest-id="46883" weight="3.2569887605745063"/>
<connection id="46885" src-id="46665" dest-id="46883" weight="-6.064680508696579"/>
<connection id="46886" src-id="46666" dest-id="46883" weight="-1.1316825011915337"/>
<connection id="46887" src-id="46667" dest-id="46883" weight="-5.28652435020126"/>
<connection id="46889" src-id="46669" dest-id="46883" weight="2.6988075633801643"/>
<connection id="46890" src-id="46670" dest-id="46883" weight="-3.0455329021286834"/>
<connection id="46891" src-id="46671" dest-id="46883" weight="-4.858372461968959"/>
<connection id="46892" src-id="46672" dest-id="46883" weight="5.614642059917262"/>
<connection id="46893" src-id="46673" dest-id="46883" weight="3.015780518118109"/>
<connection id="46894" src-id="46674" dest-id="46883" weight="-0.5908450823894567"/>
<connection id="46895" src-id="46675" dest-id="46883" weight="-3.8025336522295468"/>
<connection id="46896" src-id="46676" dest-id="46883" weight="5.434961392017991"/>
<connection id="46897" src-id="46677" dest-id="46883" weight="-10.895807138609227"/>
<connection id="46898" src-id="46678" dest-id="46883" weight="-9.591414655016498"/>
<connection id="46899" src-id="46679" dest-id="46883" weight="-7.328769381595062"/>
<connection id="46901" src-id="46681" dest-id="46883" weight="4.569145532257263"/>
<connection id="46902" src-id="46682" dest-id="46883" weight="1.8693803957325708"/>
<connection id="46904" src-id="46684" dest-id="46883" weight="-1.3227465291910843"/>
<connection id="46906" src-id="46686" dest-id="46883" weight="6.766154777849228"/>
<connection id="46908" src-id="46688" dest-id="46883" weight="-0.5037395562520279"/>
<connection id="46909" src-id="46689" dest-id="46883" weight="11.752669969959427"/>
<connection id="46910" src-id="46690" dest-id="46883" weight="5.936601315525783"/>
<connection id="46911" src-id="46691" dest-id="46883" weight="2.6915692328272187"/>
<connection id="46912" src-id="46692" dest-id="46883" weight="-8.352162906435767"/>
<connection id="46913" src-id="46693" dest-id="46883" weight="-2.661597761727038"/>
<connection id="46914" src-id="46694" dest-id="46883" weight="-6.685502798247791"/>
<connection id="46916" src-id="46696" dest-id="46883" weight="8.889516334760204"/>
<connection id="46917" src-id="46697" dest-id="46883" weight="5.329529624251477"/>
<connection id="46918" src-id="46698" dest-id="46883" weight="0.3867966456704467"/>
<connection id="46919" src-id="46699" dest-id="46883" weight="0.2164575669166222"/>
<connection id="46920" src-id="46700" dest-id="46883" weight="8.840040856905679"/>
<connection id="46921" src-id="46701" dest-id="46883" weight="-2.213975967313342"/>
<connection id="46922" src-id="46702" dest-id="46883" weight="-3.907643429024572"/>
<connection id="46923" src-id="46703" dest-id="46883" weight="0.30963886925197126"/>
<connection id="46924" src-id="46704" dest-id="46883" weight="-1.5602846030828785"/>
<connection id="46925" src-id="46705" dest-id="46883" weight="-5.520443821556414"/>
<connection id="46926" src-id="46883" dest-id="46706" weight="-9.293936748506894"/>
<connection id="47147" src-id="46674" dest-id="46706" weight="4.810755600749914"/>
<connection id="47245" src-id="46700" dest-id="46706" weight="0.9931777725278759"/>
<neuron id="47329" type="hid" activation="sigmoid"/>
<connection id="47330" src-id="46685" dest-id="47329" weight="-0.864620184987964"/>
<connection id="47331" src-id="47329" dest-id="46883" weight="5.907015554582362"/>
<connection id="47408" src-id="46696" dest-id="47329" weight="-7.496281546986243"/>
<connection id="47611" src-id="46672" dest-id="46706" weight="7.093857554308669"/>
<connection id="47866" src-id="46795" dest-id="46751" weight="1.8988476512904209"/>
<connection id="47876" src-id="46702" dest-id="46706" weight="3.0794266869593536"/>
<neuron id="47926" type="hid" activation="sigmoid"/>
<connection id="47928" src-id="47926" dest-id="46751" weight="6.338365128809718"/>
<connection id="48005" src-id="46686" dest-id="47329" weight="-1.8627867819711534"/>
<connection id="48011" src-id="46687" dest-id="46706" weight="3.477268732483537"/>
<connection id="48012" src-id="46672" dest-id="47329" weight="-4.271348611463211"/>
<neuron id="48202" type="hid" activation="sigmoid"/>
<connection id="48203" src-id="46666" dest-id="48202" weight="-0.41005648423522784"/>
<connection id="48204" src-id="48202" dest-id="46751" weight="2.470406134633296"/>
<neuron id="48205" type="hid" activation="sigmoid"/>
<connection id="48206" src-id="46678" dest-id="48205" weight="3.7866053014237555"/>
<connection id="48207" src-id="48205" dest-id="46751" weight="2.602595869887704"/>
<connection id="48406" src-id="47329" dest-id="48202" weight="3.2094420663120986"/>
<connection id="48407" src-id="46666" dest-id="46706" weight="-5.957029657461084"/>
<neuron id="48477" type="hid" activation="sigmoid"/>
<connection id="48478" src-id="46695" dest-id="48477" weight="-4.519397894465804"/>
<connection id="48479" src-id="48477" dest-id="46883" weight="2.8633433109872533"/>
<connection id="48528" src-id="46670" dest-id="47329" weight="1.2673941783580205"/>
<connection id="48644" src-id="46682" dest-id="48202" weight="5.563904511893959"/>
<connection id="48650" src-id="48202" dest-id="48205" weight="-3.7712540344863896"/>
<connection id="48790" src-id="46694" dest-id="48205" weight="-0.8056483440307574"/>
<connection id="48794" src-id="46695" dest-id="48205" weight="-3.6626603951873857"/>
<connection id="49064" src-id="46681" dest-id="48205" weight="2.41537738890096"/>
<connection id="49070" src-id="46671" dest-id="48477" weight="-0.19420200853349723"/>
<connection id="49073" src-id="46697" dest-id="47926" weight="-3.839174923534987"/>
<connection id="49075" src-id="46675" dest-id="48477" weight="-1.1139995582202877"/>
<neuron id="49152" type="hid" activation="sigmoid"/>
<connection id="49153" src-id="46674" dest-id="49152" weight="-0.917910968601888"/>
<connection id="49154" src-id="49152" dest-id="47926" weight="-4.37236917925965"/>
<connection id="49652" src-id="46680" dest-id="48477" weight="-1.4887840110252977"/>
<connection id="49653" src-id="46680" dest-id="49152" weight="-2.7040219100342298"/>
<connection id="49655" src-id="46795" dest-id="49152" weight="3.61292572762125"/>
</chromosome>