<chromosome id="50987" primary-parent-id="50599"><neuron id="46664" type="in" activation="linear"/>
<neuron id="46665" type="in" activation="linear"/>
<neuron id="46666" type="in" activation="linear"/>
<neuron id="46667" type="in" activation="linear"/>
<neuron id="46668" type="in" activation="linear"/>
<neuron id="46669" type="in" activation="linear"/>
<neuron id="46670" type="in" activation="linear"/>
<neuron id="46671" type="in" activation="linear"/>
<neuron id="46672" type="in" activation="linear"/>
<neuron id="46673" type="in" activation="linear"/>
<neuron id="46674" type="in" activation="linear"/>
<neuron id="46675" type="in" activation="linear"/>
<neuron id="46676" type="in" activation="linear"/>
<neuron id="46677" type="in" activation="linear"/>
<neuron id="46678" type="in" activation="linear"/>
<neuron id="46679" type="in" activation="linear"/>
<neuron id="46680" type="in" activation="linear"/>
<neuron id="46681" type="in" activation="linear"/>
<neuron id="46682" type="in" activation="linear"/>
<neuron id="46683" type="in" activation="linear"/>
<neuron id="46684" type="in" activation="linear"/>
<neuron id="46685" type="in" activation="linear"/>
<neuron id="46686" type="in" activation="linear"/>
<neuron id="46687" type="in" activation="linear"/>
<neuron id="46688" type="in" activation="linear"/>
<neuron id="46689" type="in" activation="linear"/>
<neuron id="46690" type="in" activation="linear"/>
<neuron id="46691" type="in" activation="linear"/>
<neuron id="46692" type="in" activation="linear"/>
<neuron id="46693" type="in" activation="linear"/>
<neuron id="46694" type="in" activation="linear"/>
<neuron id="46695" type="in" activation="linear"/>
<neuron id="46696" type="in" activation="linear"/>
<neuron id="46697" type="in" activation="linear"/>
<neuron id="46698" type="in" activation="linear"/>
<neuron id="46699" type="in" activation="linear"/>
<neuron id="46700" type="in" activation="linear"/>
<neuron id="46701" type="in" activation="linear"/>
<neuron id="46702" type="in" activation="linear"/>
<neuron id="46703" type="in" activation="linear"/>
<neuron id="46704" type="in" activation="linear"/>
<neuron id="46705" type="in" activation="linear"/>
<neuron id="46706" type="out" activation="linear"/>
<neuron id="46707" type="hid" activation="sigmoid"/>
<connection id="46708" src-id="46664" dest-id="46707" weight="-5.082258313568996"/>
<connection id="46709" src-id="46665" dest-id="46707" weight="13.981696450666991"/>
<connection id="46710" src-id="46666" dest-id="46707" weight="3.4597834578648854"/>
<connection id="46711" src-id="46667" dest-id="46707" weight="4.324849715965389"/>
<connection id="46712" src-id="46668" dest-id="46707" weight="-10.535658874352519"/>
<connection id="46713" src-id="46669" dest-id="46707" weight="-7.34674728660667"/>
<connection id="46714" src-id="46670" dest-id="46707" weight="10.472214121703656"/>
<connection id="46715" src-id="46671" dest-id="46707" weight="13.863409666120225"/>
<connection id="46717" src-id="46673" dest-id="46707" weight="8.080884547940048"/>
<connection id="46719" src-id="46675" dest-id="46707" weight="-2.060166571082461"/>
<connection id="46721" src-id="46677" dest-id="46707" weight="-6.345533692503121"/>
<connection id="46722" src-id="46678" dest-id="46707" weight="3.4871378263627557"/>
<connection id="46723" src-id="46679" dest-id="46707" weight="14.19667651037176"/>
<connection id="46724" src-id="46680" dest-id="46707" weight="2.174296387449158"/>
<connection id="46725" src-id="46681" dest-id="46707" weight="5.251379344788315"/>
<connection id="46727" src-id="46683" dest-id="46707" weight="-5.1608696650115"/>
<connection id="46728" src-id="46684" dest-id="46707" weight="-3.168301701990821"/>
<connection id="46729" src-id="46685" dest-id="46707" weight="4.1191792276536"/>
<connection id="46731" src-id="46687" dest-id="46707" weight="0.10654392829219668"/>
<connection id="46732" src-id="46688" dest-id="46707" weight="1.559186110494462"/>
<connection id="46733" src-id="46689" dest-id="46707" weight="-5.672704834148307"/>
<connection id="46734" src-id="46690" dest-id="46707" weight="-7.865255478848288"/>
<connection id="46736" src-id="46692" dest-id="46707" weight="3.520672713793326"/>
<connection id="46737" src-id="46693" dest-id="46707" weight="4.455600442740845"/>
<connection id="46738" src-id="46694" dest-id="46707" weight="7.77876225421244"/>
<connection id="46739" src-id="46695" dest-id="46707" weight="4.930494824014863"/>
<connection id="46740" src-id="46696" dest-id="46707" weight="-11.135321110972917"/>
<connection id="46741" src-id="46697" dest-id="46707" weight="11.179950296854102"/>
<connection id="46742" src-id="46698" dest-id="46707" weight="-3.744900897785903"/>
<connection id="46744" src-id="46700" dest-id="46707" weight="-2.9807231509223646"/>
<connection id="46745" src-id="46701" dest-id="46707" weight="7.8935382135545265"/>
<connection id="46746" src-id="46702" dest-id="46707" weight="15.698447741077524"/>
<connection id="46748" src-id="46704" dest-id="46707" weight="12.962225976319033"/>
<connection id="46749" src-id="46705" dest-id="46707" weight="-3.920676891154801"/>
<neuron id="46751" type="hid" activation="sigmoid"/>
<connection id="46752" src-id="46664" dest-id="46751" weight="-0.12023329576308983"/>
<connection id="46753" src-id="46665" dest-id="46751" weight="-1.9982330623374815"/>
<connection id="46755" src-id="46667" dest-id="46751" weight="13.423420227378895"/>
<connection id="46756" src-id="46668" dest-id="46751" weight="6.3266790151875405"/>
<connection id="46758" src-id="46670" dest-id="46751" weight="14.146864589877005"/>
<connection id="46759" src-id="46671" dest-id="46751" weight="-16.94537698955673"/>
<connection id="46760" src-id="46672" dest-id="46751" weight="2.53932382511908"/>
<connection id="46761" src-id="46673" dest-id="46751" weight="-4.304600361846315"/>
<connection id="46763" src-id="46675" dest-id="46751" weight="-14.530512924356193"/>
<connection id="46764" src-id="46676" dest-id="46751" weight="-0.2807165096019011"/>
<connection id="46765" src-id="46677" dest-id="46751" weight="12.384612042634224"/>
<connection id="46767" src-id="46679" dest-id="46751" weight="11.84582417653161"/>
<connection id="46770" src-id="46682" dest-id="46751" weight="3.851232983299645"/>
<connection id="46771" src-id="46683" dest-id="46751" weight="-8.794502816752424"/>
<connection id="46772" src-id="46684" dest-id="46751" weight="-1.9284007483430563"/>
<connection id="46773" src-id="46685" dest-id="46751" weight="-9.894623195414573"/>
<connection id="46774" src-id="46686" dest-id="46751" weight="-9.372613907029477"/>
<connection id="46775" src-id="46687" dest-id="46751" weight="5.660086417657542"/>
<connection id="46776" src-id="46688" dest-id="46751" weight="-1.6462208829992981"/>
<connection id="46777" src-id="46689" dest-id="46751" weight="0.6076081395374242"/>
<connection id="46778" src-id="46690" dest-id="46751" weight="-8.701763520169571"/>
<connection id="46779" src-id="46691" dest-id="46751" weight="13.866711041365363"/>
<connection id="46780" src-id="46692" dest-id="46751" weight="-10.857567925153427"/>
<connection id="46781" src-id="46693" dest-id="46751" weight="-3.939324865411527"/>
<connection id="46782" src-id="46694" dest-id="46751" weight="4.225980963813841"/>
<connection id="46783" src-id="46695" dest-id="46751" weight="10.545745465337998"/>
<connection id="46786" src-id="46698" dest-id="46751" weight="-2.0207496080081544"/>
<connection id="46787" src-id="46699" dest-id="46751" weight="-7.393618332189201"/>
<connection id="46788" src-id="46700" dest-id="46751" weight="-0.6546670341630639"/>
<connection id="46789" src-id="46701" dest-id="46751" weight="-11.69029375179054"/>
<connection id="46790" src-id="46702" dest-id="46751" weight="5.570038732225602"/>
<connection id="46792" src-id="46704" dest-id="46751" weight="12.031572644916421"/>
<connection id="46793" src-id="46705" dest-id="46751" weight="-2.696042473780736"/>
<connection id="46794" src-id="46751" dest-id="46706" weight="-4.462702220582411"/>
<neuron id="46795" type="hid" activation="sigmoid"/>
<connection id="46796" src-id="46664" dest-id="46795" weight="2.0810848055472837"/>
<connection id="46797" src-id="46665" dest-id="46795" weight="-9.37626387656401"/>
<connection id="46798" src-id="46666" dest-id="46795" weight="2.3617570825490954"/>
<connection id="46799" src-id="46667" dest-id="46795" weight="-9.743227061161406"/>
<connection id="46800" src-id="46668" dest-id="46795" weight="-5.09998361724014"/>
<connection id="46801" src-id="46669" dest-id="46795" weight="7.834817504205768"/>
<connection id="46803" src-id="46671" dest-id="46795" weight="-10.514880169883273"/>
<connection id="46804" src-id="46672" dest-id="46795" weight="16.40143678514258"/>
<connection id="46805" src-id="46673" dest-id="46795" weight="5.194407317592435"/>
<connection id="46807" src-id="46675" dest-id="46795" weight="0.8191904492118616"/>
<connection id="46808" src-id="46676" dest-id="46795" weight="-3.388433001603235"/>
<connection id="46810" src-id="46678" dest-id="46795" weight="-6.2933593324323756"/>
<connection id="46811" src-id="46679" dest-id="46795" weight="0.9207850417298953"/>
<connection id="46812" src-id="46680" dest-id="46795" weight="-8.597427144881305"/>
<connection id="46813" src-id="46681" dest-id="46795" weight="-11.649317076514173"/>
<connection id="46814" src-id="46682" dest-id="46795" weight="-6.031662153272868"/>
<connection id="46816" src-id="46684" dest-id="46795" weight="15.067945979592624"/>
<connection id="46817" src-id="46685" dest-id="46795" weight="8.553382408787408"/>
<connection id="46819" src-id="46687" dest-id="46795" weight="6.3091324770171"/>
<connection id="46820" src-id="46688" dest-id="46795" weight="1.7999800729894004"/>
<connection id="46821" src-id="46689" dest-id="46795" weight="-3.9337162513074495"/>
<connection id="46822" src-id="46690" dest-id="46795" weight="4.3253427089353345"/>
<connection id="46823" src-id="46691" dest-id="46795" weight="-4.2518672871796905"/>
<connection id="46825" src-id="46693" dest-id="46795" weight="1.3345287360532447"/>
<connection id="46826" src-id="46694" dest-id="46795" weight="1.9182017364328154"/>
<connection id="46827" src-id="46695" dest-id="46795" weight="-6.308074810851168"/>
<connection id="46828" src-id="46696" dest-id="46795" weight="-7.842785474342753"/>
<connection id="46829" src-id="46697" dest-id="46795" weight="5.065196156666704"/>
<connection id="46830" src-id="46698" dest-id="46795" weight="-4.737913080999565"/>
<connection id="46831" src-id="46699" dest-id="46795" weight="12.035086695350198"/>
<connection id="46832" src-id="46700" dest-id="46795" weight="14.586304080048098"/>
<connection id="46833" src-id="46701" dest-id="46795" weight="9.229345443791114"/>
<connection id="46834" src-id="46702" dest-id="46795" weight="-12.087338557442436"/>
<connection id="46835" src-id="46703" dest-id="46795" weight="6.68781223638058"/>
<connection id="46836" src-id="46704" dest-id="46795" weight="-2.5717471974758324"/>
<connection id="46837" src-id="46705" dest-id="46795" weight="2.649343514067775"/>
<connection id="46838" src-id="46795" dest-id="46706" weight="-3.5039493894548097"/>
<neuron id="46883" type="hid" activation="sigmoid"/>
<connection id="46884" src-id="46664" dest-id="46883" weight="10.240192136419141"/>
<connection id="46885" src-id="46665" dest-id="46883" weight="-6.181555635449609"/>
<connection id="46886" src-id="46666" dest-id="46883" weight="-1.1650152266919223"/>
<connection id="46887" src-id="46667" dest-id="46883" weight="-11.89578005623979"/>
<connection id="46889" src-id="46669" dest-id="46883" weight="-0.10070979498944732"/>
<connection id="46890" src-id="46670" dest-id="46883" weight="-3.898690382649814"/>
<connection id="46891" src-id="46671" dest-id="46883" weight="-5.1315989542100455"/>
<connection id="46892" src-id="46672" dest-id="46883" weight="17.842680523124308"/>
<connection id="46893" src-id="46673" dest-id="46883" weight="0.7701650181097102"/>
<connection id="46894" src-id="46674" dest-id="46883" weight="3.6782753484723796"/>
<connection id="46895" src-id="46675" dest-id="46883" weight="-4.640810827835246"/>
<connection id="46897" src-id="46677" dest-id="46883" weight="-9.49667892742319"/>
<connection id="46898" src-id="46678" dest-id="46883" weight="-9.864418023390154"/>
<connection id="46899" src-id="46679" dest-id="46883" weight="-5.123197487050499"/>
<connection id="46900" src-id="46680" dest-id="46883" weight="-1.4760484069445288"/>
<connection id="46901" src-id="46681" dest-id="46883" weight="-3.291288047000763"/>
<connection id="46902" src-id="46682" dest-id="46883" weight="1.2875842274391769"/>
<connection id="46906" src-id="46686" dest-id="46883" weight="5.26506888548527"/>
<connection id="46908" src-id="46688" dest-id="46883" weight="3.1457275940968534"/>
<connection id="46909" src-id="46689" dest-id="46883" weight="7.818891963097847"/>
<connection id="46910" src-id="46690" dest-id="46883" weight="8.489798861727495"/>
<connection id="46911" src-id="46691" dest-id="46883" weight="1.3722049341004225"/>
<connection id="46912" src-id="46692" dest-id="46883" weight="-7.1313529742352895"/>
<connection id="46913" src-id="46693" dest-id="46883" weight="-4.6810068539773315"/>
<connection id="46914" src-id="46694" dest-id="46883" weight="-3.2117434300654772"/>
<connection id="46917" src-id="46697" dest-id="46883" weight="2.5747957425508563"/>
<connection id="46918" src-id="46698" dest-id="46883" weight="-3.1416080071778683"/>
<connection id="46919" src-id="46699" dest-id="46883" weight="-5.371766721685401"/>
<connection id="46920" src-id="46700" dest-id="46883" weight="10.95266417053086"/>
<connection id="46921" src-id="46701" dest-id="46883" weight="-6.259037089234124"/>
<connection id="46922" src-id="46702" dest-id="46883" weight="-3.946106226449025"/>
<connection id="46923" src-id="46703" dest-id="46883" weight="2.5623329479910435"/>
<connection id="46924" src-id="46704" dest-id="46883" weight="-10.05383894739311"/>
<connection id="46925" src-id="46705" dest-id="46883" weight="-16.638643968304116"/>
<connection id="46926" src-id="46883" dest-id="46706" weight="-16.565252005648908"/>
<connection id="47147" src-id="46674" dest-id="46706" weight="-0.14303734088914588"/>
<connection id="47165" src-id="46701" dest-id="46706" weight="0.9508298635482788"/>
<connection id="47245" src-id="46700" dest-id="46706" weight="3.2424634015895473"/>
<neuron id="47329" type="hid" activation="sigmoid"/>
<connection id="47330" src-id="46685" dest-id="47329" weight="4.64695314677629"/>
<connection id="47331" src-id="47329" dest-id="46883" weight="0.3051911475180191"/>
<connection id="47408" src-id="46696" dest-id="47329" weight="-5.919474232623974"/>
<connection id="47576" src-id="46698" dest-id="46706" weight="-0.5744214057922363"/>
<connection id="47611" src-id="46672" dest-id="46706" weight="11.99932773697713"/>
<neuron id="47649" type="hid" activation="sigmoid"/>
<connection id="47650" src-id="46703" dest-id="47649" weight="0.1418292445167757"/>
<connection id="47651" src-id="47649" dest-id="46707" weight="-20.391085782895082"/>
<connection id="47914" src-id="46705" dest-id="46706" weight="1.8058046951722995"/>
<neuron id="47926" type="hid" activation="sigmoid"/>
<connection id="47927" src-id="46674" dest-id="47926" weight="1.8156580154576818"/>
<connection id="47928" src-id="47926" dest-id="46751" weight="10.131046796798229"/>
<connection id="48005" src-id="46686" dest-id="47329" weight="-7.025635759917174"/>
<connection id="48011" src-id="46687" dest-id="46706" weight="5.63288241894015"/>
<connection id="48012" src-id="46672" dest-id="47329" weight="-3.8772268135869146"/>
<neuron id="48202" type="hid" activation="sigmoid"/>
<connection id="48203" src-id="46666" dest-id="48202" weight="-7.219173324526869"/>
<connection id="48204" src-id="48202" dest-id="46751" weight="12.255791735773482"/>
<neuron id="48205" type="hid" activation="sigmoid"/>
<connection id="48206" src-id="46678" dest-id="48205" weight="2.68322840035933"/>
<connection id="48207" src-id="48205" dest-id="46751" weight="2.210717490227191"/>
<neuron id="48229" type="hid" activation="sigmoid"/>
<connection id="48230" src-id="46676" dest-id="48229" weight="0.4337536968965594"/>
<connection id="48406" src-id="47329" dest-id="48202" weight="-6.8362303087401655"/>
<neuron id="48477" type="hid" activation="sigmoid"/>
<connection id="48478" src-id="46695" dest-id="48477" weight="-1.0153696665080207"/>
<connection id="48479" src-id="48477" dest-id="46883" weight="5.412919665417203"/>
<connection id="48650" src-id="48202" dest-id="48205" weight="11.02086518721534"/>
<connection id="48749" src-id="46681" dest-id="46706" weight="0.4732649326324463"/>
<connection id="48794" src-id="46695" dest-id="48205" weight="-12.213799767355221"/>
<neuron id="49134" type="hid" activation="sigmoid"/>
<connection id="49135" src-id="46699" dest-id="49134" weight="-5.166536584236429"/>
<connection id="49136" src-id="49134" dest-id="46707" weight="10.707226411735055"/>
<neuron id="49161" type="hid" activation="sigmoid"/>
<connection id="49162" src-id="46683" dest-id="49161" weight="-1.1685732686009391"/>
<connection id="49163" src-id="49161" dest-id="46795" weight="4.552478986586882"/>
<connection id="49334" src-id="46666" dest-id="47329" weight="0.18280542467734406"/>
<connection id="49452" src-id="46672" dest-id="48477" weight="-0.3220592737197876"/>
<connection id="49509" src-id="46700" dest-id="47926" weight="-5.464870197219449"/>
<connection id="49749" src-id="46703" dest-id="48202" weight="2.063635806335934"/>
<connection id="49777" src-id="46667" dest-id="47926" weight="2.253001209938957"/>
<neuron id="49845" type="hid" activation="sigmoid"/>
<connection id="49846" src-id="46696" dest-id="49845" weight="3.6690210214128323"/>
<connection id="49847" src-id="49845" dest-id="46883" weight="7.710598033020471"/>
<neuron id="49857" type="hid" activation="sigmoid"/>
<connection id="49858" src-id="46707" dest-id="49857" weight="0.409523230378138"/>
<connection id="49859" src-id="49857" dest-id="46706" weight="0.8739380767166849"/>
<connection id="49925" src-id="46673" dest-id="47649" weight="-2.1840322024550933"/>
<connection id="49928" src-id="47329" dest-id="48477" weight="-4.577725299158969"/>
<connection id="49933" src-id="46687" dest-id="47649" weight="2.635405487253598"/>
<neuron id="50008" type="hid" activation="sigmoid"/>
<connection id="50009" src-id="46702" dest-id="50008" weight="9.526697686182677"/>
<connection id="50010" src-id="50008" dest-id="46706" weight="-0.44110195802203334"/>
<neuron id="50011" type="hid" activation="sigmoid"/>
<connection id="50012" src-id="46677" dest-id="50011" weight="-5.792873531721289"/>
<connection id="50013" src-id="50011" dest-id="46795" weight="3.6126664768049386"/>
<connection id="50063" src-id="46677" dest-id="48477" weight="-0.8966587362911207"/>
<connection id="50128" src-id="46665" dest-id="48202" weight="-1.1163638794550363"/>
<connection id="50169" src-id="46680" dest-id="48205" weight="-0.6942716201945547"/>
<connection id="50191" src-id="47329" dest-id="49845" weight="2.1059313253860905"/>
<connection id="50192" src-id="49857" dest-id="47926" weight="4.494000695264381"/>
<connection id="50193" src-id="46883" dest-id="46751" weight="8.68964763015904"/>
<connection id="50194" src-id="46703" dest-id="47329" weight="4.361634917274538"/>
<connection id="50196" src-id="46701" dest-id="47329" weight="-1.219901228237267"/>
<connection id="50197" src-id="46795" dest-id="50008" weight="3.284178919288496"/>
<connection id="50199" src-id="46684" dest-id="49845" weight="4.170022448899186"/>
<connection id="50307" src-id="46689" dest-id="48477" weight="-1.3181913872965718"/>
<connection id="50335" src-id="46673" dest-id="48229" weight="-0.7045267315512919"/>
<connection id="50469" src-id="46707" dest-id="47926" weight="5.07176541330259"/>
<connection id="50472" src-id="46675" dest-id="49161" weight="1.0982499444448246"/>
<connection id="50821" src-id="46707" dest-id="50011" weight="2.060383099987718"/>
<connection id="50822" src-id="48229" dest-id="50008" weight="1.0062418197543117"/>
<connection id="50823" src-id="46697" dest-id="49161" weight="-1.2423829368238555"/>
<connection id="50825" src-id="46688" dest-id="49845" weight="0.6588137619118065"/>
<connection id="50826" src-id="46700" dest-id="50011" weight="-0.16173410415649414"/>
<connection id="50827" src-id="47649" dest-id="46883" weight="-4.086880022927553"/>
<connection id="50830" src-id="48229" dest-id="49134" weight="-0.6724299192428589"/>
<neuron id="50967" type="hid" activation="sigmoid"/>
<connection id="50968" src-id="46682" dest-id="50967" weight="-2.552726631918941"/>
<connection id="50969" src-id="50967" dest-id="48202" weight="2.160506400825021"/>
<neuron id="50970" type="hid" activation="sigmoid"/>
<connection id="50971" src-id="48229" dest-id="50970" weight="0.894670185141901"/>
<connection id="50972" src-id="50970" dest-id="46707" weight="-3.7474875410913286"/>
</chromosome>