<chromosome id="67637" primary-parent-id="66100"><neuron id="39470" type="in" activation="linear"/>
<neuron id="39471" type="in" activation="linear"/>
<neuron id="39472" type="in" activation="linear"/>
<neuron id="39473" type="in" activation="linear"/>
<neuron id="39474" type="in" activation="linear"/>
<neuron id="39475" type="in" activation="linear"/>
<neuron id="39476" type="in" activation="linear"/>
<neuron id="39477" type="in" activation="linear"/>
<neuron id="39478" type="in" activation="linear"/>
<neuron id="39479" type="in" activation="linear"/>
<neuron id="39480" type="in" activation="linear"/>
<neuron id="39481" type="in" activation="linear"/>
<neuron id="39482" type="in" activation="linear"/>
<neuron id="39483" type="in" activation="linear"/>
<neuron id="39484" type="in" activation="linear"/>
<neuron id="39485" type="in" activation="linear"/>
<neuron id="39486" type="in" activation="linear"/>
<neuron id="39487" type="in" activation="linear"/>
<neuron id="39488" type="in" activation="linear"/>
<neuron id="39489" type="in" activation="linear"/>
<neuron id="39490" type="in" activation="linear"/>
<neuron id="39491" type="in" activation="linear"/>
<neuron id="39492" type="in" activation="linear"/>
<neuron id="39493" type="in" activation="linear"/>
<neuron id="39494" type="in" activation="linear"/>
<neuron id="39495" type="in" activation="linear"/>
<neuron id="39496" type="in" activation="linear"/>
<neuron id="39497" type="in" activation="linear"/>
<neuron id="39498" type="in" activation="linear"/>
<neuron id="39499" type="in" activation="linear"/>
<neuron id="39500" type="in" activation="linear"/>
<neuron id="39501" type="in" activation="linear"/>
<neuron id="39502" type="in" activation="linear"/>
<neuron id="39503" type="in" activation="linear"/>
<neuron id="39504" type="in" activation="linear"/>
<neuron id="39505" type="in" activation="linear"/>
<neuron id="39506" type="in" activation="linear"/>
<neuron id="39507" type="in" activation="linear"/>
<neuron id="39508" type="in" activation="linear"/>
<neuron id="39509" type="in" activation="linear"/>
<neuron id="39510" type="in" activation="linear"/>
<neuron id="39511" type="in" activation="linear"/>
<neuron id="39512" type="out" activation="linear"/>
<neuron id="39513" type="hid" activation="sigmoid"/>
<connection id="39514" src-id="39470" dest-id="39513" weight="22.689088139339106"/>
<connection id="39515" src-id="39471" dest-id="39513" weight="-21.039268831800573"/>
<connection id="39517" src-id="39473" dest-id="39513" weight="9.09355348660224"/>
<connection id="39519" src-id="39475" dest-id="39513" weight="11.099555525094509"/>
<connection id="39520" src-id="39476" dest-id="39513" weight="-7.52024088609321"/>
<connection id="39521" src-id="39477" dest-id="39513" weight="5.800585651128904"/>
<connection id="39522" src-id="39478" dest-id="39513" weight="-13.051622174982166"/>
<connection id="39523" src-id="39479" dest-id="39513" weight="-12.805037841173512"/>
<connection id="39525" src-id="39481" dest-id="39513" weight="9.862664129677178"/>
<connection id="39526" src-id="39482" dest-id="39513" weight="1.183266136949404"/>
<connection id="39527" src-id="39483" dest-id="39513" weight="29.305922945297542"/>
<connection id="39529" src-id="39485" dest-id="39513" weight="7.1265341704091645"/>
<connection id="39530" src-id="39486" dest-id="39513" weight="9.071359738489647"/>
<connection id="39532" src-id="39488" dest-id="39513" weight="-17.53704420842805"/>
<connection id="39533" src-id="39489" dest-id="39513" weight="18.47464780283"/>
<connection id="39534" src-id="39490" dest-id="39513" weight="-15.488716711477206"/>
<connection id="39536" src-id="39492" dest-id="39513" weight="6.957432703503861"/>
<connection id="39538" src-id="39494" dest-id="39513" weight="5.091029136097201"/>
<connection id="39544" src-id="39500" dest-id="39513" weight="5.629037895384975"/>
<connection id="39545" src-id="39501" dest-id="39513" weight="-7.667700251316491"/>
<connection id="39546" src-id="39502" dest-id="39513" weight="7.841937443209812"/>
<connection id="39547" src-id="39503" dest-id="39513" weight="16.16684636266351"/>
<connection id="39550" src-id="39506" dest-id="39513" weight="3.0487838876578777"/>
<connection id="39551" src-id="39507" dest-id="39513" weight="-2.507725483765236"/>
<connection id="39552" src-id="39508" dest-id="39513" weight="16.89445155892446"/>
<connection id="39555" src-id="39511" dest-id="39513" weight="0.7798974277347197"/>
<neuron id="39557" type="hid" activation="sigmoid"/>
<connection id="39559" src-id="39471" dest-id="39557" weight="-9.889097714368585"/>
<connection id="39560" src-id="39472" dest-id="39557" weight="-14.206809301234399"/>
<connection id="39561" src-id="39473" dest-id="39557" weight="-0.5028541516153351"/>
<connection id="39562" src-id="39474" dest-id="39557" weight="-1.8042877822693253"/>
<connection id="39563" src-id="39475" dest-id="39557" weight="1.0540568429806974"/>
<connection id="39566" src-id="39478" dest-id="39557" weight="15.336655596081966"/>
<connection id="39567" src-id="39479" dest-id="39557" weight="17.303304708757956"/>
<connection id="39569" src-id="39481" dest-id="39557" weight="-14.915448734728445"/>
<connection id="39572" src-id="39484" dest-id="39557" weight="4.6739266050308"/>
<connection id="39573" src-id="39485" dest-id="39557" weight="7.714245787306174"/>
<connection id="39575" src-id="39487" dest-id="39557" weight="9.89906869261694"/>
<connection id="39577" src-id="39489" dest-id="39557" weight="-3.3648522530611364"/>
<connection id="39578" src-id="39490" dest-id="39557" weight="-28.458880111039118"/>
<connection id="39579" src-id="39491" dest-id="39557" weight="15.76080820484351"/>
<connection id="39580" src-id="39492" dest-id="39557" weight="-7.509680009448319"/>
<connection id="39582" src-id="39494" dest-id="39557" weight="4.20148417127321"/>
<connection id="39586" src-id="39498" dest-id="39557" weight="-8.364183230523462"/>
<connection id="39590" src-id="39502" dest-id="39557" weight="-16.949940348377734"/>
<connection id="39591" src-id="39503" dest-id="39557" weight="38.87721073946577"/>
<connection id="39592" src-id="39504" dest-id="39557" weight="15.433501247420152"/>
<connection id="39594" src-id="39506" dest-id="39557" weight="13.559307842832652"/>
<connection id="39595" src-id="39507" dest-id="39557" weight="4.7733630274953525"/>
<connection id="39596" src-id="39508" dest-id="39557" weight="8.052496938610785"/>
<connection id="39597" src-id="39509" dest-id="39557" weight="-13.494444132379819"/>
<connection id="39599" src-id="39511" dest-id="39557" weight="4.994158978321153"/>
<connection id="39600" src-id="39557" dest-id="39512" weight="15.085343267282212"/>
<neuron id="39601" type="hid" activation="sigmoid"/>
<connection id="39604" src-id="39472" dest-id="39601" weight="5.780428530164441"/>
<connection id="39605" src-id="39473" dest-id="39601" weight="30.261188885161616"/>
<connection id="39606" src-id="39474" dest-id="39601" weight="4.583454277845362"/>
<connection id="39608" src-id="39476" dest-id="39601" weight="-5.325753661452302"/>
<connection id="39610" src-id="39478" dest-id="39601" weight="3.1865373417456215"/>
<connection id="39611" src-id="39479" dest-id="39601" weight="11.952439691660551"/>
<connection id="39612" src-id="39480" dest-id="39601" weight="-5.528832114227306"/>
<connection id="39616" src-id="39484" dest-id="39601" weight="5.0327531335140385"/>
<connection id="39617" src-id="39485" dest-id="39601" weight="6.560319163035761"/>
<connection id="39618" src-id="39486" dest-id="39601" weight="-23.15033118320289"/>
<connection id="39620" src-id="39488" dest-id="39601" weight="-9.622075286122728"/>
<connection id="39621" src-id="39489" dest-id="39601" weight="-10.914625562275026"/>
<connection id="39623" src-id="39491" dest-id="39601" weight="-0.7194057486013551"/>
<connection id="39625" src-id="39493" dest-id="39601" weight="1.5507343916283096"/>
<connection id="39626" src-id="39494" dest-id="39601" weight="6.93048326424781"/>
<connection id="39627" src-id="39495" dest-id="39601" weight="-4.347506845897785"/>
<connection id="39628" src-id="39496" dest-id="39601" weight="-7.246964910726756"/>
<connection id="39632" src-id="39500" dest-id="39601" weight="-9.42121215945875"/>
<connection id="39633" src-id="39501" dest-id="39601" weight="9.367676902002392"/>
<connection id="39637" src-id="39505" dest-id="39601" weight="9.147250847586518"/>
<connection id="39638" src-id="39506" dest-id="39601" weight="-9.55956317818635"/>
<connection id="39639" src-id="39507" dest-id="39601" weight="1.5433911900291224"/>
<connection id="39640" src-id="39508" dest-id="39601" weight="-2.1556877666115124"/>
<connection id="39641" src-id="39509" dest-id="39601" weight="-3.1072048776233885"/>
<connection id="39643" src-id="39511" dest-id="39601" weight="-5.739405047104463"/>
<neuron id="39645" type="hid" activation="sigmoid"/>
<connection id="39646" src-id="39470" dest-id="39645" weight="13.859949565242642"/>
<connection id="39648" src-id="39472" dest-id="39645" weight="-10.905665834818581"/>
<connection id="39656" src-id="39480" dest-id="39645" weight="-5.907063529138534"/>
<connection id="39657" src-id="39481" dest-id="39645" weight="4.673607971270437"/>
<connection id="39658" src-id="39482" dest-id="39645" weight="21.920531498463564"/>
<connection id="39659" src-id="39483" dest-id="39645" weight="-6.076618883203858"/>
<connection id="39662" src-id="39486" dest-id="39645" weight="-0.1267996585652783"/>
<connection id="39665" src-id="39489" dest-id="39645" weight="31.11081599499562"/>
<connection id="39666" src-id="39490" dest-id="39645" weight="-11.825273248592005"/>
<connection id="39668" src-id="39492" dest-id="39645" weight="0.537007006590791"/>
<connection id="39670" src-id="39494" dest-id="39645" weight="-16.809439017004504"/>
<connection id="39671" src-id="39495" dest-id="39645" weight="6.324433881382901"/>
<connection id="39674" src-id="39498" dest-id="39645" weight="-17.769012635733603"/>
<connection id="39675" src-id="39499" dest-id="39645" weight="2.02133678781141"/>
<connection id="39678" src-id="39502" dest-id="39645" weight="1.4171621038789022"/>
<connection id="39680" src-id="39504" dest-id="39645" weight="16.031009360852444"/>
<connection id="39681" src-id="39505" dest-id="39645" weight="1.2427997329332625"/>
<connection id="39682" src-id="39506" dest-id="39645" weight="6.893922542523812"/>
<connection id="39683" src-id="39507" dest-id="39645" weight="-5.3332392931824195"/>
<connection id="39687" src-id="39511" dest-id="39645" weight="11.32958842956959"/>
<connection id="39688" src-id="39645" dest-id="39512" weight="11.916733095051434"/>
<connection id="39977" src-id="39485" dest-id="39512" weight="1.0572904147738535"/>
<connection id="40249" src-id="39492" dest-id="39512" weight="11.535769797521679"/>
<connection id="40254" src-id="39475" dest-id="39512" weight="-2.1853649391965995"/>
<connection id="40354" src-id="39474" dest-id="39512" weight="5.915607240862294"/>
<neuron id="40481" type="hid" activation="sigmoid"/>
<connection id="40482" src-id="39484" dest-id="40481" weight="-12.226528938552665"/>
<connection id="40483" src-id="40481" dest-id="39645" weight="-12.107054812465794"/>
<neuron id="40493" type="hid" activation="sigmoid"/>
<connection id="40494" src-id="39480" dest-id="40493" weight="2.008559467340092"/>
<connection id="40495" src-id="40493" dest-id="39557" weight="-17.079713680665968"/>
<neuron id="40502" type="hid" activation="sigmoid"/>
<connection id="40503" src-id="39470" dest-id="40502" weight="0.08800941801653855"/>
<connection id="40504" src-id="40502" dest-id="39601" weight="-8.238477093173616"/>
<neuron id="40505" type="hid" activation="sigmoid"/>
<connection id="40506" src-id="39496" dest-id="40505" weight="2.5679010339069035"/>
<connection id="40507" src-id="40505" dest-id="39557" weight="13.464552556057884"/>
<neuron id="40523" type="hid" activation="sigmoid"/>
<connection id="40524" src-id="39501" dest-id="40523" weight="1.9678902891687042"/>
<connection id="40525" src-id="40523" dest-id="39645" weight="14.742443397049028"/>
<neuron id="40532" type="hid" activation="sigmoid"/>
<connection id="40533" src-id="39510" dest-id="40532" weight="-0.5488325247961883"/>
<connection id="40534" src-id="40532" dest-id="39557" weight="-2.236147982228009"/>
<neuron id="40553" type="hid" activation="sigmoid"/>
<connection id="40554" src-id="39478" dest-id="40553" weight="-0.19000199352710312"/>
<connection id="40555" src-id="40553" dest-id="39645" weight="-15.876732786296365"/>
<neuron id="40583" type="hid" activation="sigmoid"/>
<connection id="40584" src-id="39495" dest-id="40583" weight="-0.01591688268186431"/>
<connection id="40585" src-id="40583" dest-id="39557" weight="-14.07933298204111"/>
<connection id="40681" src-id="39477" dest-id="39512" weight="7.6930305862786765"/>
<connection id="40765" src-id="39498" dest-id="39512" weight="8.504076933498988"/>
<connection id="40961" src-id="39491" dest-id="39512" weight="0.16463637351989746"/>
<connection id="40962" src-id="39513" dest-id="39645" weight="-0.6658484858046786"/>
<neuron id="41118" type="hid" activation="sigmoid"/>
<connection id="41120" src-id="41118" dest-id="39513" weight="7.0379472891556585"/>
<neuron id="41124" type="hid" activation="sigmoid"/>
<connection id="41125" src-id="39601" dest-id="41124" weight="5.920913730002406"/>
<connection id="41126" src-id="41124" dest-id="39512" weight="34.57084278345835"/>
<neuron id="41520" type="hid" activation="sigmoid"/>
<connection id="41522" src-id="41520" dest-id="39557" weight="2.2907947067244816"/>
<neuron id="41523" type="hid" activation="sigmoid"/>
<connection id="41524" src-id="39509" dest-id="41523" weight="-9.833796324981"/>
<connection id="41525" src-id="41523" dest-id="39513" weight="5.563667620709914"/>
<neuron id="41526" type="hid" activation="sigmoid"/>
<connection id="41528" src-id="41526" dest-id="39513" weight="12.671131664201779"/>
<neuron id="41562" type="hid" activation="sigmoid"/>
<connection id="41563" src-id="39476" dest-id="41562" weight="-2.7554151925550965"/>
<connection id="41564" src-id="41562" dest-id="39645" weight="15.922486281773537"/>
<neuron id="41565" type="hid" activation="sigmoid"/>
<connection id="41566" src-id="39471" dest-id="41565" weight="2.8931842259342186"/>
<connection id="41567" src-id="41565" dest-id="39601" weight="-27.440861228039868"/>
<neuron id="41580" type="hid" activation="sigmoid"/>
<connection id="41581" src-id="39508" dest-id="41580" weight="15.242799816537602"/>
<connection id="41582" src-id="41580" dest-id="39645" weight="-6.7594266557407465"/>
<neuron id="41586" type="hid" activation="sigmoid"/>
<connection id="41587" src-id="39497" dest-id="41586" weight="6.8968351125501"/>
<connection id="41588" src-id="41586" dest-id="39601" weight="-0.05052208973469374"/>
<connection id="41669" src-id="39499" dest-id="39512" weight="-2.111520940375546"/>
<neuron id="41858" type="hid" activation="sigmoid"/>
<connection id="41859" src-id="39509" dest-id="41858" weight="21.965570231091526"/>
<connection id="41860" src-id="41858" dest-id="39645" weight="-8.87352530892515"/>
<neuron id="41876" type="hid" activation="sigmoid"/>
<connection id="41877" src-id="39492" dest-id="41876" weight="14.802818346715275"/>
<connection id="42036" src-id="39496" dest-id="41523" weight="13.32350334420408"/>
<connection id="42045" src-id="39484" dest-id="41520" weight="12.345480095923275"/>
<neuron id="42140" type="hid" activation="sigmoid"/>
<connection id="42141" src-id="39507" dest-id="42140" weight="-13.156764890085284"/>
<connection id="42142" src-id="42140" dest-id="39513" weight="-11.965342559579206"/>
<neuron id="42155" type="hid" activation="sigmoid"/>
<connection id="42157" src-id="42155" dest-id="39645" weight="-21.504644934364215"/>
<connection id="42213" src-id="41520" dest-id="39645" weight="0.6395926501791809"/>
<connection id="42266" src-id="39494" dest-id="41523" weight="-5.381748209663948"/>
<connection id="42274" src-id="39483" dest-id="41523" weight="3.1483025849073023"/>
<connection id="42277" src-id="39478" dest-id="41523" weight="-3.4107566088066203"/>
<connection id="42297" src-id="39482" dest-id="41562" weight="-13.215586563559556"/>
<connection id="42313" src-id="41520" dest-id="39512" weight="-2.9767834919717964"/>
<connection id="42318" src-id="41520" dest-id="41523" weight="-3.8312448727260255"/>
<connection id="42453" src-id="39491" dest-id="41520" weight="10.248756540450795"/>
<connection id="42503" src-id="41523" dest-id="39645" weight="7.719232976194827"/>
<connection id="42522" src-id="39511" dest-id="41562" weight="-4.846262783108564"/>
<connection id="42628" src-id="39490" dest-id="41523" weight="-3.6676961680523457"/>
<connection id="42722" src-id="39473" dest-id="41520" weight="15.299818009690714"/>
<connection id="42731" src-id="39511" dest-id="41523" weight="4.441558784884062"/>
<connection id="42732" src-id="39506" dest-id="41876" weight="1.0349101516255073"/>
<connection id="42757" src-id="39471" dest-id="41562" weight="1.2159388032297862"/>
<connection id="42763" src-id="39506" dest-id="41520" weight="-13.587881639513986"/>
<connection id="42797" src-id="39507" dest-id="41876" weight="4.017021051928775"/>
<connection id="42862" src-id="39507" dest-id="41523" weight="25.49176634723876"/>
<neuron id="42880" type="hid" activation="sigmoid"/>
<connection id="42881" src-id="39491" dest-id="42880" weight="22.03845541367323"/>
<connection id="42882" src-id="42880" dest-id="39513" weight="1.690886240083403"/>
<neuron id="42901" type="hid" activation="sigmoid"/>
<connection id="42902" src-id="39479" dest-id="42901" weight="-14.51883012098414"/>
<connection id="42903" src-id="42901" dest-id="39645" weight="-30.803277024723652"/>
<connection id="42973" src-id="39503" dest-id="40502" weight="-5.7172653338579424"/>
<connection id="42986" src-id="39480" dest-id="41565" weight="1.4795802135345568"/>
<neuron id="43097" type="hid" activation="sigmoid"/>
<connection id="43098" src-id="39491" dest-id="43097" weight="-9.18696109293209"/>
<connection id="43099" src-id="43097" dest-id="39512" weight="3.323989056941909"/>
<connection id="43208" src-id="39503" dest-id="41565" weight="-8.939492718810463"/>
<connection id="43224" src-id="39486" dest-id="39512" weight="14.928343231168308"/>
<connection id="43230" src-id="39471" dest-id="39512" weight="-1.4977447389098562"/>
<connection id="43266" src-id="39487" dest-id="41520" weight="0.7118707966124012"/>
<connection id="43269" src-id="39495" dest-id="41520" weight="32.08439821815911"/>
<connection id="43277" src-id="39492" dest-id="41520" weight="-10.486458857046806"/>
<connection id="43306" src-id="39504" dest-id="42901" weight="-7.023619860972239"/>
<connection id="43309" src-id="41565" dest-id="39645" weight="6.94307867469577"/>
<connection id="43314" src-id="39500" dest-id="41565" weight="13.663106438000955"/>
<connection id="43315" src-id="39486" dest-id="42901" weight="-1.2233898563966386"/>
<connection id="43338" src-id="39509" dest-id="41562" weight="8.452230564002532"/>
<neuron id="43368" type="hid" activation="sigmoid"/>
<connection id="43369" src-id="41876" dest-id="43368" weight="3.5247562680099"/>
<connection id="43370" src-id="43368" dest-id="39601" weight="15.037219226738046"/>
<neuron id="43377" type="hid" activation="sigmoid"/>
<connection id="43379" src-id="43377" dest-id="39513" weight="-33.520398169104354"/>
<connection id="43432" src-id="39503" dest-id="41523" weight="0.3014168005134932"/>
<connection id="43442" src-id="39484" dest-id="42901" weight="6.810855395893991"/>
<connection id="43457" src-id="39507" dest-id="40502" weight="-10.956047289491774"/>
<connection id="43471" src-id="39487" dest-id="41876" weight="13.972484362643028"/>
<connection id="43517" src-id="39504" dest-id="41562" weight="-1.946876122871102"/>
<connection id="43567" src-id="41523" dest-id="39512" weight="4.695717936985515"/>
<neuron id="43588" type="hid" activation="sigmoid"/>
<connection id="43589" src-id="39475" dest-id="43588" weight="-7.27510210604707"/>
<connection id="43659" src-id="39474" dest-id="41565" weight="3.896905589678183"/>
<connection id="43672" src-id="41562" dest-id="39601" weight="-2.447506605480037"/>
<connection id="43726" src-id="39497" dest-id="42901" weight="8.1979475497515"/>
<connection id="43733" src-id="42901" dest-id="39512" weight="-5.306625295042769"/>
<neuron id="43808" type="hid" activation="sigmoid"/>
<connection id="43809" src-id="39493" dest-id="43808" weight="-16.40981329492921"/>
<connection id="43943" src-id="39472" dest-id="42901" weight="2.6860324535472753"/>
<connection id="43951" src-id="39496" dest-id="42155" weight="0.41723515100439235"/>
<connection id="43952" src-id="39506" dest-id="41565" weight="-1.8990120038717468"/>
<neuron id="44023" type="hid" activation="sigmoid"/>
<connection id="44024" src-id="39497" dest-id="44023" weight="-9.940345533456506"/>
<connection id="44025" src-id="44023" dest-id="39512" weight="24.34613344512809"/>
<neuron id="44032" type="hid" activation="sigmoid"/>
<connection id="44033" src-id="39497" dest-id="44032" weight="4.640599275985026"/>
<connection id="44034" src-id="44032" dest-id="39513" weight="-11.910610023979762"/>
<connection id="44080" src-id="39601" dest-id="42901" weight="-11.811857508883023"/>
<connection id="44147" src-id="39473" dest-id="42155" weight="-15.260971289907241"/>
<connection id="44166" src-id="39472" dest-id="41565" weight="-3.9482789274123298"/>
<neuron id="44238" type="hid" activation="sigmoid"/>
<connection id="44239" src-id="39491" dest-id="44238" weight="-5.340348898880737"/>
<connection id="44240" src-id="44238" dest-id="39645" weight="6.839895594320582"/>
<neuron id="44247" type="hid" activation="sigmoid"/>
<connection id="44248" src-id="39484" dest-id="44247" weight="19.85127552073442"/>
<connection id="44322" src-id="39487" dest-id="41523" weight="11.641197679092246"/>
<connection id="44376" src-id="41523" dest-id="42155" weight="0.24067787095341409"/>
<connection id="44379" src-id="39474" dest-id="42155" weight="18.83109271629553"/>
<connection id="44437" src-id="39498" dest-id="42901" weight="-8.411967877942377"/>
<connection id="44482" src-id="39497" dest-id="41562" weight="-3.9482544739464807"/>
<connection id="44561" src-id="39489" dest-id="42155" weight="-9.551579542402962"/>
<connection id="44693" src-id="41565" dest-id="41520" weight="-0.6096015744749677"/>
<connection id="45021" src-id="43588" dest-id="42155" weight="-13.3653936143804"/>
<connection id="45038" src-id="39488" dest-id="41565" weight="3.1486860333380955"/>
<connection id="45041" src-id="40493" dest-id="43588" weight="-3.2296246507869095"/>
<connection id="45042" src-id="39497" dest-id="40493" weight="15.760220699310157"/>
<neuron id="45073" type="hid" activation="sigmoid"/>
<connection id="45074" src-id="39503" dest-id="45073" weight="5.4472462805549915"/>
<connection id="45075" src-id="45073" dest-id="39601" weight="-6.814503185428556"/>
<connection id="45160" src-id="39495" dest-id="41565" weight="-13.85153068623152"/>
<connection id="45267" src-id="39471" dest-id="40493" weight="-4.821799704979918"/>
<connection id="45272" src-id="39478" dest-id="41565" weight="-14.401962981847246"/>
<connection id="45274" src-id="39509" dest-id="41580" weight="-3.3888325761950444"/>
<connection id="45289" src-id="39480" dest-id="41580" weight="4.991690295013197"/>
<connection id="45436" src-id="39501" dest-id="41565" weight="-0.8482101511040288"/>
<connection id="45477" src-id="40493" dest-id="39512" weight="-4.3085216139035625"/>
<connection id="45479" src-id="39483" dest-id="43588" weight="-2.115668071865224"/>
<connection id="45481" src-id="39476" dest-id="40493" weight="17.624352514312026"/>
<connection id="45482" src-id="39601" dest-id="43097" weight="-7.102642470810089"/>
<connection id="45485" src-id="39481" dest-id="43588" weight="18.250815254993153"/>
<connection id="45537" src-id="39490" dest-id="43588" weight="26.067784707139612"/>
<connection id="45540" src-id="39488" dest-id="43097" weight="5.833053946196963"/>
<connection id="45548" src-id="39476" dest-id="43588" weight="13.437666379844217"/>
<connection id="45565" src-id="39502" dest-id="41565" weight="-2.534841974471033"/>
<connection id="45653" src-id="39471" dest-id="42901" weight="-3.2266246231249402"/>
<connection id="45658" src-id="39488" dest-id="41580" weight="0.4642849888377809"/>
<neuron id="45675" type="hid" activation="sigmoid"/>
<connection id="45833" src-id="39479" dest-id="43588" weight="2.3406202711293327"/>
<connection id="45836" src-id="39507" dest-id="40493" weight="-5.836579355579443"/>
<connection id="45852" src-id="39497" dest-id="43097" weight="-8.355224146664323"/>
<neuron id="45917" type="hid" activation="sigmoid"/>
<connection id="45918" src-id="43588" dest-id="45917" weight="4.063845272279257"/>
<connection id="45919" src-id="45917" dest-id="39601" weight="-13.286474388994936"/>
<connection id="46015" src-id="39477" dest-id="43097" weight="-4.507021784898147"/>
<connection id="46123" src-id="39491" dest-id="40493" weight="-6.819811395383446"/>
<connection id="46124" src-id="39477" dest-id="41565" weight="-0.15140214644175187"/>
<connection id="46145" src-id="39509" dest-id="40493" weight="-2.878720941485035"/>
<connection id="46358" src-id="41520" dest-id="40493" weight="1.9559010175102665"/>
<connection id="46359" src-id="42155" dest-id="39601" weight="-0.08472461309856905"/>
<connection id="46362" src-id="41565" dest-id="42140" weight="21.301578986394844"/>
<connection id="46456" src-id="39481" dest-id="41565" weight="-9.399469222350344"/>
<connection id="46512" src-id="39477" dest-id="40493" weight="2.716007620425715"/>
<connection id="46520" src-id="41580" dest-id="39557" weight="15.678798774119581"/>
<connection id="46525" src-id="39471" dest-id="43097" weight="7.026006301348041"/>
<connection id="46668" src-id="39471" dest-id="41520" weight="3.2639697181625693"/>
<connection id="46776" src-id="39474" dest-id="42140" weight="1.5989956272539618"/>
<connection id="46808" src-id="42901" dest-id="42140" weight="-6.411652939315681"/>
<connection id="46810" src-id="43097" dest-id="42901" weight="10.438296170713175"/>
<connection id="46859" src-id="39488" dest-id="45675" weight="9.586687979921628"/>
<neuron id="46882" type="hid" activation="sigmoid"/>
<connection id="46883" src-id="39483" dest-id="46882" weight="-11.389800985631956"/>
<connection id="46884" src-id="46882" dest-id="43588" weight="24.501977576397117"/>
<connection id="46983" src-id="39485" dest-id="41580" weight="7.4854625658419"/>
<connection id="46992" src-id="39509" dest-id="41586" weight="-3.876405941518759"/>
<connection id="47085" src-id="42140" dest-id="39512" weight="0.28635298424335653"/>
<connection id="47140" src-id="39485" dest-id="42901" weight="-9.814603776454588"/>
<connection id="47160" src-id="39489" dest-id="43097" weight="3.0224818696488405"/>
<connection id="47185" src-id="39498" dest-id="42140" weight="-16.491635008209308"/>
<connection id="47186" src-id="39474" dest-id="42880" weight="5.811510294037509"/>
<connection id="47187" src-id="40493" dest-id="43097" weight="1.2500815205158344"/>
<connection id="47188" src-id="39472" dest-id="43097" weight="-26.08087067484901"/>
<connection id="47190" src-id="39475" dest-id="41565" weight="-8.602766869350832"/>
<neuron id="47280" type="hid" activation="sigmoid"/>
<connection id="47281" src-id="39510" dest-id="47280" weight="-17.0028676973039"/>
<neuron id="47283" type="hid" activation="sigmoid"/>
<connection id="47284" src-id="39493" dest-id="47283" weight="-3.006522782410018"/>
<connection id="47285" src-id="47283" dest-id="39557" weight="22.394655598639428"/>
<connection id="47390" src-id="41876" dest-id="47280" weight="-10.986313651030024"/>
<connection id="47397" src-id="39498" dest-id="41580" weight="-6.736549298567764"/>
<connection id="47411" src-id="39509" dest-id="42140" weight="4.122091465513495"/>
<connection id="47511" src-id="39508" dest-id="43097" weight="7.051783623391538"/>
<connection id="47577" src-id="39483" dest-id="40493" weight="-5.783822812453425"/>
<connection id="47578" src-id="47280" dest-id="43097" weight="-18.163536132058567"/>
<connection id="47580" src-id="41876" dest-id="43097" weight="-18.959265394153785"/>
<connection id="47581" src-id="39500" dest-id="45675" weight="-10.344536945308896"/>
<connection id="47619" src-id="39484" dest-id="43097" weight="-3.8481766160698556"/>
<connection id="47640" src-id="39474" dest-id="43588" weight="1.774970001990197"/>
<neuron id="47684" type="hid" activation="sigmoid"/>
<connection id="47685" src-id="39490" dest-id="47684" weight="7.470159381742018"/>
<connection id="47774" src-id="39497" dest-id="42140" weight="-17.00534912451823"/>
<connection id="47796" src-id="39488" dest-id="46882" weight="1.2911547772948042"/>
<connection id="47797" src-id="39478" dest-id="42880" weight="-2.0089087527946985"/>
<connection id="47802" src-id="39489" dest-id="46882" weight="9.659620546436484"/>
<connection id="47867" src-id="41523" dest-id="42880" weight="-11.21857606505149"/>
<connection id="47886" src-id="39499" dest-id="46882" weight="-3.665903146040984"/>
<connection id="47892" src-id="39474" dest-id="46882" weight="4.1497930849917815"/>
<connection id="47893" src-id="39489" dest-id="42140" weight="-6.03523588015837"/>
<connection id="47895" src-id="39496" dest-id="42140" weight="-2.6275797171976887"/>
<connection id="47972" src-id="39490" dest-id="41876" weight="-1.8888510554231788"/>
<connection id="48082" src-id="42155" dest-id="39512" weight="-0.9105666875839233"/>
<connection id="48084" src-id="39480" dest-id="42155" weight="-10.41604774162006"/>
<neuron id="48133" type="hid" activation="sigmoid"/>
<connection id="48134" src-id="39481" dest-id="48133" weight="-3.9927937375898463"/>
<connection id="48135" src-id="48133" dest-id="41520" weight="-32.273161041566496"/>
<connection id="48211" src-id="39509" dest-id="41876" weight="-21.47509786299925"/>
<connection id="48220" src-id="43377" dest-id="42901" weight="0.920770901440632"/>
<connection id="48283" src-id="39496" dest-id="42880" weight="0.8546192110968973"/>
<connection id="48288" src-id="39501" dest-id="47684" weight="7.258274487535029"/>
<connection id="48312" src-id="39493" dest-id="46882" weight="-5.3141442389135936"/>
<connection id="48334" src-id="44247" dest-id="43097" weight="-12.84441681953886"/>
<connection id="48335" src-id="43097" dest-id="43377" weight="-16.806971108940854"/>
<connection id="48336" src-id="39475" dest-id="43097" weight="-5.27462253559538"/>
<connection id="48413" src-id="41565" dest-id="39557" weight="4.4796105165991955"/>
<connection id="48470" src-id="41520" dest-id="42155" weight="-1.8288209557083936"/>
<connection id="48493" src-id="39503" dest-id="41580" weight="-1.799852132726353"/>
<connection id="48557" src-id="39510" dest-id="41580" weight="-4.263989821374353"/>
<neuron id="48590" type="hid" activation="sigmoid"/>
<connection id="48591" src-id="46882" dest-id="48590" weight="-9.767087385662174"/>
<connection id="48592" src-id="48590" dest-id="45675" weight="4.832779491800286"/>
<connection id="48708" src-id="39502" dest-id="41580" weight="3.881024664043038"/>
<connection id="48752" src-id="39474" dest-id="44247" weight="7.948884499440084"/>
<connection id="48755" src-id="39505" dest-id="43588" weight="18.47469874329655"/>
<connection id="48757" src-id="39487" dest-id="42880" weight="13.691000091533311"/>
<connection id="48758" src-id="39499" dest-id="43377" weight="5.869801011773861"/>
<connection id="48804" src-id="39488" dest-id="42140" weight="-0.6978000539389473"/>
<connection id="48805" src-id="40493" dest-id="42140" weight="-5.544087820401927"/>
<connection id="48806" src-id="39504" dest-id="42880" weight="-3.395574431516917"/>
<connection id="48989" src-id="39473" dest-id="47283" weight="1.1478069441302663"/>
<connection id="48999" src-id="39501" dest-id="44247" weight="1.8874784170041847"/>
<connection id="49006" src-id="39478" dest-id="41876" weight="-0.4638022743319803"/>
<connection id="49078" src-id="47280" dest-id="39513" weight="-5.712655358849881"/>
<connection id="49087" src-id="43588" dest-id="45675" weight="-0.5378381282210261"/>
<connection id="49101" src-id="39472" dest-id="44247" weight="-4.125787396882714"/>
<neuron id="49112" type="hid" activation="sigmoid"/>
<connection id="49113" src-id="42901" dest-id="49112" weight="2.007080798069489"/>
<connection id="49114" src-id="49112" dest-id="42140" weight="-15.215487355150586"/>
<connection id="49205" src-id="39483" dest-id="41580" weight="-2.652150892941025"/>
<connection id="49251" src-id="39507" dest-id="47283" weight="-3.191928947147318"/>
<connection id="49254" src-id="39496" dest-id="49112" weight="3.199248309960868"/>
<connection id="49282" src-id="39506" dest-id="40493" weight="-0.5416186286824856"/>
<connection id="49404" src-id="39474" dest-id="43377" weight="8.383221794560898"/>
<connection id="49406" src-id="46882" dest-id="39557" weight="2.4261328096495522"/>
<connection id="49407" src-id="39470" dest-id="48590" weight="-13.22214112204865"/>
<connection id="49408" src-id="39477" dest-id="46882" weight="-7.843559251833764"/>
<connection id="49412" src-id="39479" dest-id="43377" weight="-0.04041975128413855"/>
<connection id="49414" src-id="39489" dest-id="49112" weight="-5.724027019174953"/>
<connection id="49415" src-id="46882" dest-id="43377" weight="7.664432645445219"/>
<connection id="49416" src-id="42140" dest-id="42880" weight="4.954891977699315"/>
<connection id="49423" src-id="39508" dest-id="42140" weight="-0.996906369257829"/>
<connection id="49441" src-id="39479" dest-id="40493" weight="-5.441005242098729"/>
<neuron id="49582" type="hid" activation="sigmoid"/>
<connection id="49584" src-id="49582" dest-id="39513" weight="11.429794333873582"/>
<connection id="49677" src-id="39498" dest-id="42880" weight="7.824401745931957"/>
<connection id="49732" src-id="41118" dest-id="44247" weight="6.479464423906228"/>
<connection id="49769" src-id="39490" dest-id="45675" weight="14.526802454027738"/>
<connection id="49854" src-id="39473" dest-id="43808" weight="-2.0816713486759424"/>
<connection id="49926" src-id="39489" dest-id="48590" weight="9.719344604905377"/>
<connection id="49928" src-id="39493" dest-id="41118" weight="-18.234453605112403"/>
<connection id="49930" src-id="47280" dest-id="47283" weight="16.71162400309126"/>
<connection id="49931" src-id="41565" dest-id="49582" weight="0.22721475278661693"/>
<connection id="49933" src-id="43808" dest-id="43097" weight="-7.552215638481853"/>
<connection id="49935" src-id="40493" dest-id="47283" weight="1.339268729718265"/>
<connection id="49936" src-id="41858" dest-id="47280" weight="-12.602034655879688"/>
<connection id="49954" src-id="39485" dest-id="48590" weight="-9.112749595528188"/>
<connection id="50002" src-id="39491" dest-id="41876" weight="-3.058493743028195"/>
<connection id="50048" src-id="39501" dest-id="42140" weight="-0.7251206635088565"/>
<neuron id="50101" type="hid" activation="sigmoid"/>
<neuron id="50119" type="hid" activation="sigmoid"/>
<connection id="50120" src-id="39510" dest-id="50119" weight="-4.127282917785451"/>
<connection id="50121" src-id="50119" dest-id="40493" weight="17.499377464189404"/>
<connection id="50190" src-id="46882" dest-id="49112" weight="0.1297896562405767"/>
<connection id="50202" src-id="39477" dest-id="47283" weight="4.229215806151928"/>
<connection id="50221" src-id="47280" dest-id="49112" weight="-0.1623748540878296"/>
<connection id="50225" src-id="41858" dest-id="46882" weight="-1.006744202430136"/>
<connection id="50226" src-id="39503" dest-id="41858" weight="2.078105466133155"/>
<connection id="50238" src-id="39513" dest-id="45675" weight="-2.3794241623078762"/>
<connection id="50293" src-id="39495" dest-id="47684" weight="-3.0033652813254266"/>
<connection id="50294" src-id="39513" dest-id="48590" weight="2.18327106427426"/>
<connection id="50296" src-id="39494" dest-id="49582" weight="12.008447301095394"/>
<connection id="50298" src-id="39484" dest-id="42880" weight="6.825747480841833"/>
<connection id="50308" src-id="39505" dest-id="48590" weight="1.996105111216826"/>
<connection id="50323" src-id="39502" dest-id="41858" weight="-0.8787309262330762"/>
<connection id="50431" src-id="39502" dest-id="45675" weight="-0.29947167215012005"/>
<connection id="50496" src-id="39511" dest-id="45675" weight="-6.343678057553852"/>
<connection id="50537" src-id="39504" dest-id="43588" weight="-3.199119189614647"/>
<connection id="50650" src-id="42140" dest-id="39645" weight="1.1441540520725377"/>
<connection id="50737" src-id="39493" dest-id="45675" weight="1.3011874654720537"/>
<connection id="50752" src-id="39474" dest-id="41858" weight="-4.650180816354803"/>
<connection id="50754" src-id="39601" dest-id="44247" weight="2.6124921357001885"/>
<connection id="50755" src-id="39480" dest-id="42880" weight="0.9746354045865626"/>
<connection id="50756" src-id="39482" dest-id="47280" weight="10.842535413607507"/>
<connection id="50758" src-id="47684" dest-id="43097" weight="3.3704050466501867"/>
<connection id="50759" src-id="41118" dest-id="40493" weight="1.0280181742890484"/>
<connection id="50761" src-id="39471" dest-id="43588" weight="-3.5803130557150507"/>
<connection id="50773" src-id="39503" dest-id="43377" weight="-0.7504030327138529"/>
<connection id="50824" src-id="39486" dest-id="44247" weight="0.3966193150093633"/>
<connection id="50852" src-id="39503" dest-id="47283" weight="-13.801246546601877"/>
<neuron id="50997" type="hid" activation="sigmoid"/>
<connection id="50998" src-id="39491" dest-id="50997" weight="2.960614665053648"/>
<connection id="50999" src-id="50997" dest-id="42901" weight="12.291941253205719"/>
<connection id="51098" src-id="39500" dest-id="48590" weight="-2.24779331379904"/>
<connection id="51165" src-id="39475" dest-id="47283" weight="-2.5563895259363636"/>
<connection id="51170" src-id="39492" dest-id="49112" weight="-2.5439720969427904"/>
<connection id="51177" src-id="39477" dest-id="44023" weight="-1.0292196393641024"/>
<connection id="51208" src-id="39476" dest-id="45675" weight="3.0968209825921384"/>
<connection id="51220" src-id="39470" dest-id="43808" weight="5.615416499509789"/>
<connection id="51231" src-id="42155" dest-id="47280" weight="4.731931034395906"/>
<connection id="51232" src-id="39494" dest-id="48590" weight="-6.470613798277347"/>
<connection id="51233" src-id="39499" dest-id="47684" weight="3.3004015607801747"/>
<connection id="51236" src-id="47684" dest-id="48590" weight="-6.208930146700395"/>
<connection id="51282" src-id="39494" dest-id="46882" weight="3.7335299269478597"/>
<connection id="51391" src-id="39510" dest-id="42880" weight="11.834285157522745"/>
<connection id="51394" src-id="49582" dest-id="39557" weight="-1.9322130921566174"/>
<connection id="51395" src-id="39503" dest-id="43097" weight="-5.769485305963739"/>
<connection id="51398" src-id="39484" dest-id="47684" weight="-10.69863754584555"/>
<connection id="51399" src-id="49582" dest-id="47283" weight="16.09181398610902"/>
<connection id="51405" src-id="46882" dest-id="50997" weight="-0.26621294021606445"/>
<connection id="51419" src-id="39510" dest-id="41858" weight="-8.850295245324642"/>
<neuron id="51472" type="hid" activation="sigmoid"/>
<connection id="51473" src-id="41523" dest-id="51472" weight="-2.4432306634252505"/>
<connection id="51584" src-id="41858" dest-id="39512" weight="-1.1528126896060193"/>
<connection id="51654" src-id="39499" dest-id="48590" weight="-2.18879582803031"/>
<connection id="51655" src-id="41118" dest-id="41523" weight="-2.31921176464275"/>
<connection id="51659" src-id="39502" dest-id="50997" weight="-1.4830796070403474"/>
<connection id="51664" src-id="39486" dest-id="48590" weight="2.0394961679769605"/>
<connection id="51676" src-id="39501" dest-id="41118" weight="-5.4191319866102585"/>
<connection id="51716" src-id="39483" dest-id="44247" weight="-3.48744691364072"/>
<connection id="51745" src-id="39492" dest-id="45675" weight="-6.463131392262023"/>
<connection id="51747" src-id="39498" dest-id="45675" weight="-6.383412710097326"/>
<connection id="51855" src-id="39511" dest-id="47283" weight="9.834014417912547"/>
<connection id="51896" src-id="44023" dest-id="42880" weight="17.30779830529764"/>
<connection id="51900" src-id="39478" dest-id="49112" weight="15.636677366771622"/>
<connection id="51901" src-id="39490" dest-id="43808" weight="2.0872859113174096"/>
<connection id="51906" src-id="39491" dest-id="47280" weight="6.703070624344547"/>
<neuron id="52027" type="hid" activation="sigmoid"/>
<connection id="52028" src-id="42901" dest-id="52027" weight="-1.6088886363270962"/>
<connection id="52029" src-id="52027" dest-id="39513" weight="-11.566930191501893"/>
<neuron id="52033" type="hid" activation="sigmoid"/>
<connection id="52034" src-id="39499" dest-id="52033" weight="-3.2740780403019163"/>
<connection id="52035" src-id="52033" dest-id="41580" weight="-11.648376372526233"/>
<connection id="52123" src-id="39479" dest-id="47684" weight="-1.70781743056558"/>
<connection id="52138" src-id="50997" dest-id="49112" weight="-12.360332274100529"/>
<connection id="52139" src-id="41858" dest-id="39513" weight="1.6420094659554567"/>
<connection id="52141" src-id="39489" dest-id="44247" weight="-2.7509416452447737"/>
<connection id="52154" src-id="39470" dest-id="50997" weight="1.394916933101654"/>
<connection id="52177" src-id="39507" dest-id="49112" weight="-3.812634337986337"/>
<connection id="52178" src-id="42140" dest-id="48590" weight="2.469736484435832"/>
<connection id="52186" src-id="39496" dest-id="41118" weight="-2.261792999802378"/>
<connection id="52198" src-id="41523" dest-id="41858" weight="9.529963915661547"/>
<connection id="52219" src-id="39490" dest-id="48590" weight="6.583421824273098"/>
<connection id="52330" src-id="39486" dest-id="43377" weight="2.2783947277210257"/>
<connection id="52340" src-id="39483" dest-id="48590" weight="-11.503565825056858"/>
<connection id="52370" src-id="44247" dest-id="49112" weight="-8.237945199283626"/>
<connection id="52385" src-id="40502" dest-id="42155" weight="-2.6459931730908837"/>
<connection id="52397" src-id="39494" dest-id="42140" weight="1.0764997870683333"/>
<connection id="52405" src-id="39505" dest-id="47280" weight="1.1625834968934212"/>
<connection id="52411" src-id="39477" dest-id="40502" weight="5.647092634730485"/>
<connection id="52413" src-id="49582" dest-id="41858" weight="2.0338966884856484"/>
<connection id="52414" src-id="41562" dest-id="41565" weight="-5.113371159967569"/>
<connection id="52415" src-id="47283" dest-id="43097" weight="11.47895263954849"/>
<connection id="52418" src-id="47684" dest-id="41562" weight="12.060602534731181"/>
<connection id="52419" src-id="39473" dest-id="46882" weight="-6.067616833927888"/>
<connection id="52496" src-id="49582" dest-id="40493" weight="-11.604728134901588"/>
<connection id="52515" src-id="39481" dest-id="48590" weight="0.37587094560191625"/>
<connection id="52516" src-id="39503" dest-id="49112" weight="-8.208335113492055"/>
<connection id="52519" src-id="39482" dest-id="47283" weight="3.4904945476433715"/>
<connection id="52593" src-id="39492" dest-id="44247" weight="3.344455446368103"/>
<connection id="52729" src-id="41118" dest-id="42155" weight="21.76482136480096"/>
<connection id="52783" src-id="39472" dest-id="49582" weight="5.459484209378681"/>
<connection id="52791" src-id="39509" dest-id="41118" weight="-4.161095925017819"/>
<connection id="52849" src-id="39492" dest-id="45917" weight="1.1711388399757712"/>
<connection id="52851" src-id="39481" dest-id="49582" weight="0.022483335242233005"/>
<connection id="52879" src-id="45675" dest-id="39645" weight="-8.849047398053113"/>
<connection id="52985" src-id="39488" dest-id="43808" weight="-4.7243471599133535"/>
<connection id="52991" src-id="41118" dest-id="43808" weight="-1.4195609990846756"/>
<connection id="52993" src-id="49582" dest-id="49112" weight="-3.955438968774927"/>
<connection id="52998" src-id="39477" dest-id="41118" weight="-4.709228395541608"/>
<connection id="53038" src-id="39507" dest-id="41858" weight="-4.533149278263901"/>
<connection id="53047" src-id="39501" dest-id="45917" weight="-4.300802304747258"/>
<connection id="53049" src-id="39504" dest-id="40505" weight="-4.65864172980203"/>
<connection id="53060" src-id="40502" dest-id="41565" weight="0.6543623208999634"/>
<connection id="53117" src-id="41565" dest-id="40505" weight="-5.834406782039784"/>
<connection id="53128" src-id="39475" dest-id="41118" weight="6.67108337667937"/>
<connection id="53190" src-id="39510" dest-id="48590" weight="-2.141499588761522"/>
<connection id="53199" src-id="44238" dest-id="43377" weight="5.456871848188336"/>
<connection id="53203" src-id="39507" dest-id="52033" weight="-9.087245063667915"/>
<connection id="53212" src-id="47684" dest-id="39557" weight="-4.245352740180103"/>
<connection id="53213" src-id="39470" dest-id="41858" weight="13.27333241760219"/>
<connection id="53214" src-id="39490" dest-id="40505" weight="-1.2698487445316529"/>
<connection id="53215" src-id="50997" dest-id="39512" weight="0.31947436977213434"/>
<connection id="53218" src-id="45917" dest-id="39513" weight="-7.797589942841709"/>
<connection id="53220" src-id="41565" dest-id="50997" weight="-5.835259587152393"/>
<connection id="53221" src-id="49112" dest-id="39512" weight="1.1064625403701744"/>
<connection id="53236" src-id="39492" dest-id="50997" weight="2.8783134160091937"/>
<connection id="53239" src-id="44238" dest-id="41580" weight="-2.2921013741369514"/>
<connection id="53259" src-id="43097" dest-id="49112" weight="-1.219513322803437"/>
<neuron id="53329" type="hid" activation="sigmoid"/>
<connection id="53330" src-id="43588" dest-id="53329" weight="-7.475376250109397"/>
<connection id="53331" src-id="53329" dest-id="39645" weight="9.94145892449903"/>
<neuron id="53350" type="hid" activation="sigmoid"/>
<connection id="53351" src-id="39488" dest-id="53350" weight="7.375748531052375"/>
<connection id="53352" src-id="53350" dest-id="42880" weight="3.324896270112238"/>
<connection id="53399" src-id="39489" dest-id="47280" weight="2.0722395184422187"/>
<connection id="53404" src-id="39497" dest-id="49582" weight="1.712448967064679"/>
<connection id="53430" src-id="39498" dest-id="40505" weight="0.4946096817677159"/>
<connection id="53457" src-id="53350" dest-id="45675" weight="-4.939999892839391"/>
<connection id="53459" src-id="41858" dest-id="53350" weight="-1.5748279591598502"/>
<connection id="53461" src-id="45917" dest-id="44247" weight="7.6861742092814715"/>
<connection id="53466" src-id="39473" dest-id="47684" weight="2.502700646610349"/>
<connection id="53467" src-id="53350" dest-id="47280" weight="3.5661781844479483"/>
<connection id="53468" src-id="39486" dest-id="43808" weight="7.131564064849291"/>
<connection id="53470" src-id="40493" dest-id="44238" weight="-6.500135475864099"/>
<connection id="53472" src-id="39488" dest-id="44238" weight="10.69484669424434"/>
<connection id="53478" src-id="41876" dest-id="40493" weight="2.8716311785180277"/>
<connection id="53549" src-id="39482" dest-id="48590" weight="-4.585089919265543"/>
<connection id="53567" src-id="39473" dest-id="41876" weight="-0.8272828978579254"/>
<connection id="53577" src-id="42880" dest-id="39512" weight="7.062738277518061"/>
<connection id="53591" src-id="49582" dest-id="42140" weight="1.162029961290914"/>
<connection id="53616" src-id="39505" dest-id="40505" weight="-0.14600771253056877"/>
<connection id="53656" src-id="39481" dest-id="43808" weight="1.620275777713112"/>
<connection id="53658" src-id="46882" dest-id="44023" weight="-3.1820996255839775"/>
<connection id="53665" src-id="39476" dest-id="50997" weight="2.3948284908361046"/>
<connection id="53737" src-id="39508" dest-id="45917" weight="-3.310894897288996"/>
<connection id="53772" src-id="49112" dest-id="41580" weight="-0.7937165520069458"/>
<connection id="53775" src-id="39507" dest-id="40505" weight="1.3998978249717275"/>
<connection id="53792" src-id="39485" dest-id="40505" weight="6.61779118090886"/>
<connection id="53965" src-id="39497" dest-id="48590" weight="2.2804303212587937"/>
<neuron id="53977" type="hid" activation="sigmoid"/>
<connection id="53978" src-id="39491" dest-id="53977" weight="4.293035408981876"/>
<connection id="53979" src-id="53977" dest-id="41565" weight="11.244113256361471"/>
<neuron id="53983" type="hid" activation="sigmoid"/>
<connection id="53984" src-id="39490" dest-id="53983" weight="-1.479656018332767"/>
<connection id="53985" src-id="53983" dest-id="42901" weight="5.8560736707499474"/>
<connection id="54150" src-id="42880" dest-id="52033" weight="-3.320061395641335"/>
<connection id="54291" src-id="39500" dest-id="52033" weight="-8.222118563630291"/>
<connection id="54293" src-id="43808" dest-id="44238" weight="-0.594246782646193"/>
<connection id="54294" src-id="39500" dest-id="43377" weight="0.489577388900738"/>
<connection id="54297" src-id="39510" dest-id="44032" weight="4.111671813151207"/>
<connection id="54299" src-id="39479" dest-id="40505" weight="-2.1663620376261017"/>
<connection id="54301" src-id="39496" dest-id="49582" weight="17.461917153745976"/>
<connection id="54304" src-id="44023" dest-id="43588" weight="14.487723551808955"/>
<connection id="54305" src-id="40505" dest-id="42155" weight="-7.912218178317518"/>
<connection id="54317" src-id="39493" dest-id="41858" weight="-0.18733946718517247"/>
<connection id="54326" src-id="47280" dest-id="43808" weight="2.2767160220223577"/>
<connection id="54344" src-id="39509" dest-id="50997" weight="10.039818436647815"/>
<connection id="54363" src-id="41526" dest-id="48590" weight="-0.7566883267862792"/>
<connection id="54403" src-id="49112" dest-id="42880" weight="0.13316963499090972"/>
<connection id="54636" src-id="41526" dest-id="41118" weight="8.645917560229986"/>
<connection id="54656" src-id="40493" dest-id="44023" weight="-2.2700789122478318"/>
<connection id="54669" src-id="47283" dest-id="42140" weight="0.4973099118428497"/>
<connection id="54714" src-id="53983" dest-id="52033" weight="3.124139890259556"/>
<connection id="54720" src-id="40502" dest-id="41876" weight="4.147567045294523"/>
<connection id="54731" src-id="41876" dest-id="41562" weight="2.2520384043303467"/>
<neuron id="54795" type="hid" activation="sigmoid"/>
<connection id="54796" src-id="39490" dest-id="54795" weight="2.6798466738263835"/>
<connection id="54797" src-id="54795" dest-id="42880" weight="4.3334850227663875"/>
<connection id="54910" src-id="39497" dest-id="49112" weight="4.583159345651211"/>
<connection id="55009" src-id="39475" dest-id="42880" weight="1.6033102594459836"/>
<connection id="55026" src-id="41562" dest-id="53983" weight="-5.952004682180226"/>
<connection id="55028" src-id="47283" dest-id="52033" weight="-1.2787370634051187"/>
<connection id="55034" src-id="41565" dest-id="54795" weight="5.7412505768077775"/>
<connection id="55077" src-id="40502" dest-id="39513" weight="-0.6854451390803263"/>
<connection id="55269" src-id="39492" dest-id="43377" weight="8.290022801548957"/>
<connection id="55291" src-id="41526" dest-id="47283" weight="-4.90007187006789"/>
<connection id="55349" src-id="39500" dest-id="40505" weight="0.41011786460876465"/>
<connection id="55362" src-id="50997" dest-id="44247" weight="-0.506227240098315"/>
<connection id="55385" src-id="41526" dest-id="41565" weight="4.246689340855261"/>
<connection id="55386" src-id="54795" dest-id="44023" weight="-0.05645707085805418"/>
<connection id="55387" src-id="43588" dest-id="44032" weight="5.570796207595296"/>
<connection id="55392" src-id="43368" dest-id="47280" weight="-10.115032302683643"/>
<connection id="55393" src-id="39486" dest-id="40502" weight="4.213472422282429"/>
<connection id="55394" src-id="39485" dest-id="40502" weight="11.533353581510852"/>
<connection id="55395" src-id="41562" dest-id="53350" weight="-14.976339603755266"/>
<connection id="55396" src-id="46882" dest-id="40505" weight="3.166424624114735"/>
<connection id="55399" src-id="43368" dest-id="40493" weight="-4.870405033052059"/>
<connection id="55400" src-id="39482" dest-id="43377" weight="-9.035558817343555"/>
<connection id="55402" src-id="39484" dest-id="41526" weight="-10.7558197320432"/>
<connection id="55415" src-id="54795" dest-id="44032" weight="-5.706514997138909"/>
<connection id="55418" src-id="39476" dest-id="53350" weight="-8.82377203004146"/>
<connection id="55419" src-id="53350" dest-id="54795" weight="2.081505204241007"/>
<connection id="55520" src-id="44023" dest-id="44247" weight="-1.4819014249220288"/>
<connection id="55523" src-id="39481" dest-id="45917" weight="-5.385827636083195"/>
<neuron id="55616" type="hid" activation="sigmoid"/>
<connection id="55617" src-id="41523" dest-id="55616" weight="21.22266668098097"/>
<connection id="55618" src-id="55616" dest-id="43377" weight="23.873687724634486"/>
<neuron id="55688" type="hid" activation="sigmoid"/>
<connection id="55689" src-id="39498" dest-id="55688" weight="-0.7335204834532638"/>
<connection id="55690" src-id="55688" dest-id="42155" weight="-1.2165301503185049"/>
<connection id="55734" src-id="43808" dest-id="39645" weight="-7.162301720939576"/>
<connection id="55854" src-id="39490" dest-id="53350" weight="5.552622544788454"/>
<connection id="55855" src-id="43368" dest-id="42880" weight="0.780742905232723"/>
<connection id="55857" src-id="47280" dest-id="39645" weight="-0.4160804026515659"/>
<connection id="56004" src-id="39482" dest-id="45917" weight="-1.9147956731309805"/>
<connection id="56062" src-id="45917" dest-id="39645" weight="-3.9542586389460697"/>
<connection id="56085" src-id="40502" dest-id="41562" weight="1.5943922767742733"/>
<connection id="56120" src-id="39483" dest-id="41118" weight="2.8793314666817382"/>
<connection id="56123" src-id="49582" dest-id="43588" weight="0.05253102720135505"/>
<connection id="56125" src-id="39508" dest-id="41118" weight="4.906893106239982"/>
<connection id="56136" src-id="41523" dest-id="44032" weight="-0.9535616123106534"/>
<connection id="56171" src-id="49582" dest-id="44032" weight="-0.24156801898064573"/>
<connection id="56172" src-id="40502" dest-id="41118" weight="-7.433803223651661"/>
<connection id="56173" src-id="41858" dest-id="50997" weight="-13.265585040237694"/>
<connection id="56177" src-id="43368" dest-id="43588" weight="5.871456391947913"/>
<connection id="56179" src-id="41858" dest-id="53983" weight="0.4296568341760203"/>
<connection id="56181" src-id="43368" dest-id="49582" weight="-3.1049810807661835"/>
<connection id="56182" src-id="41520" dest-id="45917" weight="0.751664532985463"/>
<connection id="56187" src-id="54795" dest-id="40505" weight="2.312896938180235"/>
<connection id="56282" src-id="47684" dest-id="40505" weight="-1.560758122754149"/>
<connection id="56302" src-id="39500" dest-id="53983" weight="-1.5711312538903432"/>
<neuron id="56566" type="hid" activation="sigmoid"/>
<connection id="56567" src-id="46882" dest-id="56566" weight="4.0696313155901755"/>
<connection id="56568" src-id="56566" dest-id="42155" weight="-4.403482756202232"/>
<connection id="56764" src-id="39505" dest-id="50997" weight="2.643321043510068"/>
<connection id="56973" src-id="39481" dest-id="50997" weight="8.302190008676646"/>
<connection id="56974" src-id="39481" dest-id="44023" weight="7.496198952439724"/>
<connection id="56977" src-id="45917" dest-id="49112" weight="-9.295623295419537"/>
<connection id="56978" src-id="44238" dest-id="50997" weight="-5.553955267937509"/>
<connection id="56981" src-id="39488" dest-id="45073" weight="15.620225177958236"/>
<connection id="56982" src-id="53983" dest-id="39645" weight="-11.826723737642183"/>
<connection id="56983" src-id="40493" dest-id="55616" weight="-6.90849239513359"/>
<connection id="56987" src-id="39498" dest-id="54795" weight="-3.226029350416852"/>
<connection id="56991" src-id="39486" dest-id="53329" weight="3.7040911240518204"/>
<connection id="57079" src-id="39490" dest-id="41118" weight="-7.844985086268737"/>
<connection id="57097" src-id="39496" dest-id="43368" weight="2.8706515694546253"/>
<neuron id="57514" type="hid" activation="sigmoid"/>
<connection id="57515" src-id="39494" dest-id="57514" weight="2.315915097010371"/>
<connection id="57516" src-id="57514" dest-id="43377" weight="-2.9452468378656036"/>
<neuron id="57517" type="hid" activation="sigmoid"/>
<connection id="57518" src-id="50997" dest-id="57517" weight="-2.5626452606327565"/>
<connection id="57519" src-id="57517" dest-id="39512" weight="2.9999656712668896"/>
<neuron id="57520" type="hid" activation="sigmoid"/>
<connection id="57521" src-id="39500" dest-id="57520" weight="8.754358591862353"/>
<connection id="57522" src-id="57520" dest-id="43588" weight="2.6002082433394125"/>
<neuron id="57586" type="hid" activation="sigmoid"/>
<connection id="57587" src-id="39479" dest-id="57586" weight="4.111887798778"/>
<connection id="57588" src-id="57586" dest-id="41565" weight="-4.151461180101874"/>
<connection id="57792" src-id="39472" dest-id="44023" weight="-2.267020106665695"/>
<connection id="57872" src-id="39474" dest-id="53983" weight="-4.997055470452612"/>
<connection id="57959" src-id="44032" dest-id="50997" weight="-1.3612839950602482"/>
<connection id="57996" src-id="39508" dest-id="54795" weight="2.3228788125955235"/>
<connection id="58244" src-id="41118" dest-id="53983" weight="-4.999768834077397"/>
<connection id="58297" src-id="45917" dest-id="55616" weight="-0.06545828477895355"/>
<connection id="58299" src-id="39494" dest-id="55616" weight="10.40625495697429"/>
<connection id="58300" src-id="39491" dest-id="54795" weight="-11.398939693168868"/>
<connection id="58302" src-id="39509" dest-id="53329" weight="-8.343863135490945"/>
<connection id="58303" src-id="39471" dest-id="54795" weight="6.2093557607752645"/>
<connection id="58304" src-id="42901" dest-id="53329" weight="-3.9209203449511665"/>
<connection id="58305" src-id="54795" dest-id="40493" weight="13.954827007509149"/>
<connection id="58308" src-id="53983" dest-id="44032" weight="0.5863357066283879"/>
<connection id="58309" src-id="39475" dest-id="53329" weight="6.261146988736249"/>
<connection id="58310" src-id="44238" dest-id="57517" weight="-8.352185535590195"/>
<connection id="58311" src-id="39490" dest-id="57520" weight="0.9375811268588773"/>
<connection id="58312" src-id="41565" dest-id="57517" weight="8.86643462066164"/>
<connection id="58314" src-id="39484" dest-id="53329" weight="0.7408976994641994"/>
<connection id="58315" src-id="39494" dest-id="52033" weight="6.108314737878155"/>
<connection id="58317" src-id="39507" dest-id="53983" weight="0.25440426011410144"/>
<connection id="58318" src-id="39492" dest-id="52033" weight="2.422361257820725"/>
<connection id="58320" src-id="39506" dest-id="44023" weight="0.07198186115205774"/>
<connection id="58321" src-id="53350" dest-id="45073" weight="-6.291841030941927"/>
<connection id="58364" src-id="49582" dest-id="43097" weight="-3.945601597086986"/>
<connection id="58437" src-id="45073" dest-id="40493" weight="-4.675823769354095"/>
<connection id="58460" src-id="41118" dest-id="55616" weight="-2.9015330720226338"/>
<connection id="58687" src-id="53983" dest-id="41580" weight="5.9307707955918865"/>
<connection id="58732" src-id="39489" dest-id="41118" weight="3.0456421973047143"/>
<connection id="58734" src-id="57514" dest-id="42901" weight="-1.5972185327847592"/>
<connection id="58802" src-id="39489" dest-id="40505" weight="4.587805893293154"/>
<connection id="58866" src-id="43368" dest-id="48590" weight="-4.957087279886953"/>
<connection id="58875" src-id="45073" dest-id="43097" weight="1.2522690277225816"/>
<connection id="59069" src-id="45073" dest-id="43808" weight="1.8764653936635174"/>
<connection id="59117" src-id="39502" dest-id="43368" weight="-7.808254165571843"/>
<connection id="59119" src-id="57514" dest-id="50997" weight="-6.678272509062227"/>
<connection id="59120" src-id="43368" dest-id="44023" weight="-4.010063968021654"/>
<connection id="59122" src-id="43368" dest-id="45073" weight="2.168166790927512"/>
<connection id="59124" src-id="39480" dest-id="48133" weight="4.15816048270715"/>
<connection id="59125" src-id="44238" dest-id="42880" weight="-6.694793195370655"/>
<connection id="59128" src-id="39601" dest-id="57517" weight="-1.0291149389057677"/>
<connection id="59130" src-id="39484" dest-id="57517" weight="-4.026020299871698"/>
<connection id="59131" src-id="39473" dest-id="53350" weight="-6.627954272267791"/>
<connection id="59132" src-id="47283" dest-id="57514" weight="-0.2301701727739332"/>
<connection id="59133" src-id="46882" dest-id="54795" weight="10.65749001789504"/>
<connection id="59182" src-id="43368" dest-id="55616" weight="-0.4582338333129883"/>
<connection id="59183" src-id="44032" dest-id="40505" weight="4.088105749322974"/>
<connection id="59195" src-id="41520" dest-id="53983" weight="1.0300918197181728"/>
<neuron id="59570" type="hid" activation="sigmoid"/>
<connection id="59571" src-id="39476" dest-id="59570" weight="-3.9738672849735988"/>
<connection id="60001" src-id="41876" dest-id="41526" weight="6.26406056457135"/>
<connection id="60036" src-id="39505" dest-id="45073" weight="-3.0619955428829098"/>
<connection id="60115" src-id="39479" dest-id="40502" weight="4.902925841354548"/>
<connection id="60180" src-id="39480" dest-id="44238" weight="-1.0695342747392376"/>
<connection id="60381" src-id="55616" dest-id="44247" weight="6.906325456727276"/>
<connection id="60388" src-id="57517" dest-id="49112" weight="-0.04589795858282608"/>
<neuron id="60655" type="hid" activation="sigmoid"/>
<connection id="60656" src-id="39510" dest-id="60655" weight="7.2889122509807"/>
<connection id="60657" src-id="60655" dest-id="43808" weight="-6.689617714264271"/>
<connection id="61147" src-id="39492" dest-id="45073" weight="-1.7044414441818188"/>
<connection id="61148" src-id="44023" dest-id="39557" weight="4.7745268875834235"/>
<connection id="61150" src-id="39505" dest-id="59570" weight="6.983637350124785"/>
<connection id="61152" src-id="48133" dest-id="39557" weight="-1.2494455853146833"/>
<connection id="61153" src-id="39472" dest-id="48133" weight="3.3141158997136317"/>
<connection id="61156" src-id="59570" dest-id="57517" weight="7.5295379529569235"/>
<connection id="61158" src-id="39487" dest-id="53983" weight="0.6151684636586741"/>
<connection id="61159" src-id="39508" dest-id="41586" weight="4.110948574736062"/>
<connection id="61161" src-id="39492" dest-id="57514" weight="0.16575070950802617"/>
<connection id="61195" src-id="39491" dest-id="57514" weight="4.724914115459513"/>
<connection id="61201" src-id="39503" dest-id="41586" weight="7.21223713358106"/>
<connection id="61215" src-id="53329" dest-id="39557" weight="0.5725162031871607"/>
<connection id="61233" src-id="39495" dest-id="55616" weight="3.9404942626223454"/>
<connection id="61901" src-id="50101" dest-id="42880" weight="-3.6829150233120744"/>
<connection id="62109" src-id="39471" dest-id="53983" weight="6.124502057535392"/>
<connection id="62204" src-id="39503" dest-id="50101" weight="1.5838275910427821"/>
<connection id="62208" src-id="39502" dest-id="57514" weight="-1.5670104702448726"/>
<connection id="62209" src-id="49112" dest-id="40481" weight="-2.965536949275431"/>
<connection id="62212" src-id="39475" dest-id="59570" weight="5.710172579052805"/>
<connection id="62215" src-id="39507" dest-id="57520" weight="-1.5392966130975418"/>
<connection id="62217" src-id="39492" dest-id="57520" weight="3.4818037214696975"/>
<connection id="62220" src-id="41858" dest-id="44032" weight="3.4201612042740788"/>
<connection id="62222" src-id="39508" dest-id="55616" weight="-1.6064942776781823"/>
<connection id="62223" src-id="39478" dest-id="40481" weight="0.8996977594706501"/>
<connection id="62224" src-id="39507" dest-id="53329" weight="-2.9053176398889597"/>
<connection id="62288" src-id="39501" dest-id="43368" weight="1.3896019203288381"/>
<neuron id="63026" type="hid" activation="sigmoid"/>
<connection id="63027" src-id="45917" dest-id="63026" weight="5.0526829066757015"/>
<connection id="63028" src-id="63026" dest-id="50997" weight="19.511210047946904"/>
<connection id="63394" src-id="39499" dest-id="41586" weight="-4.067945397473612"/>
<connection id="64001" src-id="60655" dest-id="43377" weight="0.3486307078687736"/>
<connection id="64002" src-id="39494" dest-id="41526" weight="0.6727136729987467"/>
<connection id="64003" src-id="42140" dest-id="50101" weight="0.05023886613686823"/>
<connection id="64005" src-id="45917" dest-id="41124" weight="2.6259474891556573"/>
<connection id="64007" src-id="63026" dest-id="49112" weight="2.2974595076679027"/>
<connection id="64008" src-id="39478" dest-id="63026" weight="0.9723701643534326"/>
<connection id="64010" src-id="41520" dest-id="41586" weight="3.173938165745226"/>
<connection id="64014" src-id="41586" dest-id="43368" weight="0.4930996591501873"/>
<connection id="64019" src-id="56566" dest-id="42140" weight="2.6427734758309285"/>
<connection id="64020" src-id="63026" dest-id="44032" weight="8.267276617081814"/>
<connection id="64021" src-id="39479" dest-id="63026" weight="-0.5110177877312467"/>
<connection id="64022" src-id="39492" dest-id="60655" weight="-4.413477730840226"/>
<connection id="64024" src-id="40481" dest-id="41580" weight="8.298964642472466"/>
<connection id="64027" src-id="39470" dest-id="60655" weight="3.323471025281747"/>
<connection id="64029" src-id="60655" dest-id="41523" weight="-1.683438460742184"/>
<connection id="65008" src-id="39489" dest-id="55616" weight="0.3154081106185913"/>
<connection id="65078" src-id="39474" dest-id="59570" weight="-5.022336309640373"/>
<connection id="65133" src-id="51472" dest-id="63026" weight="3.0996676427637815"/>
<connection id="65138" src-id="50119" dest-id="41520" weight="6.441156514629003"/>
<connection id="65141" src-id="41520" dest-id="54795" weight="-2.8025183489978716"/>
<connection id="65142" src-id="50119" dest-id="45675" weight="1.636159655631047"/>
<connection id="65143" src-id="39471" dest-id="50101" weight="5.295968754811922"/>
<connection id="65144" src-id="39486" dest-id="40481" weight="0.7676587029231945"/>
<connection id="65145" src-id="39472" dest-id="51472" weight="-1.4262806919966364"/>
<connection id="65150" src-id="42880" dest-id="41124" weight="2.23654019908961"/>
<connection id="65153" src-id="39495" dest-id="51472" weight="-6.960041110453737"/>
<neuron id="65947" type="hid" activation="sigmoid"/>
<connection id="65948" src-id="41858" dest-id="65947" weight="0.7207359139063684"/>
<connection id="65949" src-id="65947" dest-id="57520" weight="-3.04683021526702"/>
<neuron id="65950" type="hid" activation="sigmoid"/>
<connection id="65951" src-id="39490" dest-id="65950" weight="-0.8341064286131252"/>
<connection id="65952" src-id="65950" dest-id="49582" weight="2.852676487332118"/>
<neuron id="65953" type="hid" activation="sigmoid"/>
<connection id="65954" src-id="41858" dest-id="65953" weight="2.73643768880128"/>
<connection id="65955" src-id="65953" dest-id="54795" weight="-1.9112552574503558"/>
<neuron id="65956" type="hid" activation="sigmoid"/>
<connection id="65957" src-id="49582" dest-id="65956" weight="4.6119410276241135"/>
<connection id="65958" src-id="65956" dest-id="46882" weight="1.533197249148333"/>
<neuron id="65959" type="hid" activation="sigmoid"/>
<connection id="65960" src-id="39506" dest-id="65959" weight="9.352447953194782"/>
<connection id="65961" src-id="65959" dest-id="44032" weight="-13.181182310096876"/>
<connection id="66393" src-id="65959" dest-id="65947" weight="-1.9917298578476146"/>
<connection id="66394" src-id="59570" dest-id="47684" weight="-0.19433987140655518"/>
<connection id="66395" src-id="40493" dest-id="63026" weight="-4.2922934734514016"/>
<connection id="66396" src-id="57586" dest-id="46882" weight="2.3859881122173587"/>
<connection id="66397" src-id="51472" dest-id="45917" weight="1.6712534360261557"/>
<connection id="66398" src-id="65956" dest-id="43588" weight="0.9245230401924762"/>
<connection id="66400" src-id="39499" dest-id="65956" weight="0.7317360639572144"/>
<connection id="66401" src-id="57586" dest-id="44023" weight="0.5410854084022263"/>
<connection id="66403" src-id="63026" dest-id="40583" weight="-2.1024869613763646"/>
<connection id="66404" src-id="57586" dest-id="55616" weight="-1.0840986651624818"/>
<connection id="66405" src-id="39487" dest-id="40523" weight="-0.6546443873861564"/>
<connection id="66406" src-id="41586" dest-id="43588" weight="2.4703101762641153"/>
<connection id="66407" src-id="42155" dest-id="50101" weight="6.985257652333891"/>
<connection id="66408" src-id="40532" dest-id="41562" weight="1.3506590234043414"/>
<connection id="66409" src-id="65959" dest-id="57586" weight="-1.2179901380944342"/>
<connection id="66410" src-id="39475" dest-id="56566" weight="-1.4361620799737183"/>
<connection id="66414" src-id="56566" dest-id="45073" weight="-2.1962175668179933"/>
<connection id="66415" src-id="39488" dest-id="65959" weight="0.010612130165100098"/>
<connection id="66416" src-id="40493" dest-id="40523" weight="2.3708744333656746"/>
<connection id="66417" src-id="48133" dest-id="47283" weight="-0.913063778214009"/>
<connection id="66418" src-id="39507" dest-id="56566" weight="0.6629124721031794"/>
<connection id="66420" src-id="40532" dest-id="55616" weight="2.028183026597444"/>
<connection id="66423" src-id="39510" dest-id="40583" weight="-3.9601380980489367"/>
<connection id="66429" src-id="56566" dest-id="39513" weight="0.03183715515195984"/>
<connection id="66431" src-id="41586" dest-id="57514" weight="1.6956109803089188"/>
<connection id="66432" src-id="39495" dest-id="40532" weight="1.293533483031808"/>
<neuron id="67474" type="hid" activation="sigmoid"/>
<connection id="67475" src-id="41876" dest-id="67474" weight="1.0"/>
<connection id="67476" src-id="67474" dest-id="57514" weight="0.3119138479232788"/>
</chromosome>