<chromosome id="44197"><neuron id="43933" type="in" activation="linear"/>
<neuron id="43934" type="in" activation="linear"/>
<neuron id="43935" type="in" activation="linear"/>
<neuron id="43936" type="in" activation="linear"/>
<neuron id="43937" type="in" activation="linear"/>
<neuron id="43938" type="in" activation="linear"/>
<neuron id="43939" type="in" activation="linear"/>
<neuron id="43940" type="in" activation="linear"/>
<neuron id="43941" type="in" activation="linear"/>
<neuron id="43942" type="in" activation="linear"/>
<neuron id="43943" type="in" activation="linear"/>
<neuron id="43944" type="in" activation="linear"/>
<neuron id="43945" type="in" activation="linear"/>
<neuron id="43946" type="in" activation="linear"/>
<neuron id="43947" type="in" activation="linear"/>
<neuron id="43948" type="in" activation="linear"/>
<neuron id="43949" type="in" activation="linear"/>
<neuron id="43950" type="in" activation="linear"/>
<neuron id="43951" type="in" activation="linear"/>
<neuron id="43952" type="in" activation="linear"/>
<neuron id="43953" type="in" activation="linear"/>
<neuron id="43954" type="in" activation="linear"/>
<neuron id="43955" type="in" activation="linear"/>
<neuron id="43956" type="in" activation="linear"/>
<neuron id="43957" type="in" activation="linear"/>
<neuron id="43958" type="in" activation="linear"/>
<neuron id="43959" type="in" activation="linear"/>
<neuron id="43960" type="in" activation="linear"/>
<neuron id="43961" type="in" activation="linear"/>
<neuron id="43962" type="in" activation="linear"/>
<neuron id="43963" type="in" activation="linear"/>
<neuron id="43964" type="in" activation="linear"/>
<neuron id="43965" type="in" activation="linear"/>
<neuron id="43966" type="in" activation="linear"/>
<neuron id="43967" type="in" activation="linear"/>
<neuron id="43968" type="in" activation="linear"/>
<neuron id="43969" type="in" activation="linear"/>
<neuron id="43970" type="in" activation="linear"/>
<neuron id="43971" type="in" activation="linear"/>
<neuron id="43972" type="in" activation="linear"/>
<neuron id="43973" type="in" activation="linear"/>
<neuron id="43974" type="in" activation="linear"/>
<neuron id="43975" type="out" activation="linear"/>
<neuron id="43976" type="hid" activation="sigmoid"/>
<connection id="43977" src-id="43933" dest-id="43976" weight="-0.895199179649353"/>
<connection id="43978" src-id="43934" dest-id="43976" weight="-0.5094215869903564"/>
<connection id="43979" src-id="43935" dest-id="43976" weight="0.44599902629852295"/>
<connection id="43980" src-id="43936" dest-id="43976" weight="0.3860412836074829"/>
<connection id="43981" src-id="43937" dest-id="43976" weight="-0.7319478988647461"/>
<connection id="43982" src-id="43938" dest-id="43976" weight="-0.7632466554641724"/>
<connection id="43983" src-id="43939" dest-id="43976" weight="0.2122563123703003"/>
<connection id="43984" src-id="43940" dest-id="43976" weight="-0.8341070413589478"/>
<connection id="43985" src-id="43941" dest-id="43976" weight="-0.3030838966369629"/>
<connection id="43986" src-id="43942" dest-id="43976" weight="0.17711710929870605"/>
<connection id="43987" src-id="43943" dest-id="43976" weight="0.7277491092681885"/>
<connection id="43988" src-id="43944" dest-id="43976" weight="-0.8653799295425415"/>
<connection id="43989" src-id="43945" dest-id="43976" weight="-0.18408095836639404"/>
<connection id="43990" src-id="43946" dest-id="43976" weight="-0.3377317190170288"/>
<connection id="43991" src-id="43947" dest-id="43976" weight="-0.8004164695739746"/>
<connection id="43992" src-id="43948" dest-id="43976" weight="0.7142562866210938"/>
<connection id="43993" src-id="43949" dest-id="43976" weight="0.3684394359588623"/>
<connection id="43994" src-id="43950" dest-id="43976" weight="-0.16618061065673828"/>
<connection id="43995" src-id="43951" dest-id="43976" weight="0.4120386838912964"/>
<connection id="43996" src-id="43952" dest-id="43976" weight="-0.906035304069519"/>
<connection id="43997" src-id="43953" dest-id="43976" weight="0.3872936964035034"/>
<connection id="43998" src-id="43954" dest-id="43976" weight="0.24282324314117432"/>
<connection id="43999" src-id="43955" dest-id="43976" weight="0.7710859775543213"/>
<connection id="44000" src-id="43956" dest-id="43976" weight="0.5990235805511475"/>
<connection id="44001" src-id="43957" dest-id="43976" weight="0.3660932779312134"/>
<connection id="44002" src-id="43958" dest-id="43976" weight="0.6786397695541382"/>
<connection id="44003" src-id="43959" dest-id="43976" weight="-0.6588653326034546"/>
<connection id="44004" src-id="43960" dest-id="43976" weight="-0.9295845031738281"/>
<connection id="44005" src-id="43961" dest-id="43976" weight="-0.8507883548736572"/>
<connection id="44006" src-id="43962" dest-id="43976" weight="0.9416122436523438"/>
<connection id="44007" src-id="43963" dest-id="43976" weight="-0.0826418399810791"/>
<connection id="44008" src-id="43964" dest-id="43976" weight="-0.31820356845855713"/>
<connection id="44009" src-id="43965" dest-id="43976" weight="-0.914780855178833"/>
<connection id="44010" src-id="43966" dest-id="43976" weight="0.9212226867675781"/>
<connection id="44011" src-id="43967" dest-id="43976" weight="-0.8262375593185425"/>
<connection id="44012" src-id="43968" dest-id="43976" weight="0.04952418804168701"/>
<connection id="44013" src-id="43969" dest-id="43976" weight="0.46938979625701904"/>
<connection id="44014" src-id="43970" dest-id="43976" weight="-0.6356426477432251"/>
<connection id="44015" src-id="43971" dest-id="43976" weight="-0.8713281154632568"/>
<connection id="44016" src-id="43972" dest-id="43976" weight="0.6714249849319458"/>
<connection id="44017" src-id="43973" dest-id="43976" weight="0.3388904333114624"/>
<connection id="44018" src-id="43974" dest-id="43976" weight="-0.5808767080307007"/>
<connection id="44019" src-id="43976" dest-id="43975" weight="-0.5553270578384399"/>
<neuron id="44020" type="hid" activation="sigmoid"/>
<connection id="44021" src-id="43933" dest-id="44020" weight="-0.6025949716567993"/>
<connection id="44022" src-id="43934" dest-id="44020" weight="-0.46072089672088623"/>
<connection id="44023" src-id="43935" dest-id="44020" weight="-0.26721835136413574"/>
<connection id="44024" src-id="43936" dest-id="44020" weight="-0.29532861709594727"/>
<connection id="44025" src-id="43937" dest-id="44020" weight="-0.19255459308624268"/>
<connection id="44026" src-id="43938" dest-id="44020" weight="0.5689898729324341"/>
<connection id="44027" src-id="43939" dest-id="44020" weight="0.41349685192108154"/>
<connection id="44028" src-id="43940" dest-id="44020" weight="0.9612106084823608"/>
<connection id="44029" src-id="43941" dest-id="44020" weight="0.8487836122512817"/>
<connection id="44030" src-id="43942" dest-id="44020" weight="0.10183238983154297"/>
<connection id="44031" src-id="43943" dest-id="44020" weight="-0.5882947444915771"/>
<connection id="44032" src-id="43944" dest-id="44020" weight="-0.8695321083068848"/>
<connection id="44033" src-id="43945" dest-id="44020" weight="0.9442607164382935"/>
<connection id="44034" src-id="43946" dest-id="44020" weight="0.014693617820739746"/>
<connection id="44035" src-id="43947" dest-id="44020" weight="0.24617445468902588"/>
<connection id="44036" src-id="43948" dest-id="44020" weight="0.6895301342010498"/>
<connection id="44037" src-id="43949" dest-id="44020" weight="0.8892292976379395"/>
<connection id="44038" src-id="43950" dest-id="44020" weight="0.09337389469146729"/>
<connection id="44039" src-id="43951" dest-id="44020" weight="-0.06828248500823975"/>
<connection id="44040" src-id="43952" dest-id="44020" weight="-0.4639580249786377"/>
<connection id="44041" src-id="43953" dest-id="44020" weight="0.3476496934890747"/>
<connection id="44042" src-id="43954" dest-id="44020" weight="0.8948206901550293"/>
<connection id="44043" src-id="43955" dest-id="44020" weight="0.43074536323547363"/>
<connection id="44044" src-id="43956" dest-id="44020" weight="0.5897506475448608"/>
<connection id="44045" src-id="43957" dest-id="44020" weight="0.5628798007965088"/>
<connection id="44046" src-id="43958" dest-id="44020" weight="-0.7937740087509155"/>
<connection id="44047" src-id="43959" dest-id="44020" weight="0.9513344764709473"/>
<connection id="44048" src-id="43960" dest-id="44020" weight="0.9687509536743164"/>
<connection id="44049" src-id="43961" dest-id="44020" weight="-0.7797337770462036"/>
<connection id="44050" src-id="43962" dest-id="44020" weight="0.5140194892883301"/>
<connection id="44051" src-id="43963" dest-id="44020" weight="0.48346638679504395"/>
<connection id="44052" src-id="43964" dest-id="44020" weight="0.4784795045852661"/>
<connection id="44053" src-id="43965" dest-id="44020" weight="-0.7767014503479004"/>
<connection id="44054" src-id="43966" dest-id="44020" weight="-0.6114919185638428"/>
<connection id="44055" src-id="43967" dest-id="44020" weight="0.6670043468475342"/>
<connection id="44056" src-id="43968" dest-id="44020" weight="0.23412823677062988"/>
<connection id="44057" src-id="43969" dest-id="44020" weight="-0.25963008403778076"/>
<connection id="44058" src-id="43970" dest-id="44020" weight="-0.13121914863586426"/>
<connection id="44059" src-id="43971" dest-id="44020" weight="-0.48447275161743164"/>
<connection id="44060" src-id="43972" dest-id="44020" weight="-0.07122492790222168"/>
<connection id="44061" src-id="43973" dest-id="44020" weight="-0.7060680389404297"/>
<connection id="44062" src-id="43974" dest-id="44020" weight="0.11979424953460693"/>
<connection id="44063" src-id="44020" dest-id="43975" weight="0.8062747716903687"/>
<neuron id="44064" type="hid" activation="sigmoid"/>
<connection id="44065" src-id="43933" dest-id="44064" weight="-0.6019455194473267"/>
<connection id="44066" src-id="43934" dest-id="44064" weight="-0.7718930244445801"/>
<connection id="44067" src-id="43935" dest-id="44064" weight="-0.19221758842468262"/>
<connection id="44068" src-id="43936" dest-id="44064" weight="-0.25360143184661865"/>
<connection id="44069" src-id="43937" dest-id="44064" weight="0.46176016330718994"/>
<connection id="44070" src-id="43938" dest-id="44064" weight="0.7159620523452759"/>
<connection id="44071" src-id="43939" dest-id="44064" weight="0.9360784292221069"/>
<connection id="44072" src-id="43940" dest-id="44064" weight="0.5288907289505005"/>
<connection id="44073" src-id="43941" dest-id="44064" weight="-0.3062317371368408"/>
<connection id="44074" src-id="43942" dest-id="44064" weight="-0.053761839866638184"/>
<connection id="44075" src-id="43943" dest-id="44064" weight="-0.9079172611236572"/>
<connection id="44076" src-id="43944" dest-id="44064" weight="-0.18130457401275635"/>
<connection id="44077" src-id="43945" dest-id="44064" weight="0.84073805809021"/>
<connection id="44078" src-id="43946" dest-id="44064" weight="0.4351762533187866"/>
<connection id="44079" src-id="43947" dest-id="44064" weight="0.12476241588592529"/>
<connection id="44080" src-id="43948" dest-id="44064" weight="-0.6874561309814453"/>
<connection id="44081" src-id="43949" dest-id="44064" weight="0.5400786399841309"/>
<connection id="44082" src-id="43950" dest-id="44064" weight="0.9972890615463257"/>
<connection id="44083" src-id="43951" dest-id="44064" weight="-0.19579684734344482"/>
<connection id="44084" src-id="43952" dest-id="44064" weight="-0.9218076467514038"/>
<connection id="44085" src-id="43953" dest-id="44064" weight="-0.8521953821182251"/>
<connection id="44086" src-id="43954" dest-id="44064" weight="0.01580941677093506"/>
<connection id="44087" src-id="43955" dest-id="44064" weight="0.7701479196548462"/>
<connection id="44088" src-id="43956" dest-id="44064" weight="0.2144479751586914"/>
<connection id="44089" src-id="43957" dest-id="44064" weight="-0.34747314453125"/>
<connection id="44090" src-id="43958" dest-id="44064" weight="-0.20332491397857666"/>
<connection id="44091" src-id="43959" dest-id="44064" weight="-0.5288535356521606"/>
<connection id="44092" src-id="43960" dest-id="44064" weight="-0.17167353630065918"/>
<connection id="44093" src-id="43961" dest-id="44064" weight="-0.4954110383987427"/>
<connection id="44094" src-id="43962" dest-id="44064" weight="-0.7318652868270874"/>
<connection id="44095" src-id="43963" dest-id="44064" weight="-0.5978211164474487"/>
<connection id="44096" src-id="43964" dest-id="44064" weight="-0.22313249111175537"/>
<connection id="44097" src-id="43965" dest-id="44064" weight="0.8171412944793701"/>
<connection id="44098" src-id="43966" dest-id="44064" weight="-0.31856584548950195"/>
<connection id="44099" src-id="43967" dest-id="44064" weight="-0.0050792694091796875"/>
<connection id="44100" src-id="43968" dest-id="44064" weight="0.9767327308654785"/>
<connection id="44101" src-id="43969" dest-id="44064" weight="0.7928966283798218"/>
<connection id="44102" src-id="43970" dest-id="44064" weight="-0.3620872497558594"/>
<connection id="44103" src-id="43971" dest-id="44064" weight="0.38594698905944824"/>
<connection id="44104" src-id="43972" dest-id="44064" weight="-0.7158201932907104"/>
<connection id="44105" src-id="43973" dest-id="44064" weight="0.7968152761459351"/>
<connection id="44106" src-id="43974" dest-id="44064" weight="-0.643224835395813"/>
<connection id="44107" src-id="44064" dest-id="43975" weight="-0.9748495817184448"/>
<neuron id="44108" type="hid" activation="sigmoid"/>
<connection id="44109" src-id="43933" dest-id="44108" weight="-0.5379468202590942"/>
<connection id="44110" src-id="43934" dest-id="44108" weight="-0.4623298645019531"/>
<connection id="44111" src-id="43935" dest-id="44108" weight="0.029634714126586914"/>
<connection id="44112" src-id="43936" dest-id="44108" weight="0.8867369890213013"/>
<connection id="44113" src-id="43937" dest-id="44108" weight="0.08100569248199463"/>
<connection id="44114" src-id="43938" dest-id="44108" weight="0.053231120109558105"/>
<connection id="44115" src-id="43939" dest-id="44108" weight="-0.9122698307037354"/>
<connection id="44116" src-id="43940" dest-id="44108" weight="-0.23812806606292725"/>
<connection id="44117" src-id="43941" dest-id="44108" weight="-0.6175296306610107"/>
<connection id="44118" src-id="43942" dest-id="44108" weight="-0.7661776542663574"/>
<connection id="44119" src-id="43943" dest-id="44108" weight="-0.27817606925964355"/>
<connection id="44120" src-id="43944" dest-id="44108" weight="0.7551568746566772"/>
<connection id="44121" src-id="43945" dest-id="44108" weight="-0.7746067047119141"/>
<connection id="44122" src-id="43946" dest-id="44108" weight="-0.5073562860488892"/>
<connection id="44123" src-id="43947" dest-id="44108" weight="-0.1892232894897461"/>
<connection id="44124" src-id="43948" dest-id="44108" weight="0.3426295518875122"/>
<connection id="44125" src-id="43949" dest-id="44108" weight="0.8431136608123779"/>
<connection id="44126" src-id="43950" dest-id="44108" weight="-0.1698625087738037"/>
<connection id="44127" src-id="43951" dest-id="44108" weight="0.08148789405822754"/>
<connection id="44128" src-id="43952" dest-id="44108" weight="0.999160647392273"/>
<connection id="44129" src-id="43953" dest-id="44108" weight="0.877997636795044"/>
<connection id="44130" src-id="43954" dest-id="44108" weight="-0.7182741165161133"/>
<connection id="44131" src-id="43955" dest-id="44108" weight="0.6703726053237915"/>
<connection id="44132" src-id="43956" dest-id="44108" weight="-0.053501129150390625"/>
<connection id="44133" src-id="43957" dest-id="44108" weight="-0.8023051023483276"/>
<connection id="44134" src-id="43958" dest-id="44108" weight="-0.17242276668548584"/>
<connection id="44135" src-id="43959" dest-id="44108" weight="0.8961402177810669"/>
<connection id="44136" src-id="43960" dest-id="44108" weight="-0.3554614782333374"/>
<connection id="44137" src-id="43961" dest-id="44108" weight="-0.48235392570495605"/>
<connection id="44138" src-id="43962" dest-id="44108" weight="-0.06992888450622559"/>
<connection id="44139" src-id="43963" dest-id="44108" weight="-0.12207305431365967"/>
<connection id="44140" src-id="43964" dest-id="44108" weight="-0.4613158702850342"/>
<connection id="44141" src-id="43965" dest-id="44108" weight="0.580427885055542"/>
<connection id="44142" src-id="43966" dest-id="44108" weight="-0.4940314292907715"/>
<connection id="44143" src-id="43967" dest-id="44108" weight="0.3156437873840332"/>
<connection id="44144" src-id="43968" dest-id="44108" weight="0.7327163219451904"/>
<connection id="44145" src-id="43969" dest-id="44108" weight="-0.6743613481521606"/>
<connection id="44146" src-id="43970" dest-id="44108" weight="0.2988382577896118"/>
<connection id="44147" src-id="43971" dest-id="44108" weight="-0.7541936635971069"/>
<connection id="44148" src-id="43972" dest-id="44108" weight="0.7828495502471924"/>
<connection id="44149" src-id="43973" dest-id="44108" weight="-0.5925061702728271"/>
<connection id="44150" src-id="43974" dest-id="44108" weight="-0.8378092050552368"/>
<connection id="44151" src-id="44108" dest-id="43975" weight="-0.36755192279815674"/>
<neuron id="44152" type="hid" activation="sigmoid"/>
<connection id="44153" src-id="43933" dest-id="44152" weight="0.9644677639007568"/>
<connection id="44154" src-id="43934" dest-id="44152" weight="-0.10441935062408447"/>
<connection id="44155" src-id="43935" dest-id="44152" weight="-0.029587268829345703"/>
<connection id="44156" src-id="43936" dest-id="44152" weight="0.266554594039917"/>
<connection id="44157" src-id="43937" dest-id="44152" weight="-0.9356389045715332"/>
<connection id="44158" src-id="43938" dest-id="44152" weight="-0.1269843578338623"/>
<connection id="44159" src-id="43939" dest-id="44152" weight="0.9246202707290649"/>
<connection id="44160" src-id="43940" dest-id="44152" weight="-0.5723708868026733"/>
<connection id="44161" src-id="43941" dest-id="44152" weight="-0.9295870065689087"/>
<connection id="44162" src-id="43942" dest-id="44152" weight="-0.19749939441680908"/>
<connection id="44163" src-id="43943" dest-id="44152" weight="0.5018517971038818"/>
<connection id="44164" src-id="43944" dest-id="44152" weight="-0.8124172687530518"/>
<connection id="44165" src-id="43945" dest-id="44152" weight="-0.20386898517608643"/>
<connection id="44166" src-id="43946" dest-id="44152" weight="0.3727072477340698"/>
<connection id="44167" src-id="43947" dest-id="44152" weight="0.7027324438095093"/>
<connection id="44168" src-id="43948" dest-id="44152" weight="-0.02853870391845703"/>
<connection id="44169" src-id="43949" dest-id="44152" weight="-0.6260596513748169"/>
<connection id="44170" src-id="43950" dest-id="44152" weight="0.5044595003128052"/>
<connection id="44171" src-id="43951" dest-id="44152" weight="-0.5147305727005005"/>
<connection id="44172" src-id="43952" dest-id="44152" weight="0.17416346073150635"/>
<connection id="44173" src-id="43953" dest-id="44152" weight="-0.780228853225708"/>
<connection id="44174" src-id="43954" dest-id="44152" weight="-0.7409323453903198"/>
<connection id="44175" src-id="43955" dest-id="44152" weight="0.13739848136901855"/>
<connection id="44176" src-id="43956" dest-id="44152" weight="0.19108593463897705"/>
<connection id="44177" src-id="43957" dest-id="44152" weight="-0.7905471324920654"/>
<connection id="44178" src-id="43958" dest-id="44152" weight="-0.44819092750549316"/>
<connection id="44179" src-id="43959" dest-id="44152" weight="-0.9487909078598022"/>
<connection id="44180" src-id="43960" dest-id="44152" weight="-0.6413573026657104"/>
<connection id="44181" src-id="43961" dest-id="44152" weight="-0.2317197322845459"/>
<connection id="44182" src-id="43962" dest-id="44152" weight="0.36519336700439453"/>
<connection id="44183" src-id="43963" dest-id="44152" weight="-0.9634398221969604"/>
<connection id="44184" src-id="43964" dest-id="44152" weight="0.004162311553955078"/>
<connection id="44185" src-id="43965" dest-id="44152" weight="-0.13139009475708008"/>
<connection id="44186" src-id="43966" dest-id="44152" weight="0.14371228218078613"/>
<connection id="44187" src-id="43967" dest-id="44152" weight="0.47644126415252686"/>
<connection id="44188" src-id="43968" dest-id="44152" weight="0.34135901927948"/>
<connection id="44189" src-id="43969" dest-id="44152" weight="-0.2774972915649414"/>
<connection id="44190" src-id="43970" dest-id="44152" weight="-0.6700171232223511"/>
<connection id="44191" src-id="43971" dest-id="44152" weight="0.7126009464263916"/>
<connection id="44192" src-id="43972" dest-id="44152" weight="0.3662205934524536"/>
<connection id="44193" src-id="43973" dest-id="44152" weight="0.5694963932037354"/>
<connection id="44194" src-id="43974" dest-id="44152" weight="-0.30151093006134033"/>
<connection id="44195" src-id="44152" dest-id="43975" weight="0.8955156803131104"/>
</chromosome>