<chromosome id="66107" primary-parent-id="64462"><neuron id="39470" type="in" activation="linear"/>
<neuron id="39471" type="in" activation="linear"/>
<neuron id="39472" type="in" activation="linear"/>
<neuron id="39473" type="in" activation="linear"/>
<neuron id="39474" type="in" activation="linear"/>
<neuron id="39475" type="in" activation="linear"/>
<neuron id="39476" type="in" activation="linear"/>
<neuron id="39477" type="in" activation="linear"/>
<neuron id="39478" type="in" activation="linear"/>
<neuron id="39479" type="in" activation="linear"/>
<neuron id="39480" type="in" activation="linear"/>
<neuron id="39481" type="in" activation="linear"/>
<neuron id="39482" type="in" activation="linear"/>
<neuron id="39483" type="in" activation="linear"/>
<neuron id="39484" type="in" activation="linear"/>
<neuron id="39485" type="in" activation="linear"/>
<neuron id="39486" type="in" activation="linear"/>
<neuron id="39487" type="in" activation="linear"/>
<neuron id="39488" type="in" activation="linear"/>
<neuron id="39489" type="in" activation="linear"/>
<neuron id="39490" type="in" activation="linear"/>
<neuron id="39491" type="in" activation="linear"/>
<neuron id="39492" type="in" activation="linear"/>
<neuron id="39493" type="in" activation="linear"/>
<neuron id="39494" type="in" activation="linear"/>
<neuron id="39495" type="in" activation="linear"/>
<neuron id="39496" type="in" activation="linear"/>
<neuron id="39497" type="in" activation="linear"/>
<neuron id="39498" type="in" activation="linear"/>
<neuron id="39499" type="in" activation="linear"/>
<neuron id="39500" type="in" activation="linear"/>
<neuron id="39501" type="in" activation="linear"/>
<neuron id="39502" type="in" activation="linear"/>
<neuron id="39503" type="in" activation="linear"/>
<neuron id="39504" type="in" activation="linear"/>
<neuron id="39505" type="in" activation="linear"/>
<neuron id="39506" type="in" activation="linear"/>
<neuron id="39507" type="in" activation="linear"/>
<neuron id="39508" type="in" activation="linear"/>
<neuron id="39509" type="in" activation="linear"/>
<neuron id="39510" type="in" activation="linear"/>
<neuron id="39511" type="in" activation="linear"/>
<neuron id="39512" type="out" activation="linear"/>
<neuron id="39513" type="hid" activation="sigmoid"/>
<connection id="39514" src-id="39470" dest-id="39513" weight="23.80951375508036"/>
<connection id="39515" src-id="39471" dest-id="39513" weight="-19.09847755308261"/>
<connection id="39517" src-id="39473" dest-id="39513" weight="14.22235361131658"/>
<connection id="39520" src-id="39476" dest-id="39513" weight="0.10814242295777299"/>
<connection id="39521" src-id="39477" dest-id="39513" weight="0.7241094612300738"/>
<connection id="39522" src-id="39478" dest-id="39513" weight="5.244900935959464"/>
<connection id="39523" src-id="39479" dest-id="39513" weight="5.7849015004913245"/>
<connection id="39525" src-id="39481" dest-id="39513" weight="-5.2024164870337835"/>
<connection id="39526" src-id="39482" dest-id="39513" weight="-2.5770603802707086"/>
<connection id="39527" src-id="39483" dest-id="39513" weight="26.648018735340408"/>
<connection id="39529" src-id="39485" dest-id="39513" weight="11.461366188970645"/>
<connection id="39530" src-id="39486" dest-id="39513" weight="10.79274390277658"/>
<connection id="39532" src-id="39488" dest-id="39513" weight="-4.660133399982187"/>
<connection id="39533" src-id="39489" dest-id="39513" weight="11.947739800057485"/>
<connection id="39534" src-id="39490" dest-id="39513" weight="-19.51497675926102"/>
<connection id="39536" src-id="39492" dest-id="39513" weight="3.0484604245895586"/>
<connection id="39538" src-id="39494" dest-id="39513" weight="13.750911739756592"/>
<connection id="39544" src-id="39500" dest-id="39513" weight="12.779820675483997"/>
<connection id="39545" src-id="39501" dest-id="39513" weight="-1.6783940097720915"/>
<connection id="39546" src-id="39502" dest-id="39513" weight="21.542819727440232"/>
<connection id="39547" src-id="39503" dest-id="39513" weight="7.739523070096494"/>
<connection id="39550" src-id="39506" dest-id="39513" weight="-11.488486918571642"/>
<connection id="39552" src-id="39508" dest-id="39513" weight="21.960014740189482"/>
<connection id="39555" src-id="39511" dest-id="39513" weight="0.14287422416889872"/>
<neuron id="39557" type="hid" activation="sigmoid"/>
<connection id="39559" src-id="39471" dest-id="39557" weight="-10.060197147553971"/>
<connection id="39560" src-id="39472" dest-id="39557" weight="-14.41486683586401"/>
<connection id="39561" src-id="39473" dest-id="39557" weight="-8.083295932709506"/>
<connection id="39562" src-id="39474" dest-id="39557" weight="-6.088120495677966"/>
<connection id="39563" src-id="39475" dest-id="39557" weight="5.806562987733651"/>
<connection id="39565" src-id="39477" dest-id="39557" weight="-0.9377837875913302"/>
<connection id="39566" src-id="39478" dest-id="39557" weight="21.20267072767547"/>
<connection id="39567" src-id="39479" dest-id="39557" weight="14.825490103818955"/>
<connection id="39569" src-id="39481" dest-id="39557" weight="-25.051711217610183"/>
<connection id="39572" src-id="39484" dest-id="39557" weight="-0.1283761830350505"/>
<connection id="39573" src-id="39485" dest-id="39557" weight="22.886020067271737"/>
<connection id="39577" src-id="39489" dest-id="39557" weight="-20.211130828401114"/>
<connection id="39578" src-id="39490" dest-id="39557" weight="-28.006795364142366"/>
<connection id="39579" src-id="39491" dest-id="39557" weight="13.62551228092395"/>
<connection id="39580" src-id="39492" dest-id="39557" weight="-14.837172715626233"/>
<connection id="39581" src-id="39493" dest-id="39557" weight="0.7440452575683594"/>
<connection id="39582" src-id="39494" dest-id="39557" weight="12.565649289016967"/>
<connection id="39583" src-id="39495" dest-id="39557" weight="-25.514231389001605"/>
<connection id="39586" src-id="39498" dest-id="39557" weight="-13.486448369375728"/>
<connection id="39591" src-id="39503" dest-id="39557" weight="23.464633772091112"/>
<connection id="39592" src-id="39504" dest-id="39557" weight="13.630896059996429"/>
<connection id="39594" src-id="39506" dest-id="39557" weight="8.16556825475796"/>
<connection id="39595" src-id="39507" dest-id="39557" weight="7.4857847526964"/>
<connection id="39596" src-id="39508" dest-id="39557" weight="4.943601654896064"/>
<connection id="39597" src-id="39509" dest-id="39557" weight="-9.693115888704394"/>
<connection id="39598" src-id="39510" dest-id="39557" weight="-3.963722174674596"/>
<connection id="39599" src-id="39511" dest-id="39557" weight="-0.10601272615003055"/>
<connection id="39600" src-id="39557" dest-id="39512" weight="8.826256914654616"/>
<neuron id="39601" type="hid" activation="sigmoid"/>
<connection id="39604" src-id="39472" dest-id="39601" weight="14.058542984651023"/>
<connection id="39605" src-id="39473" dest-id="39601" weight="23.567963564982"/>
<connection id="39606" src-id="39474" dest-id="39601" weight="-0.525393315691403"/>
<connection id="39608" src-id="39476" dest-id="39601" weight="5.784568337029096"/>
<connection id="39610" src-id="39478" dest-id="39601" weight="16.153886719196"/>
<connection id="39611" src-id="39479" dest-id="39601" weight="3.15870960540098"/>
<connection id="39612" src-id="39480" dest-id="39601" weight="-10.522923562057619"/>
<connection id="39613" src-id="39481" dest-id="39601" weight="19.879089398866956"/>
<connection id="39615" src-id="39483" dest-id="39601" weight="-0.9431212688465658"/>
<connection id="39621" src-id="39489" dest-id="39601" weight="-12.937939449409614"/>
<connection id="39623" src-id="39491" dest-id="39601" weight="2.8533845173077896"/>
<connection id="39625" src-id="39493" dest-id="39601" weight="0.8519983872763968"/>
<connection id="39626" src-id="39494" dest-id="39601" weight="9.548944300992671"/>
<connection id="39627" src-id="39495" dest-id="39601" weight="-15.434391009731186"/>
<connection id="39628" src-id="39496" dest-id="39601" weight="-11.636946254773099"/>
<connection id="39629" src-id="39497" dest-id="39601" weight="-5.732053694032402"/>
<connection id="39632" src-id="39500" dest-id="39601" weight="0.002726137935763706"/>
<connection id="39633" src-id="39501" dest-id="39601" weight="3.509735490332778"/>
<connection id="39636" src-id="39504" dest-id="39601" weight="2.170320342137087"/>
<connection id="39637" src-id="39505" dest-id="39601" weight="11.717334569340984"/>
<connection id="39638" src-id="39506" dest-id="39601" weight="-11.089166728222299"/>
<connection id="39640" src-id="39508" dest-id="39601" weight="1.8434616199695366"/>
<connection id="39641" src-id="39509" dest-id="39601" weight="-6.39249737125584"/>
<connection id="39643" src-id="39511" dest-id="39601" weight="2.6627500019780355"/>
<connection id="39644" src-id="39601" dest-id="39512" weight="25.65866721387532"/>
<neuron id="39645" type="hid" activation="sigmoid"/>
<connection id="39646" src-id="39470" dest-id="39645" weight="6.118046133030456"/>
<connection id="39648" src-id="39472" dest-id="39645" weight="-16.67266457924069"/>
<connection id="39654" src-id="39478" dest-id="39645" weight="-4.67677259343703"/>
<connection id="39657" src-id="39481" dest-id="39645" weight="-6.186985894213774"/>
<connection id="39658" src-id="39482" dest-id="39645" weight="20.7968875511585"/>
<connection id="39659" src-id="39483" dest-id="39645" weight="-8.562331719044678"/>
<connection id="39660" src-id="39484" dest-id="39645" weight="-24.183529788421453"/>
<connection id="39662" src-id="39486" dest-id="39645" weight="6.780722264131448"/>
<connection id="39663" src-id="39487" dest-id="39645" weight="-20.72424473299888"/>
<connection id="39665" src-id="39489" dest-id="39645" weight="20.793888114781712"/>
<connection id="39666" src-id="39490" dest-id="39645" weight="-5.267691699521574"/>
<connection id="39668" src-id="39492" dest-id="39645" weight="4.1287158198875495"/>
<connection id="39670" src-id="39494" dest-id="39645" weight="-10.625289945008529"/>
<connection id="39674" src-id="39498" dest-id="39645" weight="-22.37070042912817"/>
<connection id="39675" src-id="39499" dest-id="39645" weight="-5.9452523508811"/>
<connection id="39677" src-id="39501" dest-id="39645" weight="25.35704939512379"/>
<connection id="39681" src-id="39505" dest-id="39645" weight="3.1666576418257506"/>
<connection id="39682" src-id="39506" dest-id="39645" weight="17.765211504126608"/>
<connection id="39683" src-id="39507" dest-id="39645" weight="1.7077285020066437"/>
<connection id="39688" src-id="39645" dest-id="39512" weight="8.196591494841652"/>
<connection id="39977" src-id="39485" dest-id="39512" weight="1.4188699021728128"/>
<connection id="40249" src-id="39492" dest-id="39512" weight="16.316633415892156"/>
<connection id="40254" src-id="39475" dest-id="39512" weight="7.933586812222172"/>
<neuron id="40493" type="hid" activation="sigmoid"/>
<connection id="40494" src-id="39480" dest-id="40493" weight="5.304138476568846"/>
<connection id="40495" src-id="40493" dest-id="39557" weight="-20.90324418894858"/>
<neuron id="40502" type="hid" activation="sigmoid"/>
<connection id="40503" src-id="39470" dest-id="40502" weight="-2.0267505163701935"/>
<connection id="40504" src-id="40502" dest-id="39601" weight="-8.986894832180216"/>
<neuron id="40505" type="hid" activation="sigmoid"/>
<connection id="40506" src-id="39496" dest-id="40505" weight="-16.235200212814675"/>
<connection id="40507" src-id="40505" dest-id="39557" weight="4.040956312557695"/>
<neuron id="40520" type="hid" activation="sigmoid"/>
<connection id="40521" src-id="39502" dest-id="40520" weight="3.0087447676813093"/>
<connection id="40522" src-id="40520" dest-id="39557" weight="-9.895727355405521"/>
<neuron id="40544" type="hid" activation="sigmoid"/>
<connection id="40545" src-id="39504" dest-id="40544" weight="1.4462486127118241"/>
<connection id="40546" src-id="40544" dest-id="39645" weight="18.361651022430753"/>
<connection id="40681" src-id="39477" dest-id="39512" weight="10.037022077409226"/>
<connection id="40765" src-id="39498" dest-id="39512" weight="4.587033998492351"/>
<connection id="40865" src-id="39601" dest-id="39513" weight="-10.93127730161302"/>
<connection id="40962" src-id="39513" dest-id="39645" weight="-4.420293929129507"/>
<neuron id="41118" type="hid" activation="sigmoid"/>
<connection id="41120" src-id="41118" dest-id="39513" weight="11.429762715053942"/>
<neuron id="41175" type="hid" activation="sigmoid"/>
<connection id="41176" src-id="39480" dest-id="41175" weight="1.1105692894935726"/>
<connection id="41177" src-id="41175" dest-id="39645" weight="-7.181749900358548"/>
<connection id="41392" src-id="39509" dest-id="39512" weight="10.334861657783469"/>
<neuron id="41520" type="hid" activation="sigmoid"/>
<connection id="41522" src-id="41520" dest-id="39557" weight="3.076966671615193"/>
<neuron id="41523" type="hid" activation="sigmoid"/>
<connection id="41524" src-id="39509" dest-id="41523" weight="-6.441484904165968"/>
<connection id="41525" src-id="41523" dest-id="39513" weight="-2.117390480544118"/>
<neuron id="41526" type="hid" activation="sigmoid"/>
<connection id="41527" src-id="39510" dest-id="41526" weight="1.7199083172929202"/>
<neuron id="41538" type="hid" activation="sigmoid"/>
<neuron id="41562" type="hid" activation="sigmoid"/>
<connection id="41563" src-id="39476" dest-id="41562" weight="-20.813887302073965"/>
<connection id="41564" src-id="41562" dest-id="39645" weight="18.221595983677304"/>
<neuron id="41565" type="hid" activation="sigmoid"/>
<connection id="41566" src-id="39471" dest-id="41565" weight="6.230356184902966"/>
<connection id="41567" src-id="41565" dest-id="39601" weight="-26.239989659154404"/>
<neuron id="41580" type="hid" activation="sigmoid"/>
<connection id="41581" src-id="39508" dest-id="41580" weight="10.748840399825477"/>
<connection id="41582" src-id="41580" dest-id="39645" weight="-12.870627542347886"/>
<connection id="41669" src-id="39499" dest-id="39512" weight="5.500949041566386"/>
<connection id="41752" src-id="39488" dest-id="39512" weight="0.8865558140987111"/>
<connection id="41756" src-id="39498" dest-id="41520" weight="-3.9188046948115685"/>
<neuron id="41858" type="hid" activation="sigmoid"/>
<connection id="41859" src-id="39509" dest-id="41858" weight="10.010331437022002"/>
<connection id="41860" src-id="41858" dest-id="39645" weight="-18.582699055606742"/>
<neuron id="41876" type="hid" activation="sigmoid"/>
<connection id="41877" src-id="39492" dest-id="41876" weight="13.37998104513946"/>
<neuron id="41906" type="hid" activation="sigmoid"/>
<connection id="41908" src-id="41906" dest-id="39601" weight="6.916206638155593"/>
<connection id="42009" src-id="39494" dest-id="41876" weight="4.7361882220421645"/>
<connection id="42045" src-id="39484" dest-id="41520" weight="9.616142879635468"/>
<connection id="42075" src-id="39507" dest-id="39512" weight="4.300295873142149"/>
<neuron id="42140" type="hid" activation="sigmoid"/>
<connection id="42141" src-id="39507" dest-id="42140" weight="3.4924611156167926"/>
<connection id="42142" src-id="42140" dest-id="39513" weight="-10.798852095099353"/>
<neuron id="42155" type="hid" activation="sigmoid"/>
<connection id="42157" src-id="42155" dest-id="39645" weight="-19.18662229210605"/>
<connection id="42213" src-id="41520" dest-id="39645" weight="-9.57378417225216"/>
<connection id="42252" src-id="39472" dest-id="41906" weight="4.648793011952076"/>
<connection id="42266" src-id="39494" dest-id="41523" weight="-13.443953202725154"/>
<connection id="42274" src-id="39483" dest-id="41523" weight="2.2840581684498225"/>
<connection id="42277" src-id="39478" dest-id="41523" weight="-1.4993373096264166"/>
<connection id="42297" src-id="39482" dest-id="41562" weight="-11.643561581538385"/>
<connection id="42313" src-id="41520" dest-id="39512" weight="-4.188761340381595"/>
<connection id="42318" src-id="41520" dest-id="41523" weight="4.602252566184504"/>
<connection id="42339" src-id="39503" dest-id="41906" weight="10.411824571021622"/>
<connection id="42453" src-id="39491" dest-id="41520" weight="13.177797877246832"/>
<connection id="42496" src-id="39507" dest-id="41538" weight="-6.316369608369746"/>
<connection id="42503" src-id="41523" dest-id="39645" weight="0.1315800309284736"/>
<connection id="42627" src-id="39482" dest-id="41906" weight="-8.783650649785425"/>
<connection id="42628" src-id="39490" dest-id="41523" weight="-3.7846947110435964"/>
<connection id="42638" src-id="39495" dest-id="41906" weight="-2.1779638486088544"/>
<neuron id="42649" type="hid" activation="sigmoid"/>
<connection id="42650" src-id="39494" dest-id="42649" weight="-2.7862268516811817"/>
<connection id="42651" src-id="42649" dest-id="39513" weight="7.034966721468371"/>
<connection id="42722" src-id="39473" dest-id="41520" weight="9.964308819688867"/>
<connection id="42731" src-id="39511" dest-id="41523" weight="2.825820846945323"/>
<connection id="42757" src-id="39471" dest-id="41562" weight="1.6942261999658128"/>
<connection id="42763" src-id="39506" dest-id="41520" weight="-10.544362285532433"/>
<connection id="42797" src-id="39507" dest-id="41876" weight="-2.484608223163266"/>
<connection id="42862" src-id="39507" dest-id="41523" weight="28.806645191069798"/>
<neuron id="42880" type="hid" activation="sigmoid"/>
<connection id="42881" src-id="39491" dest-id="42880" weight="7.899525759923862"/>
<connection id="42882" src-id="42880" dest-id="39513" weight="5.057897528023684"/>
<neuron id="42901" type="hid" activation="sigmoid"/>
<connection id="42902" src-id="39479" dest-id="42901" weight="0.5066435268486784"/>
<connection id="42903" src-id="42901" dest-id="39645" weight="-45.363572186882806"/>
<connection id="42973" src-id="39503" dest-id="40502" weight="5.417208309186353"/>
<connection id="42986" src-id="39480" dest-id="41565" weight="-0.9590345411847312"/>
<connection id="43035" src-id="39472" dest-id="41538" weight="-20.913389350685332"/>
<connection id="43039" src-id="39490" dest-id="41538" weight="6.847163115730126"/>
<connection id="43041" src-id="39475" dest-id="41906" weight="9.4833697972689"/>
<connection id="43063" src-id="39488" dest-id="41906" weight="-2.27548941581259"/>
<connection id="43064" src-id="39480" dest-id="41523" weight="3.653739332953183"/>
<neuron id="43097" type="hid" activation="sigmoid"/>
<connection id="43098" src-id="39491" dest-id="43097" weight="-1.343852464952401"/>
<connection id="43099" src-id="43097" dest-id="39512" weight="-15.95672074305914"/>
<neuron id="43100" type="hid" activation="sigmoid"/>
<connection id="43101" src-id="41538" dest-id="43100" weight="-1.4732651149799394"/>
<connection id="43102" src-id="43100" dest-id="39557" weight="13.031502828922356"/>
<connection id="43206" src-id="39494" dest-id="42155" weight="-1.0026366523564065"/>
<connection id="43208" src-id="39503" dest-id="41565" weight="-2.786443633781367"/>
<connection id="43224" src-id="39486" dest-id="39512" weight="19.58829011270467"/>
<connection id="43230" src-id="39471" dest-id="39512" weight="5.210616833587286"/>
<connection id="43269" src-id="39495" dest-id="41520" weight="31.3879887562504"/>
<connection id="43271" src-id="39510" dest-id="41523" weight="0.6975956756449104"/>
<connection id="43277" src-id="39492" dest-id="41520" weight="-4.822579745993646"/>
<connection id="43302" src-id="39498" dest-id="41562" weight="-1.9740284566926984"/>
<connection id="43309" src-id="41565" dest-id="39645" weight="18.723839994550264"/>
<connection id="43314" src-id="39500" dest-id="41565" weight="12.76233214254541"/>
<connection id="43315" src-id="39486" dest-id="42901" weight="7.630821020673685"/>
<connection id="43319" src-id="39491" dest-id="41538" weight="3.3025489421035386"/>
<connection id="43320" src-id="39485" dest-id="41523" weight="4.347238148783333"/>
<connection id="43338" src-id="39509" dest-id="41562" weight="2.5355765987466334"/>
<neuron id="43368" type="hid" activation="sigmoid"/>
<connection id="43369" src-id="41876" dest-id="43368" weight="-0.3207241928424507"/>
<connection id="43370" src-id="43368" dest-id="39601" weight="15.194651456581319"/>
<neuron id="43377" type="hid" activation="sigmoid"/>
<connection id="43379" src-id="43377" dest-id="39513" weight="-32.86305276476372"/>
<connection id="43432" src-id="39503" dest-id="41523" weight="-4.646680369013297"/>
<connection id="43442" src-id="39484" dest-id="42901" weight="0.5573329697297602"/>
<connection id="43457" src-id="39507" dest-id="40502" weight="-13.164870824774779"/>
<connection id="43471" src-id="39487" dest-id="41876" weight="-1.2349306505012105"/>
<connection id="43527" src-id="39500" dest-id="42901" weight="3.0880004632141507"/>
<connection id="43562" src-id="39487" dest-id="41906" weight="-1.021156679090378"/>
<neuron id="43588" type="hid" activation="sigmoid"/>
<connection id="43589" src-id="39475" dest-id="43588" weight="3.8624034332282022"/>
<neuron id="43594" type="hid" activation="sigmoid"/>
<connection id="43595" src-id="39486" dest-id="43594" weight="6.575556446021011"/>
<connection id="43596" src-id="43594" dest-id="39601" weight="-6.492707176506971"/>
<connection id="43659" src-id="39474" dest-id="41565" weight="0.50587820603132"/>
<connection id="43669" src-id="39496" dest-id="42649" weight="7.963755528937014"/>
<connection id="43672" src-id="41562" dest-id="39601" weight="-4.419871272747272"/>
<connection id="43722" src-id="39476" dest-id="41523" weight="-5.088253424545145"/>
<connection id="43726" src-id="39497" dest-id="42901" weight="-2.4644442409055687"/>
<connection id="43733" src-id="42901" dest-id="39512" weight="2.931704216996333"/>
<neuron id="43808" type="hid" activation="sigmoid"/>
<connection id="43809" src-id="39493" dest-id="43808" weight="-14.644703496782093"/>
<connection id="43906" src-id="39470" dest-id="41538" weight="1.618753832417872"/>
<connection id="43951" src-id="39496" dest-id="42155" weight="-15.286051412861639"/>
<connection id="43952" src-id="39506" dest-id="41565" weight="-0.5907797737776526"/>
<neuron id="44023" type="hid" activation="sigmoid"/>
<connection id="44024" src-id="39497" dest-id="44023" weight="-4.880847031124363"/>
<connection id="44025" src-id="44023" dest-id="39512" weight="25.675607090311914"/>
<neuron id="44032" type="hid" activation="sigmoid"/>
<connection id="44033" src-id="39497" dest-id="44032" weight="-1.5091510667997659"/>
<connection id="44034" src-id="44032" dest-id="39513" weight="-17.655075582925026"/>
<connection id="44080" src-id="39601" dest-id="42901" weight="2.159984796608425"/>
<connection id="44098" src-id="39473" dest-id="41906" weight="-0.07207376899810924"/>
<connection id="44147" src-id="39473" dest-id="42155" weight="-7.532388210534797"/>
<connection id="44150" src-id="39471" dest-id="41906" weight="-5.97141385740326"/>
<connection id="44166" src-id="39472" dest-id="41565" weight="-4.264715210616223"/>
<connection id="44194" src-id="39483" dest-id="41876" weight="-8.609127997975923"/>
<connection id="44212" src-id="39504" dest-id="41538" weight="7.030430116602147"/>
<neuron id="44238" type="hid" activation="sigmoid"/>
<connection id="44239" src-id="39491" dest-id="44238" weight="-11.608670119917422"/>
<connection id="44240" src-id="44238" dest-id="39645" weight="4.68933479384766"/>
<neuron id="44244" type="hid" activation="sigmoid"/>
<connection id="44245" src-id="39511" dest-id="44244" weight="1.3504325380738882"/>
<connection id="44246" src-id="44244" dest-id="39513" weight="-1.6376516224913353"/>
<neuron id="44247" type="hid" activation="sigmoid"/>
<connection id="44248" src-id="39484" dest-id="44247" weight="13.412951873282323"/>
<connection id="44321" src-id="39505" dest-id="41565" weight="-9.20905566420427"/>
<connection id="44322" src-id="39487" dest-id="41523" weight="11.430405285055244"/>
<connection id="44351" src-id="39493" dest-id="41906" weight="-19.947853352286064"/>
<connection id="44374" src-id="39502" dest-id="41538" weight="0.6356339932967054"/>
<connection id="44375" src-id="39491" dest-id="41565" weight="11.770633541874718"/>
<connection id="44376" src-id="41523" dest-id="42155" weight="-3.3378536238087007"/>
<connection id="44379" src-id="39474" dest-id="42155" weight="20.400487326419412"/>
<connection id="44424" src-id="39479" dest-id="41538" weight="4.066625862892015"/>
<connection id="44482" src-id="39497" dest-id="41562" weight="-5.881893479545078"/>
<connection id="44561" src-id="39489" dest-id="42155" weight="-15.757528072413221"/>
<connection id="44577" src-id="39497" dest-id="41523" weight="-4.105431160483099"/>
<connection id="44621" src-id="39505" dest-id="41906" weight="4.9647360592338785"/>
<connection id="44626" src-id="39483" dest-id="41565" weight="3.5625149476363727"/>
<connection id="44690" src-id="42901" dest-id="39513" weight="-10.1674566510127"/>
<connection id="44691" src-id="39494" dest-id="41565" weight="9.71987339498387"/>
<connection id="44693" src-id="41565" dest-id="41520" weight="1.7083948757148948"/>
<connection id="44703" src-id="40493" dest-id="41538" weight="-9.640483537550065"/>
<connection id="44705" src-id="41520" dest-id="41538" weight="14.249603624006902"/>
<connection id="44990" src-id="39476" dest-id="41538" weight="-2.1004583606929135"/>
<connection id="45018" src-id="39474" dest-id="40493" weight="-3.4518101046342657"/>
<connection id="45021" src-id="43588" dest-id="42155" weight="-16.286968283691984"/>
<connection id="45038" src-id="39488" dest-id="41565" weight="9.221213603247321"/>
<connection id="45042" src-id="39497" dest-id="40493" weight="-10.645759122987355"/>
<connection id="45058" src-id="41520" dest-id="41906" weight="-6.146769209564765"/>
<neuron id="45073" type="hid" activation="sigmoid"/>
<connection id="45074" src-id="39503" dest-id="45073" weight="9.247735803709876"/>
<connection id="45160" src-id="39495" dest-id="41565" weight="-8.961008725609553"/>
<connection id="45272" src-id="39478" dest-id="41565" weight="-18.289871906132284"/>
<connection id="45285" src-id="39481" dest-id="41906" weight="4.373322985685773"/>
<connection id="45286" src-id="39479" dest-id="41565" weight="2.7919559727426546"/>
<connection id="45428" src-id="39487" dest-id="41580" weight="-6.149602734600705"/>
<connection id="45436" src-id="39501" dest-id="41565" weight="3.4774829650131496"/>
<connection id="45477" src-id="40493" dest-id="39512" weight="-4.711793781707855"/>
<connection id="45481" src-id="39476" dest-id="40493" weight="13.775480926221574"/>
<connection id="45482" src-id="39601" dest-id="43097" weight="-16.92821881727112"/>
<connection id="45485" src-id="39481" dest-id="43588" weight="18.822241760168097"/>
<connection id="45537" src-id="39490" dest-id="43588" weight="27.646924378722456"/>
<connection id="45540" src-id="39488" dest-id="43097" weight="6.491778899882327"/>
<connection id="45542" src-id="39493" dest-id="42155" weight="-0.599000892307636"/>
<connection id="45548" src-id="39476" dest-id="43588" weight="8.528945202344826"/>
<connection id="45594" src-id="41523" dest-id="41906" weight="-7.229577524449894"/>
<connection id="45638" src-id="39498" dest-id="41906" weight="-3.4450742446228677"/>
<connection id="45653" src-id="39471" dest-id="42901" weight="-5.913938495222284"/>
<connection id="45658" src-id="39488" dest-id="41580" weight="0.8858767188066277"/>
<neuron id="45675" type="hid" activation="sigmoid"/>
<connection id="45677" src-id="45675" dest-id="41538" weight="-5.397713637302395"/>
<connection id="45750" src-id="39502" dest-id="41906" weight="11.335981392834775"/>
<connection id="45813" src-id="39487" dest-id="41538" weight="-11.950921114454813"/>
<connection id="45833" src-id="39479" dest-id="43588" weight="-2.959487548026126"/>
<connection id="45836" src-id="39507" dest-id="40493" weight="-12.994052913455562"/>
<connection id="45839" src-id="39470" dest-id="43588" weight="-3.5465487737463772"/>
<connection id="45841" src-id="39489" dest-id="41906" weight="3.5966966810316787"/>
<connection id="45850" src-id="40493" dest-id="39513" weight="-0.9857705389233673"/>
<connection id="45852" src-id="39497" dest-id="43097" weight="-11.143549497385981"/>
<neuron id="45917" type="hid" activation="sigmoid"/>
<connection id="45919" src-id="45917" dest-id="39601" weight="-17.648522131795858"/>
<connection id="45992" src-id="39474" dest-id="41538" weight="3.6498059095182023"/>
<connection id="46015" src-id="39477" dest-id="43097" weight="-0.8300335884426451"/>
<connection id="46084" src-id="40544" dest-id="39601" weight="7.350282385161712"/>
<connection id="46111" src-id="39501" dest-id="43588" weight="-0.16131494537132995"/>
<connection id="46123" src-id="39491" dest-id="40493" weight="-3.49396175188754"/>
<connection id="46124" src-id="39477" dest-id="41565" weight="-2.420985641273817"/>
<connection id="46157" src-id="39471" dest-id="45675" weight="0.591301679611206"/>
<connection id="46335" src-id="39474" dest-id="41562" weight="-0.8670607805252075"/>
<connection id="46358" src-id="41520" dest-id="40493" weight="-4.097539506510399"/>
<connection id="46359" src-id="42155" dest-id="39601" weight="-1.9931880013503231"/>
<connection id="46362" src-id="41565" dest-id="42140" weight="15.402170651219407"/>
<connection id="46363" src-id="39505" dest-id="41538" weight="-6.959303817348275"/>
<connection id="46364" src-id="39510" dest-id="40493" weight="14.667720495794761"/>
<connection id="46456" src-id="39481" dest-id="41565" weight="4.548104786354596"/>
<connection id="46520" src-id="41580" dest-id="39557" weight="5.025710293098532"/>
<connection id="46525" src-id="39471" dest-id="43097" weight="3.3195015457737727"/>
<connection id="46652" src-id="39478" dest-id="41580" weight="-1.5702037230761063"/>
<connection id="46654" src-id="39497" dest-id="41580" weight="3.3475834598092473"/>
<connection id="46668" src-id="39471" dest-id="41520" weight="-5.2226659465260425"/>
<connection id="46776" src-id="39474" dest-id="42140" weight="0.007530957773176139"/>
<connection id="46808" src-id="42901" dest-id="42140" weight="2.755245289548265"/>
<connection id="46849" src-id="43097" dest-id="41538" weight="9.667798590838347"/>
<connection id="46859" src-id="39488" dest-id="45675" weight="-2.3988801604697625"/>
<neuron id="46882" type="hid" activation="sigmoid"/>
<connection id="46883" src-id="39483" dest-id="46882" weight="-11.000785667815485"/>
<connection id="46884" src-id="46882" dest-id="43588" weight="15.108520920133731"/>
<connection id="47085" src-id="42140" dest-id="39512" weight="-14.864010573460439"/>
<connection id="47140" src-id="39485" dest-id="42901" weight="-5.032533765880445"/>
<connection id="47182" src-id="39492" dest-id="40493" weight="2.4949175852126197"/>
<connection id="47185" src-id="39498" dest-id="42140" weight="-13.970391265136481"/>
<connection id="47186" src-id="39474" dest-id="42880" weight="-1.3027800894793318"/>
<neuron id="47280" type="hid" activation="sigmoid"/>
<connection id="47281" src-id="39510" dest-id="47280" weight="-18.759409477146768"/>
<connection id="47282" src-id="47280" dest-id="41906" weight="15.448244840150892"/>
<neuron id="47283" type="hid" activation="sigmoid"/>
<connection id="47284" src-id="39493" dest-id="47283" weight="-5.335550635854343"/>
<connection id="47285" src-id="47283" dest-id="39557" weight="26.510509908589107"/>
<connection id="47381" src-id="39471" dest-id="42140" weight="6.108083557240307"/>
<connection id="47390" src-id="41876" dest-id="47280" weight="-4.4661498344859805"/>
<connection id="47411" src-id="39509" dest-id="42140" weight="-0.002328335197566922"/>
<connection id="47486" src-id="39472" dest-id="41523" weight="0.741594354926717"/>
<connection id="47503" src-id="39473" dest-id="45675" weight="-2.947501768818438"/>
<connection id="47511" src-id="39508" dest-id="43097" weight="9.059275844612458"/>
<connection id="47577" src-id="39483" dest-id="40493" weight="-1.9628752050926879"/>
<connection id="47578" src-id="47280" dest-id="43097" weight="-14.300797910864983"/>
<connection id="47580" src-id="41876" dest-id="43097" weight="-17.83369359763951"/>
<connection id="47581" src-id="39500" dest-id="45675" weight="-9.753572597249747"/>
<connection id="47582" src-id="39495" dest-id="41538" weight="7.118839582223326"/>
<connection id="47619" src-id="39484" dest-id="43097" weight="6.032610608642207"/>
<connection id="47636" src-id="39511" dest-id="41876" weight="-2.104071244130136"/>
<connection id="47640" src-id="39474" dest-id="43588" weight="-3.8510031924663943"/>
<neuron id="47684" type="hid" activation="sigmoid"/>
<connection id="47685" src-id="39490" dest-id="47684" weight="11.900055672679532"/>
<connection id="47686" src-id="47684" dest-id="41523" weight="-0.054509886475980984"/>
<connection id="47774" src-id="39497" dest-id="42140" weight="-10.741476462284812"/>
<connection id="47796" src-id="39488" dest-id="46882" weight="-1.9001135636902817"/>
<connection id="47801" src-id="39483" dest-id="45675" weight="1.4623327256800698"/>
<connection id="47802" src-id="39489" dest-id="46882" weight="15.034498565353308"/>
<connection id="47804" src-id="41520" dest-id="42880" weight="1.7100386922613497"/>
<connection id="47843" src-id="39498" dest-id="42155" weight="-11.015044872814805"/>
<connection id="47867" src-id="41523" dest-id="42880" weight="-4.461891982317036"/>
<connection id="47892" src-id="39474" dest-id="46882" weight="-1.8965971629528013"/>
<connection id="47893" src-id="39489" dest-id="42140" weight="-7.197010425512284"/>
<connection id="47895" src-id="39496" dest-id="42140" weight="14.188654806344035"/>
<connection id="47972" src-id="39490" dest-id="41876" weight="-10.457510400685782"/>
<connection id="48084" src-id="39480" dest-id="42155" weight="-4.9191474574985925"/>
<neuron id="48133" type="hid" activation="sigmoid"/>
<connection id="48134" src-id="39481" dest-id="48133" weight="-4.638497203045136"/>
<connection id="48135" src-id="48133" dest-id="41520" weight="-31.284776800298793"/>
<connection id="48211" src-id="39509" dest-id="41876" weight="-12.866405956600389"/>
<connection id="48220" src-id="43377" dest-id="42901" weight="-16.9739889244987"/>
<connection id="48254" src-id="39489" dest-id="40493" weight="-0.8278575056783537"/>
<connection id="48283" src-id="39496" dest-id="42880" weight="-3.1051198139772502"/>
<connection id="48288" src-id="39501" dest-id="47684" weight="4.935542207570095"/>
<connection id="48312" src-id="39493" dest-id="46882" weight="1.8293742861192814"/>
<connection id="48334" src-id="44247" dest-id="43097" weight="-19.328332341695834"/>
<connection id="48335" src-id="43097" dest-id="43377" weight="-10.420819148705172"/>
<connection id="48336" src-id="39475" dest-id="43097" weight="9.164372832096985"/>
<connection id="48342" src-id="47684" dest-id="41538" weight="4.294703516913142"/>
<connection id="48457" src-id="40544" dest-id="41538" weight="3.233882072870644"/>
<connection id="48470" src-id="41520" dest-id="42155" weight="8.202737069052656"/>
<connection id="48493" src-id="39503" dest-id="41580" weight="-3.821586856420594"/>
<connection id="48556" src-id="41876" dest-id="42140" weight="6.305158969013843"/>
<connection id="48557" src-id="39510" dest-id="41580" weight="-1.0805579089087205"/>
<connection id="48574" src-id="39502" dest-id="43377" weight="-0.14655423164367676"/>
<neuron id="48581" type="hid" activation="sigmoid"/>
<connection id="48582" src-id="39471" dest-id="48581" weight="-4.245463324805968"/>
<connection id="48583" src-id="48581" dest-id="41538" weight="19.787420477169487"/>
<neuron id="48590" type="hid" activation="sigmoid"/>
<connection id="48591" src-id="46882" dest-id="48590" weight="-17.428498045196402"/>
<connection id="48592" src-id="48590" dest-id="45675" weight="-6.797519027990382"/>
<connection id="48752" src-id="39474" dest-id="44247" weight="13.103935369635149"/>
<connection id="48755" src-id="39505" dest-id="43588" weight="-0.02722915492877831"/>
<connection id="48757" src-id="39487" dest-id="42880" weight="5.380260266243409"/>
<connection id="48758" src-id="39499" dest-id="43377" weight="7.31079063714807"/>
<connection id="48784" src-id="46882" dest-id="41906" weight="-13.875097762298171"/>
<connection id="48805" src-id="40493" dest-id="42140" weight="-7.8900103231250736"/>
<connection id="48878" src-id="39485" dest-id="40493" weight="-4.12984874295294"/>
<connection id="48999" src-id="39501" dest-id="44247" weight="8.92452012644996"/>
<connection id="49000" src-id="39498" dest-id="40493" weight="-1.149900139181375"/>
<connection id="49006" src-id="39478" dest-id="41876" weight="4.833136007617405"/>
<connection id="49078" src-id="47280" dest-id="39513" weight="-3.6518766909754605"/>
<connection id="49090" src-id="39501" dest-id="41906" weight="-9.892972715765652"/>
<neuron id="49112" type="hid" activation="sigmoid"/>
<connection id="49113" src-id="42901" dest-id="49112" weight="-4.284635339600229"/>
<connection id="49205" src-id="39483" dest-id="41580" weight="1.3251477986405504"/>
<connection id="49251" src-id="39507" dest-id="47283" weight="-4.713173295005043"/>
<connection id="49282" src-id="39506" dest-id="40493" weight="6.813355436518744"/>
<connection id="49335" src-id="39496" dest-id="41906" weight="3.861644498265743"/>
<connection id="49399" src-id="39477" dest-id="44247" weight="2.051126127370066"/>
<connection id="49404" src-id="39474" dest-id="43377" weight="11.595163081984378"/>
<connection id="49405" src-id="48590" dest-id="41538" weight="13.320383225559077"/>
<connection id="49406" src-id="46882" dest-id="39557" weight="6.779270287585581"/>
<connection id="49407" src-id="39470" dest-id="48590" weight="-12.801075008390237"/>
<connection id="49408" src-id="39477" dest-id="46882" weight="-17.253735190598675"/>
<connection id="49412" src-id="39479" dest-id="43377" weight="1.7750873040146367"/>
<connection id="49414" src-id="39489" dest-id="49112" weight="1.9834162302761218"/>
<connection id="49415" src-id="46882" dest-id="43377" weight="-3.1097401725918283"/>
<connection id="49416" src-id="42140" dest-id="42880" weight="-4.9239746131437245"/>
<neuron id="49582" type="hid" activation="sigmoid"/>
<connection id="49584" src-id="49582" dest-id="39513" weight="8.554282765108216"/>
<connection id="49677" src-id="39498" dest-id="42880" weight="-10.8558076064268"/>
<connection id="49698" src-id="39498" dest-id="43588" weight="-2.823410833424336"/>
<connection id="49732" src-id="41118" dest-id="44247" weight="4.955793571807541"/>
<connection id="49769" src-id="39490" dest-id="45675" weight="-8.428130336576832"/>
<connection id="49862" src-id="39482" dest-id="43808" weight="-6.635161585294929"/>
<connection id="49926" src-id="39489" dest-id="48590" weight="-2.5493446666647044"/>
<connection id="49928" src-id="39493" dest-id="41118" weight="-13.53435135967318"/>
<connection id="49930" src-id="47280" dest-id="47283" weight="10.260661154758216"/>
<connection id="49933" src-id="43808" dest-id="43097" weight="-10.304263860603303"/>
<connection id="49934" src-id="39506" dest-id="41580" weight="0.9321876915437128"/>
<connection id="49935" src-id="40493" dest-id="47283" weight="-5.0402951659254756"/>
<connection id="49936" src-id="41858" dest-id="47280" weight="3.2069692646307586"/>
<connection id="49954" src-id="39485" dest-id="48590" weight="-15.601262683700009"/>
<connection id="49955" src-id="39601" dest-id="49112" weight="-3.046079248745856"/>
<connection id="50048" src-id="39501" dest-id="42140" weight="-5.880643650816904"/>
<neuron id="50107" type="hid" activation="sigmoid"/>
<connection id="50108" src-id="39480" dest-id="50107" weight="-1.5436545143985112"/>
<connection id="50109" src-id="50107" dest-id="41580" weight="18.9714779772323"/>
<connection id="50190" src-id="46882" dest-id="49112" weight="5.826996522552884"/>
<connection id="50202" src-id="39477" dest-id="47283" weight="-3.444063405794923"/>
<connection id="50225" src-id="41858" dest-id="46882" weight="7.413818413639056"/>
<connection id="50273" src-id="46882" dest-id="42155" weight="5.36643094169582"/>
<connection id="50293" src-id="39495" dest-id="47684" weight="-4.300292420727422"/>
<connection id="50296" src-id="39494" dest-id="49582" weight="18.996010697171787"/>
<connection id="50298" src-id="39484" dest-id="42880" weight="5.534914556314817"/>
<connection id="50308" src-id="39505" dest-id="48590" weight="-1.629487097547387"/>
<connection id="50321" src-id="41858" dest-id="43377" weight="5.941449306436375"/>
<connection id="50326" src-id="39495" dest-id="44247" weight="6.9770317207379415"/>
<connection id="50431" src-id="39502" dest-id="45675" weight="-1.2944911923210523"/>
<connection id="50496" src-id="39511" dest-id="45675" weight="0.842075537020065"/>
<connection id="50537" src-id="39504" dest-id="43588" weight="1.4611631565210774"/>
<connection id="50737" src-id="39493" dest-id="45675" weight="-6.191014770529792"/>
<connection id="50752" src-id="39474" dest-id="41858" weight="-6.7133964204210095"/>
<connection id="50754" src-id="39601" dest-id="44247" weight="-4.216592590064553"/>
<connection id="50755" src-id="39480" dest-id="42880" weight="8.492827032193091"/>
<connection id="50756" src-id="39482" dest-id="47280" weight="-2.8823327753689925"/>
<connection id="50759" src-id="41118" dest-id="40493" weight="12.893471244397123"/>
<connection id="50761" src-id="39471" dest-id="43588" weight="-7.772360329637499"/>
<connection id="50771" src-id="39506" dest-id="44247" weight="-0.6432044819869503"/>
<connection id="50852" src-id="39503" dest-id="47283" weight="1.1855130251028414"/>
<neuron id="50997" type="hid" activation="sigmoid"/>
<connection id="50998" src-id="39491" dest-id="50997" weight="7.742438628112028"/>
<connection id="50999" src-id="50997" dest-id="42901" weight="7.976030721231542"/>
<connection id="51100" src-id="39501" dest-id="49112" weight="-0.8367786407470703"/>
<connection id="51177" src-id="39477" dest-id="44023" weight="4.43545589994413"/>
<connection id="51208" src-id="39476" dest-id="45675" weight="-1.2636034906088653"/>
<connection id="51226" src-id="47684" dest-id="49582" weight="14.074604417764427"/>
<connection id="51232" src-id="39494" dest-id="48590" weight="-0.9972833165331727"/>
<connection id="51233" src-id="39499" dest-id="47684" weight="-2.0509820714222284"/>
<connection id="51239" src-id="39475" dest-id="43808" weight="5.989341583849543"/>
<connection id="51257" src-id="39502" dest-id="46882" weight="-5.191760268867952"/>
<connection id="51282" src-id="39494" dest-id="46882" weight="0.43309996162260767"/>
<connection id="51391" src-id="39510" dest-id="42880" weight="12.25442992482976"/>
<connection id="51394" src-id="49582" dest-id="39557" weight="-5.438817077302964"/>
<connection id="51395" src-id="39503" dest-id="43097" weight="2.8016132892090835"/>
<connection id="51398" src-id="39484" dest-id="47684" weight="-15.79861587656183"/>
<connection id="51399" src-id="49582" dest-id="47283" weight="19.857575592900666"/>
<connection id="51421" src-id="43377" dest-id="41538" weight="0.8658719355395492"/>
<connection id="51429" src-id="39508" dest-id="44247" weight="-4.648308460954177"/>
<neuron id="51505" type="hid" activation="sigmoid"/>
<connection id="51506" src-id="39472" dest-id="51505" weight="1.6704774744403152"/>
<connection id="51507" src-id="51505" dest-id="43097" weight="-15.823793769253951"/>
<connection id="51584" src-id="41858" dest-id="39512" weight="-3.0176425761821486"/>
<connection id="51654" src-id="39499" dest-id="48590" weight="8.263918530422403"/>
<connection id="51655" src-id="41118" dest-id="41523" weight="2.4339789411489345"/>
<connection id="51659" src-id="39502" dest-id="50997" weight="-4.828200075605059"/>
<connection id="51676" src-id="39501" dest-id="41118" weight="-9.92513655062006"/>
<connection id="51745" src-id="39492" dest-id="45675" weight="-7.675769837576977"/>
<connection id="51747" src-id="39498" dest-id="45675" weight="-1.9816874287674042"/>
<connection id="51896" src-id="44023" dest-id="42880" weight="0.911632729836664"/>
<connection id="51898" src-id="47283" dest-id="41906" weight="-4.411666470910378"/>
<connection id="51900" src-id="39478" dest-id="49112" weight="7.784375309436192"/>
<connection id="51901" src-id="39490" dest-id="43808" weight="2.660220538053853"/>
<connection id="51903" src-id="41906" dest-id="44023" weight="8.319608401036714"/>
<connection id="51906" src-id="39491" dest-id="47280" weight="-2.928242484624365"/>
<neuron id="52033" type="hid" activation="sigmoid"/>
<connection id="52034" src-id="39499" dest-id="52033" weight="2.6281210609492867"/>
<connection id="52035" src-id="52033" dest-id="41580" weight="-5.840035419224453"/>
<connection id="52138" src-id="50997" dest-id="49112" weight="-17.0543501358274"/>
<connection id="52139" src-id="41858" dest-id="39513" weight="7.395467102989975"/>
<connection id="52178" src-id="42140" dest-id="48590" weight="11.826981468147563"/>
<connection id="52179" src-id="43377" dest-id="49112" weight="-4.029762777520736"/>
<connection id="52186" src-id="39496" dest-id="41118" weight="0.3932361780680056"/>
<connection id="52198" src-id="41523" dest-id="41858" weight="6.9943696156294575"/>
<connection id="52340" src-id="39483" dest-id="48590" weight="-10.627826249522244"/>
<connection id="52370" src-id="44247" dest-id="49112" weight="8.00869461275648"/>
<connection id="52376" src-id="41118" dest-id="47283" weight="1.3150329858552448"/>
<connection id="52384" src-id="39498" dest-id="41858" weight="-3.507610791294493"/>
<connection id="52385" src-id="40502" dest-id="42155" weight="4.863806555184005"/>
<connection id="52411" src-id="39477" dest-id="40502" weight="-1.6931562773981863"/>
<connection id="52413" src-id="49582" dest-id="41858" weight="-3.15592244063083"/>
<connection id="52414" src-id="41562" dest-id="41565" weight="9.807260860163474"/>
<connection id="52415" src-id="47283" dest-id="43097" weight="1.7461718043840555"/>
<connection id="52418" src-id="47684" dest-id="41562" weight="4.470648582497523"/>
<connection id="52419" src-id="39473" dest-id="46882" weight="0.943289026113725"/>
<connection id="52420" src-id="45917" dest-id="50997" weight="-0.730979117735775"/>
<connection id="52516" src-id="39503" dest-id="49112" weight="0.05798404715557748"/>
<connection id="52729" src-id="41118" dest-id="42155" weight="9.770893095313518"/>
<connection id="52783" src-id="39472" dest-id="49582" weight="6.640479998532805"/>
<connection id="52789" src-id="39475" dest-id="44023" weight="4.302476748792041"/>
<connection id="52819" src-id="47684" dest-id="43588" weight="-1.838306775529099"/>
<connection id="52849" src-id="39492" dest-id="45917" weight="0.09735372745361115"/>
<connection id="52879" src-id="45675" dest-id="39645" weight="-6.4106148990211"/>
<connection id="52909" src-id="39493" dest-id="47280" weight="-0.36939861130238294"/>
<connection id="52985" src-id="39488" dest-id="43808" weight="4.2567626002413625"/>
<connection id="52998" src-id="39477" dest-id="41118" weight="-7.452013449358653"/>
<connection id="53005" src-id="41858" dest-id="43808" weight="-4.785113212186631"/>
<connection id="53020" src-id="39479" dest-id="50997" weight="-2.6830275737844183"/>
<connection id="53039" src-id="39510" dest-id="43808" weight="-3.6751699119176124"/>
<connection id="53049" src-id="39504" dest-id="40505" weight="-0.3727383985291066"/>
<connection id="53128" src-id="39475" dest-id="41118" weight="12.91202948911376"/>
<connection id="53139" src-id="45917" dest-id="45675" weight="-0.7267846554527716"/>
<connection id="53212" src-id="47684" dest-id="39557" weight="0.0053136163717517615"/>
<connection id="53213" src-id="39470" dest-id="41858" weight="13.196483593859632"/>
<connection id="53214" src-id="39490" dest-id="40505" weight="13.485261054966285"/>
<connection id="53218" src-id="45917" dest-id="39513" weight="-1.6962473306796313"/>
<connection id="53220" src-id="41565" dest-id="50997" weight="-16.058466704268458"/>
<connection id="53221" src-id="49112" dest-id="39512" weight="-10.022733288363405"/>
<connection id="53223" src-id="39507" dest-id="43100" weight="-8.158257447206278"/>
<connection id="53226" src-id="40502" dest-id="40505" weight="4.19212301790851"/>
<connection id="53236" src-id="39492" dest-id="50997" weight="3.315595612143021"/>
<connection id="53250" src-id="39496" dest-id="44238" weight="3.1514339310506623"/>
<connection id="53260" src-id="47684" dest-id="42901" weight="-4.046999917319312"/>
<neuron id="53329" type="hid" activation="sigmoid"/>
<connection id="53330" src-id="43588" dest-id="53329" weight="3.6772855721238717"/>
<neuron id="53350" type="hid" activation="sigmoid"/>
<connection id="53351" src-id="39488" dest-id="53350" weight="11.605032679148541"/>
<connection id="53352" src-id="53350" dest-id="42880" weight="-6.780050669249748"/>
<connection id="53407" src-id="41858" dest-id="43588" weight="4.622009360038765"/>
<connection id="53459" src-id="41858" dest-id="53350" weight="5.03960190084662"/>
<connection id="53460" src-id="39500" dest-id="43100" weight="-16.214101987845712"/>
<connection id="53461" src-id="45917" dest-id="44247" weight="3.4606191130157447"/>
<connection id="53463" src-id="39481" dest-id="41858" weight="-0.8330881335520333"/>
<connection id="53465" src-id="39498" dest-id="43100" weight="0.544633109664991"/>
<connection id="53466" src-id="39473" dest-id="47684" weight="-5.289065482274501"/>
<connection id="53467" src-id="53350" dest-id="47280" weight="1.9263985586819508"/>
<connection id="53468" src-id="39486" dest-id="43808" weight="-3.924497607236975"/>
<connection id="53470" src-id="40493" dest-id="44238" weight="1.2677104425082333"/>
<connection id="53472" src-id="39488" dest-id="44238" weight="6.992622486868844"/>
<connection id="53481" src-id="39496" dest-id="47280" weight="-0.5181752217841271"/>
<connection id="53560" src-id="41565" dest-id="43377" weight="-2.3553283479648885"/>
<connection id="53603" src-id="40502" dest-id="45917" weight="-1.1360048111448529"/>
<connection id="53616" src-id="39505" dest-id="40505" weight="5.598076892625459"/>
<connection id="53658" src-id="46882" dest-id="44023" weight="-0.9684476282598868"/>
<connection id="53665" src-id="39476" dest-id="50997" weight="0.4421569973410605"/>
<connection id="53733" src-id="39506" dest-id="40505" weight="-2.3109607547038724"/>
<connection id="53737" src-id="39508" dest-id="45917" weight="-0.6867424903467083"/>
<connection id="53792" src-id="39485" dest-id="40505" weight="2.277146188265862"/>
<connection id="53943" src-id="40493" dest-id="43808" weight="-4.29093324220183"/>
<connection id="53965" src-id="39497" dest-id="48590" weight="-8.882920241583449"/>
<neuron id="53983" type="hid" activation="sigmoid"/>
<connection id="53984" src-id="39490" dest-id="53983" weight="3.6251288715629117"/>
<connection id="53985" src-id="53983" dest-id="42901" weight="0.6397943881500492"/>
<connection id="54141" src-id="39471" dest-id="49582" weight="-1.4768703356150104"/>
<connection id="54145" src-id="39483" dest-id="47283" weight="5.24984197801275"/>
<connection id="54197" src-id="39475" dest-id="50997" weight="-0.3361147418447894"/>
<connection id="54235" src-id="41526" dest-id="41562" weight="10.202147822444159"/>
<connection id="54245" src-id="39470" dest-id="41118" weight="-1.0296388118964879"/>
<connection id="54291" src-id="39500" dest-id="52033" weight="-2.4094623584185957"/>
<connection id="54292" src-id="39496" dest-id="45917" weight="-6.155583563191231"/>
<connection id="54293" src-id="43808" dest-id="44238" weight="-3.9335323035789003"/>
<connection id="54296" src-id="39510" dest-id="43100" weight="-4.153157091050913"/>
<connection id="54297" src-id="39510" dest-id="44032" weight="4.359258781027747"/>
<connection id="54299" src-id="39479" dest-id="40505" weight="-1.651721638281504"/>
<connection id="54301" src-id="39496" dest-id="49582" weight="11.214524373318465"/>
<connection id="54303" src-id="44238" dest-id="39601" weight="-4.361242910518825"/>
<connection id="54304" src-id="44023" dest-id="43588" weight="-6.553459974724818"/>
<connection id="54305" src-id="40505" dest-id="42155" weight="-1.8720587993892055"/>
<connection id="54317" src-id="39493" dest-id="41858" weight="-11.77236197710032"/>
<connection id="54326" src-id="47280" dest-id="43808" weight="6.558654996564243"/>
<connection id="54344" src-id="39509" dest-id="50997" weight="-7.021576750495455"/>
<connection id="54352" src-id="39470" dest-id="41526" weight="2.617104410900721"/>
<connection id="54357" src-id="39473" dest-id="49582" weight="4.04691577356752"/>
<connection id="54377" src-id="39491" dest-id="41858" weight="4.93723790105306"/>
<connection id="54424" src-id="39493" dest-id="40502" weight="5.847574470641001"/>
<connection id="54469" src-id="41523" dest-id="40505" weight="1.8655269840985547"/>
<connection id="54553" src-id="41526" dest-id="44247" weight="-10.45550747348433"/>
<connection id="54563" src-id="39472" dest-id="45917" weight="0.7054010629653931"/>
<connection id="54567" src-id="39501" dest-id="49582" weight="-3.0554308426004333"/>
<connection id="54580" src-id="39476" dest-id="52033" weight="-0.8569903373718262"/>
<connection id="54582" src-id="40505" dest-id="44023" weight="-4.7559537396469835"/>
<connection id="54636" src-id="41526" dest-id="41118" weight="11.976099098886138"/>
<connection id="54685" src-id="41906" dest-id="45917" weight="-0.9440361122037082"/>
<connection id="54706" src-id="39476" dest-id="43808" weight="-2.437572696989398"/>
<connection id="54731" src-id="41876" dest-id="41562" weight="-3.7602024803368757"/>
<neuron id="54759" type="hid" activation="sigmoid"/>
<connection id="54760" src-id="39475" dest-id="54759" weight="-5.777976797110753"/>
<connection id="54761" src-id="54759" dest-id="41565" weight="-15.783131443943315"/>
<neuron id="54795" type="hid" activation="sigmoid"/>
<connection id="54796" src-id="39490" dest-id="54795" weight="14.353534718594387"/>
<connection id="54797" src-id="54795" dest-id="42880" weight="8.640625034995193"/>
<connection id="54983" src-id="40493" dest-id="50997" weight="3.5769277002131243"/>
<connection id="55009" src-id="39475" dest-id="42880" weight="10.582296930600767"/>
<connection id="55026" src-id="41562" dest-id="53983" weight="-0.7007003965277647"/>
<connection id="55112" src-id="49582" dest-id="46882" weight="5.152639947425334"/>
<connection id="55213" src-id="40502" dest-id="39512" weight="5.468325519991751"/>
<connection id="55233" src-id="40502" dest-id="43808" weight="-6.434369895433253"/>
<connection id="55291" src-id="41526" dest-id="47283" weight="2.626626533696273"/>
<connection id="55380" src-id="53350" dest-id="44247" weight="4.032863701956147"/>
<connection id="55386" src-id="54795" dest-id="44023" weight="5.93083384531057"/>
<connection id="55387" src-id="43588" dest-id="44032" weight="3.884376048110985"/>
<connection id="55392" src-id="43368" dest-id="47280" weight="-1.8653979252232937"/>
<connection id="55393" src-id="39486" dest-id="40502" weight="0.9194425792397976"/>
<connection id="55394" src-id="39485" dest-id="40502" weight="-4.031009399317915"/>
<connection id="55395" src-id="41562" dest-id="53350" weight="-3.607517983676769"/>
<connection id="55396" src-id="46882" dest-id="40505" weight="13.036801885214674"/>
<connection id="55399" src-id="43368" dest-id="40493" weight="1.6955843639588188"/>
<connection id="55400" src-id="39482" dest-id="43377" weight="-2.2744961940053896"/>
<connection id="55401" src-id="40505" dest-id="43100" weight="-6.2485768501847625"/>
<connection id="55402" src-id="39484" dest-id="41526" weight="-5.965151749710393"/>
<connection id="55409" src-id="39507" dest-id="44023" weight="-0.10696516002652356"/>
<connection id="55419" src-id="53350" dest-id="54795" weight="2.7981194339835707"/>
<connection id="55427" src-id="39471" dest-id="45917" weight="-1.7791356460469854"/>
<connection id="55492" src-id="41858" dest-id="47283" weight="1.4651480968538055"/>
<connection id="55520" src-id="44023" dest-id="44247" weight="-5.920237152041758"/>
<neuron id="55616" type="hid" activation="sigmoid"/>
<connection id="55617" src-id="41523" dest-id="55616" weight="12.011383744540897"/>
<connection id="55618" src-id="55616" dest-id="43377" weight="15.877171314150353"/>
<connection id="55734" src-id="43808" dest-id="39645" weight="-0.27099265669263994"/>
<connection id="55763" src-id="39479" dest-id="44023" weight="-2.0586847569787308"/>
<connection id="55791" src-id="40505" dest-id="45675" weight="0.8157509106662861"/>
<connection id="55811" src-id="40493" dest-id="45917" weight="-7.829201656611241"/>
<connection id="55845" src-id="41906" dest-id="43100" weight="-1.9604921054477238"/>
<connection id="55854" src-id="39490" dest-id="53350" weight="-7.0142775270741815"/>
<connection id="56050" src-id="52033" dest-id="39512" weight="11.032988231484671"/>
<connection id="56062" src-id="45917" dest-id="39645" weight="2.4253039648572434"/>
<connection id="56085" src-id="40502" dest-id="41562" weight="-5.786199910557361"/>
<connection id="56125" src-id="39508" dest-id="41118" weight="3.8928231270782985"/>
<connection id="56151" src-id="41906" dest-id="44238" weight="8.053490577140415"/>
<connection id="56171" src-id="49582" dest-id="44032" weight="-3.29429120537928"/>
<connection id="56172" src-id="40502" dest-id="41118" weight="-19.50591530116564"/>
<connection id="56173" src-id="41858" dest-id="50997" weight="-4.057670286294969"/>
<connection id="56179" src-id="41858" dest-id="53983" weight="-1.830702643844194"/>
<connection id="56180" src-id="39477" dest-id="44238" weight="-7.322905864427524"/>
<connection id="56182" src-id="41520" dest-id="45917" weight="8.242083746850795"/>
<connection id="56187" src-id="54795" dest-id="40505" weight="-0.8722454930838626"/>
<connection id="56252" src-id="41565" dest-id="52033" weight="-6.40525244601241"/>
<connection id="56287" src-id="41565" dest-id="43368" weight="-2.7229221023210535"/>
<connection id="56345" src-id="39488" dest-id="44032" weight="-6.413544740913467"/>
<connection id="56390" src-id="39474" dest-id="50997" weight="1.4405002515341367"/>
<neuron id="56581" type="hid" activation="sigmoid"/>
<connection id="56582" src-id="41526" dest-id="56581" weight="9.376182825734618"/>
<connection id="56583" src-id="56581" dest-id="39513" weight="14.612587815081538"/>
<connection id="56886" src-id="39489" dest-id="45917" weight="-2.2958262690777156"/>
<connection id="56973" src-id="39481" dest-id="50997" weight="9.624664076135637"/>
<connection id="56974" src-id="39481" dest-id="44023" weight="3.446310381975978"/>
<connection id="56977" src-id="45917" dest-id="49112" weight="-3.0594734235877556"/>
<connection id="56978" src-id="44238" dest-id="50997" weight="-15.164665446988817"/>
<connection id="56981" src-id="39488" dest-id="45073" weight="3.0898709771455715"/>
<connection id="56982" src-id="53983" dest-id="39645" weight="4.654909137312738"/>
<connection id="56987" src-id="39498" dest-id="54795" weight="8.23125540313016"/>
<connection id="56991" src-id="39486" dest-id="53329" weight="-6.0863937829333725"/>
<connection id="57075" src-id="47684" dest-id="52033" weight="0.4387881649744556"/>
<connection id="57080" src-id="39481" dest-id="54795" weight="1.0899519430448512"/>
<connection id="57094" src-id="41858" dest-id="41906" weight="4.5641627092616215"/>
<connection id="57101" src-id="39487" dest-id="45073" weight="6.930434521838411"/>
<connection id="57152" src-id="39508" dest-id="50997" weight="0.7008756832069349"/>
<connection id="57325" src-id="39482" dest-id="40505" weight="2.287424627171465"/>
<neuron id="57469" type="hid" activation="sigmoid"/>
<connection id="57470" src-id="39513" dest-id="57469" weight="3.291392991803433"/>
<connection id="57471" src-id="57469" dest-id="48590" weight="-0.9851336318833546"/>
<neuron id="57514" type="hid" activation="sigmoid"/>
<connection id="57515" src-id="39494" dest-id="57514" weight="7.252216508247988"/>
<connection id="57516" src-id="57514" dest-id="43377" weight="6.545464297652003"/>
<neuron id="57517" type="hid" activation="sigmoid"/>
<connection id="57518" src-id="50997" dest-id="57517" weight="16.744545979091196"/>
<neuron id="57520" type="hid" activation="sigmoid"/>
<connection id="57521" src-id="39500" dest-id="57520" weight="-2.0048488259043475"/>
<connection id="57522" src-id="57520" dest-id="43588" weight="0.29187594365720715"/>
<neuron id="57547" type="hid" activation="sigmoid"/>
<connection id="57548" src-id="39601" dest-id="57547" weight="-2.133722363168503"/>
<connection id="57549" src-id="57547" dest-id="41538" weight="-16.199539499967393"/>
<connection id="57810" src-id="39504" dest-id="57517" weight="0.7993452095176146"/>
<connection id="57832" src-id="44032" dest-id="43100" weight="0.37845101489813615"/>
<connection id="57841" src-id="39474" dest-id="55616" weight="-0.718130965762944"/>
<connection id="57844" src-id="39509" dest-id="43368" weight="-1.9310157982057854"/>
<connection id="57848" src-id="39508" dest-id="44023" weight="18.810587678263154"/>
<connection id="57860" src-id="39472" dest-id="41526" weight="1.418342609026728"/>
<connection id="57869" src-id="39505" dest-id="43368" weight="3.560073848753275"/>
<connection id="58021" src-id="39477" dest-id="49582" weight="3.676981792431573"/>
<connection id="58077" src-id="39499" dest-id="47283" weight="-0.6781150102615356"/>
<connection id="58153" src-id="39499" dest-id="45073" weight="-5.112419248885162"/>
<connection id="58208" src-id="39480" dest-id="53350" weight="-3.101454447326996"/>
<connection id="58297" src-id="45917" dest-id="55616" weight="0.4250798822363757"/>
<connection id="58300" src-id="39491" dest-id="54795" weight="8.382143162975822"/>
<connection id="58302" src-id="39509" dest-id="53329" weight="4.669583299936244"/>
<connection id="58303" src-id="39471" dest-id="54795" weight="13.137505568700043"/>
<connection id="58305" src-id="54795" dest-id="40493" weight="1.6939262147432452"/>
<connection id="58308" src-id="53983" dest-id="44032" weight="-1.1283527766626484"/>
<connection id="58309" src-id="39475" dest-id="53329" weight="1.0917367331061487"/>
<connection id="58310" src-id="44238" dest-id="57517" weight="-2.701596984625032"/>
<connection id="58311" src-id="39490" dest-id="57520" weight="2.442958315954613"/>
<connection id="58312" src-id="41565" dest-id="57517" weight="-8.297769443171724"/>
<connection id="58314" src-id="39484" dest-id="53329" weight="-1.4128617032469912"/>
<connection id="58315" src-id="39494" dest-id="52033" weight="10.837891224822666"/>
<connection id="58317" src-id="39507" dest-id="53983" weight="-6.7009340684088174"/>
<connection id="58318" src-id="39492" dest-id="52033" weight="-2.335207624546501"/>
<connection id="58320" src-id="39506" dest-id="44023" weight="6.440745004098131"/>
<connection id="58321" src-id="53350" dest-id="45073" weight="-4.782919219476668"/>
<connection id="58354" src-id="39502" dest-id="54795" weight="-0.29378133679530655"/>
<connection id="58432" src-id="41876" dest-id="44238" weight="-0.19396495819091797"/>
<neuron id="58490" type="hid" activation="sigmoid"/>
<connection id="58491" src-id="39490" dest-id="58490" weight="-3.264216615214852"/>
<connection id="58492" src-id="58490" dest-id="48590" weight="5.738765487528161"/>
<neuron id="58511" type="hid" activation="sigmoid"/>
<connection id="58512" src-id="44238" dest-id="58511" weight="0.5194264130242112"/>
<connection id="58513" src-id="58511" dest-id="43377" weight="-10.499361961337344"/>
<connection id="58749" src-id="39484" dest-id="48133" weight="-3.2168130230056566"/>
<connection id="58886" src-id="52033" dest-id="39513" weight="-2.499904668682527"/>
<connection id="59124" src-id="39480" dest-id="48133" weight="5.660781663761445"/>
<connection id="59131" src-id="39473" dest-id="53350" weight="-2.369652765883278"/>
<connection id="59134" src-id="57514" dest-id="48590" weight="3.52115569814569"/>
<connection id="59135" src-id="48133" dest-id="52033" weight="5.0401217160410035"/>
<connection id="59137" src-id="39491" dest-id="48133" weight="7.3510806445084995"/>
<connection id="59138" src-id="40493" dest-id="57514" weight="-2.1395498132887534"/>
<connection id="59139" src-id="49112" dest-id="57517" weight="-4.521214284850586"/>
<connection id="59140" src-id="49582" dest-id="48133" weight="8.65297080248828"/>
<connection id="59141" src-id="41118" dest-id="45073" weight="-10.62120413588071"/>
<connection id="59143" src-id="57514" dest-id="39601" weight="-0.5425109737400692"/>
<connection id="59144" src-id="39475" dest-id="57514" weight="0.1284803319930412"/>
<connection id="59146" src-id="39477" dest-id="43368" weight="-0.01072631786317002"/>
<connection id="59148" src-id="57517" dest-id="39557" weight="5.146570519788864"/>
<connection id="59149" src-id="43368" dest-id="39512" weight="-5.068542421285493"/>
<connection id="59150" src-id="53350" dest-id="49112" weight="0.8324239294385152"/>
<connection id="59152" src-id="55616" dest-id="39512" weight="-1.2217101051783112"/>
<connection id="59153" src-id="39479" dest-id="43100" weight="-1.8452425733881146"/>
<connection id="59154" src-id="47684" dest-id="44238" weight="2.324089647318562"/>
<connection id="59346" src-id="40493" dest-id="46882" weight="-3.718205213520209"/>
<connection id="59348" src-id="39473" dest-id="43368" weight="-3.1699174805016463"/>
<connection id="59858" src-id="53983" dest-id="54795" weight="6.290586961344345"/>
<connection id="59887" src-id="55616" dest-id="52033" weight="-0.7813925538536877"/>
<connection id="59910" src-id="52033" dest-id="43100" weight="-1.2642711678406862"/>
<connection id="60021" src-id="39471" dest-id="45073" weight="8.614666556365933"/>
<connection id="60126" src-id="43368" dest-id="45675" weight="4.4638607836067585"/>
<connection id="60135" src-id="39491" dest-id="43100" weight="-0.5421570221542261"/>
<connection id="60164" src-id="40493" dest-id="49112" weight="-7.165553828827454"/>
<connection id="60262" src-id="44238" dest-id="39513" weight="-7.775022874641017"/>
<connection id="60345" src-id="39502" dest-id="57520" weight="3.403340762244191"/>
<connection id="60438" src-id="43368" dest-id="39557" weight="2.3207331478109285"/>
<connection id="60457" src-id="39506" dest-id="45073" weight="-5.101866033163305"/>
<connection id="60458" src-id="45073" dest-id="55616" weight="6.336860664359472"/>
<connection id="60460" src-id="39495" dest-id="54795" weight="5.70548080347268"/>
<connection id="60462" src-id="39497" dest-id="43594" weight="5.578449606015653"/>
<connection id="60463" src-id="39500" dest-id="47684" weight="-0.6376627139748436"/>
<connection id="60464" src-id="57520" dest-id="41580" weight="-2.868919673210222"/>
<connection id="60465" src-id="39497" dest-id="53329" weight="-3.974532865880275"/>
<connection id="60475" src-id="47684" dest-id="50107" weight="-1.059270080657393"/>
<connection id="60488" src-id="39495" dest-id="43594" weight="5.5487471780305455"/>
<connection id="60529" src-id="41580" dest-id="42901" weight="-4.543604779423692"/>
<neuron id="60667" type="hid" activation="sigmoid"/>
<connection id="60668" src-id="39494" dest-id="60667" weight="-1.751236235201444"/>
<connection id="60669" src-id="60667" dest-id="55616" weight="-5.755960989844057"/>
<neuron id="60670" type="hid" activation="sigmoid"/>
<connection id="60671" src-id="43368" dest-id="60670" weight="-3.9126978269464123"/>
<connection id="60672" src-id="60670" dest-id="49582" weight="5.079112121153242"/>
<connection id="60791" src-id="39502" dest-id="55616" weight="1.9659459520660507"/>
<connection id="60833" src-id="57520" dest-id="50997" weight="-2.010808948967222"/>
<connection id="61174" src-id="39495" dest-id="44032" weight="3.349933948204227"/>
<connection id="61215" src-id="53329" dest-id="39557" weight="-2.370476720472268"/>
<connection id="61276" src-id="43594" dest-id="53329" weight="0.6269947760023971"/>
<connection id="61285" src-id="39499" dest-id="58490" weight="-0.5484334946120506"/>
<connection id="61296" src-id="43377" dest-id="50107" weight="-2.8678526882400064"/>
<connection id="61300" src-id="44244" dest-id="45675" weight="-2.186474098213858"/>
<connection id="61301" src-id="40502" dest-id="43588" weight="3.3294015956288194"/>
<connection id="61304" src-id="48590" dest-id="40520" weight="-3.009812738974784"/>
<connection id="61306" src-id="39489" dest-id="60667" weight="3.4019845262524537"/>
<connection id="61308" src-id="39510" dest-id="53350" weight="-1.8323537520169642"/>
<connection id="61309" src-id="39483" dest-id="60670" weight="8.88058297108265"/>
<connection id="61310" src-id="39482" dest-id="44032" weight="-6.4086105897154075"/>
<connection id="61311" src-id="39645" dest-id="53329" weight="3.7059524395347703"/>
<connection id="61312" src-id="39487" dest-id="42649" weight="0.9914823790566425"/>
<connection id="61313" src-id="43097" dest-id="44032" weight="-9.298066579555108"/>
<connection id="61316" src-id="39487" dest-id="40520" weight="4.01946465368064"/>
<connection id="61317" src-id="39475" dest-id="45073" weight="3.708518678932769"/>
<connection id="61318" src-id="39471" dest-id="57514" weight="1.7940240389274567"/>
<connection id="61320" src-id="58490" dest-id="54795" weight="0.48724876700418873"/>
<connection id="61321" src-id="47684" dest-id="57520" weight="-0.46673259201037465"/>
<connection id="61323" src-id="54795" dest-id="57514" weight="2.2504284743247895"/>
<connection id="61324" src-id="39485" dest-id="44244" weight="-2.097953241664009"/>
<neuron id="61762" type="hid" activation="sigmoid"/>
<connection id="61763" src-id="57514" dest-id="61762" weight="-1.8737611851054852"/>
<connection id="61764" src-id="61762" dest-id="42140" weight="-5.382329719705342"/>
<neuron id="61765" type="hid" activation="sigmoid"/>
<connection id="61766" src-id="39473" dest-id="61765" weight="7.865298810996963"/>
<connection id="61767" src-id="61765" dest-id="47283" weight="4.16029273842709"/>
<neuron id="61768" type="hid" activation="sigmoid"/>
<connection id="61770" src-id="61768" dest-id="39512" weight="2.882513792484718"/>
<neuron id="61771" type="hid" activation="sigmoid"/>
<connection id="61773" src-id="61771" dest-id="53329" weight="-1.3955663756837895"/>
<neuron id="61837" type="hid" activation="sigmoid"/>
<connection id="61838" src-id="40493" dest-id="61837" weight="5.791896757227182"/>
<connection id="61839" src-id="61837" dest-id="55616" weight="-1.7071702467935645"/>
<connection id="62485" src-id="57520" dest-id="55616" weight="5.142297183676217"/>
<connection id="62774" src-id="40502" dest-id="60670" weight="3.073931313935342"/>
<connection id="62775" src-id="41523" dest-id="43594" weight="-5.813349644051192"/>
<connection id="62778" src-id="42155" dest-id="61768" weight="-0.2620110549164263"/>
<connection id="62779" src-id="39506" dest-id="40520" weight="0.6010094884470853"/>
<connection id="62780" src-id="48581" dest-id="54795" weight="0.05076100186298893"/>
<connection id="62782" src-id="39497" dest-id="61762" weight="0.8006235364826542"/>
<connection id="62783" src-id="39482" dest-id="61762" weight="-2.075120568084374"/>
<connection id="62784" src-id="39477" dest-id="44244" weight="-4.485856807074634"/>
<connection id="62786" src-id="42901" dest-id="61768" weight="-6.4027674534567485"/>
<connection id="62787" src-id="44032" dest-id="57517" weight="1.484991556010397"/>
<connection id="62788" src-id="44032" dest-id="55616" weight="4.299146870906341"/>
<connection id="62790" src-id="39489" dest-id="57520" weight="3.8240531554055446"/>
<connection id="62791" src-id="40505" dest-id="50107" weight="-4.341157545821593"/>
<connection id="62793" src-id="39492" dest-id="40520" weight="3.763782337845994"/>
<connection id="62794" src-id="39481" dest-id="53329" weight="8.258068585699874"/>
<connection id="62796" src-id="39498" dest-id="61765" weight="-0.090792203390619"/>
<connection id="62797" src-id="39502" dest-id="60670" weight="-11.110988779147586"/>
<connection id="62798" src-id="42140" dest-id="43100" weight="-1.6637590941260822"/>
<connection id="62799" src-id="44244" dest-id="40520" weight="-0.19284557429170401"/>
<connection id="62809" src-id="50107" dest-id="53329" weight="-0.5580449890993345"/>
<connection id="62810" src-id="60670" dest-id="46882" weight="-2.8846283657448604"/>
<connection id="62811" src-id="61762" dest-id="60667" weight="5.441128108594882"/>
<connection id="62812" src-id="41523" dest-id="61765" weight="0.517833512881817"/>
<connection id="62814" src-id="39473" dest-id="61762" weight="2.733863814858324"/>
<connection id="62815" src-id="57520" dest-id="41906" weight="-1.0331033785246573"/>
<neuron id="63095" type="hid" activation="sigmoid"/>
<connection id="63096" src-id="43368" dest-id="63095" weight="4.3824316132615255"/>
<connection id="63097" src-id="63095" dest-id="43588" weight="-4.470582106977324"/>
<neuron id="63101" type="hid" activation="sigmoid"/>
<connection id="63102" src-id="42901" dest-id="63101" weight="4.015331740930967"/>
<connection id="63103" src-id="63101" dest-id="61771" weight="4.819209191195663"/>
<neuron id="63104" type="hid" activation="sigmoid"/>
<connection id="63105" src-id="39499" dest-id="63104" weight="2.496523825347165"/>
<connection id="63106" src-id="63104" dest-id="46882" weight="4.488877538369806"/>
<connection id="63232" src-id="42140" dest-id="57517" weight="3.7494274184857366"/>
<connection id="63561" src-id="41906" dest-id="57514" weight="-5.18823553249042"/>
<connection id="63617" src-id="41562" dest-id="48133" weight="-0.8321700925918835"/>
<connection id="63786" src-id="55616" dest-id="40520" weight="1.5307472965049937"/>
<connection id="63799" src-id="39491" dest-id="48581" weight="-0.4834202527999878"/>
<connection id="63833" src-id="39495" dest-id="58490" weight="-1.7588993991926467"/>
<connection id="63872" src-id="43594" dest-id="51505" weight="2.3602442380503845"/>
<connection id="63874" src-id="39489" dest-id="61768" weight="-0.7186259202872174"/>
<connection id="63879" src-id="61768" dest-id="42140" weight="4.366866424064781"/>
<connection id="63880" src-id="42649" dest-id="41906" weight="-1.8317210021741404"/>
<connection id="63881" src-id="61762" dest-id="45073" weight="0.19580018520355225"/>
<connection id="63882" src-id="44244" dest-id="40544" weight="-0.18043353331983525"/>
<connection id="63885" src-id="48133" dest-id="40520" weight="-1.9998979259879053"/>
<connection id="63886" src-id="63104" dest-id="61762" weight="-0.8104565143585205"/>
<connection id="63887" src-id="40544" dest-id="47283" weight="-0.32165356079160945"/>
<connection id="63888" src-id="48133" dest-id="63101" weight="6.416524316318721"/>
<connection id="63890" src-id="58490" dest-id="56581" weight="-3.246418573060522"/>
<connection id="63892" src-id="56581" dest-id="55616" weight="5.06602342095673"/>
<connection id="63893" src-id="39500" dest-id="60670" weight="-0.11027725178246928"/>
<connection id="63894" src-id="39493" dest-id="61762" weight="0.18625809169246743"/>
<connection id="63895" src-id="43594" dest-id="42880" weight="-4.55569632938306"/>
<connection id="63896" src-id="44244" dest-id="57520" weight="3.323298169377126"/>
<connection id="63897" src-id="39500" dest-id="40520" weight="-0.8116354942321777"/>
<connection id="63898" src-id="39487" dest-id="60670" weight="8.302859111477431"/>
<connection id="63900" src-id="39479" dest-id="42649" weight="-3.265354477254875"/>
<connection id="63902" src-id="40544" dest-id="61771" weight="1.6166499659838762"/>
<connection id="63904" src-id="41876" dest-id="61762" weight="-0.6806596694059301"/>
<connection id="63906" src-id="41562" dest-id="57517" weight="0.5300477091356814"/>
<connection id="63907" src-id="39493" dest-id="57514" weight="-0.29714463336290464"/>
<connection id="63911" src-id="61768" dest-id="41538" weight="8.073175787877126"/>
<connection id="63912" src-id="39495" dest-id="61837" weight="-5.059368366816176"/>
<connection id="63913" src-id="39478" dest-id="51505" weight="-2.5582143315541104"/>
<connection id="63914" src-id="58490" dest-id="42901" weight="3.5740097993932234"/>
<connection id="63915" src-id="41580" dest-id="63101" weight="-0.4868633987387936"/>
<connection id="63916" src-id="60670" dest-id="61837" weight="0.8154616383105822"/>
<connection id="63917" src-id="42649" dest-id="43100" weight="0.5162686109542847"/>
<connection id="63918" src-id="39482" dest-id="56581" weight="1.8188220296492668"/>
<connection id="63920" src-id="40502" dest-id="41538" weight="-0.5203831755182735"/>
<connection id="63921" src-id="43594" dest-id="47283" weight="-0.5537166075924029"/>
<connection id="64048" src-id="45073" dest-id="44023" weight="-0.7505372762680054"/>
<neuron id="64395" type="hid" activation="sigmoid"/>
<connection id="64396" src-id="39495" dest-id="64395" weight="-7.0234035915005055"/>
<connection id="64397" src-id="64395" dest-id="48590" weight="-3.6574237224237818"/>
<neuron id="64398" type="hid" activation="sigmoid"/>
<connection id="64399" src-id="39495" dest-id="64398" weight="-1.3611604725151807"/>
<connection id="64400" src-id="64398" dest-id="48133" weight="0.9314955512447278"/>
<connection id="64668" src-id="63095" dest-id="42901" weight="2.1095456020274828"/>
<connection id="64670" src-id="39504" dest-id="63101" weight="4.381902835423517"/>
<connection id="64673" src-id="39476" dest-id="60667" weight="0.3578735713627288"/>
<connection id="64675" src-id="39487" dest-id="57547" weight="-1.062854158005327"/>
<connection id="64676" src-id="39490" dest-id="51505" weight="-3.5997168642742166"/>
<connection id="64679" src-id="48133" dest-id="45073" weight="0.7342327740762855"/>
<connection id="64680" src-id="39484" dest-id="61765" weight="0.42719578742980957"/>
<connection id="64681" src-id="39497" dest-id="50107" weight="-1.88169204877726"/>
<connection id="64682" src-id="42649" dest-id="50107" weight="0.028029561042785645"/>
<connection id="64683" src-id="63095" dest-id="44238" weight="-2.4500733097147327"/>
<connection id="64684" src-id="39473" dest-id="60667" weight="-4.303478037982193"/>
<connection id="64685" src-id="41520" dest-id="40520" weight="-0.988318681716919"/>
<connection id="64686" src-id="39499" dest-id="63101" weight="1.0566673545224698"/>
<connection id="64688" src-id="64398" dest-id="48590" weight="-0.5372622114818907"/>
<connection id="64691" src-id="51505" dest-id="57547" weight="0.24374992645037788"/>
<connection id="64695" src-id="57547" dest-id="39557" weight="5.4595125101747275"/>
<connection id="64696" src-id="57520" dest-id="40520" weight="-0.8413359551606299"/>
<connection id="64698" src-id="40520" dest-id="53329" weight="4.065050926706623"/>
<connection id="64699" src-id="53983" dest-id="64395" weight="4.349055073427861"/>
<connection id="64701" src-id="41526" dest-id="58511" weight="1.1906881146843455"/>
<connection id="64702" src-id="39476" dest-id="55616" weight="-0.3836991504854037"/>
<connection id="64704" src-id="63095" dest-id="56581" weight="-3.4221015180261976"/>
<connection id="64705" src-id="39472" dest-id="61765" weight="1.457385012601078"/>
<connection id="64706" src-id="60667" dest-id="51505" weight="-1.4914588684135621"/>
<connection id="64707" src-id="39499" dest-id="61837" weight="-1.1482393564721902"/>
<connection id="64708" src-id="39473" dest-id="61768" weight="0.1772328374220663"/>
<connection id="64710" src-id="63095" dest-id="39601" weight="-0.32965028285980225"/>
<connection id="64711" src-id="40544" dest-id="52033" weight="0.8985170555971607"/>
<connection id="64716" src-id="41565" dest-id="58490" weight="2.014981507057351"/>
<connection id="64718" src-id="41565" dest-id="61762" weight="-1.2674687118130583"/>
<connection id="64719" src-id="39472" dest-id="63101" weight="0.9540501832962036"/>
<connection id="64722" src-id="39481" dest-id="61771" weight="2.2818903116533495"/>
<connection id="64727" src-id="43594" dest-id="39512" weight="-3.1644825985698795"/>
<connection id="64728" src-id="39491" dest-id="43368" weight="-3.6290274163470277"/>
<connection id="64731" src-id="39490" dest-id="61762" weight="1.5803168727621184"/>
<connection id="64736" src-id="40502" dest-id="64398" weight="-0.7182708978652954"/>
</chromosome>