<chromosome id="67653" primary-parent-id="66116"><neuron id="39470" type="in" activation="linear"/>
<neuron id="39471" type="in" activation="linear"/>
<neuron id="39472" type="in" activation="linear"/>
<neuron id="39473" type="in" activation="linear"/>
<neuron id="39474" type="in" activation="linear"/>
<neuron id="39475" type="in" activation="linear"/>
<neuron id="39476" type="in" activation="linear"/>
<neuron id="39477" type="in" activation="linear"/>
<neuron id="39478" type="in" activation="linear"/>
<neuron id="39479" type="in" activation="linear"/>
<neuron id="39480" type="in" activation="linear"/>
<neuron id="39481" type="in" activation="linear"/>
<neuron id="39482" type="in" activation="linear"/>
<neuron id="39483" type="in" activation="linear"/>
<neuron id="39484" type="in" activation="linear"/>
<neuron id="39485" type="in" activation="linear"/>
<neuron id="39486" type="in" activation="linear"/>
<neuron id="39487" type="in" activation="linear"/>
<neuron id="39488" type="in" activation="linear"/>
<neuron id="39489" type="in" activation="linear"/>
<neuron id="39490" type="in" activation="linear"/>
<neuron id="39491" type="in" activation="linear"/>
<neuron id="39492" type="in" activation="linear"/>
<neuron id="39493" type="in" activation="linear"/>
<neuron id="39494" type="in" activation="linear"/>
<neuron id="39495" type="in" activation="linear"/>
<neuron id="39496" type="in" activation="linear"/>
<neuron id="39497" type="in" activation="linear"/>
<neuron id="39498" type="in" activation="linear"/>
<neuron id="39499" type="in" activation="linear"/>
<neuron id="39500" type="in" activation="linear"/>
<neuron id="39501" type="in" activation="linear"/>
<neuron id="39502" type="in" activation="linear"/>
<neuron id="39503" type="in" activation="linear"/>
<neuron id="39504" type="in" activation="linear"/>
<neuron id="39505" type="in" activation="linear"/>
<neuron id="39506" type="in" activation="linear"/>
<neuron id="39507" type="in" activation="linear"/>
<neuron id="39508" type="in" activation="linear"/>
<neuron id="39509" type="in" activation="linear"/>
<neuron id="39510" type="in" activation="linear"/>
<neuron id="39511" type="in" activation="linear"/>
<neuron id="39512" type="out" activation="linear"/>
<neuron id="39513" type="hid" activation="sigmoid"/>
<connection id="39514" src-id="39470" dest-id="39513" weight="18.832741928290066"/>
<connection id="39515" src-id="39471" dest-id="39513" weight="-27.5036353489671"/>
<connection id="39517" src-id="39473" dest-id="39513" weight="11.97698295122311"/>
<connection id="39519" src-id="39475" dest-id="39513" weight="9.938008302342814"/>
<connection id="39520" src-id="39476" dest-id="39513" weight="-18.283641713597248"/>
<connection id="39521" src-id="39477" dest-id="39513" weight="8.119432279079106"/>
<connection id="39522" src-id="39478" dest-id="39513" weight="-13.124230575641441"/>
<connection id="39523" src-id="39479" dest-id="39513" weight="1.3908150997000452"/>
<connection id="39525" src-id="39481" dest-id="39513" weight="-0.6327388856298208"/>
<connection id="39526" src-id="39482" dest-id="39513" weight="-10.788243220654463"/>
<connection id="39527" src-id="39483" dest-id="39513" weight="29.457488870510325"/>
<connection id="39529" src-id="39485" dest-id="39513" weight="18.781548264827418"/>
<connection id="39530" src-id="39486" dest-id="39513" weight="13.160306796817585"/>
<connection id="39531" src-id="39487" dest-id="39513" weight="-1.3006614911475238"/>
<connection id="39532" src-id="39488" dest-id="39513" weight="-11.949912073036266"/>
<connection id="39533" src-id="39489" dest-id="39513" weight="11.255837278701799"/>
<connection id="39534" src-id="39490" dest-id="39513" weight="-10.571389523027932"/>
<connection id="39536" src-id="39492" dest-id="39513" weight="3.076615664448445"/>
<connection id="39538" src-id="39494" dest-id="39513" weight="3.697823448317756"/>
<connection id="39542" src-id="39498" dest-id="39513" weight="-0.6736357036571065"/>
<connection id="39545" src-id="39501" dest-id="39513" weight="3.150246377496228"/>
<connection id="39547" src-id="39503" dest-id="39513" weight="6.214487303551957"/>
<connection id="39550" src-id="39506" dest-id="39513" weight="-1.6328734073504112"/>
<connection id="39552" src-id="39508" dest-id="39513" weight="18.081238994872777"/>
<connection id="39555" src-id="39511" dest-id="39513" weight="1.126780606345135"/>
<neuron id="39557" type="hid" activation="sigmoid"/>
<connection id="39559" src-id="39471" dest-id="39557" weight="3.9356243124892236"/>
<connection id="39560" src-id="39472" dest-id="39557" weight="-13.013003473467368"/>
<connection id="39561" src-id="39473" dest-id="39557" weight="-0.5877454284066008"/>
<connection id="39563" src-id="39475" dest-id="39557" weight="-1.5175344876729713"/>
<connection id="39565" src-id="39477" dest-id="39557" weight="1.391459151797742"/>
<connection id="39567" src-id="39479" dest-id="39557" weight="21.99164724398252"/>
<connection id="39569" src-id="39481" dest-id="39557" weight="-9.11647422402503"/>
<connection id="39572" src-id="39484" dest-id="39557" weight="-8.21586227298004"/>
<connection id="39573" src-id="39485" dest-id="39557" weight="19.62508666119134"/>
<connection id="39575" src-id="39487" dest-id="39557" weight="13.530475290563333"/>
<connection id="39577" src-id="39489" dest-id="39557" weight="-9.49704179851218"/>
<connection id="39578" src-id="39490" dest-id="39557" weight="-31.764467144132105"/>
<connection id="39579" src-id="39491" dest-id="39557" weight="12.0998054040131"/>
<connection id="39580" src-id="39492" dest-id="39557" weight="-5.074275052344891"/>
<connection id="39586" src-id="39498" dest-id="39557" weight="2.3450675322582586"/>
<connection id="39590" src-id="39502" dest-id="39557" weight="-19.937947666452708"/>
<connection id="39591" src-id="39503" dest-id="39557" weight="27.261260255991882"/>
<connection id="39592" src-id="39504" dest-id="39557" weight="13.460734384779633"/>
<connection id="39594" src-id="39506" dest-id="39557" weight="12.123369047609371"/>
<connection id="39595" src-id="39507" dest-id="39557" weight="-6.887485970049689"/>
<connection id="39596" src-id="39508" dest-id="39557" weight="5.722577622872517"/>
<connection id="39597" src-id="39509" dest-id="39557" weight="-12.913324125442767"/>
<connection id="39598" src-id="39510" dest-id="39557" weight="5.465958624583379"/>
<connection id="39599" src-id="39511" dest-id="39557" weight="-12.164140144566169"/>
<connection id="39600" src-id="39557" dest-id="39512" weight="16.250893449355925"/>
<neuron id="39601" type="hid" activation="sigmoid"/>
<connection id="39604" src-id="39472" dest-id="39601" weight="9.107214383299885"/>
<connection id="39605" src-id="39473" dest-id="39601" weight="27.164067094403123"/>
<connection id="39608" src-id="39476" dest-id="39601" weight="-0.4111767463745295"/>
<connection id="39610" src-id="39478" dest-id="39601" weight="17.4330909638635"/>
<connection id="39612" src-id="39480" dest-id="39601" weight="-10.849344249761888"/>
<connection id="39613" src-id="39481" dest-id="39601" weight="14.487930743914855"/>
<connection id="39615" src-id="39483" dest-id="39601" weight="-0.25844397711868977"/>
<connection id="39617" src-id="39485" dest-id="39601" weight="4.874664870214829"/>
<connection id="39618" src-id="39486" dest-id="39601" weight="-24.16052397994892"/>
<connection id="39620" src-id="39488" dest-id="39601" weight="5.048848149921158"/>
<connection id="39621" src-id="39489" dest-id="39601" weight="-3.2711704034647573"/>
<connection id="39623" src-id="39491" dest-id="39601" weight="-4.823427338449885"/>
<connection id="39625" src-id="39493" dest-id="39601" weight="11.08933671468182"/>
<connection id="39626" src-id="39494" dest-id="39601" weight="10.92109608864256"/>
<connection id="39627" src-id="39495" dest-id="39601" weight="-3.144245954940343"/>
<connection id="39628" src-id="39496" dest-id="39601" weight="-10.872201534250825"/>
<connection id="39629" src-id="39497" dest-id="39601" weight="-3.5735545258695818"/>
<connection id="39632" src-id="39500" dest-id="39601" weight="-5.26172919369686"/>
<connection id="39637" src-id="39505" dest-id="39601" weight="3.148562811065809"/>
<connection id="39638" src-id="39506" dest-id="39601" weight="-5.182810767546371"/>
<connection id="39640" src-id="39508" dest-id="39601" weight="-5.304189849547241"/>
<connection id="39641" src-id="39509" dest-id="39601" weight="-13.52244763458195"/>
<connection id="39643" src-id="39511" dest-id="39601" weight="-0.6756379538067221"/>
<connection id="39644" src-id="39601" dest-id="39512" weight="33.25365951057837"/>
<neuron id="39645" type="hid" activation="sigmoid"/>
<connection id="39648" src-id="39472" dest-id="39645" weight="-8.313231640642561"/>
<connection id="39654" src-id="39478" dest-id="39645" weight="3.354059635655516"/>
<connection id="39656" src-id="39480" dest-id="39645" weight="-6.822215694107661"/>
<connection id="39657" src-id="39481" dest-id="39645" weight="5.426861109861195"/>
<connection id="39658" src-id="39482" dest-id="39645" weight="18.640851184340498"/>
<connection id="39659" src-id="39483" dest-id="39645" weight="-14.853681657694294"/>
<connection id="39660" src-id="39484" dest-id="39645" weight="-17.072062024869005"/>
<connection id="39663" src-id="39487" dest-id="39645" weight="-8.525443598325467"/>
<connection id="39665" src-id="39489" dest-id="39645" weight="20.21267426440639"/>
<connection id="39666" src-id="39490" dest-id="39645" weight="-7.574234313859276"/>
<connection id="39668" src-id="39492" dest-id="39645" weight="3.07071737342863"/>
<connection id="39670" src-id="39494" dest-id="39645" weight="-16.517321086566312"/>
<connection id="39671" src-id="39495" dest-id="39645" weight="-7.042861872103528"/>
<connection id="39674" src-id="39498" dest-id="39645" weight="-20.64063118279169"/>
<connection id="39675" src-id="39499" dest-id="39645" weight="6.399549469460249"/>
<connection id="39677" src-id="39501" dest-id="39645" weight="25.722608666122458"/>
<connection id="39680" src-id="39504" dest-id="39645" weight="11.736754555028803"/>
<connection id="39681" src-id="39505" dest-id="39645" weight="1.3779520564643035"/>
<connection id="39683" src-id="39507" dest-id="39645" weight="-0.38150387251931983"/>
<connection id="39687" src-id="39511" dest-id="39645" weight="9.802246279273874"/>
<connection id="39688" src-id="39645" dest-id="39512" weight="7.003610859867734"/>
<connection id="39977" src-id="39485" dest-id="39512" weight="10.540524307263645"/>
<connection id="40249" src-id="39492" dest-id="39512" weight="13.617355795457803"/>
<connection id="40254" src-id="39475" dest-id="39512" weight="3.5871242329984794"/>
<neuron id="40493" type="hid" activation="sigmoid"/>
<connection id="40494" src-id="39480" dest-id="40493" weight="-3.547276017345726"/>
<connection id="40495" src-id="40493" dest-id="39557" weight="-19.181234957437077"/>
<neuron id="40502" type="hid" activation="sigmoid"/>
<connection id="40503" src-id="39470" dest-id="40502" weight="-1.0832895752285199"/>
<connection id="40504" src-id="40502" dest-id="39601" weight="-8.564870190044811"/>
<neuron id="40505" type="hid" activation="sigmoid"/>
<connection id="40506" src-id="39496" dest-id="40505" weight="-9.077653552349785"/>
<connection id="40507" src-id="40505" dest-id="39557" weight="11.07700817989156"/>
<neuron id="40526" type="hid" activation="sigmoid"/>
<connection id="40527" src-id="39502" dest-id="40526" weight="-3.6302116445901165"/>
<connection id="40528" src-id="40526" dest-id="39513" weight="5.26582250052949"/>
<neuron id="40583" type="hid" activation="sigmoid"/>
<connection id="40584" src-id="39495" dest-id="40583" weight="-3.5338729661347825"/>
<connection id="40585" src-id="40583" dest-id="39557" weight="-24.2448605448474"/>
<connection id="40681" src-id="39477" dest-id="39512" weight="4.088645143600485"/>
<connection id="40765" src-id="39498" dest-id="39512" weight="14.257515727352958"/>
<connection id="40962" src-id="39513" dest-id="39645" weight="-6.90830595977193"/>
<neuron id="41109" type="hid" activation="sigmoid"/>
<connection id="41110" src-id="39470" dest-id="41109" weight="-0.6824168713648304"/>
<connection id="41111" src-id="41109" dest-id="39645" weight="8.868347102129336"/>
<neuron id="41118" type="hid" activation="sigmoid"/>
<connection id="41120" src-id="41118" dest-id="39513" weight="-7.152395881639718"/>
<neuron id="41169" type="hid" activation="sigmoid"/>
<connection id="41170" src-id="39500" dest-id="41169" weight="1.0238099163935357"/>
<connection id="41171" src-id="41169" dest-id="39513" weight="-0.016835518318691012"/>
<connection id="41261" src-id="39645" dest-id="39557" weight="-4.283907884100591"/>
<connection id="41392" src-id="39509" dest-id="39512" weight="15.512701252667073"/>
<neuron id="41520" type="hid" activation="sigmoid"/>
<connection id="41522" src-id="41520" dest-id="39557" weight="3.0728720689833318"/>
<neuron id="41523" type="hid" activation="sigmoid"/>
<connection id="41525" src-id="41523" dest-id="39513" weight="19.04644756062039"/>
<neuron id="41526" type="hid" activation="sigmoid"/>
<connection id="41528" src-id="41526" dest-id="39513" weight="10.370412496729095"/>
<neuron id="41538" type="hid" activation="sigmoid"/>
<neuron id="41562" type="hid" activation="sigmoid"/>
<connection id="41563" src-id="39476" dest-id="41562" weight="-11.247733436623161"/>
<connection id="41564" src-id="41562" dest-id="39645" weight="8.329323732474862"/>
<neuron id="41565" type="hid" activation="sigmoid"/>
<connection id="41566" src-id="39471" dest-id="41565" weight="-1.2791645362294695"/>
<connection id="41567" src-id="41565" dest-id="39601" weight="-16.51027557081697"/>
<neuron id="41580" type="hid" activation="sigmoid"/>
<connection id="41581" src-id="39508" dest-id="41580" weight="18.460693070981087"/>
<connection id="41582" src-id="41580" dest-id="39645" weight="-21.232096880822887"/>
<connection id="41669" src-id="39499" dest-id="39512" weight="-3.2096211209728644"/>
<connection id="41742" src-id="39601" dest-id="39645" weight="-2.5711722115948854"/>
<neuron id="41858" type="hid" activation="sigmoid"/>
<connection id="41859" src-id="39509" dest-id="41858" weight="8.566060069291401"/>
<connection id="41860" src-id="41858" dest-id="39645" weight="4.7297993899157005"/>
<neuron id="41876" type="hid" activation="sigmoid"/>
<connection id="41877" src-id="39492" dest-id="41876" weight="18.422494556708862"/>
<neuron id="41906" type="hid" activation="sigmoid"/>
<connection id="41908" src-id="41906" dest-id="39601" weight="-1.7401461244398106"/>
<connection id="42009" src-id="39494" dest-id="41876" weight="-9.082501326676871"/>
<connection id="42036" src-id="39496" dest-id="41523" weight="11.802142669714115"/>
<connection id="42045" src-id="39484" dest-id="41520" weight="21.193435677029942"/>
<neuron id="42140" type="hid" activation="sigmoid"/>
<connection id="42141" src-id="39507" dest-id="42140" weight="-4.382074434064136"/>
<connection id="42142" src-id="42140" dest-id="39513" weight="-16.409217821142697"/>
<neuron id="42155" type="hid" activation="sigmoid"/>
<connection id="42157" src-id="42155" dest-id="39645" weight="-18.513544426917484"/>
<connection id="42213" src-id="41520" dest-id="39645" weight="-1.3797402817172406"/>
<connection id="42252" src-id="39472" dest-id="41906" weight="13.124193054106108"/>
<connection id="42266" src-id="39494" dest-id="41523" weight="-6.483965806025325"/>
<connection id="42273" src-id="39504" dest-id="41520" weight="-4.340810848762051"/>
<connection id="42274" src-id="39483" dest-id="41523" weight="-4.555472782593761"/>
<connection id="42277" src-id="39478" dest-id="41523" weight="2.4939148709619676"/>
<connection id="42297" src-id="39482" dest-id="41562" weight="-2.234257885774456"/>
<connection id="42313" src-id="41520" dest-id="39512" weight="1.1373693716394302"/>
<connection id="42318" src-id="41520" dest-id="41523" weight="4.6241919249311465"/>
<connection id="42339" src-id="39503" dest-id="41906" weight="12.14267084558353"/>
<connection id="42453" src-id="39491" dest-id="41520" weight="18.366355540977786"/>
<connection id="42496" src-id="39507" dest-id="41538" weight="0.01215251490280611"/>
<connection id="42503" src-id="41523" dest-id="39645" weight="0.9810930872450214"/>
<connection id="42627" src-id="39482" dest-id="41906" weight="-14.657676663505475"/>
<connection id="42628" src-id="39490" dest-id="41523" weight="1.189504368282745"/>
<connection id="42722" src-id="39473" dest-id="41520" weight="6.9708911163023375"/>
<connection id="42731" src-id="39511" dest-id="41523" weight="0.03193401121203898"/>
<connection id="42757" src-id="39471" dest-id="41562" weight="11.625221030367737"/>
<connection id="42763" src-id="39506" dest-id="41520" weight="6.588561158471816"/>
<connection id="42797" src-id="39507" dest-id="41876" weight="2.1191351100515283"/>
<connection id="42862" src-id="39507" dest-id="41523" weight="33.77055934350355"/>
<neuron id="42901" type="hid" activation="sigmoid"/>
<connection id="42902" src-id="39479" dest-id="42901" weight="-3.3943444805125096"/>
<connection id="42903" src-id="42901" dest-id="39645" weight="-40.39682425734947"/>
<connection id="42955" src-id="39494" dest-id="41562" weight="-13.224183731604068"/>
<connection id="42986" src-id="39480" dest-id="41565" weight="15.910005030763285"/>
<connection id="43001" src-id="39489" dest-id="41562" weight="4.851954881411619"/>
<connection id="43023" src-id="39482" dest-id="40502" weight="-0.1586989164352417"/>
<connection id="43035" src-id="39472" dest-id="41538" weight="-14.896116819546018"/>
<connection id="43039" src-id="39490" dest-id="41538" weight="-3.8811945465936857"/>
<connection id="43041" src-id="39475" dest-id="41906" weight="7.930470374279504"/>
<neuron id="43097" type="hid" activation="sigmoid"/>
<connection id="43098" src-id="39491" dest-id="43097" weight="-1.4731262992485539"/>
<connection id="43099" src-id="43097" dest-id="39512" weight="-10.82479252320127"/>
<connection id="43197" src-id="39472" dest-id="41520" weight="-4.735307494076459"/>
<connection id="43208" src-id="39503" dest-id="41565" weight="-6.919489998650212"/>
<connection id="43224" src-id="39486" dest-id="39512" weight="20.671141276976538"/>
<connection id="43230" src-id="39471" dest-id="39512" weight="3.4550436094877917"/>
<connection id="43269" src-id="39495" dest-id="41520" weight="27.36056680757491"/>
<connection id="43277" src-id="39492" dest-id="41520" weight="-3.0146493981938938"/>
<connection id="43306" src-id="39504" dest-id="42901" weight="-0.6046859521010832"/>
<connection id="43307" src-id="39601" dest-id="41538" weight="-18.42027388794364"/>
<connection id="43309" src-id="41565" dest-id="39645" weight="10.89789359392636"/>
<connection id="43310" src-id="41538" dest-id="39512" weight="1.5692160032440743"/>
<connection id="43314" src-id="39500" dest-id="41565" weight="6.414840519300119"/>
<connection id="43315" src-id="39486" dest-id="42901" weight="-4.384675591781278"/>
<connection id="43319" src-id="39491" dest-id="41538" weight="13.341729158241666"/>
<connection id="43338" src-id="39509" dest-id="41562" weight="16.664110804059593"/>
<neuron id="43368" type="hid" activation="sigmoid"/>
<connection id="43369" src-id="41876" dest-id="43368" weight="13.451037962783353"/>
<connection id="43370" src-id="43368" dest-id="39601" weight="13.410409091383217"/>
<neuron id="43377" type="hid" activation="sigmoid"/>
<connection id="43379" src-id="43377" dest-id="39513" weight="-34.49767609763948"/>
<connection id="43432" src-id="39503" dest-id="41523" weight="-5.6472055468560844"/>
<connection id="43442" src-id="39484" dest-id="42901" weight="6.539309919184992"/>
<connection id="43457" src-id="39507" dest-id="40502" weight="-4.6145059420635075"/>
<connection id="43471" src-id="39487" dest-id="41876" weight="1.5180475091926304"/>
<connection id="43525" src-id="39499" dest-id="42155" weight="0.39964366604921986"/>
<connection id="43562" src-id="39487" dest-id="41906" weight="-8.744929645247122"/>
<neuron id="43588" type="hid" activation="sigmoid"/>
<connection id="43589" src-id="39475" dest-id="43588" weight="-10.310479137402783"/>
<connection id="43659" src-id="39474" dest-id="41565" weight="9.459236698846489"/>
<connection id="43672" src-id="41562" dest-id="39601" weight="-10.296731718772977"/>
<connection id="43726" src-id="39497" dest-id="42901" weight="-2.7408465766694032"/>
<connection id="43733" src-id="42901" dest-id="39512" weight="-0.2099461692341591"/>
<neuron id="43808" type="hid" activation="sigmoid"/>
<connection id="43809" src-id="39493" dest-id="43808" weight="-22.581344130892386"/>
<connection id="43951" src-id="39496" dest-id="42155" weight="-9.720496614362338"/>
<connection id="43952" src-id="39506" dest-id="41565" weight="6.6269883224406465"/>
<connection id="43954" src-id="41565" dest-id="41538" weight="2.0998122551462695"/>
<neuron id="44023" type="hid" activation="sigmoid"/>
<connection id="44024" src-id="39497" dest-id="44023" weight="-0.5487895061859045"/>
<connection id="44025" src-id="44023" dest-id="39512" weight="30.021245116230695"/>
<neuron id="44032" type="hid" activation="sigmoid"/>
<connection id="44033" src-id="39497" dest-id="44032" weight="4.391720408027517"/>
<connection id="44034" src-id="44032" dest-id="39513" weight="-12.746965622411798"/>
<connection id="44080" src-id="39601" dest-id="42901" weight="-4.509869468972862"/>
<connection id="44147" src-id="39473" dest-id="42155" weight="-6.946600501662476"/>
<connection id="44150" src-id="39471" dest-id="41906" weight="1.8511011770287629"/>
<connection id="44166" src-id="39472" dest-id="41565" weight="-0.49768873918438095"/>
<connection id="44212" src-id="39504" dest-id="41538" weight="16.374669405730728"/>
<neuron id="44238" type="hid" activation="sigmoid"/>
<connection id="44239" src-id="39491" dest-id="44238" weight="-9.973397232591857"/>
<connection id="44240" src-id="44238" dest-id="39645" weight="1.0060600091962169"/>
<neuron id="44247" type="hid" activation="sigmoid"/>
<connection id="44248" src-id="39484" dest-id="44247" weight="11.150816285050384"/>
<connection id="44322" src-id="39487" dest-id="41523" weight="17.151612311956384"/>
<connection id="44351" src-id="39493" dest-id="41906" weight="-23.26193658911848"/>
<connection id="44374" src-id="39502" dest-id="41538" weight="2.5035071553303525"/>
<connection id="44375" src-id="39491" dest-id="41565" weight="3.7025100847865615"/>
<connection id="44376" src-id="41523" dest-id="42155" weight="-0.04259325338028619"/>
<connection id="44379" src-id="39474" dest-id="42155" weight="15.626573010280442"/>
<connection id="44424" src-id="39479" dest-id="41538" weight="4.814316669444269"/>
<connection id="44482" src-id="39497" dest-id="41562" weight="-3.8447545987925"/>
<connection id="44561" src-id="39489" dest-id="42155" weight="-9.897890918348146"/>
<connection id="44621" src-id="39505" dest-id="41906" weight="2.6394984663265837"/>
<connection id="44633" src-id="39471" dest-id="42155" weight="0.616147296404935"/>
<connection id="44690" src-id="42901" dest-id="39513" weight="-2.3450479022063098"/>
<connection id="44691" src-id="39494" dest-id="41565" weight="10.836593748964448"/>
<connection id="44693" src-id="41565" dest-id="41520" weight="-0.9143927350938104"/>
<connection id="44703" src-id="40493" dest-id="41538" weight="-15.65914213076731"/>
<connection id="44872" src-id="39505" dest-id="40526" weight="-0.619194641828877"/>
<connection id="44990" src-id="39476" dest-id="41538" weight="-2.149136895077881"/>
<connection id="45041" src-id="40493" dest-id="43588" weight="-14.756442864486123"/>
<connection id="45042" src-id="39497" dest-id="40493" weight="-2.6813703261520594"/>
<connection id="45058" src-id="41520" dest-id="41906" weight="-14.44788272728556"/>
<neuron id="45073" type="hid" activation="sigmoid"/>
<connection id="45074" src-id="39503" dest-id="45073" weight="2.931377846066884"/>
<connection id="45160" src-id="39495" dest-id="41565" weight="-20.811501214373983"/>
<connection id="45272" src-id="39478" dest-id="41565" weight="-15.929309268082562"/>
<connection id="45288" src-id="39471" dest-id="41538" weight="12.088519781519018"/>
<connection id="45289" src-id="39480" dest-id="41580" weight="15.608857256136094"/>
<connection id="45301" src-id="41538" dest-id="39645" weight="0.8897772694775608"/>
<connection id="45436" src-id="39501" dest-id="41565" weight="-2.7477779945296046"/>
<connection id="45477" src-id="40493" dest-id="39512" weight="-8.312232645839924"/>
<connection id="45481" src-id="39476" dest-id="40493" weight="12.39624108786004"/>
<connection id="45482" src-id="39601" dest-id="43097" weight="-12.052994145603702"/>
<connection id="45485" src-id="39481" dest-id="43588" weight="12.308631535238291"/>
<connection id="45540" src-id="39488" dest-id="43097" weight="0.3137530422799131"/>
<connection id="45546" src-id="39505" dest-id="42155" weight="0.9688740300844692"/>
<connection id="45548" src-id="39476" dest-id="43588" weight="14.18406026268394"/>
<connection id="45594" src-id="41523" dest-id="41906" weight="-4.950557925848166"/>
<connection id="45642" src-id="39472" dest-id="41109" weight="-0.20439207246164526"/>
<connection id="45647" src-id="39486" dest-id="41580" weight="-0.10886169348679031"/>
<connection id="45653" src-id="39471" dest-id="42901" weight="2.635170889668038"/>
<connection id="45658" src-id="39488" dest-id="41580" weight="10.413314700599503"/>
<neuron id="45675" type="hid" activation="sigmoid"/>
<connection id="45677" src-id="45675" dest-id="41538" weight="-9.398635719976738"/>
<connection id="45750" src-id="39502" dest-id="41906" weight="-1.8843995620732716"/>
<connection id="45813" src-id="39487" dest-id="41538" weight="-2.104569970932994"/>
<connection id="45833" src-id="39479" dest-id="43588" weight="1.325887468717956"/>
<connection id="45836" src-id="39507" dest-id="40493" weight="-5.291903098843296"/>
<connection id="45852" src-id="39497" dest-id="43097" weight="-12.89990369624007"/>
<connection id="45897" src-id="39499" dest-id="41538" weight="-5.273640682370559"/>
<neuron id="45917" type="hid" activation="sigmoid"/>
<connection id="45918" src-id="43588" dest-id="45917" weight="7.42364560137452"/>
<connection id="45919" src-id="45917" dest-id="39601" weight="-8.219691586734335"/>
<connection id="45992" src-id="39474" dest-id="41538" weight="4.412151987628043"/>
<connection id="46015" src-id="39477" dest-id="43097" weight="6.536098119915082"/>
<connection id="46111" src-id="39501" dest-id="43588" weight="-1.328221279433103"/>
<connection id="46123" src-id="39491" dest-id="40493" weight="-13.555666033928736"/>
<connection id="46124" src-id="39477" dest-id="41565" weight="2.9775314364502696"/>
<connection id="46358" src-id="41520" dest-id="40493" weight="-7.899263772187327"/>
<connection id="46359" src-id="42155" dest-id="39601" weight="1.0133658833584471"/>
<connection id="46362" src-id="41565" dest-id="42140" weight="17.165924030820932"/>
<connection id="46363" src-id="39505" dest-id="41538" weight="-2.1544490444722895"/>
<connection id="46364" src-id="39510" dest-id="40493" weight="-1.3219426682456428"/>
<connection id="46456" src-id="39481" dest-id="41565" weight="0.41490351277672505"/>
<connection id="46520" src-id="41580" dest-id="39557" weight="4.966297492684582"/>
<connection id="46525" src-id="39471" dest-id="43097" weight="-4.758109929908209"/>
<connection id="46629" src-id="39495" dest-id="42155" weight="-3.063097143510266"/>
<connection id="46668" src-id="39471" dest-id="41520" weight="-4.815954525510797"/>
<connection id="46776" src-id="39474" dest-id="42140" weight="-0.07426529193287235"/>
<connection id="46808" src-id="42901" dest-id="42140" weight="-10.809460920879758"/>
<connection id="46810" src-id="43097" dest-id="42901" weight="11.091308863950239"/>
<connection id="46849" src-id="43097" dest-id="41538" weight="-1.102784182435987"/>
<connection id="46859" src-id="39488" dest-id="45675" weight="5.52827849497479"/>
<neuron id="46882" type="hid" activation="sigmoid"/>
<connection id="46883" src-id="39483" dest-id="46882" weight="-5.1320624995234425"/>
<connection id="46884" src-id="46882" dest-id="43588" weight="27.153432441942673"/>
<neuron id="46888" type="hid" activation="sigmoid"/>
<connection id="46889" src-id="39490" dest-id="46888" weight="-2.6169273737549874"/>
<connection id="46890" src-id="46888" dest-id="43588" weight="33.650785957075755"/>
<connection id="46983" src-id="39485" dest-id="41580" weight="5.212783199725759"/>
<connection id="47085" src-id="42140" dest-id="39512" weight="-15.993622216414757"/>
<connection id="47090" src-id="39478" dest-id="43588" weight="-4.515713258203807"/>
<connection id="47140" src-id="39485" dest-id="42901" weight="-10.72802635837685"/>
<connection id="47144" src-id="39507" dest-id="43588" weight="-0.07485747337341309"/>
<connection id="47160" src-id="39489" dest-id="43097" weight="7.2500967038394695"/>
<connection id="47187" src-id="40493" dest-id="43097" weight="-2.729744139531706"/>
<connection id="47188" src-id="39472" dest-id="43097" weight="-16.353906153590074"/>
<connection id="47190" src-id="39475" dest-id="41565" weight="-5.2167168741847885"/>
<neuron id="47280" type="hid" activation="sigmoid"/>
<connection id="47281" src-id="39510" dest-id="47280" weight="-13.840260893958005"/>
<connection id="47282" src-id="47280" dest-id="41906" weight="23.44077782795304"/>
<neuron id="47283" type="hid" activation="sigmoid"/>
<connection id="47284" src-id="39493" dest-id="47283" weight="-1.6361752233223124"/>
<connection id="47285" src-id="47283" dest-id="39557" weight="19.76476072616781"/>
<connection id="47390" src-id="41876" dest-id="47280" weight="-0.8241295234645944"/>
<connection id="47411" src-id="39509" dest-id="42140" weight="6.797778347253188"/>
<connection id="47511" src-id="39508" dest-id="43097" weight="7.420439583969108"/>
<connection id="47577" src-id="39483" dest-id="40493" weight="-7.961269265752824"/>
<connection id="47578" src-id="47280" dest-id="43097" weight="-17.301773598905545"/>
<connection id="47580" src-id="41876" dest-id="43097" weight="-15.489101594834903"/>
<connection id="47581" src-id="39500" dest-id="45675" weight="-5.02909842208203"/>
<connection id="47582" src-id="39495" dest-id="41538" weight="-4.819898090785817"/>
<connection id="47619" src-id="39484" dest-id="43097" weight="-4.511143738102318"/>
<connection id="47636" src-id="39511" dest-id="41876" weight="2.2696651998246344"/>
<connection id="47640" src-id="39474" dest-id="43588" weight="-1.252427120095267"/>
<neuron id="47684" type="hid" activation="sigmoid"/>
<connection id="47685" src-id="39490" dest-id="47684" weight="12.706557784194738"/>
<connection id="47763" src-id="46882" dest-id="39645" weight="-4.179827776720285"/>
<connection id="47774" src-id="39497" dest-id="42140" weight="-11.31904556051661"/>
<connection id="47796" src-id="39488" dest-id="46882" weight="-0.1732839111732538"/>
<connection id="47802" src-id="39489" dest-id="46882" weight="12.46605323360371"/>
<connection id="47893" src-id="39489" dest-id="42140" weight="-11.895144131427257"/>
<connection id="47895" src-id="39496" dest-id="42140" weight="-2.7479315556337447"/>
<connection id="47968" src-id="41523" dest-id="40493" weight="-0.2027219728998011"/>
<connection id="47972" src-id="39490" dest-id="41876" weight="-11.620982505800313"/>
<connection id="48084" src-id="39480" dest-id="42155" weight="3.045428483292109"/>
<neuron id="48133" type="hid" activation="sigmoid"/>
<connection id="48134" src-id="39481" dest-id="48133" weight="-1.4933680017164173"/>
<connection id="48135" src-id="48133" dest-id="41520" weight="-32.57011440012621"/>
<connection id="48211" src-id="39509" dest-id="41876" weight="-9.228437081675114"/>
<connection id="48220" src-id="43377" dest-id="42901" weight="-4.971955533880392"/>
<connection id="48254" src-id="39489" dest-id="40493" weight="1.0198899014720033"/>
<connection id="48328" src-id="39472" dest-id="41580" weight="4.354960824882365"/>
<connection id="48334" src-id="44247" dest-id="43097" weight="-17.571361779169795"/>
<connection id="48335" src-id="43097" dest-id="43377" weight="-7.054343818361444"/>
<connection id="48336" src-id="39475" dest-id="43097" weight="-2.47909703748524"/>
<connection id="48349" src-id="43588" dest-id="43097" weight="1.6390952776966132"/>
<connection id="48352" src-id="39478" dest-id="47684" weight="9.470229086732338"/>
<connection id="48470" src-id="41520" dest-id="42155" weight="3.056325746921357"/>
<connection id="48493" src-id="39503" dest-id="41580" weight="3.659016826389066"/>
<connection id="48557" src-id="39510" dest-id="41580" weight="-9.87721361919732"/>
<connection id="48566" src-id="41906" dest-id="45675" weight="-2.291052307917192"/>
<neuron id="48590" type="hid" activation="sigmoid"/>
<connection id="48591" src-id="46882" dest-id="48590" weight="-14.660405238768433"/>
<neuron id="48629" type="hid" activation="sigmoid"/>
<connection id="48630" src-id="39481" dest-id="48629" weight="0.8579109988309583"/>
<connection id="48631" src-id="48629" dest-id="41906" weight="0.9314293456655822"/>
<connection id="48709" src-id="39484" dest-id="41580" weight="0.563516003997613"/>
<connection id="48752" src-id="39474" dest-id="44247" weight="9.371553129314933"/>
<connection id="48758" src-id="39499" dest-id="43377" weight="0.5818280708207371"/>
<connection id="48784" src-id="46882" dest-id="41906" weight="-6.208356454963301"/>
<connection id="48795" src-id="39503" dest-id="46882" weight="-0.9048848152160645"/>
<connection id="48804" src-id="39488" dest-id="42140" weight="-0.543585788272615"/>
<connection id="48805" src-id="40493" dest-id="42140" weight="-2.853425528900715"/>
<connection id="48965" src-id="41906" dest-id="42155" weight="-0.7526491632757589"/>
<connection id="48994" src-id="47280" dest-id="40493" weight="0.3635392616184854"/>
<connection id="48999" src-id="39501" dest-id="44247" weight="-4.311493547205462"/>
<connection id="49006" src-id="39478" dest-id="41876" weight="0.06631941014821452"/>
<connection id="49078" src-id="47280" dest-id="39513" weight="-12.17108834033097"/>
<neuron id="49112" type="hid" activation="sigmoid"/>
<connection id="49113" src-id="42901" dest-id="49112" weight="-0.3906338739284747"/>
<connection id="49114" src-id="49112" dest-id="42140" weight="-7.207324765631222"/>
<connection id="49205" src-id="39483" dest-id="41580" weight="11.045979983405058"/>
<connection id="49251" src-id="39507" dest-id="47283" weight="4.255132600556665"/>
<connection id="49254" src-id="39496" dest-id="49112" weight="0.40827643558056836"/>
<connection id="49282" src-id="39506" dest-id="40493" weight="-9.29150954377123"/>
<connection id="49335" src-id="39496" dest-id="41906" weight="4.0087614110593695"/>
<connection id="49404" src-id="39474" dest-id="43377" weight="8.374027611708147"/>
<connection id="49405" src-id="48590" dest-id="41538" weight="10.580321630735202"/>
<connection id="49407" src-id="39470" dest-id="48590" weight="-3.397549785336982"/>
<connection id="49408" src-id="39477" dest-id="46882" weight="-8.004714385886821"/>
<connection id="49412" src-id="39479" dest-id="43377" weight="-2.6168490175734984"/>
<connection id="49414" src-id="39489" dest-id="49112" weight="-4.642133154330548"/>
<connection id="49415" src-id="46882" dest-id="43377" weight="7.884327054407709"/>
<connection id="49441" src-id="39479" dest-id="40493" weight="-0.11071707973413702"/>
<connection id="49489" src-id="41876" dest-id="43588" weight="3.2174823220980944"/>
<connection id="49534" src-id="39494" dest-id="41906" weight="0.5981308376799492"/>
<neuron id="49582" type="hid" activation="sigmoid"/>
<connection id="49732" src-id="41118" dest-id="44247" weight="6.835811216650305"/>
<connection id="49769" src-id="39490" dest-id="45675" weight="1.6186050912604015"/>
<connection id="49926" src-id="39489" dest-id="48590" weight="-3.734682320560525"/>
<connection id="49928" src-id="39493" dest-id="41118" weight="-14.865787867935499"/>
<connection id="49930" src-id="47280" dest-id="47283" weight="8.324974227167838"/>
<connection id="49934" src-id="39506" dest-id="41580" weight="4.46925993144753"/>
<connection id="49935" src-id="40493" dest-id="47283" weight="2.7159122290202884"/>
<connection id="49936" src-id="41858" dest-id="47280" weight="-3.119556016322669"/>
<connection id="49943" src-id="39485" dest-id="47684" weight="-2.12270503702852"/>
<connection id="49954" src-id="39485" dest-id="48590" weight="-7.454282945160471"/>
<connection id="50002" src-id="39491" dest-id="41876" weight="2.580705823558795"/>
<connection id="50048" src-id="39501" dest-id="42140" weight="5.839519275437892"/>
<connection id="50190" src-id="46882" dest-id="49112" weight="10.023371592982272"/>
<connection id="50202" src-id="39477" dest-id="47283" weight="2.240698117002194"/>
<connection id="50225" src-id="41858" dest-id="46882" weight="-6.965832101289182"/>
<connection id="50251" src-id="39481" dest-id="42140" weight="1.2379046521100454"/>
<connection id="50273" src-id="46882" dest-id="42155" weight="-5.645124682846333"/>
<connection id="50293" src-id="39495" dest-id="47684" weight="-4.648316416945543"/>
<connection id="50294" src-id="39513" dest-id="48590" weight="7.9705082032016366"/>
<connection id="50308" src-id="39505" dest-id="48590" weight="-12.208441000823012"/>
<connection id="50321" src-id="41858" dest-id="43377" weight="-2.527771056111262"/>
<connection id="50431" src-id="39502" dest-id="45675" weight="-2.7860489149300296"/>
<connection id="50496" src-id="39511" dest-id="45675" weight="8.125116062510648"/>
<connection id="50537" src-id="39504" dest-id="43588" weight="1.6117165006347656"/>
<connection id="50737" src-id="39493" dest-id="45675" weight="2.0085693955296557"/>
<connection id="50752" src-id="39474" dest-id="41858" weight="-10.686168145759545"/>
<connection id="50754" src-id="39601" dest-id="44247" weight="-6.372536972835968"/>
<connection id="50756" src-id="39482" dest-id="47280" weight="2.376993154916056"/>
<connection id="50759" src-id="41118" dest-id="40493" weight="1.113312295736839"/>
<connection id="50761" src-id="39471" dest-id="43588" weight="-5.441642416223727"/>
<neuron id="50997" type="hid" activation="sigmoid"/>
<connection id="50998" src-id="39491" dest-id="50997" weight="2.950413005852539"/>
<connection id="50999" src-id="50997" dest-id="42901" weight="16.568677374253607"/>
<connection id="51092" src-id="39506" dest-id="45675" weight="1.3296454989751123"/>
<connection id="51177" src-id="39477" dest-id="44023" weight="-9.512561276092796"/>
<connection id="51232" src-id="39494" dest-id="48590" weight="-0.5859246431835357"/>
<connection id="51233" src-id="39499" dest-id="47684" weight="-5.610129813563548"/>
<connection id="51236" src-id="47684" dest-id="48590" weight="-4.29424254607332"/>
<connection id="51282" src-id="39494" dest-id="46882" weight="-0.9431800570219178"/>
<connection id="51394" src-id="49582" dest-id="39557" weight="1.5174891903830106"/>
<connection id="51395" src-id="39503" dest-id="43097" weight="-13.870936244985998"/>
<connection id="51398" src-id="39484" dest-id="47684" weight="-9.801440506361027"/>
<connection id="51399" src-id="49582" dest-id="47283" weight="28.693556911725384"/>
<connection id="51417" src-id="39497" dest-id="47283" weight="3.7824947061800973"/>
<connection id="51584" src-id="41858" dest-id="39512" weight="-5.589689490602205"/>
<connection id="51654" src-id="39499" dest-id="48590" weight="-0.8527815241699203"/>
<connection id="51655" src-id="41118" dest-id="41523" weight="-5.00804584544059"/>
<connection id="51659" src-id="39502" dest-id="50997" weight="-8.280923933121032"/>
<connection id="51667" src-id="41565" dest-id="41118" weight="1.2354784509723538"/>
<connection id="51676" src-id="39501" dest-id="41118" weight="-9.021961773340841"/>
<connection id="51745" src-id="39492" dest-id="45675" weight="-12.048966961445537"/>
<connection id="51855" src-id="39511" dest-id="47283" weight="10.905098249043562"/>
<connection id="51885" src-id="39475" dest-id="41858" weight="-1.6135438503230333"/>
<connection id="51898" src-id="47283" dest-id="41906" weight="-1.434118559344299"/>
<connection id="51900" src-id="39478" dest-id="49112" weight="2.404456252677597"/>
<connection id="51901" src-id="39490" dest-id="43808" weight="5.27749794986576"/>
<connection id="51903" src-id="41906" dest-id="44023" weight="2.3677600626213042"/>
<connection id="51906" src-id="39491" dest-id="47280" weight="-8.49479951199157"/>
<neuron id="52033" type="hid" activation="sigmoid"/>
<connection id="52034" src-id="39499" dest-id="52033" weight="5.29058917151393"/>
<connection id="52035" src-id="52033" dest-id="41580" weight="-9.280472912436643"/>
<connection id="52138" src-id="50997" dest-id="49112" weight="-11.84468031560126"/>
<connection id="52139" src-id="41858" dest-id="39513" weight="-8.206307963890207"/>
<connection id="52142" src-id="41118" dest-id="41906" weight="1.502218142250015"/>
<connection id="52148" src-id="39483" dest-id="45917" weight="-1.0143501287960408"/>
<connection id="52178" src-id="42140" dest-id="48590" weight="0.9479194325226261"/>
<connection id="52186" src-id="39496" dest-id="41118" weight="3.3106512186080943"/>
<connection id="52198" src-id="41523" dest-id="41858" weight="9.421585615178468"/>
<connection id="52340" src-id="39483" dest-id="48590" weight="-6.367778365881716"/>
<connection id="52370" src-id="44247" dest-id="49112" weight="-12.454873799703323"/>
<connection id="52385" src-id="40502" dest-id="42155" weight="-3.047170977510992"/>
<connection id="52386" src-id="41118" dest-id="43377" weight="-6.287802001775775"/>
<connection id="52397" src-id="39494" dest-id="42140" weight="1.1849037832788396"/>
<connection id="52411" src-id="39477" dest-id="40502" weight="3.509424510328955"/>
<connection id="52413" src-id="49582" dest-id="41858" weight="0.41058489496535827"/>
<connection id="52414" src-id="41562" dest-id="41565" weight="6.010268344911508"/>
<connection id="52415" src-id="47283" dest-id="43097" weight="0.5488554167354749"/>
<connection id="52418" src-id="47684" dest-id="41562" weight="9.630858065705482"/>
<connection id="52419" src-id="39473" dest-id="46882" weight="5.076115403838109"/>
<connection id="52516" src-id="39503" dest-id="49112" weight="-2.6099315902479856"/>
<connection id="52729" src-id="41118" dest-id="42155" weight="13.95747716839351"/>
<connection id="52769" src-id="47280" dest-id="41538" weight="-8.1405060473224"/>
<connection id="52773" src-id="39499" dest-id="44023" weight="4.359766800028419"/>
<connection id="52783" src-id="39472" dest-id="49582" weight="15.624418145841783"/>
<connection id="52850" src-id="39502" dest-id="47283" weight="-4.994333280388292"/>
<connection id="52909" src-id="39493" dest-id="47280" weight="-0.729145249192579"/>
<connection id="52985" src-id="39488" dest-id="43808" weight="4.688581032168996"/>
<connection id="52998" src-id="39477" dest-id="41118" weight="3.6222156224040845"/>
<connection id="53019" src-id="47684" dest-id="39512" weight="2.494755192220577"/>
<connection id="53025" src-id="40505" dest-id="42140" weight="8.479254685184586"/>
<connection id="53039" src-id="39510" dest-id="43808" weight="-4.88960734021366"/>
<connection id="53049" src-id="39504" dest-id="40505" weight="0.9189099319972169"/>
<connection id="53050" src-id="41562" dest-id="44247" weight="3.3514695714070633"/>
<connection id="53067" src-id="39475" dest-id="40505" weight="0.21291390434693747"/>
<connection id="53127" src-id="52033" dest-id="42901" weight="-3.4208927832415776"/>
<connection id="53128" src-id="39475" dest-id="41118" weight="9.566026738630832"/>
<connection id="53199" src-id="44238" dest-id="43377" weight="-0.9642774493746924"/>
<connection id="53203" src-id="39507" dest-id="52033" weight="-1.17534651033418"/>
<connection id="53212" src-id="47684" dest-id="39557" weight="-11.448497981118685"/>
<connection id="53213" src-id="39470" dest-id="41858" weight="10.59319150977671"/>
<connection id="53214" src-id="39490" dest-id="40505" weight="8.789437828439503"/>
<connection id="53215" src-id="50997" dest-id="39512" weight="3.0137437428797"/>
<connection id="53220" src-id="41565" dest-id="50997" weight="-7.79195321037973"/>
<connection id="53221" src-id="49112" dest-id="39512" weight="-13.144096800415435"/>
<neuron id="53266" type="hid" activation="sigmoid"/>
<connection id="53267" src-id="39488" dest-id="53266" weight="5.213178929013992"/>
<connection id="53268" src-id="53266" dest-id="41565" weight="-3.2453210982175236"/>
<neuron id="53329" type="hid" activation="sigmoid"/>
<connection id="53330" src-id="43588" dest-id="53329" weight="-3.1646523976173855"/>
<connection id="53331" src-id="53329" dest-id="39645" weight="9.011430089502497"/>
<neuron id="53350" type="hid" activation="sigmoid"/>
<connection id="53351" src-id="39488" dest-id="53350" weight="8.039188163756824"/>
<neuron id="53353" type="hid" activation="sigmoid"/>
<connection id="53354" src-id="48590" dest-id="53353" weight="-0.11717727994256466"/>
<connection id="53355" src-id="53353" dest-id="45675" weight="9.959917346717694"/>
<connection id="53410" src-id="39504" dest-id="45917" weight="-5.812062481958368"/>
<connection id="53430" src-id="39498" dest-id="40505" weight="1.7088003262858313"/>
<connection id="53453" src-id="39473" dest-id="49112" weight="-3.615840437827956"/>
<connection id="53457" src-id="53350" dest-id="45675" weight="-2.929546568499081"/>
<connection id="53459" src-id="41858" dest-id="53350" weight="-9.230185855975172"/>
<connection id="53461" src-id="45917" dest-id="44247" weight="-5.453142185668775"/>
<connection id="53463" src-id="39481" dest-id="41858" weight="7.686256872794248"/>
<connection id="53466" src-id="39473" dest-id="47684" weight="2.3556490365864917"/>
<connection id="53467" src-id="53350" dest-id="47280" weight="4.502898810822104"/>
<connection id="53468" src-id="39486" dest-id="43808" weight="-0.8721121080653873"/>
<connection id="53470" src-id="40493" dest-id="44238" weight="-2.65778343455317"/>
<connection id="53584" src-id="39476" dest-id="41118" weight="-1.214281131250881"/>
<connection id="53616" src-id="39505" dest-id="40505" weight="12.049520054381121"/>
<connection id="53658" src-id="46882" dest-id="44023" weight="-3.348219697494656"/>
<connection id="53665" src-id="39476" dest-id="50997" weight="4.055903631777774"/>
<connection id="53721" src-id="39484" dest-id="46882" weight="-0.45657265186309814"/>
<connection id="53730" src-id="53350" dest-id="42140" weight="2.0047980907330647"/>
<connection id="53733" src-id="39506" dest-id="40505" weight="1.6786024750027462"/>
<connection id="53737" src-id="39508" dest-id="45917" weight="2.605833547432659"/>
<connection id="53746" src-id="47283" dest-id="45917" weight="-6.563969215168495"/>
<connection id="53792" src-id="39485" dest-id="40505" weight="-4.705271808935862"/>
<connection id="53965" src-id="39497" dest-id="48590" weight="0.9645934279596762"/>
<neuron id="53983" type="hid" activation="sigmoid"/>
<connection id="53984" src-id="39490" dest-id="53983" weight="4.65021133340802"/>
<connection id="53985" src-id="53983" dest-id="42901" weight="-8.817828896087128"/>
<neuron id="54007" type="hid" activation="sigmoid"/>
<connection id="54008" src-id="39494" dest-id="54007" weight="-1.4875596186908613"/>
<connection id="54009" src-id="54007" dest-id="49582" weight="8.807454046268944"/>
<connection id="54250" src-id="49582" dest-id="41565" weight="-3.6949302863802167"/>
<connection id="54291" src-id="39500" dest-id="52033" weight="2.228477944711845"/>
<connection id="54292" src-id="39496" dest-id="45917" weight="-5.157811416599564"/>
<connection id="54293" src-id="43808" dest-id="44238" weight="8.41334212829626"/>
<connection id="54297" src-id="39510" dest-id="44032" weight="7.732396846287421"/>
<connection id="54299" src-id="39479" dest-id="40505" weight="-4.935319007247763"/>
<connection id="54301" src-id="39496" dest-id="49582" weight="12.92031304610504"/>
<connection id="54303" src-id="44238" dest-id="39601" weight="-1.2030314046510133"/>
<connection id="54305" src-id="40505" dest-id="42155" weight="-6.9854328679639845"/>
<connection id="54317" src-id="39493" dest-id="41858" weight="-5.979405815221301"/>
<connection id="54326" src-id="47280" dest-id="43808" weight="8.499112359728764"/>
<connection id="54344" src-id="39509" dest-id="50997" weight="-1.6274557069414455"/>
<connection id="54357" src-id="39473" dest-id="49582" weight="4.299340653587439"/>
<connection id="54363" src-id="41526" dest-id="48590" weight="-2.1666131006440965"/>
<connection id="54472" src-id="41118" dest-id="45917" weight="0.6950768688452353"/>
<connection id="54621" src-id="39487" dest-id="40505" weight="2.741878174961789"/>
<connection id="54636" src-id="41526" dest-id="41118" weight="7.102574091916409"/>
<connection id="54731" src-id="41876" dest-id="41562" weight="0.9582706077283653"/>
<neuron id="54795" type="hid" activation="sigmoid"/>
<connection id="54796" src-id="39490" dest-id="54795" weight="4.0207867951932315"/>
<connection id="54913" src-id="41118" dest-id="45675" weight="1.9081616881998023"/>
<connection id="54914" src-id="41876" dest-id="48590" weight="-0.8919639059285567"/>
<connection id="54983" src-id="40493" dest-id="50997" weight="-0.9375328822261225"/>
<connection id="55089" src-id="39511" dest-id="47280" weight="4.013148307096607"/>
<connection id="55112" src-id="49582" dest-id="46882" weight="3.4315221692418074"/>
<connection id="55236" src-id="50997" dest-id="45675" weight="-0.047557122170499566"/>
<connection id="55291" src-id="41526" dest-id="47283" weight="1.1228284613146378"/>
<connection id="55318" src-id="39471" dest-id="43377" weight="-3.279823608622413"/>
<connection id="55385" src-id="41526" dest-id="41565" weight="1.839624217184876"/>
<connection id="55386" src-id="54795" dest-id="44023" weight="0.5594434931974925"/>
<connection id="55387" src-id="43588" dest-id="44032" weight="-2.39206345762393"/>
<connection id="55392" src-id="43368" dest-id="47280" weight="-10.677458312134764"/>
<connection id="55393" src-id="39486" dest-id="40502" weight="-4.736142510619011"/>
<connection id="55394" src-id="39485" dest-id="40502" weight="5.487351496174641"/>
<connection id="55395" src-id="41562" dest-id="53350" weight="-9.752248929566493"/>
<connection id="55396" src-id="46882" dest-id="40505" weight="10.275778797615711"/>
<connection id="55399" src-id="43368" dest-id="40493" weight="-8.717468614973567"/>
<connection id="55402" src-id="39484" dest-id="41526" weight="-12.24324289531917"/>
<connection id="55419" src-id="53350" dest-id="54795" weight="-1.133466360905165"/>
<connection id="55520" src-id="44023" dest-id="44247" weight="5.030008929947625"/>
<connection id="55547" src-id="44247" dest-id="50997" weight="-1.4071421801679358"/>
<neuron id="55574" type="hid" activation="sigmoid"/>
<connection id="55575" src-id="44023" dest-id="55574" weight="5.668367139772542"/>
<connection id="55576" src-id="55574" dest-id="43588" weight="1.2035847082499591"/>
<neuron id="55616" type="hid" activation="sigmoid"/>
<connection id="55617" src-id="41523" dest-id="55616" weight="5.2175967247549275"/>
<connection id="55618" src-id="55616" dest-id="43377" weight="11.162304349880177"/>
<connection id="55734" src-id="43808" dest-id="39645" weight="-4.1668476049966525"/>
<connection id="55739" src-id="47280" dest-id="39512" weight="-0.2662400455567646"/>
<connection id="55854" src-id="39490" dest-id="53350" weight="6.972233067847686"/>
<connection id="55866" src-id="39507" dest-id="43368" weight="1.3322943313958082"/>
<connection id="56022" src-id="41520" dest-id="52033" weight="-1.0221541744658844"/>
<connection id="56062" src-id="45917" dest-id="39645" weight="-2.7753333932738062"/>
<connection id="56085" src-id="40502" dest-id="41562" weight="-13.051761290775298"/>
<connection id="56120" src-id="39483" dest-id="41118" weight="-2.4856182394403454"/>
<connection id="56125" src-id="39508" dest-id="41118" weight="-4.439851446561808"/>
<connection id="56127" src-id="39495" dest-id="45917" weight="-9.313001396717738"/>
<connection id="56128" src-id="46882" dest-id="45917" weight="-6.285769204776123"/>
<connection id="56171" src-id="49582" dest-id="44032" weight="1.3620111788538956"/>
<connection id="56173" src-id="41858" dest-id="50997" weight="-2.217544661320849"/>
<connection id="56177" src-id="43368" dest-id="43588" weight="-4.118403799274027"/>
<connection id="56179" src-id="41858" dest-id="53983" weight="2.7920609586135345"/>
<connection id="56180" src-id="39477" dest-id="44238" weight="2.24675141175421"/>
<connection id="56181" src-id="43368" dest-id="49582" weight="4.436501956355202"/>
<connection id="56187" src-id="54795" dest-id="40505" weight="8.829289671221602"/>
<connection id="56206" src-id="39501" dest-id="48590" weight="-6.327335048647635"/>
<connection id="56349" src-id="39506" dest-id="44238" weight="-11.739158496117984"/>
<connection id="56394" src-id="47280" dest-id="46882" weight="-0.25218598328470665"/>
<connection id="56788" src-id="39497" dest-id="54795" weight="5.495489943702291"/>
<connection id="56886" src-id="39489" dest-id="45917" weight="5.5726324915039225"/>
<connection id="56947" src-id="41562" dest-id="46882" weight="-3.808723129877574"/>
<connection id="56969" src-id="39500" dest-id="44238" weight="-0.6541814462275968"/>
<connection id="56973" src-id="39481" dest-id="50997" weight="4.882513168926398"/>
<connection id="56974" src-id="39481" dest-id="44023" weight="6.410220189012488"/>
<connection id="56977" src-id="45917" dest-id="49112" weight="-5.074210325486453"/>
<connection id="56978" src-id="44238" dest-id="50997" weight="-11.780722511987356"/>
<connection id="56981" src-id="39488" dest-id="45073" weight="1.150573321059639"/>
<connection id="56983" src-id="40493" dest-id="55616" weight="1.2859479129319853"/>
<connection id="56987" src-id="39498" dest-id="54795" weight="-0.6791994700640146"/>
<connection id="56991" src-id="39486" dest-id="53329" weight="-5.335730754058423"/>
<connection id="57116" src-id="43368" dest-id="50997" weight="4.853413674840798"/>
<connection id="57145" src-id="53983" dest-id="45675" weight="1.5980281320077987"/>
<connection id="57434" src-id="41876" dest-id="41523" weight="6.131609501029545"/>
<neuron id="57475" type="hid" activation="sigmoid"/>
<connection id="57476" src-id="45917" dest-id="57475" weight="10.212296080737229"/>
<connection id="57477" src-id="57475" dest-id="39513" weight="3.84871047145848"/>
<neuron id="57514" type="hid" activation="sigmoid"/>
<connection id="57515" src-id="39494" dest-id="57514" weight="3.7080429356386806"/>
<connection id="57516" src-id="57514" dest-id="43377" weight="0.9319964745370952"/>
<neuron id="57520" type="hid" activation="sigmoid"/>
<connection id="57521" src-id="39500" dest-id="57520" weight="-2.744653748583821"/>
<connection id="57522" src-id="57520" dest-id="43588" weight="-3.9836554493724057"/>
<connection id="57640" src-id="40502" dest-id="43368" weight="0.5645530374297101"/>
<connection id="58239" src-id="41118" dest-id="44238" weight="3.6761231775063705"/>
<connection id="58297" src-id="45917" dest-id="55616" weight="2.7977374320565"/>
<connection id="58299" src-id="39494" dest-id="55616" weight="0.37167401683259826"/>
<connection id="58302" src-id="39509" dest-id="53329" weight="1.6687613746060599"/>
<connection id="58303" src-id="39471" dest-id="54795" weight="9.930751524877829"/>
<connection id="58304" src-id="42901" dest-id="53329" weight="-6.559272305380754"/>
<connection id="58305" src-id="54795" dest-id="40493" weight="-0.14284097717275362"/>
<connection id="58309" src-id="39475" dest-id="53329" weight="-6.608783300025658"/>
<connection id="58311" src-id="39490" dest-id="57520" weight="-5.791991673328859"/>
<connection id="58314" src-id="39484" dest-id="53329" weight="4.152731626993439"/>
<connection id="58315" src-id="39494" dest-id="52033" weight="12.046270370268601"/>
<connection id="58317" src-id="39507" dest-id="53983" weight="-1.9689398493616923"/>
<connection id="58318" src-id="39492" dest-id="52033" weight="4.718037929570248"/>
<connection id="58320" src-id="39506" dest-id="44023" weight="3.2592577826418463"/>
<connection id="58321" src-id="53350" dest-id="45073" weight="-9.747313448005137"/>
<connection id="58355" src-id="49582" dest-id="45073" weight="-0.9664543588329726"/>
<connection id="58378" src-id="44238" dest-id="49112" weight="-0.8871568485305357"/>
<neuron id="58490" type="hid" activation="sigmoid"/>
<connection id="58491" src-id="39490" dest-id="58490" weight="2.6180250931498295"/>
<connection id="58492" src-id="58490" dest-id="48590" weight="5.316423425680875"/>
<connection id="58891" src-id="50997" dest-id="48590" weight="0.4473649263381958"/>
<connection id="59356" src-id="39470" dest-id="43368" weight="-1.8692289037549572"/>
<connection id="59366" src-id="39470" dest-id="54795" weight="3.9282508309545676"/>
<connection id="59412" src-id="43808" dest-id="54795" weight="-2.234789684920272"/>
<connection id="59452" src-id="39503" dest-id="43368" weight="-2.7647585190956354"/>
<neuron id="59573" type="hid" activation="sigmoid"/>
<connection id="59574" src-id="39500" dest-id="59573" weight="-10.058518030199401"/>
<connection id="59575" src-id="59573" dest-id="43377" weight="7.5506889916048685"/>
<connection id="59706" src-id="39504" dest-id="53329" weight="5.035117256988887"/>
<connection id="59707" src-id="39509" dest-id="44238" weight="-9.38447895649715"/>
<connection id="59710" src-id="52033" dest-id="39601" weight="-3.6146895586219103"/>
<connection id="59712" src-id="54795" dest-id="46882" weight="0.2539436989738415"/>
<connection id="59714" src-id="57520" dest-id="43097" weight="-3.5518765989763565"/>
<connection id="59715" src-id="41565" dest-id="44032" weight="-2.0824619297970157"/>
<connection id="59716" src-id="39504" dest-id="54795" weight="-9.921358110581414"/>
<connection id="59720" src-id="39497" dest-id="53983" weight="0.22756387362502295"/>
<connection id="59846" src-id="39490" dest-id="41526" weight="0.5909555705581663"/>
<connection id="59853" src-id="45917" dest-id="44032" weight="1.7949104404512277"/>
<connection id="60134" src-id="39486" dest-id="53983" weight="1.1200607478317504"/>
<connection id="60306" src-id="44247" dest-id="44032" weight="-4.348292127159487"/>
<connection id="60384" src-id="50997" dest-id="55616" weight="1.736523033016673"/>
<neuron id="60571" type="hid" activation="sigmoid"/>
<connection id="60572" src-id="41520" dest-id="60571" weight="6.153017847819228"/>
<connection id="60573" src-id="60571" dest-id="41538" weight="12.690987506529796"/>
<neuron id="60574" type="hid" activation="sigmoid"/>
<connection id="60575" src-id="39498" dest-id="60574" weight="6.024649942785903"/>
<connection id="60576" src-id="60574" dest-id="45675" weight="2.0402568574949695"/>
<connection id="60785" src-id="39485" dest-id="57520" weight="-4.813796186731604"/>
<connection id="60795" src-id="41118" dest-id="57520" weight="-5.736799023671059"/>
<connection id="60923" src-id="41858" dest-id="42140" weight="3.246033557215796"/>
<connection id="60936" src-id="60571" dest-id="41523" weight="-5.6074053959561745"/>
<connection id="60941" src-id="39497" dest-id="44238" weight="-0.8875413859902243"/>
<connection id="61148" src-id="44023" dest-id="39557" weight="0.11259538320388157"/>
<connection id="61555" src-id="40502" dest-id="49112" weight="-4.3067376382665605"/>
<connection id="61556" src-id="44238" dest-id="55616" weight="-2.9072064733575926"/>
<connection id="61557" src-id="60574" dest-id="43377" weight="-6.197257905008588"/>
<connection id="61558" src-id="39506" dest-id="60574" weight="-4.828421606372948"/>
<connection id="61559" src-id="39494" dest-id="53353" weight="-5.325139335373143"/>
<connection id="61561" src-id="39509" dest-id="53353" weight="-2.1277988834163604"/>
<connection id="61562" src-id="57514" dest-id="57520" weight="-2.8353693976566348"/>
<connection id="61565" src-id="57520" dest-id="48133" weight="-3.981283144876973"/>
<connection id="61568" src-id="47280" dest-id="46888" weight="-2.064939910636447"/>
<connection id="61569" src-id="40502" dest-id="48133" weight="9.096021172751174"/>
<connection id="61571" src-id="39504" dest-id="43368" weight="-2.089709756971795"/>
<connection id="61572" src-id="40493" dest-id="52033" weight="6.659426712464299"/>
<neuron id="61825" type="hid" activation="sigmoid"/>
<connection id="61826" src-id="47684" dest-id="61825" weight="0.08910516179624484"/>
<connection id="61827" src-id="61825" dest-id="41538" weight="-2.122920204823645"/>
<neuron id="61828" type="hid" activation="sigmoid"/>
<connection id="61829" src-id="39487" dest-id="61828" weight="-6.08089020349509"/>
<connection id="61830" src-id="61828" dest-id="41580" weight="-6.276791685719147"/>
<connection id="62404" src-id="39507" dest-id="46888" weight="-2.4865518299599816"/>
<connection id="62576" src-id="40493" dest-id="45073" weight="7.916650629681832"/>
<connection id="62815" src-id="57520" dest-id="41906" weight="4.620539184774843"/>
<neuron id="63026" type="hid" activation="sigmoid"/>
<connection id="63027" src-id="45917" dest-id="63026" weight="1.1446241031065192"/>
<connection id="63028" src-id="63026" dest-id="50997" weight="5.478890717151515"/>
<connection id="63578" src-id="39486" dest-id="45073" weight="-1.4538343325361243"/>
<connection id="63579" src-id="45073" dest-id="45675" weight="2.7613033847933632"/>
<connection id="63580" src-id="39483" dest-id="40526" weight="-4.583037386552063"/>
<connection id="63581" src-id="55574" dest-id="43377" weight="-0.6686267629716278"/>
<connection id="63582" src-id="57475" dest-id="39557" weight="2.407656682060771"/>
<connection id="63583" src-id="39470" dest-id="40505" weight="0.5664430470950581"/>
<connection id="63590" src-id="39495" dest-id="55574" weight="3.1685933895967855"/>
<connection id="63591" src-id="44238" dest-id="61825" weight="-3.681063693728322"/>
<connection id="63592" src-id="53329" dest-id="40526" weight="1.426184443018239"/>
<connection id="63593" src-id="41876" dest-id="55616" weight="-12.349221670674604"/>
<connection id="63594" src-id="39475" dest-id="60571" weight="2.57878401563951"/>
<connection id="63596" src-id="39485" dest-id="61825" weight="6.093865108943751"/>
<connection id="64157" src-id="57520" dest-id="42901" weight="-5.964258328152385"/>
<connection id="64202" src-id="41526" dest-id="49112" weight="0.13165366649627686"/>
<connection id="64739" src-id="39489" dest-id="48629" weight="-0.963511014267269"/>
<connection id="65592" src-id="54795" dest-id="60574" weight="-2.840439097698412"/>
<connection id="65625" src-id="43588" dest-id="57475" weight="-2.1849630163636373"/>
<connection id="65637" src-id="59573" dest-id="39512" weight="-2.4085825279562947"/>
<connection id="65641" src-id="41526" dest-id="53353" weight="5.076275526438511"/>
<connection id="65642" src-id="46888" dest-id="39513" weight="-1.1383753320789056"/>
<connection id="65643" src-id="42155" dest-id="53983" weight="-7.367992160729724"/>
<connection id="65645" src-id="45073" dest-id="53353" weight="-1.8475836166024"/>
<connection id="65646" src-id="41109" dest-id="50997" weight="0.5286360753835229"/>
<connection id="65647" src-id="39479" dest-id="46888" weight="-0.670782221196073"/>
<connection id="65648" src-id="60574" dest-id="42140" weight="-0.44723412916624883"/>
<connection id="65649" src-id="60574" dest-id="40583" weight="2.0081823897416244"/>
<connection id="65652" src-id="41109" dest-id="43097" weight="-1.2772009047727724"/>
<connection id="65653" src-id="53983" dest-id="61828" weight="-4.869548838030463"/>
<connection id="65654" src-id="60574" dest-id="48590" weight="2.1988778474395323"/>
<connection id="65656" src-id="39504" dest-id="48133" weight="2.7847635463145455"/>
<connection id="65659" src-id="57514" dest-id="47684" weight="-3.567203387685035"/>
<connection id="65660" src-id="41526" dest-id="60571" weight="-0.25328020593652667"/>
<connection id="65661" src-id="39479" dest-id="48629" weight="4.877560390826912"/>
<connection id="65663" src-id="52033" dest-id="59573" weight="3.832436696510997"/>
<neuron id="66037" type="hid" activation="sigmoid"/>
<connection id="66038" src-id="41520" dest-id="66037" weight="0.9878274701527893"/>
<connection id="66039" src-id="66037" dest-id="45917" weight="5.977423767561738"/>
<connection id="66819" src-id="58490" dest-id="40493" weight="-0.6398026893153166"/>
<connection id="66820" src-id="39500" dest-id="61825" weight="4.1334968203662505"/>
<connection id="66822" src-id="41565" dest-id="61825" weight="0.3542567491531372"/>
<connection id="66823" src-id="61825" dest-id="50997" weight="-2.578195335071648"/>
<connection id="66824" src-id="47283" dest-id="40583" weight="-4.212289130288944"/>
<connection id="66825" src-id="39470" dest-id="60574" weight="-2.312093201252941"/>
<connection id="66829" src-id="48629" dest-id="45073" weight="-3.8777236732868516"/>
<connection id="66830" src-id="39498" dest-id="53353" weight="-3.791919937016786"/>
<connection id="66832" src-id="39476" dest-id="58490" weight="-6.566448279753363"/>
<connection id="66833" src-id="48629" dest-id="53353" weight="-1.1769025327598053"/>
<connection id="66834" src-id="43588" dest-id="61828" weight="3.0968687840037363"/>
<connection id="66836" src-id="60574" dest-id="50997" weight="-3.1884847994189185"/>
<connection id="66838" src-id="55574" dest-id="39645" weight="-0.05849325656890869"/>
<connection id="66840" src-id="48629" dest-id="40505" weight="0.8707191466844986"/>
<connection id="66841" src-id="45073" dest-id="41109" weight="-0.22394778727127562"/>
<connection id="66842" src-id="39487" dest-id="55574" weight="1.3458831357760865"/>
<neuron id="67525" type="hid" activation="sigmoid"/>
<connection id="67526" src-id="39508" dest-id="67525" weight="-2.67365403130339"/>
<connection id="67527" src-id="67525" dest-id="44023" weight="3.703918386143906"/>
</chromosome>