<chromosome id="57422" primary-parent-id="57261"><neuron id="52914" type="in" activation="linear"/>
<neuron id="52915" type="in" activation="linear"/>
<neuron id="52916" type="in" activation="linear"/>
<neuron id="52917" type="in" activation="linear"/>
<neuron id="52918" type="in" activation="linear"/>
<neuron id="52919" type="in" activation="linear"/>
<neuron id="52920" type="in" activation="linear"/>
<neuron id="52921" type="in" activation="linear"/>
<neuron id="52922" type="in" activation="linear"/>
<neuron id="52923" type="in" activation="linear"/>
<neuron id="52924" type="in" activation="linear"/>
<neuron id="52925" type="in" activation="linear"/>
<neuron id="52926" type="in" activation="linear"/>
<neuron id="52927" type="in" activation="linear"/>
<neuron id="52928" type="in" activation="linear"/>
<neuron id="52929" type="in" activation="linear"/>
<neuron id="52930" type="in" activation="linear"/>
<neuron id="52931" type="in" activation="linear"/>
<neuron id="52932" type="in" activation="linear"/>
<neuron id="52933" type="in" activation="linear"/>
<neuron id="52934" type="in" activation="linear"/>
<neuron id="52935" type="in" activation="linear"/>
<neuron id="52936" type="in" activation="linear"/>
<neuron id="52937" type="in" activation="linear"/>
<neuron id="52938" type="in" activation="linear"/>
<neuron id="52939" type="in" activation="linear"/>
<neuron id="52940" type="in" activation="linear"/>
<neuron id="52941" type="in" activation="linear"/>
<neuron id="52942" type="in" activation="linear"/>
<neuron id="52943" type="in" activation="linear"/>
<neuron id="52944" type="in" activation="linear"/>
<neuron id="52945" type="in" activation="linear"/>
<neuron id="52946" type="in" activation="linear"/>
<neuron id="52947" type="in" activation="linear"/>
<neuron id="52948" type="in" activation="linear"/>
<neuron id="52949" type="in" activation="linear"/>
<neuron id="52950" type="in" activation="linear"/>
<neuron id="52951" type="in" activation="linear"/>
<neuron id="52952" type="in" activation="linear"/>
<neuron id="52953" type="in" activation="linear"/>
<neuron id="52954" type="in" activation="linear"/>
<neuron id="52955" type="in" activation="linear"/>
<neuron id="52956" type="out" activation="linear"/>
<neuron id="52957" type="hid" activation="sigmoid"/>
<connection id="52958" src-id="52914" dest-id="52957" weight="7.4780011788917315"/>
<connection id="52959" src-id="52915" dest-id="52957" weight="-10.132838022582387"/>
<connection id="52960" src-id="52916" dest-id="52957" weight="7.022688710384095"/>
<connection id="52963" src-id="52919" dest-id="52957" weight="-2.1188627524672015"/>
<connection id="52964" src-id="52920" dest-id="52957" weight="0.938008830780281"/>
<connection id="52965" src-id="52921" dest-id="52957" weight="-3.154256248503792"/>
<connection id="52966" src-id="52922" dest-id="52957" weight="-4.324645666007873"/>
<connection id="52967" src-id="52923" dest-id="52957" weight="-1.6306683373710553"/>
<connection id="52968" src-id="52924" dest-id="52957" weight="12.45802174413157"/>
<connection id="52969" src-id="52925" dest-id="52957" weight="2.6704894334026883"/>
<connection id="52970" src-id="52926" dest-id="52957" weight="5.267486475896825"/>
<connection id="52971" src-id="52927" dest-id="52957" weight="-2.3334233516020038"/>
<connection id="52972" src-id="52928" dest-id="52957" weight="-1.640294750227298"/>
<connection id="52973" src-id="52929" dest-id="52957" weight="-10.923908576328964"/>
<connection id="52974" src-id="52930" dest-id="52957" weight="6.152309609832855"/>
<connection id="52976" src-id="52932" dest-id="52957" weight="3.671282009830224"/>
<connection id="52978" src-id="52934" dest-id="52957" weight="-12.594417398086799"/>
<connection id="52979" src-id="52935" dest-id="52957" weight="-10.24911524621864"/>
<connection id="52980" src-id="52936" dest-id="52957" weight="0.15302638829916404"/>
<connection id="52982" src-id="52938" dest-id="52957" weight="12.22012579287872"/>
<connection id="52983" src-id="52939" dest-id="52957" weight="0.3054679248989114"/>
<connection id="52984" src-id="52940" dest-id="52957" weight="5.95506428538345"/>
<connection id="52985" src-id="52941" dest-id="52957" weight="1.7608111354471192"/>
<connection id="52986" src-id="52942" dest-id="52957" weight="-6.140025845376617"/>
<connection id="52987" src-id="52943" dest-id="52957" weight="2.7912600357084645"/>
<connection id="52988" src-id="52944" dest-id="52957" weight="1.4408568968127242"/>
<connection id="52989" src-id="52945" dest-id="52957" weight="-5.837758256114206"/>
<connection id="52990" src-id="52946" dest-id="52957" weight="-6.358205166789262"/>
<connection id="52991" src-id="52947" dest-id="52957" weight="3.0080445989096427"/>
<connection id="52992" src-id="52948" dest-id="52957" weight="-6.653926052787395"/>
<connection id="52993" src-id="52949" dest-id="52957" weight="-0.6945359746696087"/>
<connection id="52994" src-id="52950" dest-id="52957" weight="-20.87680842239724"/>
<connection id="52995" src-id="52951" dest-id="52957" weight="-2.258027455772284"/>
<connection id="52996" src-id="52952" dest-id="52957" weight="18.822980898637937"/>
<connection id="52997" src-id="52953" dest-id="52957" weight="9.5249441186318"/>
<connection id="52998" src-id="52954" dest-id="52957" weight="4.931176998124071"/>
<connection id="53000" src-id="52957" dest-id="52956" weight="5.839530466976983"/>
<neuron id="53001" type="hid" activation="sigmoid"/>
<connection id="53002" src-id="52914" dest-id="53001" weight="-6.020226032120064"/>
<connection id="53003" src-id="52915" dest-id="53001" weight="4.424383558717797"/>
<connection id="53005" src-id="52917" dest-id="53001" weight="5.709284387491292"/>
<connection id="53006" src-id="52918" dest-id="53001" weight="-1.9472834015117897"/>
<connection id="53007" src-id="52919" dest-id="53001" weight="-9.905798644086847"/>
<connection id="53010" src-id="52922" dest-id="53001" weight="-0.6095272899498636"/>
<connection id="53011" src-id="52923" dest-id="53001" weight="-9.665849237402188"/>
<connection id="53012" src-id="52924" dest-id="53001" weight="1.4506470357438097"/>
<connection id="53013" src-id="52925" dest-id="53001" weight="-17.984132000602415"/>
<connection id="53014" src-id="52926" dest-id="53001" weight="2.8250240107458957"/>
<connection id="53015" src-id="52927" dest-id="53001" weight="7.004013611487762"/>
<connection id="53016" src-id="52928" dest-id="53001" weight="-9.551112076736777"/>
<connection id="53017" src-id="52929" dest-id="53001" weight="-0.05130782229627062"/>
<connection id="53018" src-id="52930" dest-id="53001" weight="3.313651350182273"/>
<connection id="53019" src-id="52931" dest-id="53001" weight="-7.141366201187505"/>
<connection id="53021" src-id="52933" dest-id="53001" weight="-20.261609768317303"/>
<connection id="53022" src-id="52934" dest-id="53001" weight="-9.128863575384647"/>
<connection id="53023" src-id="52935" dest-id="53001" weight="12.10871191976614"/>
<connection id="53025" src-id="52937" dest-id="53001" weight="-1.6618482433203725"/>
<connection id="53026" src-id="52938" dest-id="53001" weight="-15.547673688113177"/>
<connection id="53027" src-id="52939" dest-id="53001" weight="-12.397767239893874"/>
<connection id="53028" src-id="52940" dest-id="53001" weight="5.3936573400890016"/>
<connection id="53029" src-id="52941" dest-id="53001" weight="-4.461570906421812"/>
<connection id="53031" src-id="52943" dest-id="53001" weight="0.6643761013922105"/>
<connection id="53032" src-id="52944" dest-id="53001" weight="-0.5736799062213089"/>
<connection id="53033" src-id="52945" dest-id="53001" weight="-11.847820449564898"/>
<connection id="53034" src-id="52946" dest-id="53001" weight="-8.125844782004451"/>
<connection id="53036" src-id="52948" dest-id="53001" weight="-12.166304278326413"/>
<connection id="53037" src-id="52949" dest-id="53001" weight="10.983988239516107"/>
<connection id="53038" src-id="52950" dest-id="53001" weight="2.295889107353152"/>
<connection id="53039" src-id="52951" dest-id="53001" weight="1.4540155060003883"/>
<connection id="53040" src-id="52952" dest-id="53001" weight="-4.592485210567437"/>
<connection id="53041" src-id="52953" dest-id="53001" weight="-3.7794971914279767"/>
<connection id="53042" src-id="52954" dest-id="53001" weight="2.2080934767944527"/>
<connection id="53043" src-id="52955" dest-id="53001" weight="-2.7300426353431986"/>
<connection id="53044" src-id="53001" dest-id="52956" weight="10.411879094781765"/>
<neuron id="53045" type="hid" activation="sigmoid"/>
<connection id="53046" src-id="52914" dest-id="53045" weight="-11.008354642576625"/>
<connection id="53049" src-id="52917" dest-id="53045" weight="-0.08541582196793948"/>
<connection id="53050" src-id="52918" dest-id="53045" weight="-14.013632271803203"/>
<connection id="53051" src-id="52919" dest-id="53045" weight="2.0231161513740443"/>
<connection id="53052" src-id="52920" dest-id="53045" weight="-11.372966925435186"/>
<connection id="53053" src-id="52921" dest-id="53045" weight="-0.26704995735194004"/>
<connection id="53054" src-id="52922" dest-id="53045" weight="-11.877830454186405"/>
<connection id="53056" src-id="52924" dest-id="53045" weight="-0.19375613352553545"/>
<connection id="53058" src-id="52926" dest-id="53045" weight="5.772458908272097"/>
<connection id="53059" src-id="52927" dest-id="53045" weight="7.911223560494917"/>
<connection id="53060" src-id="52928" dest-id="53045" weight="3.8642074262906605"/>
<connection id="53061" src-id="52929" dest-id="53045" weight="-29.35037357897548"/>
<connection id="53063" src-id="52931" dest-id="53045" weight="-11.296791599196677"/>
<connection id="53064" src-id="52932" dest-id="53045" weight="18.249475638149047"/>
<connection id="53065" src-id="52933" dest-id="53045" weight="-4.820684061456049"/>
<connection id="53066" src-id="52934" dest-id="53045" weight="8.876480507141034"/>
<connection id="53067" src-id="52935" dest-id="53045" weight="-10.667605480146378"/>
<connection id="53069" src-id="52937" dest-id="53045" weight="-7.535162400179311"/>
<connection id="53070" src-id="52938" dest-id="53045" weight="-26.62887348680433"/>
<connection id="53071" src-id="52939" dest-id="53045" weight="0.38503008957655593"/>
<connection id="53072" src-id="52940" dest-id="53045" weight="8.857117810108592"/>
<connection id="53073" src-id="52941" dest-id="53045" weight="-8.027990227956929"/>
<connection id="53074" src-id="52942" dest-id="53045" weight="-10.176832882466545"/>
<connection id="53075" src-id="52943" dest-id="53045" weight="-12.33545128344141"/>
<connection id="53078" src-id="52946" dest-id="53045" weight="9.172078859019118"/>
<connection id="53079" src-id="52947" dest-id="53045" weight="5.52268446076638"/>
<connection id="53080" src-id="52948" dest-id="53045" weight="3.6904307293914185"/>
<connection id="53081" src-id="52949" dest-id="53045" weight="-11.611919468912214"/>
<connection id="53082" src-id="52950" dest-id="53045" weight="3.6454719090191046"/>
<connection id="53083" src-id="52951" dest-id="53045" weight="4.2190474544177885"/>
<connection id="53084" src-id="52952" dest-id="53045" weight="11.955803533566554"/>
<connection id="53085" src-id="52953" dest-id="53045" weight="0.20219359742530196"/>
<connection id="53086" src-id="52954" dest-id="53045" weight="-4.695729120305371"/>
<connection id="53087" src-id="52955" dest-id="53045" weight="-3.0181419745385814"/>
<connection id="53088" src-id="53045" dest-id="52956" weight="1.1546947603104551"/>
<neuron id="53089" type="hid" activation="sigmoid"/>
<connection id="53090" src-id="52914" dest-id="53089" weight="1.8375465695991098"/>
<connection id="53091" src-id="52915" dest-id="53089" weight="1.402124607526148"/>
<connection id="53093" src-id="52917" dest-id="53089" weight="2.885947808175187"/>
<connection id="53094" src-id="52918" dest-id="53089" weight="16.302367395728222"/>
<connection id="53096" src-id="52920" dest-id="53089" weight="6.603710771101854"/>
<connection id="53097" src-id="52921" dest-id="53089" weight="7.744607978914732"/>
<connection id="53098" src-id="52922" dest-id="53089" weight="-10.058720840045893"/>
<connection id="53099" src-id="52923" dest-id="53089" weight="-5.110162318715657"/>
<connection id="53100" src-id="52924" dest-id="53089" weight="-4.664194463822015"/>
<connection id="53101" src-id="52925" dest-id="53089" weight="-6.5689882575146665"/>
<connection id="53102" src-id="52926" dest-id="53089" weight="15.091564794216822"/>
<connection id="53103" src-id="52927" dest-id="53089" weight="2.343811878170119"/>
<connection id="53104" src-id="52928" dest-id="53089" weight="-7.016518321772928"/>
<connection id="53105" src-id="52929" dest-id="53089" weight="0.012867333371518908"/>
<connection id="53106" src-id="52930" dest-id="53089" weight="10.44989139613772"/>
<connection id="53107" src-id="52931" dest-id="53089" weight="-12.033187522222462"/>
<connection id="53108" src-id="52932" dest-id="53089" weight="-5.70335489045136"/>
<connection id="53109" src-id="52933" dest-id="53089" weight="-5.6628163481048475"/>
<connection id="53110" src-id="52934" dest-id="53089" weight="1.5066284418760114"/>
<connection id="53111" src-id="52935" dest-id="53089" weight="3.0239530414213656"/>
<connection id="53112" src-id="52936" dest-id="53089" weight="3.1462090372128144"/>
<connection id="53113" src-id="52937" dest-id="53089" weight="1.4350510392940556"/>
<connection id="53114" src-id="52938" dest-id="53089" weight="0.16960790367099715"/>
<connection id="53115" src-id="52939" dest-id="53089" weight="-0.5747109447593557"/>
<connection id="53116" src-id="52940" dest-id="53089" weight="11.943221958377471"/>
<connection id="53117" src-id="52941" dest-id="53089" weight="3.0034222339838585"/>
<connection id="53118" src-id="52942" dest-id="53089" weight="-0.02352665553275618"/>
<connection id="53119" src-id="52943" dest-id="53089" weight="3.5942659772748833"/>
<connection id="53121" src-id="52945" dest-id="53089" weight="-10.660764966850326"/>
<connection id="53122" src-id="52946" dest-id="53089" weight="-12.259330710026966"/>
<connection id="53124" src-id="52948" dest-id="53089" weight="2.564608836044849"/>
<connection id="53125" src-id="52949" dest-id="53089" weight="8.524425721579068"/>
<connection id="53126" src-id="52950" dest-id="53089" weight="-8.440033441020807"/>
<connection id="53127" src-id="52951" dest-id="53089" weight="14.855021737589098"/>
<connection id="53128" src-id="52952" dest-id="53089" weight="-2.2068809419668183"/>
<connection id="53129" src-id="52953" dest-id="53089" weight="1.7017359839075534"/>
<connection id="53130" src-id="52954" dest-id="53089" weight="-1.3140474220228886"/>
<connection id="53131" src-id="52955" dest-id="53089" weight="6.126000414127428"/>
<connection id="53132" src-id="53089" dest-id="52956" weight="2.5623764681019634"/>
<neuron id="53133" type="hid" activation="sigmoid"/>
<connection id="53134" src-id="52914" dest-id="53133" weight="-2.1964384477757193"/>
<connection id="53135" src-id="52915" dest-id="53133" weight="-9.007502592303751"/>
<connection id="53137" src-id="52917" dest-id="53133" weight="-5.891570531436159"/>
<connection id="53138" src-id="52918" dest-id="53133" weight="-1.3816889049013004"/>
<connection id="53139" src-id="52919" dest-id="53133" weight="10.4176237962116"/>
<connection id="53140" src-id="52920" dest-id="53133" weight="1.8275423948272844"/>
<connection id="53141" src-id="52921" dest-id="53133" weight="-1.5015800199225258"/>
<connection id="53142" src-id="52922" dest-id="53133" weight="-3.292016882430032"/>
<connection id="53144" src-id="52924" dest-id="53133" weight="-2.583086646932841"/>
<connection id="53145" src-id="52925" dest-id="53133" weight="5.07722323952741"/>
<connection id="53146" src-id="52926" dest-id="53133" weight="-7.479427954029543"/>
<connection id="53147" src-id="52927" dest-id="53133" weight="-2.422064042834855"/>
<connection id="53148" src-id="52928" dest-id="53133" weight="-5.137102789696345"/>
<connection id="53149" src-id="52929" dest-id="53133" weight="-2.123238231299799"/>
<connection id="53150" src-id="52930" dest-id="53133" weight="-5.482840587087184"/>
<connection id="53151" src-id="52931" dest-id="53133" weight="-7.719013226938683"/>
<connection id="53153" src-id="52933" dest-id="53133" weight="2.0420841509482903"/>
<connection id="53154" src-id="52934" dest-id="53133" weight="6.2082709470273185"/>
<connection id="53155" src-id="52935" dest-id="53133" weight="-10.667859563475558"/>
<connection id="53156" src-id="52936" dest-id="53133" weight="22.149477116631566"/>
<connection id="53157" src-id="52937" dest-id="53133" weight="13.55852376575252"/>
<connection id="53158" src-id="52938" dest-id="53133" weight="-8.559587703960913"/>
<connection id="53159" src-id="52939" dest-id="53133" weight="-3.6506980099183766"/>
<connection id="53160" src-id="52940" dest-id="53133" weight="-0.4152130781794464"/>
<connection id="53161" src-id="52941" dest-id="53133" weight="2.7448108547629784"/>
<connection id="53162" src-id="52942" dest-id="53133" weight="-1.480966120286035"/>
<connection id="53163" src-id="52943" dest-id="53133" weight="-7.447653273193028"/>
<connection id="53164" src-id="52944" dest-id="53133" weight="-8.936281631619375"/>
<connection id="53167" src-id="52947" dest-id="53133" weight="4.915578351135075"/>
<connection id="53168" src-id="52948" dest-id="53133" weight="-0.11138091129619276"/>
<connection id="53169" src-id="52949" dest-id="53133" weight="1.2673857351937294"/>
<connection id="53170" src-id="52950" dest-id="53133" weight="10.38461002555416"/>
<connection id="53172" src-id="52952" dest-id="53133" weight="7.021743361636798"/>
<connection id="53173" src-id="52953" dest-id="53133" weight="-8.723457971971092"/>
<connection id="53174" src-id="52954" dest-id="53133" weight="-17.080573351620693"/>
<connection id="53175" src-id="52955" dest-id="53133" weight="-7.246827644625906"/>
<connection id="53176" src-id="53133" dest-id="52956" weight="8.561318443912345"/>
<connection id="53261" src-id="53089" dest-id="52957" weight="-12.942259845409405"/>
<connection id="53262" src-id="52945" dest-id="52956" weight="21.46248418001359"/>
<neuron id="53512" type="hid" activation="sigmoid"/>
<connection id="53513" src-id="52946" dest-id="53512" weight="3.902693949431512"/>
<connection id="53514" src-id="53512" dest-id="53133" weight="9.194130253144964"/>
<neuron id="53518" type="hid" activation="sigmoid"/>
<connection id="53519" src-id="52932" dest-id="53518" weight="1.0"/>
<connection id="53520" src-id="53518" dest-id="53133" weight="-9.323612539171961"/>
<connection id="53670" src-id="52923" dest-id="52956" weight="14.163772631475945"/>
<neuron id="53857" type="hid" activation="sigmoid"/>
<connection id="53859" src-id="53857" dest-id="53001" weight="4.564104950686033"/>
<neuron id="53869" type="hid" activation="sigmoid"/>
<connection id="53870" src-id="52931" dest-id="53869" weight="-7.933746787906811"/>
<connection id="53871" src-id="53869" dest-id="52957" weight="-12.101467760128187"/>
<connection id="53933" src-id="52934" dest-id="52956" weight="6.937699856785283"/>
<connection id="54061" src-id="52916" dest-id="52956" weight="6.027840008934222"/>
<neuron id="54145" type="hid" activation="sigmoid"/>
<connection id="54146" src-id="52916" dest-id="54145" weight="-0.9192423363159477"/>
<connection id="54147" src-id="54145" dest-id="53089" weight="12.776920486189457"/>
<neuron id="54421" type="hid" activation="sigmoid"/>
<connection id="54422" src-id="52947" dest-id="54421" weight="-0.27533261050688385"/>
<connection id="54423" src-id="54421" dest-id="53089" weight="1.9481571413932204"/>
<neuron id="54641" type="hid" activation="sigmoid"/>
<connection id="54642" src-id="52919" dest-id="54641" weight="-13.451466265531126"/>
<neuron id="54644" type="hid" activation="sigmoid"/>
<connection id="54645" src-id="52933" dest-id="54644" weight="0.04991705334519381"/>
<connection id="54646" src-id="54644" dest-id="52957" weight="4.198389681026999"/>
<connection id="54771" src-id="53089" dest-id="53045" weight="-7.8765669767628"/>
<neuron id="54885" type="hid" activation="sigmoid"/>
<connection id="54886" src-id="52927" dest-id="54885" weight="1.943246533962347"/>
<connection id="54887" src-id="54885" dest-id="53001" weight="4.9488081331287574"/>
<connection id="55065" src-id="52941" dest-id="53857" weight="1.8852469214574765"/>
<connection id="55071" src-id="52918" dest-id="52956" weight="6.548692821966847"/>
<connection id="55232" src-id="52951" dest-id="54644" weight="2.654266125039133"/>
<connection id="55268" src-id="52917" dest-id="53857" weight="-4.927076814283062"/>
<connection id="55424" src-id="52952" dest-id="54644" weight="11.807384972407002"/>
<connection id="55430" src-id="52936" dest-id="54641" weight="0.9121537699886075"/>
<connection id="55610" src-id="52937" dest-id="54641" weight="-4.412547069191215"/>
<connection id="55613" src-id="53001" dest-id="53133" weight="1.9069651981529674"/>
<connection id="55618" src-id="52941" dest-id="54641" weight="0.7725947446922099"/>
<neuron id="55667" type="hid" activation="sigmoid"/>
<connection id="55668" src-id="52918" dest-id="55667" weight="6.161049222101064"/>
<connection id="55669" src-id="55667" dest-id="52957" weight="-6.015629269276124"/>
<connection id="55795" src-id="52935" dest-id="54885" weight="5.3221158923425484"/>
<connection id="55860" src-id="54641" dest-id="52956" weight="-2.676798894275833"/>
<connection id="55888" src-id="52937" dest-id="54885" weight="-7.814658601853051"/>
<neuron id="55969" type="hid" activation="sigmoid"/>
<connection id="55971" src-id="55969" dest-id="53045" weight="8.278546840102884"/>
<connection id="56069" src-id="52921" dest-id="52956" weight="0.3830995084339186"/>
<connection id="56168" src-id="52952" dest-id="54641" weight="2.4331277254036143"/>
<connection id="56335" src-id="52928" dest-id="55969" weight="3.5377583531711774"/>
<connection id="56344" src-id="52934" dest-id="54644" weight="-4.662047113369804"/>
<connection id="56422" src-id="52928" dest-id="54641" weight="4.7104431962868665"/>
<connection id="56423" src-id="52953" dest-id="54641" weight="4.53872204024543"/>
<neuron id="56483" type="hid" activation="sigmoid"/>
<connection id="56484" src-id="52932" dest-id="56483" weight="-0.35140720403483694"/>
<connection id="56485" src-id="56483" dest-id="53857" weight="-7.338739044232533"/>
<connection id="56555" src-id="53857" dest-id="55969" weight="-8.33449635500974"/>
<connection id="56559" src-id="54885" dest-id="52956" weight="6.805667823787252"/>
<neuron id="56575" type="hid" activation="sigmoid"/>
<connection id="56576" src-id="54641" dest-id="56575" weight="-4.308231023972189"/>
<connection id="56577" src-id="56575" dest-id="53089" weight="-24.307505202124307"/>
<neuron id="56578" type="hid" activation="sigmoid"/>
<connection id="56579" src-id="52937" dest-id="56578" weight="0.5341966669924417"/>
<connection id="56580" src-id="56578" dest-id="52957" weight="-6.743959029013043"/>
<connection id="56767" src-id="53869" dest-id="53512" weight="-9.66342324438987"/>
<connection id="56768" src-id="52914" dest-id="56575" weight="0.09143602407630924"/>
<connection id="56769" src-id="54644" dest-id="53869" weight="4.9018607132109135"/>
<connection id="56844" src-id="52932" dest-id="53869" weight="4.193158208783015"/>
<connection id="56848" src-id="52924" dest-id="53869" weight="-1.0834003395900624"/>
<connection id="56875" src-id="53001" dest-id="55667" weight="0.41817331314086914"/>
<connection id="56895" src-id="52939" dest-id="56578" weight="1.0635614641591915"/>
<connection id="56964" src-id="52948" dest-id="53869" weight="7.533028361197383"/>
<connection id="56965" src-id="52941" dest-id="54644" weight="-1.6546997258998752"/>
<connection id="56966" src-id="54641" dest-id="53512" weight="2.1333091324846105"/>
<connection id="56971" src-id="52952" dest-id="54885" weight="0.254314730570406"/>
<connection id="57171" src-id="52919" dest-id="55667" weight="3.650181573303089"/>
<connection id="57172" src-id="52924" dest-id="53512" weight="1.6034550625054425"/>
<connection id="57173" src-id="56483" dest-id="54641" weight="-0.15788710117340088"/>
<neuron id="57231" type="hid" activation="sigmoid"/>
<connection id="57232" src-id="52944" dest-id="57231" weight="0.5672478220109678"/>
<connection id="57233" src-id="57231" dest-id="53089" weight="-1.9510728400979085"/>
<connection id="57272" src-id="56575" dest-id="53133" weight="0.8006953001022339"/>
<connection id="57273" src-id="52937" dest-id="56575" weight="0.49851779768451077"/>
<connection id="57274" src-id="53001" dest-id="53869" weight="1.1823255493747526"/>
<connection id="57275" src-id="52943" dest-id="55667" weight="0.0345675479713764"/>
<connection id="57277" src-id="52925" dest-id="56575" weight="-2.2755504646570754"/>
<connection id="57278" src-id="52947" dest-id="54644" weight="0.29002960875021155"/>
</chromosome>