<chromosome id="59691" primary-parent-id="59316"><neuron id="52914" type="in" activation="linear"/>
<neuron id="52915" type="in" activation="linear"/>
<neuron id="52916" type="in" activation="linear"/>
<neuron id="52917" type="in" activation="linear"/>
<neuron id="52918" type="in" activation="linear"/>
<neuron id="52919" type="in" activation="linear"/>
<neuron id="52920" type="in" activation="linear"/>
<neuron id="52921" type="in" activation="linear"/>
<neuron id="52922" type="in" activation="linear"/>
<neuron id="52923" type="in" activation="linear"/>
<neuron id="52924" type="in" activation="linear"/>
<neuron id="52925" type="in" activation="linear"/>
<neuron id="52926" type="in" activation="linear"/>
<neuron id="52927" type="in" activation="linear"/>
<neuron id="52928" type="in" activation="linear"/>
<neuron id="52929" type="in" activation="linear"/>
<neuron id="52930" type="in" activation="linear"/>
<neuron id="52931" type="in" activation="linear"/>
<neuron id="52932" type="in" activation="linear"/>
<neuron id="52933" type="in" activation="linear"/>
<neuron id="52934" type="in" activation="linear"/>
<neuron id="52935" type="in" activation="linear"/>
<neuron id="52936" type="in" activation="linear"/>
<neuron id="52937" type="in" activation="linear"/>
<neuron id="52938" type="in" activation="linear"/>
<neuron id="52939" type="in" activation="linear"/>
<neuron id="52940" type="in" activation="linear"/>
<neuron id="52941" type="in" activation="linear"/>
<neuron id="52942" type="in" activation="linear"/>
<neuron id="52943" type="in" activation="linear"/>
<neuron id="52944" type="in" activation="linear"/>
<neuron id="52945" type="in" activation="linear"/>
<neuron id="52946" type="in" activation="linear"/>
<neuron id="52947" type="in" activation="linear"/>
<neuron id="52948" type="in" activation="linear"/>
<neuron id="52949" type="in" activation="linear"/>
<neuron id="52950" type="in" activation="linear"/>
<neuron id="52951" type="in" activation="linear"/>
<neuron id="52952" type="in" activation="linear"/>
<neuron id="52953" type="in" activation="linear"/>
<neuron id="52954" type="in" activation="linear"/>
<neuron id="52955" type="in" activation="linear"/>
<neuron id="52956" type="out" activation="linear"/>
<neuron id="52957" type="hid" activation="sigmoid"/>
<connection id="52958" src-id="52914" dest-id="52957" weight="0.9472447994673816"/>
<connection id="52959" src-id="52915" dest-id="52957" weight="-2.3794827325917054"/>
<connection id="52963" src-id="52919" dest-id="52957" weight="-2.979553434760579"/>
<connection id="52964" src-id="52920" dest-id="52957" weight="4.865757759752935"/>
<connection id="52965" src-id="52921" dest-id="52957" weight="0.5269830509323034"/>
<connection id="52966" src-id="52922" dest-id="52957" weight="13.338021408167966"/>
<connection id="52967" src-id="52923" dest-id="52957" weight="2.2017333867856292"/>
<connection id="52968" src-id="52924" dest-id="52957" weight="8.646645838112086"/>
<connection id="52969" src-id="52925" dest-id="52957" weight="-7.983844883463335"/>
<connection id="52970" src-id="52926" dest-id="52957" weight="9.449431623088461"/>
<connection id="52971" src-id="52927" dest-id="52957" weight="5.519173748833518"/>
<connection id="52972" src-id="52928" dest-id="52957" weight="-12.338665908113658"/>
<connection id="52974" src-id="52930" dest-id="52957" weight="12.568373671435152"/>
<connection id="52976" src-id="52932" dest-id="52957" weight="9.807241582192239"/>
<connection id="52978" src-id="52934" dest-id="52957" weight="-19.622607890610677"/>
<connection id="52979" src-id="52935" dest-id="52957" weight="-13.790883799049816"/>
<connection id="52980" src-id="52936" dest-id="52957" weight="-0.9773299111958649"/>
<connection id="52982" src-id="52938" dest-id="52957" weight="24.632961246085227"/>
<connection id="52983" src-id="52939" dest-id="52957" weight="-0.39256839555514156"/>
<connection id="52984" src-id="52940" dest-id="52957" weight="11.59596396579866"/>
<connection id="52985" src-id="52941" dest-id="52957" weight="-1.051741685899896"/>
<connection id="52986" src-id="52942" dest-id="52957" weight="-16.26566874210439"/>
<connection id="52987" src-id="52943" dest-id="52957" weight="-0.7219302042960067"/>
<connection id="52988" src-id="52944" dest-id="52957" weight="5.464922362459492"/>
<connection id="52990" src-id="52946" dest-id="52957" weight="2.5675476115273796"/>
<connection id="52991" src-id="52947" dest-id="52957" weight="2.548730940832243"/>
<connection id="52992" src-id="52948" dest-id="52957" weight="-12.99594385028147"/>
<connection id="52993" src-id="52949" dest-id="52957" weight="0.610807990405783"/>
<connection id="52994" src-id="52950" dest-id="52957" weight="-14.14853304549223"/>
<connection id="52995" src-id="52951" dest-id="52957" weight="8.409022009771892"/>
<connection id="52996" src-id="52952" dest-id="52957" weight="19.715890316776623"/>
<connection id="52997" src-id="52953" dest-id="52957" weight="4.124056935473938"/>
<connection id="53000" src-id="52957" dest-id="52956" weight="9.20194759207638"/>
<neuron id="53001" type="hid" activation="sigmoid"/>
<connection id="53002" src-id="52914" dest-id="53001" weight="-1.9208919840758458"/>
<connection id="53005" src-id="52917" dest-id="53001" weight="6.271882785894598"/>
<connection id="53006" src-id="52918" dest-id="53001" weight="-5.812836589828502"/>
<connection id="53007" src-id="52919" dest-id="53001" weight="-9.85851520004271"/>
<connection id="53010" src-id="52922" dest-id="53001" weight="2.940420844254752"/>
<connection id="53011" src-id="52923" dest-id="53001" weight="-13.826548998205759"/>
<connection id="53012" src-id="52924" dest-id="53001" weight="0.011891202521354671"/>
<connection id="53013" src-id="52925" dest-id="53001" weight="-18.400741168857227"/>
<connection id="53014" src-id="52926" dest-id="53001" weight="20.2208072156739"/>
<connection id="53015" src-id="52927" dest-id="53001" weight="3.739823229626233"/>
<connection id="53016" src-id="52928" dest-id="53001" weight="-13.706557242313563"/>
<connection id="53017" src-id="52929" dest-id="53001" weight="4.608385703027752"/>
<connection id="53019" src-id="52931" dest-id="53001" weight="1.106926590284385"/>
<connection id="53021" src-id="52933" dest-id="53001" weight="-33.6529630770399"/>
<connection id="53022" src-id="52934" dest-id="53001" weight="-26.800908244767886"/>
<connection id="53023" src-id="52935" dest-id="53001" weight="7.053153482176141"/>
<connection id="53025" src-id="52937" dest-id="53001" weight="8.320702293408898"/>
<connection id="53026" src-id="52938" dest-id="53001" weight="-18.692322410865962"/>
<connection id="53027" src-id="52939" dest-id="53001" weight="-15.97757185488279"/>
<connection id="53028" src-id="52940" dest-id="53001" weight="13.939318873509107"/>
<connection id="53029" src-id="52941" dest-id="53001" weight="-0.5204087648732338"/>
<connection id="53031" src-id="52943" dest-id="53001" weight="9.583331671536008"/>
<connection id="53032" src-id="52944" dest-id="53001" weight="4.101116907282428"/>
<connection id="53033" src-id="52945" dest-id="53001" weight="-14.158426448046114"/>
<connection id="53034" src-id="52946" dest-id="53001" weight="-19.842885189331643"/>
<connection id="53036" src-id="52948" dest-id="53001" weight="-10.627515424435938"/>
<connection id="53037" src-id="52949" dest-id="53001" weight="7.793016726871359"/>
<connection id="53038" src-id="52950" dest-id="53001" weight="9.221661245471001"/>
<connection id="53039" src-id="52951" dest-id="53001" weight="-1.855335200376279"/>
<connection id="53040" src-id="52952" dest-id="53001" weight="-11.937742205941312"/>
<connection id="53041" src-id="52953" dest-id="53001" weight="-2.651257110496023"/>
<connection id="53042" src-id="52954" dest-id="53001" weight="0.8002208056862941"/>
<connection id="53043" src-id="52955" dest-id="53001" weight="-1.6888393563701034"/>
<connection id="53044" src-id="53001" dest-id="52956" weight="16.46411910334119"/>
<neuron id="53045" type="hid" activation="sigmoid"/>
<connection id="53046" src-id="52914" dest-id="53045" weight="-5.994004917316484"/>
<connection id="53049" src-id="52917" dest-id="53045" weight="6.0275559840985835"/>
<connection id="53050" src-id="52918" dest-id="53045" weight="-10.385308282594034"/>
<connection id="53051" src-id="52919" dest-id="53045" weight="10.607591029092665"/>
<connection id="53052" src-id="52920" dest-id="53045" weight="-16.605778934607336"/>
<connection id="53053" src-id="52921" dest-id="53045" weight="-4.413197617307844"/>
<connection id="53054" src-id="52922" dest-id="53045" weight="-16.243118550154733"/>
<connection id="53056" src-id="52924" dest-id="53045" weight="-5.0628594762573575"/>
<connection id="53058" src-id="52926" dest-id="53045" weight="-5.010922936203327"/>
<connection id="53059" src-id="52927" dest-id="53045" weight="18.00576266461186"/>
<connection id="53060" src-id="52928" dest-id="53045" weight="3.5659425298165033"/>
<connection id="53061" src-id="52929" dest-id="53045" weight="-31.207003275009736"/>
<connection id="53062" src-id="52930" dest-id="53045" weight="-2.841523860312215"/>
<connection id="53063" src-id="52931" dest-id="53045" weight="-16.48035029892887"/>
<connection id="53064" src-id="52932" dest-id="53045" weight="23.598648751129407"/>
<connection id="53065" src-id="52933" dest-id="53045" weight="-10.557650142581682"/>
<connection id="53066" src-id="52934" dest-id="53045" weight="11.085351216850999"/>
<connection id="53067" src-id="52935" dest-id="53045" weight="-5.307835973917114"/>
<connection id="53069" src-id="52937" dest-id="53045" weight="-11.356094215132583"/>
<connection id="53070" src-id="52938" dest-id="53045" weight="-24.572059467688746"/>
<connection id="53071" src-id="52939" dest-id="53045" weight="-4.8436242603967194"/>
<connection id="53072" src-id="52940" dest-id="53045" weight="1.7730704961495563"/>
<connection id="53073" src-id="52941" dest-id="53045" weight="-7.07264935629642"/>
<connection id="53074" src-id="52942" dest-id="53045" weight="-13.005224129727187"/>
<connection id="53075" src-id="52943" dest-id="53045" weight="-9.548273904370868"/>
<connection id="53078" src-id="52946" dest-id="53045" weight="6.900854038562571"/>
<connection id="53079" src-id="52947" dest-id="53045" weight="-6.9450543831846385"/>
<connection id="53080" src-id="52948" dest-id="53045" weight="-4.350335321020074"/>
<connection id="53081" src-id="52949" dest-id="53045" weight="-7.7031743947089"/>
<connection id="53082" src-id="52950" dest-id="53045" weight="-5.688763454175951"/>
<connection id="53083" src-id="52951" dest-id="53045" weight="4.1137177196844625"/>
<connection id="53084" src-id="52952" dest-id="53045" weight="14.619975762059113"/>
<connection id="53085" src-id="52953" dest-id="53045" weight="2.9504411069853886"/>
<connection id="53086" src-id="52954" dest-id="53045" weight="1.3527915628960767"/>
<connection id="53087" src-id="52955" dest-id="53045" weight="3.304831134354071"/>
<connection id="53088" src-id="53045" dest-id="52956" weight="-1.9278966122390249"/>
<neuron id="53089" type="hid" activation="sigmoid"/>
<connection id="53090" src-id="52914" dest-id="53089" weight="7.128097613970052"/>
<connection id="53091" src-id="52915" dest-id="53089" weight="-10.021533174545059"/>
<connection id="53094" src-id="52918" dest-id="53089" weight="16.577080791761517"/>
<connection id="53096" src-id="52920" dest-id="53089" weight="1.3116997631764016"/>
<connection id="53097" src-id="52921" dest-id="53089" weight="-5.745654557705018"/>
<connection id="53098" src-id="52922" dest-id="53089" weight="-19.18549423411279"/>
<connection id="53099" src-id="52923" dest-id="53089" weight="-12.989993127037621"/>
<connection id="53100" src-id="52924" dest-id="53089" weight="-3.7790556280384866"/>
<connection id="53101" src-id="52925" dest-id="53089" weight="-5.962760501553782"/>
<connection id="53102" src-id="52926" dest-id="53089" weight="19.321816447670283"/>
<connection id="53103" src-id="52927" dest-id="53089" weight="3.3967674651527666"/>
<connection id="53104" src-id="52928" dest-id="53089" weight="-29.530407400945236"/>
<connection id="53105" src-id="52929" dest-id="53089" weight="2.974713152603405"/>
<connection id="53106" src-id="52930" dest-id="53089" weight="14.954851401173702"/>
<connection id="53107" src-id="52931" dest-id="53089" weight="-14.327119607572744"/>
<connection id="53108" src-id="52932" dest-id="53089" weight="-2.7908903081894256"/>
<connection id="53109" src-id="52933" dest-id="53089" weight="0.48405488593520624"/>
<connection id="53110" src-id="52934" dest-id="53089" weight="3.4027654545096353"/>
<connection id="53111" src-id="52935" dest-id="53089" weight="3.830641001238543"/>
<connection id="53112" src-id="52936" dest-id="53089" weight="1.019069366251087"/>
<connection id="53113" src-id="52937" dest-id="53089" weight="-2.9094996820533012"/>
<connection id="53114" src-id="52938" dest-id="53089" weight="4.61619067442708"/>
<connection id="53115" src-id="52939" dest-id="53089" weight="-0.6290482396020798"/>
<connection id="53116" src-id="52940" dest-id="53089" weight="18.783265623221716"/>
<connection id="53117" src-id="52941" dest-id="53089" weight="9.842587309435306"/>
<connection id="53118" src-id="52942" dest-id="53089" weight="-4.1605381701010655"/>
<connection id="53119" src-id="52943" dest-id="53089" weight="10.300709239099787"/>
<connection id="53121" src-id="52945" dest-id="53089" weight="-18.640733647629606"/>
<connection id="53122" src-id="52946" dest-id="53089" weight="-12.0349777030614"/>
<connection id="53124" src-id="52948" dest-id="53089" weight="0.4541146170092324"/>
<connection id="53126" src-id="52950" dest-id="53089" weight="-12.367795978891614"/>
<connection id="53128" src-id="52952" dest-id="53089" weight="-5.579762609926077"/>
<connection id="53129" src-id="52953" dest-id="53089" weight="-2.11591885005072"/>
<connection id="53130" src-id="52954" dest-id="53089" weight="4.187412667942189"/>
<connection id="53131" src-id="52955" dest-id="53089" weight="7.595319921072888"/>
<connection id="53132" src-id="53089" dest-id="52956" weight="10.915827216133335"/>
<neuron id="53133" type="hid" activation="sigmoid"/>
<connection id="53134" src-id="52914" dest-id="53133" weight="-8.24757920408583"/>
<connection id="53135" src-id="52915" dest-id="53133" weight="-14.785688953424104"/>
<connection id="53137" src-id="52917" dest-id="53133" weight="-7.407195870892113"/>
<connection id="53138" src-id="52918" dest-id="53133" weight="-5.425120566595012"/>
<connection id="53139" src-id="52919" dest-id="53133" weight="9.053320137529434"/>
<connection id="53140" src-id="52920" dest-id="53133" weight="0.5252946153341507"/>
<connection id="53141" src-id="52921" dest-id="53133" weight="0.8902980061641423"/>
<connection id="53142" src-id="52922" dest-id="53133" weight="3.365001274789906"/>
<connection id="53144" src-id="52924" dest-id="53133" weight="-4.312200256711465"/>
<connection id="53145" src-id="52925" dest-id="53133" weight="1.5585331658251984"/>
<connection id="53146" src-id="52926" dest-id="53133" weight="-13.158488171565226"/>
<connection id="53147" src-id="52927" dest-id="53133" weight="-5.409476733247885"/>
<connection id="53148" src-id="52928" dest-id="53133" weight="0.3712143181903387"/>
<connection id="53149" src-id="52929" dest-id="53133" weight="-6.771924911464355"/>
<connection id="53150" src-id="52930" dest-id="53133" weight="-0.991203521986403"/>
<connection id="53153" src-id="52933" dest-id="53133" weight="7.0446566152053745"/>
<connection id="53154" src-id="52934" dest-id="53133" weight="12.296369357273264"/>
<connection id="53155" src-id="52935" dest-id="53133" weight="-13.539484006410973"/>
<connection id="53156" src-id="52936" dest-id="53133" weight="30.907834206353147"/>
<connection id="53157" src-id="52937" dest-id="53133" weight="18.61827691812732"/>
<connection id="53158" src-id="52938" dest-id="53133" weight="-19.993970444265937"/>
<connection id="53159" src-id="52939" dest-id="53133" weight="-8.384933820235606"/>
<connection id="53160" src-id="52940" dest-id="53133" weight="-2.2423846979409654"/>
<connection id="53161" src-id="52941" dest-id="53133" weight="7.4626481809852265"/>
<connection id="53162" src-id="52942" dest-id="53133" weight="-2.5180915121779712"/>
<connection id="53163" src-id="52943" dest-id="53133" weight="-13.006059198893851"/>
<connection id="53164" src-id="52944" dest-id="53133" weight="-8.036547835872202"/>
<connection id="53167" src-id="52947" dest-id="53133" weight="8.099637794696914"/>
<connection id="53168" src-id="52948" dest-id="53133" weight="1.8358935025175014"/>
<connection id="53169" src-id="52949" dest-id="53133" weight="-1.1370960098740117"/>
<connection id="53170" src-id="52950" dest-id="53133" weight="7.261156940080929"/>
<connection id="53172" src-id="52952" dest-id="53133" weight="-1.249073678280892"/>
<connection id="53173" src-id="52953" dest-id="53133" weight="-4.194320402173973"/>
<connection id="53174" src-id="52954" dest-id="53133" weight="-16.65865502749378"/>
<connection id="53175" src-id="52955" dest-id="53133" weight="0.6486118641039474"/>
<connection id="53176" src-id="53133" dest-id="52956" weight="-2.4143378327407303"/>
<connection id="53261" src-id="53089" dest-id="52957" weight="-17.863311929222533"/>
<connection id="53262" src-id="52945" dest-id="52956" weight="21.825323415301128"/>
<neuron id="53512" type="hid" activation="sigmoid"/>
<connection id="53513" src-id="52946" dest-id="53512" weight="3.4190109218235825"/>
<connection id="53514" src-id="53512" dest-id="53133" weight="11.171267888603843"/>
<neuron id="53518" type="hid" activation="sigmoid"/>
<connection id="53519" src-id="52932" dest-id="53518" weight="-1.0670026502736207"/>
<connection id="53520" src-id="53518" dest-id="53133" weight="-13.841330874522024"/>
<connection id="53670" src-id="52923" dest-id="52956" weight="12.513468251761939"/>
<connection id="53816" src-id="52935" dest-id="53512" weight="1.9718610822426395"/>
<connection id="53835" src-id="52926" dest-id="53512" weight="0.6784302613488988"/>
<neuron id="53857" type="hid" activation="sigmoid"/>
<connection id="53859" src-id="53857" dest-id="53001" weight="4.945507909232612"/>
<neuron id="53869" type="hid" activation="sigmoid"/>
<connection id="53870" src-id="52931" dest-id="53869" weight="-9.671902019884449"/>
<connection id="53871" src-id="53869" dest-id="52957" weight="-8.715503331838432"/>
<connection id="53933" src-id="52934" dest-id="52956" weight="4.149141454539636"/>
<connection id="54043" src-id="52939" dest-id="52956" weight="-4.199079462056505"/>
<connection id="54061" src-id="52916" dest-id="52956" weight="2.337587358652975"/>
<connection id="54093" src-id="53001" dest-id="52957" weight="-1.5668548378336895"/>
<neuron id="54145" type="hid" activation="sigmoid"/>
<connection id="54146" src-id="52916" dest-id="54145" weight="5.420629225863015"/>
<connection id="54147" src-id="54145" dest-id="53089" weight="16.592392871819843"/>
<connection id="54262" src-id="52936" dest-id="53857" weight="-7.881146940427934"/>
<neuron id="54421" type="hid" activation="sigmoid"/>
<connection id="54422" src-id="52947" dest-id="54421" weight="-10.007784182880034"/>
<neuron id="54641" type="hid" activation="sigmoid"/>
<connection id="54642" src-id="52919" dest-id="54641" weight="-24.177326131148064"/>
<neuron id="54644" type="hid" activation="sigmoid"/>
<connection id="54645" src-id="52933" dest-id="54644" weight="1.668695135051827"/>
<connection id="54646" src-id="54644" dest-id="52957" weight="-9.402957919230408"/>
<connection id="54771" src-id="53089" dest-id="53045" weight="-2.2816860248797504"/>
<neuron id="54885" type="hid" activation="sigmoid"/>
<connection id="55065" src-id="52941" dest-id="53857" weight="0.9347136855132894"/>
<connection id="55071" src-id="52918" dest-id="52956" weight="0.831019790263155"/>
<connection id="55268" src-id="52917" dest-id="53857" weight="-3.5149488175166974"/>
<neuron id="55275" type="hid" activation="sigmoid"/>
<connection id="55276" src-id="52915" dest-id="55275" weight="-0.5223110407640377"/>
<connection id="55277" src-id="55275" dest-id="53001" weight="-0.16742223988987237"/>
<connection id="55430" src-id="52936" dest-id="54641" weight="5.050161795309215"/>
<neuron id="55510" type="hid" activation="sigmoid"/>
<connection id="55511" src-id="52929" dest-id="55510" weight="-4.3498410787421635"/>
<connection id="55512" src-id="55510" dest-id="52957" weight="-10.285730062297963"/>
<connection id="55548" src-id="52921" dest-id="53857" weight="-0.07900086130810036"/>
<connection id="55575" src-id="52950" dest-id="52956" weight="-3.5704449972221046"/>
<connection id="55610" src-id="52937" dest-id="54641" weight="-6.751792574989148"/>
<connection id="55618" src-id="52941" dest-id="54641" weight="-2.8011288719989604"/>
<neuron id="55667" type="hid" activation="sigmoid"/>
<connection id="55668" src-id="52918" dest-id="55667" weight="1.754288404940826"/>
<connection id="55669" src-id="55667" dest-id="52957" weight="-13.186093356404921"/>
<connection id="55757" src-id="52944" dest-id="54885" weight="-0.6659302761804229"/>
<connection id="55780" src-id="52915" dest-id="52956" weight="3.488779835338014"/>
<connection id="55808" src-id="52917" dest-id="54885" weight="-5.985640937750758"/>
<connection id="55860" src-id="54641" dest-id="52956" weight="-8.46712667796942"/>
<connection id="55885" src-id="52915" dest-id="53857" weight="-2.0562683993791406"/>
<connection id="55888" src-id="52937" dest-id="54885" weight="-9.691277316485175"/>
<neuron id="55969" type="hid" activation="sigmoid"/>
<connection id="55971" src-id="55969" dest-id="53045" weight="8.684188869239213"/>
<connection id="56069" src-id="52921" dest-id="52956" weight="5.512980793959615"/>
<neuron id="56097" type="hid" activation="sigmoid"/>
<connection id="56098" src-id="52917" dest-id="56097" weight="1.8046445259736412"/>
<connection id="56099" src-id="56097" dest-id="53089" weight="-3.4825552646118254"/>
<connection id="56142" src-id="54641" dest-id="53133" weight="4.886320950876577"/>
<connection id="56168" src-id="52952" dest-id="54641" weight="-10.637172106480675"/>
<connection id="56217" src-id="54885" dest-id="53133" weight="0.26806233534560936"/>
<connection id="56319" src-id="52940" dest-id="54641" weight="-11.564075419706857"/>
<connection id="56335" src-id="52928" dest-id="55969" weight="-4.620137495963727"/>
<connection id="56344" src-id="52934" dest-id="54644" weight="-1.0272813316718328"/>
<connection id="56386" src-id="52927" dest-id="55969" weight="-8.800738250531538"/>
<connection id="56422" src-id="52928" dest-id="54641" weight="-5.68743271173527"/>
<connection id="56423" src-id="52953" dest-id="54641" weight="-0.8268146395271367"/>
<neuron id="56480" type="hid" activation="sigmoid"/>
<connection id="56481" src-id="52954" dest-id="56480" weight="-1.7060980477280898"/>
<connection id="56482" src-id="56480" dest-id="52957" weight="-1.5951163148281202"/>
<neuron id="56483" type="hid" activation="sigmoid"/>
<connection id="56484" src-id="52932" dest-id="56483" weight="-2.5496643729095223"/>
<connection id="56485" src-id="56483" dest-id="53857" weight="-13.863788311434108"/>
<connection id="56534" src-id="52925" dest-id="55969" weight="3.897556923374456"/>
<connection id="56543" src-id="52931" dest-id="54641" weight="-0.2990697090518674"/>
<connection id="56555" src-id="53857" dest-id="55969" weight="-12.361646834551363"/>
<connection id="56559" src-id="54885" dest-id="52956" weight="5.005305326522414"/>
<connection id="56566" src-id="52945" dest-id="55969" weight="-0.36167380328805576"/>
<neuron id="56572" type="hid" activation="sigmoid"/>
<connection id="56573" src-id="52951" dest-id="56572" weight="2.429204731985431"/>
<connection id="56574" src-id="56572" dest-id="53089" weight="12.267898889226558"/>
<neuron id="56575" type="hid" activation="sigmoid"/>
<connection id="56576" src-id="54641" dest-id="56575" weight="-12.584247237065446"/>
<connection id="56577" src-id="56575" dest-id="53089" weight="-38.969041164804246"/>
<neuron id="56578" type="hid" activation="sigmoid"/>
<connection id="56579" src-id="52937" dest-id="56578" weight="12.567642912382516"/>
<connection id="56642" src-id="54644" dest-id="53089" weight="1.542448089863054"/>
<connection id="56767" src-id="53869" dest-id="53512" weight="-3.72961605381516"/>
<connection id="56768" src-id="52914" dest-id="56575" weight="0.4724312583279029"/>
<connection id="56769" src-id="54644" dest-id="53869" weight="9.832036079687013"/>
<connection id="56848" src-id="52924" dest-id="53869" weight="6.611484903012254"/>
<connection id="56875" src-id="53001" dest-id="55667" weight="-0.2376262911941892"/>
<connection id="56895" src-id="52939" dest-id="56578" weight="1.006257544015558"/>
<connection id="56964" src-id="52948" dest-id="53869" weight="10.026700021964242"/>
<connection id="56966" src-id="54641" dest-id="53512" weight="-0.7466602320341442"/>
<connection id="56971" src-id="52952" dest-id="54885" weight="5.466290191441584"/>
<connection id="57024" src-id="52930" dest-id="55667" weight="-0.7301249504089355"/>
<connection id="57034" src-id="52939" dest-id="53869" weight="-0.20555918469651235"/>
<connection id="57036" src-id="52950" dest-id="56575" weight="-0.46684631639464846"/>
<connection id="57171" src-id="52919" dest-id="55667" weight="-6.950144221136323"/>
<connection id="57172" src-id="52924" dest-id="53512" weight="0.944741934216692"/>
<connection id="57173" src-id="56483" dest-id="54641" weight="-7.53066289610336"/>
<neuron id="57231" type="hid" activation="sigmoid"/>
<connection id="57232" src-id="52944" dest-id="57231" weight="-0.4000015443552378"/>
<connection id="57233" src-id="57231" dest-id="53089" weight="10.059579170167261"/>
<connection id="57272" src-id="56575" dest-id="53133" weight="9.187012701169303"/>
<connection id="57273" src-id="52937" dest-id="56575" weight="13.084997890176648"/>
<connection id="57274" src-id="53001" dest-id="53869" weight="-2.962627920971918"/>
<connection id="57275" src-id="52943" dest-id="55667" weight="-0.7877286171570113"/>
<connection id="57277" src-id="52925" dest-id="56575" weight="-1.435370693480906"/>
<connection id="57278" src-id="52947" dest-id="54644" weight="9.462080823316489"/>
<connection id="57313" src-id="52955" dest-id="54641" weight="1.9948135134320808"/>
<connection id="57381" src-id="52929" dest-id="53512" weight="-0.4495774507522583"/>
<connection id="57514" src-id="52952" dest-id="56578" weight="-6.54324848602436"/>
<connection id="57518" src-id="54421" dest-id="54641" weight="2.380968489080236"/>
<connection id="57519" src-id="56578" dest-id="54644" weight="0.969154551380977"/>
<connection id="57520" src-id="52944" dest-id="56575" weight="14.69306257158459"/>
<connection id="57521" src-id="52942" dest-id="56483" weight="5.987924103210398"/>
<connection id="57522" src-id="52926" dest-id="53518" weight="1.7946861268304042"/>
<connection id="57523" src-id="52937" dest-id="56483" weight="-9.254020669255878"/>
<connection id="57527" src-id="56575" dest-id="53518" weight="-3.0428372038387073"/>
<neuron id="57562" type="hid" activation="sigmoid"/>
<connection id="57563" src-id="52952" dest-id="57562" weight="8.649208774975955"/>
<connection id="57564" src-id="57562" dest-id="54644" weight="13.797616515703329"/>
<connection id="57593" src-id="52948" dest-id="55969" weight="1.0322303613218864"/>
<connection id="57642" src-id="56575" dest-id="53512" weight="5.549265925605929"/>
<connection id="57643" src-id="52944" dest-id="56578" weight="2.2555137813344017"/>
<connection id="57644" src-id="52933" dest-id="56483" weight="-2.4965503585974327"/>
<connection id="57646" src-id="52938" dest-id="57562" weight="-7.570922903920869"/>
<connection id="57650" src-id="52931" dest-id="54644" weight="4.237266835274528"/>
<connection id="57651" src-id="54885" dest-id="56578" weight="-5.119262367213366"/>
<connection id="57652" src-id="56578" dest-id="56575" weight="2.463730253411244"/>
<connection id="57653" src-id="52927" dest-id="54421" weight="5.548158308565492"/>
<connection id="57654" src-id="54145" dest-id="52957" weight="3.9154625941931136"/>
<connection id="57655" src-id="52921" dest-id="54145" weight="-4.237392653978231"/>
<connection id="57656" src-id="52937" dest-id="53518" weight="-10.763934746369117"/>
<connection id="57659" src-id="52945" dest-id="53869" weight="4.882961402069789"/>
<connection id="57660" src-id="54644" dest-id="56575" weight="7.222844232051023"/>
<connection id="57661" src-id="52932" dest-id="54145" weight="10.601213054590193"/>
<connection id="57662" src-id="52925" dest-id="56483" weight="-0.8694757229128172"/>
<neuron id="57703" type="hid" activation="sigmoid"/>
<connection id="57705" src-id="57703" dest-id="54885" weight="2.8465235612143047"/>
<connection id="57763" src-id="56483" dest-id="55969" weight="-7.045004123576729"/>
<connection id="57780" src-id="52947" dest-id="56578" weight="0.9578693803219336"/>
<connection id="57782" src-id="52942" dest-id="57703" weight="0.4292907622915463"/>
<connection id="57807" src-id="52951" dest-id="53518" weight="-1.9745156581636831"/>
<connection id="57808" src-id="56578" dest-id="53869" weight="0.6357583408378621"/>
<connection id="57811" src-id="57703" dest-id="54641" weight="8.02473846587332"/>
<connection id="57813" src-id="52944" dest-id="56480" weight="-7.027372476139721"/>
<connection id="57816" src-id="52940" dest-id="57703" weight="2.1671840676745946"/>
<connection id="57819" src-id="52943" dest-id="56578" weight="-5.683976258581941"/>
<connection id="57821" src-id="54145" dest-id="53001" weight="0.9855947804793317"/>
<connection id="57823" src-id="53518" dest-id="52957" weight="7.746140988663144"/>
<connection id="57877" src-id="52937" dest-id="53869" weight="0.6140095197592071"/>
<neuron id="57889" type="hid" activation="sigmoid"/>
<connection id="57890" src-id="54145" dest-id="57889" weight="5.041355791929825"/>
<connection id="57891" src-id="57889" dest-id="56483" weight="0.9515395013170864"/>
<connection id="57929" src-id="55969" dest-id="53869" weight="-0.7155739393289624"/>
<connection id="57957" src-id="54885" dest-id="53089" weight="4.948939123919603"/>
<connection id="58052" src-id="54421" dest-id="53869" weight="0.020039031631206683"/>
<connection id="58063" src-id="52955" dest-id="53518" weight="-0.08618379299846968"/>
<connection id="58072" src-id="52949" dest-id="57562" weight="1.0741186076133722"/>
<connection id="58078" src-id="52941" dest-id="56572" weight="6.4450588583829305"/>
<connection id="58079" src-id="52920" dest-id="57231" weight="-1.596341239888852"/>
<connection id="58080" src-id="57231" dest-id="54885" weight="-2.2133448153270376"/>
<connection id="58081" src-id="52924" dest-id="57889" weight="1.160057562675231"/>
<connection id="58082" src-id="52941" dest-id="57703" weight="-2.9593987664846915"/>
<connection id="58086" src-id="52917" dest-id="53518" weight="-2.681413516253022"/>
<neuron id="58105" type="hid" activation="sigmoid"/>
<connection id="58106" src-id="54421" dest-id="58105" weight="-0.6571547738931964"/>
<connection id="58107" src-id="58105" dest-id="53089" weight="8.282680187881033"/>
<connection id="58230" src-id="52949" dest-id="56572" weight="-0.7041258811950684"/>
<connection id="58309" src-id="52942" dest-id="56572" weight="-2.613488862386333"/>
<connection id="58310" src-id="54421" dest-id="56575" weight="4.191192922346126"/>
<connection id="58311" src-id="52932" dest-id="56575" weight="4.054592693027799"/>
<connection id="58314" src-id="52922" dest-id="54145" weight="4.11359831267684"/>
<connection id="58315" src-id="55667" dest-id="57562" weight="-6.642854131616382"/>
<connection id="58316" src-id="57231" dest-id="56575" weight="-1.4385020295507926"/>
<connection id="58318" src-id="54885" dest-id="53512" weight="2.5214854827198567"/>
<connection id="58319" src-id="56578" dest-id="56480" weight="-2.8937131867885384"/>
<connection id="58320" src-id="52945" dest-id="54641" weight="-0.03853539543400386"/>
<connection id="58321" src-id="52932" dest-id="56572" weight="-4.210521892094416"/>
<connection id="58322" src-id="52914" dest-id="57562" weight="-8.733643823353392"/>
<connection id="58323" src-id="52922" dest-id="57562" weight="6.306804360170695"/>
<connection id="58324" src-id="55510" dest-id="54641" weight="0.2743718998417304"/>
<connection id="58325" src-id="52930" dest-id="58105" weight="-2.8802979412743177"/>
<connection id="58326" src-id="52924" dest-id="55510" weight="-8.413175215015908"/>
<neuron id="58330" type="hid" activation="sigmoid"/>
<connection id="58331" src-id="52949" dest-id="58330" weight="4.285674484123307"/>
<connection id="58332" src-id="58330" dest-id="53089" weight="11.69604415116633"/>
<connection id="58393" src-id="54421" dest-id="55667" weight="-8.504012203104669"/>
<connection id="58394" src-id="52938" dest-id="54421" weight="-7.391093337951189"/>
<connection id="58395" src-id="55667" dest-id="56480" weight="1.0338993433663382"/>
<connection id="58396" src-id="52951" dest-id="57231" weight="3.431295341441689"/>
<connection id="58404" src-id="52924" dest-id="55667" weight="-1.9279890539346127"/>
<connection id="58405" src-id="54145" dest-id="53869" weight="3.5514774976269208"/>
<connection id="58406" src-id="52951" dest-id="54145" weight="0.7310064250198616"/>
<connection id="58501" src-id="52934" dest-id="57231" weight="0.8969147205352783"/>
<connection id="58512" src-id="52955" dest-id="57562" weight="0.40929400840756247"/>
<connection id="58568" src-id="52929" dest-id="58330" weight="-0.7530049730634136"/>
<neuron id="58612" type="hid" activation="sigmoid"/>
<connection id="58613" src-id="52927" dest-id="58612" weight="-0.6434361702014207"/>
<connection id="58614" src-id="58612" dest-id="54885" weight="1.0300214725527095"/>
<neuron id="58615" type="hid" activation="sigmoid"/>
<connection id="58617" src-id="58615" dest-id="56578" weight="-3.3618680630759217"/>
<connection id="58677" src-id="55510" dest-id="53869" weight="-1.6674624723946248"/>
<connection id="58766" src-id="52947" dest-id="56572" weight="-0.8710293833963862"/>
<connection id="58768" src-id="52931" dest-id="53512" weight="0.4616363048553467"/>
<connection id="58806" src-id="58330" dest-id="57889" weight="3.3667033852399233"/>
<connection id="59080" src-id="54145" dest-id="53857" weight="3.72367067044138"/>
<connection id="59083" src-id="52918" dest-id="58615" weight="-0.3616496264390413"/>
<connection id="59085" src-id="52942" dest-id="55510" weight="-0.09001171588897705"/>
<connection id="59086" src-id="56480" dest-id="54644" weight="0.567222008179324"/>
<connection id="59087" src-id="52916" dest-id="53869" weight="-1.2411947832204595"/>
<connection id="59090" src-id="58615" dest-id="56483" weight="0.3540366073888843"/>
<connection id="59092" src-id="52926" dest-id="57703" weight="-0.6405541733818678"/>
<connection id="59093" src-id="58330" dest-id="57231" weight="3.3641373364822025"/>
<connection id="59094" src-id="52916" dest-id="53518" weight="1.6139249881727395"/>
<connection id="59095" src-id="52935" dest-id="58105" weight="-2.873112557700586"/>
<neuron id="59286" type="hid" activation="sigmoid"/>
<connection id="59287" src-id="52940" dest-id="59286" weight="-1.6299397345225737"/>
<connection id="59288" src-id="59286" dest-id="58615" weight="4.706488708791217"/>
<connection id="59334" src-id="58615" dest-id="54644" weight="-4.0531249613472085"/>
<connection id="59501" src-id="52920" dest-id="55510" weight="-0.3587550882278847"/>
<connection id="59521" src-id="53869" dest-id="56575" weight="0.04370793317105515"/>
<connection id="59523" src-id="53857" dest-id="58612" weight="1.1635344932552862"/>
<connection id="59526" src-id="54421" dest-id="54885" weight="4.133696297256849"/>
<connection id="59527" src-id="59286" dest-id="57562" weight="-3.715114069265532"/>
<connection id="59528" src-id="52949" dest-id="56483" weight="-0.8102948675389011"/>
<connection id="59529" src-id="54145" dest-id="54885" weight="-0.6843180656433105"/>
<connection id="59530" src-id="52937" dest-id="57703" weight="-1.5950205511738171"/>
<connection id="59531" src-id="58612" dest-id="55969" weight="-3.4107855888203193"/>
<connection id="59533" src-id="53869" dest-id="54641" weight="0.6341388699989652"/>
<connection id="59535" src-id="52914" dest-id="54145" weight="0.258831745848078"/>
<connection id="59536" src-id="54145" dest-id="58105" weight="0.07753443717956543"/>
<connection id="59537" src-id="52920" dest-id="59286" weight="0.014565587043762207"/>
<connection id="59538" src-id="57703" dest-id="53857" weight="3.0907847438209206"/>
<connection id="59540" src-id="52929" dest-id="58105" weight="-5.826064125142972"/>
<connection id="59542" src-id="52915" dest-id="54421" weight="0.19671110993642338"/>
<connection id="59546" src-id="58330" dest-id="56483" weight="-3.38355623380237"/>
<connection id="59547" src-id="52923" dest-id="58330" weight="-3.0569547154630974"/>
<neuron id="59671" type="hid" activation="sigmoid"/>
<connection id="59672" src-id="52945" dest-id="59671" weight="-1.1193604653002884"/>
<connection id="59673" src-id="59671" dest-id="52957" weight="-6.905878582892242"/>
<neuron id="59674" type="hid" activation="sigmoid"/>
<connection id="59675" src-id="54145" dest-id="59674" weight="-0.6889334795081656"/>
<connection id="59676" src-id="59674" dest-id="57562" weight="4.907347764520749"/>
</chromosome>