<chromosome id="44311" primary-parent-id="44069"><neuron id="39470" type="in" activation="linear"/>
<neuron id="39471" type="in" activation="linear"/>
<neuron id="39472" type="in" activation="linear"/>
<neuron id="39473" type="in" activation="linear"/>
<neuron id="39474" type="in" activation="linear"/>
<neuron id="39475" type="in" activation="linear"/>
<neuron id="39476" type="in" activation="linear"/>
<neuron id="39477" type="in" activation="linear"/>
<neuron id="39478" type="in" activation="linear"/>
<neuron id="39479" type="in" activation="linear"/>
<neuron id="39480" type="in" activation="linear"/>
<neuron id="39481" type="in" activation="linear"/>
<neuron id="39482" type="in" activation="linear"/>
<neuron id="39483" type="in" activation="linear"/>
<neuron id="39484" type="in" activation="linear"/>
<neuron id="39485" type="in" activation="linear"/>
<neuron id="39486" type="in" activation="linear"/>
<neuron id="39487" type="in" activation="linear"/>
<neuron id="39488" type="in" activation="linear"/>
<neuron id="39489" type="in" activation="linear"/>
<neuron id="39490" type="in" activation="linear"/>
<neuron id="39491" type="in" activation="linear"/>
<neuron id="39492" type="in" activation="linear"/>
<neuron id="39493" type="in" activation="linear"/>
<neuron id="39494" type="in" activation="linear"/>
<neuron id="39495" type="in" activation="linear"/>
<neuron id="39496" type="in" activation="linear"/>
<neuron id="39497" type="in" activation="linear"/>
<neuron id="39498" type="in" activation="linear"/>
<neuron id="39499" type="in" activation="linear"/>
<neuron id="39500" type="in" activation="linear"/>
<neuron id="39501" type="in" activation="linear"/>
<neuron id="39502" type="in" activation="linear"/>
<neuron id="39503" type="in" activation="linear"/>
<neuron id="39504" type="in" activation="linear"/>
<neuron id="39505" type="in" activation="linear"/>
<neuron id="39506" type="in" activation="linear"/>
<neuron id="39507" type="in" activation="linear"/>
<neuron id="39508" type="in" activation="linear"/>
<neuron id="39509" type="in" activation="linear"/>
<neuron id="39510" type="in" activation="linear"/>
<neuron id="39511" type="in" activation="linear"/>
<neuron id="39512" type="out" activation="linear"/>
<neuron id="39513" type="hid" activation="sigmoid"/>
<connection id="39515" src-id="39471" dest-id="39513" weight="2.3690981824215243"/>
<connection id="39516" src-id="39472" dest-id="39513" weight="0.24957529631192843"/>
<connection id="39517" src-id="39473" dest-id="39513" weight="5.343440210886566"/>
<connection id="39518" src-id="39474" dest-id="39513" weight="-4.34257030415093"/>
<connection id="39519" src-id="39475" dest-id="39513" weight="10.265055158505596"/>
<connection id="39523" src-id="39479" dest-id="39513" weight="-10.32451415519428"/>
<connection id="39525" src-id="39481" dest-id="39513" weight="-4.112793081685689"/>
<connection id="39526" src-id="39482" dest-id="39513" weight="5.521663775509486"/>
<connection id="39527" src-id="39483" dest-id="39513" weight="3.77297580168128"/>
<connection id="39528" src-id="39484" dest-id="39513" weight="-2.5019262938030975"/>
<connection id="39530" src-id="39486" dest-id="39513" weight="-1.730521170340057"/>
<connection id="39531" src-id="39487" dest-id="39513" weight="13.755003354040817"/>
<connection id="39532" src-id="39488" dest-id="39513" weight="-3.033790071414999"/>
<connection id="39534" src-id="39490" dest-id="39513" weight="-1.2298274191813394"/>
<connection id="39535" src-id="39491" dest-id="39513" weight="-3.645126471769364"/>
<connection id="39536" src-id="39492" dest-id="39513" weight="-8.747413880937554"/>
<connection id="39537" src-id="39493" dest-id="39513" weight="2.4312391475316177"/>
<connection id="39538" src-id="39494" dest-id="39513" weight="3.919688404204897"/>
<connection id="39539" src-id="39495" dest-id="39513" weight="8.144578496512198"/>
<connection id="39540" src-id="39496" dest-id="39513" weight="-11.265917612760326"/>
<connection id="39541" src-id="39497" dest-id="39513" weight="-2.374102252758696"/>
<connection id="39542" src-id="39498" dest-id="39513" weight="3.2863999900328213"/>
<connection id="39543" src-id="39499" dest-id="39513" weight="18.856069000366034"/>
<connection id="39544" src-id="39500" dest-id="39513" weight="-0.6038090895778622"/>
<connection id="39547" src-id="39503" dest-id="39513" weight="6.064117413011822"/>
<connection id="39548" src-id="39504" dest-id="39513" weight="3.1816762548168174"/>
<connection id="39549" src-id="39505" dest-id="39513" weight="6.601335216204506"/>
<connection id="39550" src-id="39506" dest-id="39513" weight="-1.0380449636162226"/>
<connection id="39551" src-id="39507" dest-id="39513" weight="-2.4926392754365114"/>
<connection id="39552" src-id="39508" dest-id="39513" weight="-4.247430821160536"/>
<connection id="39553" src-id="39509" dest-id="39513" weight="14.331187701013178"/>
<connection id="39555" src-id="39511" dest-id="39513" weight="2.918199975145349"/>
<neuron id="39601" type="hid" activation="sigmoid"/>
<connection id="39602" src-id="39470" dest-id="39601" weight="-3.7027862745165097"/>
<connection id="39603" src-id="39471" dest-id="39601" weight="-2.1287453188096577"/>
<connection id="39604" src-id="39472" dest-id="39601" weight="0.11666970239864671"/>
<connection id="39605" src-id="39473" dest-id="39601" weight="-0.018790059476230248"/>
<connection id="39606" src-id="39474" dest-id="39601" weight="-2.7644530795142233"/>
<connection id="39607" src-id="39475" dest-id="39601" weight="3.5265625349672964"/>
<connection id="39608" src-id="39476" dest-id="39601" weight="-7.905967714206182"/>
<connection id="39609" src-id="39477" dest-id="39601" weight="5.1453496725031656"/>
<connection id="39611" src-id="39479" dest-id="39601" weight="-5.325553483553082"/>
<connection id="39612" src-id="39480" dest-id="39601" weight="2.907721153616083"/>
<connection id="39614" src-id="39482" dest-id="39601" weight="-1.402796174865295"/>
<connection id="39615" src-id="39483" dest-id="39601" weight="11.775394619475925"/>
<connection id="39616" src-id="39484" dest-id="39601" weight="-1.8325629558789123"/>
<connection id="39617" src-id="39485" dest-id="39601" weight="-2.5877574048990004"/>
<connection id="39618" src-id="39486" dest-id="39601" weight="-1.098501444810369"/>
<connection id="39619" src-id="39487" dest-id="39601" weight="-2.0023670842994554"/>
<connection id="39620" src-id="39488" dest-id="39601" weight="-7.804056378725246"/>
<connection id="39621" src-id="39489" dest-id="39601" weight="1.0622707752773433"/>
<connection id="39623" src-id="39491" dest-id="39601" weight="-0.24093148759441263"/>
<connection id="39624" src-id="39492" dest-id="39601" weight="-6.013658717747882"/>
<connection id="39626" src-id="39494" dest-id="39601" weight="6.41418979139797"/>
<connection id="39627" src-id="39495" dest-id="39601" weight="-5.2752128829629825"/>
<connection id="39628" src-id="39496" dest-id="39601" weight="1.0224017973785693"/>
<connection id="39629" src-id="39497" dest-id="39601" weight="-10.911102399502472"/>
<connection id="39630" src-id="39498" dest-id="39601" weight="-5.594884320301051"/>
<connection id="39631" src-id="39499" dest-id="39601" weight="-0.6085499848919544"/>
<connection id="39632" src-id="39500" dest-id="39601" weight="7.182277844094495"/>
<connection id="39634" src-id="39502" dest-id="39601" weight="4.999182004496499"/>
<connection id="39635" src-id="39503" dest-id="39601" weight="3.477662201517769"/>
<connection id="39636" src-id="39504" dest-id="39601" weight="-5.631458150590502"/>
<connection id="39637" src-id="39505" dest-id="39601" weight="-1.0607679574906945"/>
<connection id="39638" src-id="39506" dest-id="39601" weight="1.9323761143570977"/>
<connection id="39639" src-id="39507" dest-id="39601" weight="-0.4400723189325272"/>
<connection id="39640" src-id="39508" dest-id="39601" weight="-0.17814736853809565"/>
<connection id="39641" src-id="39509" dest-id="39601" weight="-4.03638859451959"/>
<connection id="39642" src-id="39510" dest-id="39601" weight="-3.0316482229731907"/>
<connection id="39643" src-id="39511" dest-id="39601" weight="-7.1317010061613315"/>
<connection id="39644" src-id="39601" dest-id="39512" weight="-2.463078351103093"/>
<neuron id="39645" type="hid" activation="sigmoid"/>
<connection id="39646" src-id="39470" dest-id="39645" weight="-5.455491911838665"/>
<connection id="39647" src-id="39471" dest-id="39645" weight="3.776675686089565"/>
<connection id="39648" src-id="39472" dest-id="39645" weight="-3.8908337047537276"/>
<connection id="39649" src-id="39473" dest-id="39645" weight="1.71002262438216"/>
<connection id="39650" src-id="39474" dest-id="39645" weight="-1.7802488055525565"/>
<connection id="39651" src-id="39475" dest-id="39645" weight="0.2632149301233766"/>
<connection id="39653" src-id="39477" dest-id="39645" weight="-8.589549397884422"/>
<connection id="39656" src-id="39480" dest-id="39645" weight="-5.57919066242764"/>
<connection id="39657" src-id="39481" dest-id="39645" weight="5.658268256642089"/>
<connection id="39658" src-id="39482" dest-id="39645" weight="0.4730822493524893"/>
<connection id="39659" src-id="39483" dest-id="39645" weight="-3.4134344124217932"/>
<connection id="39660" src-id="39484" dest-id="39645" weight="-7.8778348009726376"/>
<connection id="39662" src-id="39486" dest-id="39645" weight="1.6086497417997854"/>
<connection id="39663" src-id="39487" dest-id="39645" weight="-3.8202350851415177"/>
<connection id="39664" src-id="39488" dest-id="39645" weight="-11.377611069978272"/>
<connection id="39665" src-id="39489" dest-id="39645" weight="0.9621926150119213"/>
<connection id="39666" src-id="39490" dest-id="39645" weight="1.1322956767797272"/>
<connection id="39668" src-id="39492" dest-id="39645" weight="-8.314575792630212"/>
<connection id="39670" src-id="39494" dest-id="39645" weight="1.7474187447393223"/>
<connection id="39671" src-id="39495" dest-id="39645" weight="0.4611549955417118"/>
<connection id="39672" src-id="39496" dest-id="39645" weight="-12.55050931506555"/>
<connection id="39673" src-id="39497" dest-id="39645" weight="-4.704685348305191"/>
<connection id="39674" src-id="39498" dest-id="39645" weight="-5.242618851817699"/>
<connection id="39675" src-id="39499" dest-id="39645" weight="5.862781248395685"/>
<connection id="39676" src-id="39500" dest-id="39645" weight="1.1376226617591791"/>
<connection id="39677" src-id="39501" dest-id="39645" weight="12.705003738642766"/>
<connection id="39678" src-id="39502" dest-id="39645" weight="-3.0796734129257928"/>
<connection id="39679" src-id="39503" dest-id="39645" weight="4.216397157964485"/>
<connection id="39680" src-id="39504" dest-id="39645" weight="-2.19637588670341"/>
<connection id="39681" src-id="39505" dest-id="39645" weight="0.9323408810976029"/>
<connection id="39682" src-id="39506" dest-id="39645" weight="-1.0364172353107635"/>
<connection id="39683" src-id="39507" dest-id="39645" weight="-5.090173537701347"/>
<connection id="39685" src-id="39509" dest-id="39645" weight="3.7888154566131784"/>
<connection id="39686" src-id="39510" dest-id="39645" weight="4.3049612946976366"/>
<connection id="39687" src-id="39511" dest-id="39645" weight="0.7164738539463238"/>
<connection id="39688" src-id="39645" dest-id="39512" weight="-0.8337112205034747"/>
<connection id="40254" src-id="39475" dest-id="39512" weight="0.9181420859974266"/>
<connection id="40361" src-id="39503" dest-id="39512" weight="9.883857748970811"/>
<neuron id="40571" type="hid" activation="sigmoid"/>
<connection id="40572" src-id="39489" dest-id="40571" weight="-3.5162030593751594"/>
<connection id="40961" src-id="39491" dest-id="39512" weight="6.025925736522239"/>
<connection id="40962" src-id="39513" dest-id="39645" weight="1.8991386797517043"/>
<neuron id="41169" type="hid" activation="sigmoid"/>
<connection id="41170" src-id="39500" dest-id="41169" weight="1.083229174001461"/>
<connection id="41171" src-id="41169" dest-id="39513" weight="-6.598485362493784"/>
<connection id="41392" src-id="39509" dest-id="39512" weight="2.3844185955851858"/>
<neuron id="41556" type="hid" activation="sigmoid"/>
<connection id="41557" src-id="39480" dest-id="41556" weight="-3.4421816372016973"/>
<connection id="41558" src-id="41556" dest-id="39513" weight="-1.4770288760525636"/>
<neuron id="41562" type="hid" activation="sigmoid"/>
<connection id="41563" src-id="39476" dest-id="41562" weight="7.170722482885926"/>
<connection id="41564" src-id="41562" dest-id="39645" weight="-19.14693610352414"/>
<connection id="41842" src-id="39478" dest-id="41562" weight="3.6503709968105493"/>
<connection id="41853" src-id="39504" dest-id="39512" weight="3.39775001542331"/>
<connection id="42078" src-id="39490" dest-id="40571" weight="6.300665601811383"/>
<neuron id="42379" type="hid" activation="sigmoid"/>
<connection id="42380" src-id="39485" dest-id="42379" weight="2.2102566003909807"/>
<connection id="42381" src-id="42379" dest-id="39645" weight="4.608996155002501"/>
<connection id="42523" src-id="39510" dest-id="40571" weight="0.763266237538804"/>
<connection id="42788" src-id="39491" dest-id="41562" weight="-1.270350475686516"/>
<connection id="42953" src-id="39513" dest-id="41562" weight="-0.05414597083639272"/>
<neuron id="43115" type="hid" activation="sigmoid"/>
<connection id="43116" src-id="39481" dest-id="43115" weight="0.5461531684557492"/>
<connection id="43117" src-id="43115" dest-id="39601" weight="-15.435819663172847"/>
<neuron id="43124" type="hid" activation="sigmoid"/>
<connection id="43125" src-id="39513" dest-id="43124" weight="-0.21430094542030043"/>
<connection id="43126" src-id="43124" dest-id="39512" weight="0.8126442027176997"/>
<connection id="43711" src-id="39506" dest-id="40571" weight="8.147393571306257"/>
<neuron id="44026" type="hid" activation="sigmoid"/>
<connection id="44027" src-id="39501" dest-id="44026" weight="0.8034570628510422"/>
<connection id="44028" src-id="44026" dest-id="39513" weight="10.38583391178777"/>
<connection id="44224" src-id="44026" dest-id="40571" weight="1.074394862079108"/>
<connection id="44226" src-id="39492" dest-id="43115" weight="3.763373951856047"/>
<connection id="44227" src-id="39488" dest-id="41169" weight="-1.3897870876031413"/>
<neuron id="44274" type="hid" activation="sigmoid"/>
<connection id="44275" src-id="40571" dest-id="44274" weight="1.0"/>
<connection id="44276" src-id="44274" dest-id="39513" weight="-13.117434707407664"/>
</chromosome>