<chromosome id="42418" primary-parent-id="42164"><neuron id="39470" type="in" activation="linear"/>
<neuron id="39471" type="in" activation="linear"/>
<neuron id="39472" type="in" activation="linear"/>
<neuron id="39473" type="in" activation="linear"/>
<neuron id="39474" type="in" activation="linear"/>
<neuron id="39475" type="in" activation="linear"/>
<neuron id="39476" type="in" activation="linear"/>
<neuron id="39477" type="in" activation="linear"/>
<neuron id="39478" type="in" activation="linear"/>
<neuron id="39479" type="in" activation="linear"/>
<neuron id="39480" type="in" activation="linear"/>
<neuron id="39481" type="in" activation="linear"/>
<neuron id="39482" type="in" activation="linear"/>
<neuron id="39483" type="in" activation="linear"/>
<neuron id="39484" type="in" activation="linear"/>
<neuron id="39485" type="in" activation="linear"/>
<neuron id="39486" type="in" activation="linear"/>
<neuron id="39487" type="in" activation="linear"/>
<neuron id="39488" type="in" activation="linear"/>
<neuron id="39489" type="in" activation="linear"/>
<neuron id="39490" type="in" activation="linear"/>
<neuron id="39491" type="in" activation="linear"/>
<neuron id="39492" type="in" activation="linear"/>
<neuron id="39493" type="in" activation="linear"/>
<neuron id="39494" type="in" activation="linear"/>
<neuron id="39495" type="in" activation="linear"/>
<neuron id="39496" type="in" activation="linear"/>
<neuron id="39497" type="in" activation="linear"/>
<neuron id="39498" type="in" activation="linear"/>
<neuron id="39499" type="in" activation="linear"/>
<neuron id="39500" type="in" activation="linear"/>
<neuron id="39501" type="in" activation="linear"/>
<neuron id="39502" type="in" activation="linear"/>
<neuron id="39503" type="in" activation="linear"/>
<neuron id="39504" type="in" activation="linear"/>
<neuron id="39505" type="in" activation="linear"/>
<neuron id="39506" type="in" activation="linear"/>
<neuron id="39507" type="in" activation="linear"/>
<neuron id="39508" type="in" activation="linear"/>
<neuron id="39509" type="in" activation="linear"/>
<neuron id="39510" type="in" activation="linear"/>
<neuron id="39511" type="in" activation="linear"/>
<neuron id="39512" type="out" activation="linear"/>
<neuron id="39513" type="hid" activation="sigmoid"/>
<connection id="39515" src-id="39471" dest-id="39513" weight="-0.2580216156113248"/>
<connection id="39516" src-id="39472" dest-id="39513" weight="6.295621323272467"/>
<connection id="39517" src-id="39473" dest-id="39513" weight="2.0119902006059975"/>
<connection id="39518" src-id="39474" dest-id="39513" weight="-1.4606456211113101"/>
<connection id="39519" src-id="39475" dest-id="39513" weight="-0.4167467282129982"/>
<connection id="39520" src-id="39476" dest-id="39513" weight="-2.6651800447563554"/>
<connection id="39521" src-id="39477" dest-id="39513" weight="-4.3978956912299925"/>
<connection id="39523" src-id="39479" dest-id="39513" weight="-3.2120032191274026"/>
<connection id="39524" src-id="39480" dest-id="39513" weight="-4.231536287670856"/>
<connection id="39525" src-id="39481" dest-id="39513" weight="-0.12201514807006686"/>
<connection id="39526" src-id="39482" dest-id="39513" weight="6.805262818744709"/>
<connection id="39527" src-id="39483" dest-id="39513" weight="3.0439156199199076"/>
<connection id="39528" src-id="39484" dest-id="39513" weight="-0.41686896569985876"/>
<connection id="39529" src-id="39485" dest-id="39513" weight="-1.6914810603262302"/>
<connection id="39530" src-id="39486" dest-id="39513" weight="-0.7693669683862581"/>
<connection id="39531" src-id="39487" dest-id="39513" weight="-0.39843995396251514"/>
<connection id="39532" src-id="39488" dest-id="39513" weight="3.5405154418253244"/>
<connection id="39534" src-id="39490" dest-id="39513" weight="-4.609798585376418"/>
<connection id="39535" src-id="39491" dest-id="39513" weight="0.722119981265557"/>
<connection id="39536" src-id="39492" dest-id="39513" weight="-10.232465426602616"/>
<connection id="39537" src-id="39493" dest-id="39513" weight="-0.8508776282865181"/>
<connection id="39538" src-id="39494" dest-id="39513" weight="1.4629020752809112"/>
<connection id="39539" src-id="39495" dest-id="39513" weight="2.4386897328346087"/>
<connection id="39540" src-id="39496" dest-id="39513" weight="-3.182656423660345"/>
<connection id="39541" src-id="39497" dest-id="39513" weight="-2.7151778869802428"/>
<connection id="39542" src-id="39498" dest-id="39513" weight="4.525638580026229"/>
<connection id="39543" src-id="39499" dest-id="39513" weight="7.172404188527087"/>
<connection id="39544" src-id="39500" dest-id="39513" weight="-1.270544412235509"/>
<connection id="39545" src-id="39501" dest-id="39513" weight="5.187571050653509"/>
<connection id="39547" src-id="39503" dest-id="39513" weight="0.2134377975094508"/>
<connection id="39548" src-id="39504" dest-id="39513" weight="-3.273491896830273"/>
<connection id="39549" src-id="39505" dest-id="39513" weight="2.8563253092028216"/>
<connection id="39550" src-id="39506" dest-id="39513" weight="-5.256720538073924"/>
<connection id="39551" src-id="39507" dest-id="39513" weight="0.1025385521962063"/>
<connection id="39552" src-id="39508" dest-id="39513" weight="-1.9975164164675008"/>
<connection id="39553" src-id="39509" dest-id="39513" weight="14.155738217548445"/>
<connection id="39554" src-id="39510" dest-id="39513" weight="3.884281567858384"/>
<connection id="39555" src-id="39511" dest-id="39513" weight="3.1005653480587596"/>
<connection id="39556" src-id="39513" dest-id="39512" weight="3.6862106980283214"/>
<neuron id="39601" type="hid" activation="sigmoid"/>
<connection id="39602" src-id="39470" dest-id="39601" weight="-1.3251387465976565"/>
<connection id="39603" src-id="39471" dest-id="39601" weight="0.43410605690621296"/>
<connection id="39604" src-id="39472" dest-id="39601" weight="-2.2578424996423"/>
<connection id="39605" src-id="39473" dest-id="39601" weight="-2.7176201597682725"/>
<connection id="39606" src-id="39474" dest-id="39601" weight="-6.5286282056283405"/>
<connection id="39607" src-id="39475" dest-id="39601" weight="1.1203141011000257"/>
<connection id="39608" src-id="39476" dest-id="39601" weight="-1.7090729815048218"/>
<connection id="39609" src-id="39477" dest-id="39601" weight="3.4378304962497057"/>
<connection id="39611" src-id="39479" dest-id="39601" weight="-2.5777696078947434"/>
<connection id="39612" src-id="39480" dest-id="39601" weight="6.746169860103752"/>
<connection id="39613" src-id="39481" dest-id="39601" weight="-5.919729756821624"/>
<connection id="39614" src-id="39482" dest-id="39601" weight="4.837087232588132"/>
<connection id="39615" src-id="39483" dest-id="39601" weight="3.875296316117584"/>
<connection id="39616" src-id="39484" dest-id="39601" weight="-5.768006271435892"/>
<connection id="39617" src-id="39485" dest-id="39601" weight="-6.025543131120177"/>
<connection id="39618" src-id="39486" dest-id="39601" weight="-2.8737607471484536"/>
<connection id="39619" src-id="39487" dest-id="39601" weight="2.3502947092304343"/>
<connection id="39620" src-id="39488" dest-id="39601" weight="-1.2568778581882678"/>
<connection id="39623" src-id="39491" dest-id="39601" weight="0.4012159218696194"/>
<connection id="39624" src-id="39492" dest-id="39601" weight="-7.925884612683996"/>
<connection id="39625" src-id="39493" dest-id="39601" weight="-0.9672679720620406"/>
<connection id="39626" src-id="39494" dest-id="39601" weight="6.272021152558463"/>
<connection id="39627" src-id="39495" dest-id="39601" weight="-4.681083832852831"/>
<connection id="39628" src-id="39496" dest-id="39601" weight="1.8576600331406632"/>
<connection id="39629" src-id="39497" dest-id="39601" weight="-13.815950860624303"/>
<connection id="39630" src-id="39498" dest-id="39601" weight="5.310635429622264"/>
<connection id="39631" src-id="39499" dest-id="39601" weight="4.4654074080436645"/>
<connection id="39632" src-id="39500" dest-id="39601" weight="7.4980676705691165"/>
<connection id="39634" src-id="39502" dest-id="39601" weight="2.7988682229211337"/>
<connection id="39635" src-id="39503" dest-id="39601" weight="-2.645103849621667"/>
<connection id="39636" src-id="39504" dest-id="39601" weight="-4.663054493342659"/>
<connection id="39637" src-id="39505" dest-id="39601" weight="-7.298297708719612"/>
<connection id="39638" src-id="39506" dest-id="39601" weight="4.030502729244399"/>
<connection id="39639" src-id="39507" dest-id="39601" weight="0.9442246983112241"/>
<connection id="39640" src-id="39508" dest-id="39601" weight="0.2959444292231105"/>
<connection id="39641" src-id="39509" dest-id="39601" weight="-1.486729967396593"/>
<connection id="39642" src-id="39510" dest-id="39601" weight="-0.9282365125503356"/>
<connection id="39643" src-id="39511" dest-id="39601" weight="-2.279240584651161"/>
<connection id="39644" src-id="39601" dest-id="39512" weight="-2.162807151135829"/>
<neuron id="39645" type="hid" activation="sigmoid"/>
<connection id="39646" src-id="39470" dest-id="39645" weight="-0.21682758867333463"/>
<connection id="39647" src-id="39471" dest-id="39645" weight="1.597110910021383"/>
<connection id="39648" src-id="39472" dest-id="39645" weight="-1.8398741086212838"/>
<connection id="39649" src-id="39473" dest-id="39645" weight="-0.9535976270461581"/>
<connection id="39650" src-id="39474" dest-id="39645" weight="-3.8170035727248544"/>
<connection id="39651" src-id="39475" dest-id="39645" weight="-1.9492687003238924"/>
<connection id="39653" src-id="39477" dest-id="39645" weight="0.7635233654135032"/>
<connection id="39656" src-id="39480" dest-id="39645" weight="-8.664906806202605"/>
<connection id="39657" src-id="39481" dest-id="39645" weight="0.5403864953991175"/>
<connection id="39658" src-id="39482" dest-id="39645" weight="-2.6289928552559543"/>
<connection id="39659" src-id="39483" dest-id="39645" weight="5.386211661979874"/>
<connection id="39660" src-id="39484" dest-id="39645" weight="-3.62563055435437"/>
<connection id="39662" src-id="39486" dest-id="39645" weight="-1.414894342880283"/>
<connection id="39663" src-id="39487" dest-id="39645" weight="-0.6840689631612102"/>
<connection id="39664" src-id="39488" dest-id="39645" weight="-10.804466377006374"/>
<connection id="39665" src-id="39489" dest-id="39645" weight="6.333065200350141"/>
<connection id="39666" src-id="39490" dest-id="39645" weight="4.776637102376141"/>
<connection id="39667" src-id="39491" dest-id="39645" weight="3.7214641637159946"/>
<connection id="39668" src-id="39492" dest-id="39645" weight="-0.16192293860149265"/>
<connection id="39669" src-id="39493" dest-id="39645" weight="2.15203840793345"/>
<connection id="39670" src-id="39494" dest-id="39645" weight="3.646145828667059"/>
<connection id="39671" src-id="39495" dest-id="39645" weight="-0.07965733681335119"/>
<connection id="39672" src-id="39496" dest-id="39645" weight="-5.164576472653298"/>
<connection id="39673" src-id="39497" dest-id="39645" weight="-6.922386803718028"/>
<connection id="39674" src-id="39498" dest-id="39645" weight="-2.6026973390791612"/>
<connection id="39675" src-id="39499" dest-id="39645" weight="-4.591729682909236"/>
<connection id="39676" src-id="39500" dest-id="39645" weight="0.44510842672390494"/>
<connection id="39677" src-id="39501" dest-id="39645" weight="2.0648014833394326"/>
<connection id="39678" src-id="39502" dest-id="39645" weight="-6.120745407697913"/>
<connection id="39679" src-id="39503" dest-id="39645" weight="6.0388559129023385"/>
<connection id="39680" src-id="39504" dest-id="39645" weight="-1.3720432540558456"/>
<connection id="39681" src-id="39505" dest-id="39645" weight="-1.63514946164379"/>
<connection id="39682" src-id="39506" dest-id="39645" weight="2.3601339144241846"/>
<connection id="39683" src-id="39507" dest-id="39645" weight="4.311296423069084"/>
<connection id="39684" src-id="39508" dest-id="39645" weight="5.9630575679726565"/>
<connection id="39685" src-id="39509" dest-id="39645" weight="3.2584595100411127"/>
<connection id="39686" src-id="39510" dest-id="39645" weight="4.415542538531429"/>
<connection id="39687" src-id="39511" dest-id="39645" weight="-3.34232755045792"/>
<connection id="39688" src-id="39645" dest-id="39512" weight="-7.130012546416538"/>
<connection id="40361" src-id="39503" dest-id="39512" weight="-1.3009213256697199"/>
<neuron id="40571" type="hid" activation="sigmoid"/>
<connection id="40572" src-id="39489" dest-id="40571" weight="3.4621177346053935"/>
<connection id="40573" src-id="40571" dest-id="39513" weight="-11.513877044480626"/>
<connection id="40961" src-id="39491" dest-id="39512" weight="8.130470401526175"/>
<connection id="40962" src-id="39513" dest-id="39645" weight="0.5699221733713924"/>
<connection id="41392" src-id="39509" dest-id="39512" weight="1.785137676407901"/>
<neuron id="41562" type="hid" activation="sigmoid"/>
<connection id="41563" src-id="39476" dest-id="41562" weight="1.1039540478402123"/>
<connection id="41564" src-id="41562" dest-id="39645" weight="-14.159607145409936"/>
<connection id="41853" src-id="39504" dest-id="39512" weight="-1.0607923330588858"/>
<connection id="42078" src-id="39490" dest-id="40571" weight="1.758300170988131"/>
<neuron id="42379" type="hid" activation="sigmoid"/>
<connection id="42380" src-id="39485" dest-id="42379" weight="1.0"/>
<connection id="42381" src-id="42379" dest-id="39645" weight="2.8831233425328313"/>
</chromosome>