<chromosome id="67627" primary-parent-id="66099"><neuron id="39470" type="in" activation="linear"/>
<neuron id="39471" type="in" activation="linear"/>
<neuron id="39472" type="in" activation="linear"/>
<neuron id="39473" type="in" activation="linear"/>
<neuron id="39474" type="in" activation="linear"/>
<neuron id="39475" type="in" activation="linear"/>
<neuron id="39476" type="in" activation="linear"/>
<neuron id="39477" type="in" activation="linear"/>
<neuron id="39478" type="in" activation="linear"/>
<neuron id="39479" type="in" activation="linear"/>
<neuron id="39480" type="in" activation="linear"/>
<neuron id="39481" type="in" activation="linear"/>
<neuron id="39482" type="in" activation="linear"/>
<neuron id="39483" type="in" activation="linear"/>
<neuron id="39484" type="in" activation="linear"/>
<neuron id="39485" type="in" activation="linear"/>
<neuron id="39486" type="in" activation="linear"/>
<neuron id="39487" type="in" activation="linear"/>
<neuron id="39488" type="in" activation="linear"/>
<neuron id="39489" type="in" activation="linear"/>
<neuron id="39490" type="in" activation="linear"/>
<neuron id="39491" type="in" activation="linear"/>
<neuron id="39492" type="in" activation="linear"/>
<neuron id="39493" type="in" activation="linear"/>
<neuron id="39494" type="in" activation="linear"/>
<neuron id="39495" type="in" activation="linear"/>
<neuron id="39496" type="in" activation="linear"/>
<neuron id="39497" type="in" activation="linear"/>
<neuron id="39498" type="in" activation="linear"/>
<neuron id="39499" type="in" activation="linear"/>
<neuron id="39500" type="in" activation="linear"/>
<neuron id="39501" type="in" activation="linear"/>
<neuron id="39502" type="in" activation="linear"/>
<neuron id="39503" type="in" activation="linear"/>
<neuron id="39504" type="in" activation="linear"/>
<neuron id="39505" type="in" activation="linear"/>
<neuron id="39506" type="in" activation="linear"/>
<neuron id="39507" type="in" activation="linear"/>
<neuron id="39508" type="in" activation="linear"/>
<neuron id="39509" type="in" activation="linear"/>
<neuron id="39510" type="in" activation="linear"/>
<neuron id="39511" type="in" activation="linear"/>
<neuron id="39512" type="out" activation="linear"/>
<neuron id="39513" type="hid" activation="sigmoid"/>
<connection id="39514" src-id="39470" dest-id="39513" weight="24.197507952454487"/>
<connection id="39515" src-id="39471" dest-id="39513" weight="-17.313265482503827"/>
<connection id="39517" src-id="39473" dest-id="39513" weight="16.850775806509837"/>
<connection id="39520" src-id="39476" dest-id="39513" weight="-7.371374523858765"/>
<connection id="39521" src-id="39477" dest-id="39513" weight="-9.81606829993331"/>
<connection id="39522" src-id="39478" dest-id="39513" weight="-1.3789188669705923"/>
<connection id="39523" src-id="39479" dest-id="39513" weight="-8.664118163411574"/>
<connection id="39525" src-id="39481" dest-id="39513" weight="7.311242197169025"/>
<connection id="39526" src-id="39482" dest-id="39513" weight="-11.776567494374117"/>
<connection id="39527" src-id="39483" dest-id="39513" weight="31.71076423846848"/>
<connection id="39529" src-id="39485" dest-id="39513" weight="2.969309810599124"/>
<connection id="39530" src-id="39486" dest-id="39513" weight="4.588135884032878"/>
<connection id="39532" src-id="39488" dest-id="39513" weight="-3.255813303759008"/>
<connection id="39533" src-id="39489" dest-id="39513" weight="19.11641888094148"/>
<connection id="39534" src-id="39490" dest-id="39513" weight="-20.676938500013428"/>
<connection id="39536" src-id="39492" dest-id="39513" weight="-7.962302823322142"/>
<connection id="39538" src-id="39494" dest-id="39513" weight="3.278312737647366"/>
<connection id="39541" src-id="39497" dest-id="39513" weight="-3.47393043261765"/>
<connection id="39543" src-id="39499" dest-id="39513" weight="10.274685990522315"/>
<connection id="39544" src-id="39500" dest-id="39513" weight="7.413538714878877"/>
<connection id="39545" src-id="39501" dest-id="39513" weight="9.263965237262692"/>
<connection id="39546" src-id="39502" dest-id="39513" weight="6.654772908170467"/>
<connection id="39547" src-id="39503" dest-id="39513" weight="19.674250009784124"/>
<connection id="39550" src-id="39506" dest-id="39513" weight="-10.885138970077689"/>
<connection id="39552" src-id="39508" dest-id="39513" weight="29.289799845108"/>
<connection id="39555" src-id="39511" dest-id="39513" weight="-2.507761422621968"/>
<neuron id="39557" type="hid" activation="sigmoid"/>
<connection id="39559" src-id="39471" dest-id="39557" weight="-3.6200286373519828"/>
<connection id="39560" src-id="39472" dest-id="39557" weight="-7.315631543680732"/>
<connection id="39561" src-id="39473" dest-id="39557" weight="1.7143615186217964"/>
<connection id="39562" src-id="39474" dest-id="39557" weight="-4.369737335611626"/>
<connection id="39563" src-id="39475" dest-id="39557" weight="-0.689178440955139"/>
<connection id="39564" src-id="39476" dest-id="39557" weight="5.237971352293823"/>
<connection id="39566" src-id="39478" dest-id="39557" weight="22.677759642334678"/>
<connection id="39567" src-id="39479" dest-id="39557" weight="17.847218726571363"/>
<connection id="39569" src-id="39481" dest-id="39557" weight="-8.568605405397905"/>
<connection id="39572" src-id="39484" dest-id="39557" weight="-10.158463294749934"/>
<connection id="39573" src-id="39485" dest-id="39557" weight="17.851836154537757"/>
<connection id="39575" src-id="39487" dest-id="39557" weight="-4.423375868401828"/>
<connection id="39577" src-id="39489" dest-id="39557" weight="-13.177464113404662"/>
<connection id="39579" src-id="39491" dest-id="39557" weight="4.750656911226897"/>
<connection id="39580" src-id="39492" dest-id="39557" weight="-6.5124445784474805"/>
<connection id="39581" src-id="39493" dest-id="39557" weight="1.8394933702906098"/>
<connection id="39582" src-id="39494" dest-id="39557" weight="4.034021867112554"/>
<connection id="39583" src-id="39495" dest-id="39557" weight="-22.299465059788044"/>
<connection id="39586" src-id="39498" dest-id="39557" weight="-9.817786806656319"/>
<connection id="39588" src-id="39500" dest-id="39557" weight="-1.7651537572582265"/>
<connection id="39589" src-id="39501" dest-id="39557" weight="2.22625872347735"/>
<connection id="39590" src-id="39502" dest-id="39557" weight="-18.95909465477486"/>
<connection id="39591" src-id="39503" dest-id="39557" weight="31.60718150105843"/>
<connection id="39592" src-id="39504" dest-id="39557" weight="-1.9181169931311262"/>
<connection id="39595" src-id="39507" dest-id="39557" weight="-1.7624037667607384"/>
<connection id="39596" src-id="39508" dest-id="39557" weight="7.4671516390336095"/>
<connection id="39597" src-id="39509" dest-id="39557" weight="-3.301081616719796"/>
<connection id="39599" src-id="39511" dest-id="39557" weight="-6.443125832227235"/>
<connection id="39600" src-id="39557" dest-id="39512" weight="6.010253611864323"/>
<neuron id="39601" type="hid" activation="sigmoid"/>
<connection id="39604" src-id="39472" dest-id="39601" weight="14.37645931907548"/>
<connection id="39605" src-id="39473" dest-id="39601" weight="22.215389802904248"/>
<connection id="39606" src-id="39474" dest-id="39601" weight="-8.029477135139288"/>
<connection id="39608" src-id="39476" dest-id="39601" weight="-3.115852364539748"/>
<connection id="39609" src-id="39477" dest-id="39601" weight="-6.916493990065255"/>
<connection id="39610" src-id="39478" dest-id="39601" weight="2.535132233930533"/>
<connection id="39611" src-id="39479" dest-id="39601" weight="1.3598557333495762"/>
<connection id="39612" src-id="39480" dest-id="39601" weight="11.246638611815216"/>
<connection id="39613" src-id="39481" dest-id="39601" weight="4.5874165651097005"/>
<connection id="39618" src-id="39486" dest-id="39601" weight="-20.165606349685746"/>
<connection id="39619" src-id="39487" dest-id="39601" weight="-6.671285076586271"/>
<connection id="39620" src-id="39488" dest-id="39601" weight="6.958140586762349"/>
<connection id="39622" src-id="39490" dest-id="39601" weight="-21.40623945012311"/>
<connection id="39623" src-id="39491" dest-id="39601" weight="0.5426584847250777"/>
<connection id="39625" src-id="39493" dest-id="39601" weight="8.349476389328865"/>
<connection id="39626" src-id="39494" dest-id="39601" weight="5.236862846867556"/>
<connection id="39627" src-id="39495" dest-id="39601" weight="4.018051375198788"/>
<connection id="39628" src-id="39496" dest-id="39601" weight="1.6525520654791162"/>
<connection id="39629" src-id="39497" dest-id="39601" weight="0.4937740894474949"/>
<connection id="39632" src-id="39500" dest-id="39601" weight="-4.122280240811495"/>
<connection id="39633" src-id="39501" dest-id="39601" weight="8.974229040900852"/>
<connection id="39634" src-id="39502" dest-id="39601" weight="-8.942631800201315"/>
<connection id="39637" src-id="39505" dest-id="39601" weight="5.5842427045956695"/>
<connection id="39638" src-id="39506" dest-id="39601" weight="-5.699018475633987"/>
<connection id="39640" src-id="39508" dest-id="39601" weight="-11.930541146518337"/>
<connection id="39641" src-id="39509" dest-id="39601" weight="-5.595406506018292"/>
<connection id="39643" src-id="39511" dest-id="39601" weight="-5.079582890581989"/>
<connection id="39644" src-id="39601" dest-id="39512" weight="28.562743013390108"/>
<neuron id="39645" type="hid" activation="sigmoid"/>
<connection id="39646" src-id="39470" dest-id="39645" weight="-0.4404327248151001"/>
<connection id="39648" src-id="39472" dest-id="39645" weight="-20.277730525980104"/>
<connection id="39654" src-id="39478" dest-id="39645" weight="10.459404188761715"/>
<connection id="39656" src-id="39480" dest-id="39645" weight="-0.570283958160944"/>
<connection id="39657" src-id="39481" dest-id="39645" weight="10.36699122297495"/>
<connection id="39658" src-id="39482" dest-id="39645" weight="-0.37477269755171794"/>
<connection id="39659" src-id="39483" dest-id="39645" weight="-16.00202869990247"/>
<connection id="39660" src-id="39484" dest-id="39645" weight="-14.961881568401337"/>
<connection id="39663" src-id="39487" dest-id="39645" weight="-11.506862497855225"/>
<connection id="39665" src-id="39489" dest-id="39645" weight="30.832218634049692"/>
<connection id="39666" src-id="39490" dest-id="39645" weight="-3.765290222162752"/>
<connection id="39668" src-id="39492" dest-id="39645" weight="5.760092604540464"/>
<connection id="39670" src-id="39494" dest-id="39645" weight="-9.023126845074506"/>
<connection id="39671" src-id="39495" dest-id="39645" weight="-0.863216733341376"/>
<connection id="39674" src-id="39498" dest-id="39645" weight="-21.495151920984284"/>
<connection id="39677" src-id="39501" dest-id="39645" weight="25.191405065563714"/>
<connection id="39680" src-id="39504" dest-id="39645" weight="13.792110508541017"/>
<connection id="39681" src-id="39505" dest-id="39645" weight="0.6657192203732634"/>
<connection id="39682" src-id="39506" dest-id="39645" weight="4.369420191218458"/>
<connection id="39683" src-id="39507" dest-id="39645" weight="-12.589009674208997"/>
<connection id="39686" src-id="39510" dest-id="39645" weight="-0.3206171411875366"/>
<connection id="39687" src-id="39511" dest-id="39645" weight="17.33470323350197"/>
<connection id="39688" src-id="39645" dest-id="39512" weight="6.431255195027669"/>
<connection id="39977" src-id="39485" dest-id="39512" weight="0.8375718858579475"/>
<connection id="40249" src-id="39492" dest-id="39512" weight="15.484412980129934"/>
<connection id="40254" src-id="39475" dest-id="39512" weight="6.422479240112477"/>
<neuron id="40487" type="hid" activation="sigmoid"/>
<connection id="40488" src-id="39506" dest-id="40487" weight="11.160136762056451"/>
<connection id="40489" src-id="40487" dest-id="39557" weight="20.543206572032908"/>
<neuron id="40493" type="hid" activation="sigmoid"/>
<connection id="40494" src-id="39480" dest-id="40493" weight="1.569097115833431"/>
<connection id="40495" src-id="40493" dest-id="39557" weight="-12.906206256666378"/>
<neuron id="40502" type="hid" activation="sigmoid"/>
<connection id="40503" src-id="39470" dest-id="40502" weight="0.7134402053320368"/>
<connection id="40504" src-id="40502" dest-id="39601" weight="-4.603449628446557"/>
<neuron id="40505" type="hid" activation="sigmoid"/>
<connection id="40506" src-id="39496" dest-id="40505" weight="-3.6730532304189243"/>
<connection id="40507" src-id="40505" dest-id="39557" weight="22.345884038612898"/>
<connection id="40681" src-id="39477" dest-id="39512" weight="-0.0020674836845024913"/>
<connection id="40765" src-id="39498" dest-id="39512" weight="8.452194657128214"/>
<connection id="40962" src-id="39513" dest-id="39645" weight="-5.818264263775667"/>
<neuron id="41118" type="hid" activation="sigmoid"/>
<connection id="41120" src-id="41118" dest-id="39513" weight="7.446199703488483"/>
<connection id="41392" src-id="39509" dest-id="39512" weight="22.84001741254432"/>
<neuron id="41520" type="hid" activation="sigmoid"/>
<connection id="41521" src-id="39511" dest-id="41520" weight="-4.9449167885012715"/>
<neuron id="41523" type="hid" activation="sigmoid"/>
<connection id="41524" src-id="39509" dest-id="41523" weight="4.712471332968491"/>
<connection id="41525" src-id="41523" dest-id="39513" weight="11.705935787623522"/>
<neuron id="41526" type="hid" activation="sigmoid"/>
<connection id="41528" src-id="41526" dest-id="39513" weight="14.367854436232692"/>
<neuron id="41538" type="hid" activation="sigmoid"/>
<neuron id="41562" type="hid" activation="sigmoid"/>
<connection id="41563" src-id="39476" dest-id="41562" weight="-11.773682727174643"/>
<neuron id="41565" type="hid" activation="sigmoid"/>
<connection id="41566" src-id="39471" dest-id="41565" weight="8.413434311973111"/>
<connection id="41567" src-id="41565" dest-id="39601" weight="-22.30497762143855"/>
<neuron id="41580" type="hid" activation="sigmoid"/>
<connection id="41581" src-id="39508" dest-id="41580" weight="5.633702136267125"/>
<connection id="41582" src-id="41580" dest-id="39645" weight="-4.481815237852048"/>
<connection id="41669" src-id="39499" dest-id="39512" weight="-1.739365858750745"/>
<neuron id="41858" type="hid" activation="sigmoid"/>
<connection id="41859" src-id="39509" dest-id="41858" weight="6.1451848549694015"/>
<connection id="41860" src-id="41858" dest-id="39645" weight="-20.80715150942738"/>
<neuron id="41876" type="hid" activation="sigmoid"/>
<connection id="41877" src-id="39492" dest-id="41876" weight="6.41604637683977"/>
<neuron id="41906" type="hid" activation="sigmoid"/>
<connection id="41907" src-id="39510" dest-id="41906" weight="-10.418635897712086"/>
<connection id="41908" src-id="41906" dest-id="39601" weight="4.806772207815787"/>
<connection id="42007" src-id="39497" dest-id="39512" weight="3.263569433107987"/>
<connection id="42009" src-id="39494" dest-id="41876" weight="1.4456534377145245"/>
<connection id="42045" src-id="39484" dest-id="41520" weight="11.319374109118035"/>
<neuron id="42140" type="hid" activation="sigmoid"/>
<connection id="42141" src-id="39507" dest-id="42140" weight="-4.5587586913925575"/>
<connection id="42142" src-id="42140" dest-id="39513" weight="-5.494339096208575"/>
<neuron id="42155" type="hid" activation="sigmoid"/>
<connection id="42157" src-id="42155" dest-id="39645" weight="-16.84277156857566"/>
<connection id="42252" src-id="39472" dest-id="41906" weight="10.714529644802186"/>
<connection id="42255" src-id="39481" dest-id="41520" weight="-31.638095070599746"/>
<connection id="42266" src-id="39494" dest-id="41523" weight="-1.3087976243189063"/>
<connection id="42318" src-id="41520" dest-id="41523" weight="8.454839022781362"/>
<connection id="42339" src-id="39503" dest-id="41906" weight="-3.281201668696867"/>
<neuron id="42391" type="hid" activation="sigmoid"/>
<connection id="42392" src-id="39499" dest-id="42391" weight="9.649040025866384"/>
<connection id="42453" src-id="39491" dest-id="41520" weight="1.5366324494781247"/>
<connection id="42503" src-id="41523" dest-id="39645" weight="-0.39992069971461025"/>
<connection id="42513" src-id="39487" dest-id="39512" weight="-2.0179114021067326"/>
<connection id="42627" src-id="39482" dest-id="41906" weight="-13.276499078600086"/>
<connection id="42628" src-id="39490" dest-id="41523" weight="8.2149106519933"/>
<connection id="42638" src-id="39495" dest-id="41906" weight="7.263837328669962"/>
<connection id="42722" src-id="39473" dest-id="41520" weight="10.312012973052354"/>
<connection id="42731" src-id="39511" dest-id="41523" weight="-2.5802579328952757"/>
<connection id="42757" src-id="39471" dest-id="41562" weight="0.8351344408412584"/>
<connection id="42763" src-id="39506" dest-id="41520" weight="-11.022658516889264"/>
<connection id="42797" src-id="39507" dest-id="41876" weight="-6.786364858964942"/>
<connection id="42856" src-id="41520" dest-id="39513" weight="4.117898424489766"/>
<connection id="42862" src-id="39507" dest-id="41523" weight="34.87476788345495"/>
<neuron id="42880" type="hid" activation="sigmoid"/>
<connection id="42881" src-id="39491" dest-id="42880" weight="18.059901181739427"/>
<connection id="42882" src-id="42880" dest-id="39513" weight="6.687505436578208"/>
<neuron id="42901" type="hid" activation="sigmoid"/>
<connection id="42903" src-id="42901" dest-id="39645" weight="-42.36020057773095"/>
<connection id="42975" src-id="39510" dest-id="41520" weight="-9.08769503427243"/>
<connection id="42986" src-id="39480" dest-id="41565" weight="-3.518374325153477"/>
<connection id="43035" src-id="39472" dest-id="41538" weight="-8.667237621024793"/>
<connection id="43039" src-id="39490" dest-id="41538" weight="-7.019338536826757"/>
<connection id="43041" src-id="39475" dest-id="41906" weight="13.28699919262433"/>
<connection id="43063" src-id="39488" dest-id="41906" weight="-2.3644526364047027"/>
<neuron id="43097" type="hid" activation="sigmoid"/>
<connection id="43098" src-id="39491" dest-id="43097" weight="-3.4445927098796703"/>
<connection id="43099" src-id="43097" dest-id="39512" weight="-14.305183910697998"/>
<neuron id="43100" type="hid" activation="sigmoid"/>
<connection id="43101" src-id="41538" dest-id="43100" weight="2.6613969349490882"/>
<connection id="43102" src-id="43100" dest-id="39557" weight="10.30227361737422"/>
<connection id="43208" src-id="39503" dest-id="41565" weight="-13.477540310462864"/>
<connection id="43224" src-id="39486" dest-id="39512" weight="28.167721660760293"/>
<connection id="43230" src-id="39471" dest-id="39512" weight="7.21658338466378"/>
<connection id="43269" src-id="39495" dest-id="41520" weight="13.533462530455521"/>
<connection id="43306" src-id="39504" dest-id="42901" weight="-7.503023626984315"/>
<connection id="43307" src-id="39601" dest-id="41538" weight="-9.05276578672781"/>
<connection id="43309" src-id="41565" dest-id="39645" weight="10.520085476085292"/>
<connection id="43314" src-id="39500" dest-id="41565" weight="-4.207951911607372"/>
<connection id="43315" src-id="39486" dest-id="42901" weight="-1.6396217117998373"/>
<connection id="43319" src-id="39491" dest-id="41538" weight="2.6035371313101945"/>
<connection id="43338" src-id="39509" dest-id="41562" weight="3.0736868196673153"/>
<neuron id="43368" type="hid" activation="sigmoid"/>
<connection id="43369" src-id="41876" dest-id="43368" weight="-3.3343353141993655"/>
<connection id="43370" src-id="43368" dest-id="39601" weight="19.03348039078298"/>
<neuron id="43377" type="hid" activation="sigmoid"/>
<connection id="43378" src-id="39487" dest-id="43377" weight="-3.763384817949796"/>
<connection id="43379" src-id="43377" dest-id="39513" weight="-39.33622230034102"/>
<connection id="43432" src-id="39503" dest-id="41523" weight="-2.3410894677732594"/>
<connection id="43442" src-id="39484" dest-id="42901" weight="0.8237575074628899"/>
<connection id="43457" src-id="39507" dest-id="40502" weight="4.760874996639664"/>
<connection id="43473" src-id="39485" dest-id="41876" weight="-2.4259695495450684"/>
<connection id="43562" src-id="39487" dest-id="41906" weight="-7.551433767474173"/>
<neuron id="43588" type="hid" activation="sigmoid"/>
<connection id="43589" src-id="39475" dest-id="43588" weight="-4.931197443122956"/>
<connection id="43672" src-id="41562" dest-id="39601" weight="1.3973945609781513"/>
<connection id="43702" src-id="39493" dest-id="41876" weight="-0.7711451342846292"/>
<connection id="43726" src-id="39497" dest-id="42901" weight="-4.385170421618561"/>
<connection id="43733" src-id="42901" dest-id="39512" weight="7.865849481449693"/>
<neuron id="43808" type="hid" activation="sigmoid"/>
<connection id="43809" src-id="39493" dest-id="43808" weight="-18.1328578666232"/>
<connection id="43810" src-id="43808" dest-id="39513" weight="-3.4842404171108754"/>
<neuron id="43814" type="hid" activation="sigmoid"/>
<connection id="43815" src-id="39486" dest-id="43814" weight="-2.402714126514511"/>
<connection id="43816" src-id="43814" dest-id="39645" weight="9.307135529687645"/>
<connection id="43951" src-id="39496" dest-id="42155" weight="-1.7069544539447796"/>
<connection id="43952" src-id="39506" dest-id="41565" weight="4.156526417557966"/>
<connection id="43954" src-id="41565" dest-id="41538" weight="2.512851533966809"/>
<neuron id="44023" type="hid" activation="sigmoid"/>
<connection id="44025" src-id="44023" dest-id="39512" weight="13.58337158995807"/>
<neuron id="44032" type="hid" activation="sigmoid"/>
<connection id="44033" src-id="39497" dest-id="44032" weight="9.880521164159667"/>
<connection id="44034" src-id="44032" dest-id="39513" weight="-0.8555516296871273"/>
<connection id="44080" src-id="39601" dest-id="42901" weight="2.9570983964685804"/>
<connection id="44095" src-id="39508" dest-id="41906" weight="4.029645150977129"/>
<connection id="44147" src-id="39473" dest-id="42155" weight="-4.3846947492079025"/>
<connection id="44208" src-id="39503" dest-id="41538" weight="-10.638747124281613"/>
<neuron id="44238" type="hid" activation="sigmoid"/>
<connection id="44240" src-id="44238" dest-id="39645" weight="-5.753025481436929"/>
<neuron id="44247" type="hid" activation="sigmoid"/>
<connection id="44248" src-id="39484" dest-id="44247" weight="21.275399141561056"/>
<connection id="44322" src-id="39487" dest-id="41523" weight="18.545154970211726"/>
<connection id="44351" src-id="39493" dest-id="41906" weight="-19.217105755085292"/>
<connection id="44374" src-id="39502" dest-id="41538" weight="-4.070510020159055"/>
<connection id="44375" src-id="39491" dest-id="41565" weight="0.4531209519583248"/>
<connection id="44376" src-id="41523" dest-id="42155" weight="-13.335321687008816"/>
<connection id="44379" src-id="39474" dest-id="42155" weight="12.796978499987281"/>
<connection id="44561" src-id="39489" dest-id="42155" weight="-10.900503363346445"/>
<connection id="44621" src-id="39505" dest-id="41906" weight="9.030280265875385"/>
<connection id="44690" src-id="42901" dest-id="39513" weight="-13.281764579348138"/>
<connection id="44691" src-id="39494" dest-id="41565" weight="24.149696095190514"/>
<connection id="44693" src-id="41565" dest-id="41520" weight="-2.198717575697228"/>
<connection id="44703" src-id="40493" dest-id="41538" weight="-16.062575988833625"/>
<connection id="44705" src-id="41520" dest-id="41538" weight="6.489750762912631"/>
<connection id="44867" src-id="39473" dest-id="41562" weight="-0.8162261964519866"/>
<connection id="44877" src-id="43588" dest-id="39645" weight="-3.504216448116105"/>
<connection id="44990" src-id="39476" dest-id="41538" weight="-9.523746931652585"/>
<connection id="45021" src-id="43588" dest-id="42155" weight="3.8818525687262495"/>
<connection id="45041" src-id="40493" dest-id="43588" weight="-6.932542533680845"/>
<connection id="45042" src-id="39497" dest-id="40493" weight="11.646226659782313"/>
<connection id="45058" src-id="41520" dest-id="41906" weight="-6.86775447104567"/>
<neuron id="45073" type="hid" activation="sigmoid"/>
<connection id="45074" src-id="39503" dest-id="45073" weight="2.7638597612561098"/>
<connection id="45075" src-id="45073" dest-id="39601" weight="-0.5013821836604924"/>
<connection id="45160" src-id="39495" dest-id="41565" weight="-8.463264940386209"/>
<connection id="45185" src-id="39505" dest-id="41520" weight="1.0664061152980615"/>
<connection id="45272" src-id="39478" dest-id="41565" weight="-3.8168123878435067"/>
<connection id="45285" src-id="39481" dest-id="41906" weight="-4.4920858728333535"/>
<connection id="45286" src-id="39479" dest-id="41565" weight="4.64097488418743"/>
<connection id="45288" src-id="39471" dest-id="41538" weight="16.806667138015158"/>
<connection id="45289" src-id="39480" dest-id="41580" weight="22.217402623241505"/>
<connection id="45428" src-id="39487" dest-id="41580" weight="4.215194324995098"/>
<connection id="45430" src-id="39488" dest-id="40493" weight="-2.117264291601315"/>
<connection id="45477" src-id="40493" dest-id="39512" weight="-8.818895286088173"/>
<connection id="45481" src-id="39476" dest-id="40493" weight="-1.1687339095632487"/>
<connection id="45482" src-id="39601" dest-id="43097" weight="0.2859476705576165"/>
<connection id="45485" src-id="39481" dest-id="43588" weight="14.844563582670801"/>
<connection id="45537" src-id="39490" dest-id="43588" weight="25.85797874207294"/>
<connection id="45540" src-id="39488" dest-id="43097" weight="6.54712540006382"/>
<connection id="45548" src-id="39476" dest-id="43588" weight="5.729524919784694"/>
<connection id="45594" src-id="41523" dest-id="41906" weight="-5.294181173089646"/>
<connection id="45653" src-id="39471" dest-id="42901" weight="9.194272015090696"/>
<connection id="45658" src-id="39488" dest-id="41580" weight="12.141336864092954"/>
<connection id="45808" src-id="39510" dest-id="41538" weight="10.418240975549676"/>
<connection id="45813" src-id="39487" dest-id="41538" weight="-20.218527843225623"/>
<connection id="45833" src-id="39479" dest-id="43588" weight="-0.54288649559021"/>
<connection id="45836" src-id="39507" dest-id="40493" weight="-0.1477062114168466"/>
<connection id="45852" src-id="39497" dest-id="43097" weight="-0.9359330181924901"/>
<connection id="45897" src-id="39499" dest-id="41538" weight="-11.329183865114842"/>
<neuron id="45917" type="hid" activation="sigmoid"/>
<connection id="45918" src-id="43588" dest-id="45917" weight="20.387224488310057"/>
<connection id="45919" src-id="45917" dest-id="39601" weight="-4.52814333558603"/>
<connection id="46076" src-id="39492" dest-id="42391" weight="3.62732234215699"/>
<connection id="46103" src-id="39509" dest-id="43588" weight="1.6285382293592394"/>
<connection id="46123" src-id="39491" dest-id="40493" weight="-6.347166015876028"/>
<connection id="46124" src-id="39477" dest-id="41565" weight="4.517566522240452"/>
<connection id="46358" src-id="41520" dest-id="40493" weight="-0.8552409309557366"/>
<connection id="46359" src-id="42155" dest-id="39601" weight="-4.951092067569716"/>
<connection id="46362" src-id="41565" dest-id="42140" weight="19.975842295251773"/>
<connection id="46363" src-id="39505" dest-id="41538" weight="-5.99224146132875"/>
<connection id="46364" src-id="39510" dest-id="40493" weight="3.569229454719353"/>
<connection id="46521" src-id="39477" dest-id="41876" weight="1.396751411904265"/>
<connection id="46525" src-id="39471" dest-id="43097" weight="9.683284085814542"/>
<neuron id="46563" type="hid" activation="sigmoid"/>
<connection id="46564" src-id="39490" dest-id="46563" weight="-0.8493838333803685"/>
<connection id="46565" src-id="46563" dest-id="39557" weight="-23.370024968876756"/>
<connection id="46668" src-id="39471" dest-id="41520" weight="7.0916938447529345"/>
<connection id="46776" src-id="39474" dest-id="42140" weight="-6.135773404768413"/>
<connection id="46808" src-id="42901" dest-id="42140" weight="-2.936906687750821"/>
<connection id="46810" src-id="43097" dest-id="42901" weight="-0.18181353122290123"/>
<connection id="46849" src-id="43097" dest-id="41538" weight="7.964594238955187"/>
<neuron id="46882" type="hid" activation="sigmoid"/>
<connection id="46884" src-id="46882" dest-id="43588" weight="12.350022069401355"/>
<connection id="46982" src-id="39506" dest-id="46882" weight="-2.6018093070391193"/>
<connection id="46983" src-id="39485" dest-id="41580" weight="1.9875008668482481"/>
<connection id="47085" src-id="42140" dest-id="39512" weight="-4.296838740587763"/>
<connection id="47140" src-id="39485" dest-id="42901" weight="-0.6434468422047059"/>
<connection id="47171" src-id="39471" dest-id="41580" weight="1.7036544975586478"/>
<connection id="47185" src-id="39498" dest-id="42140" weight="-31.020391487960836"/>
<connection id="47186" src-id="39474" dest-id="42880" weight="2.6060154405542386"/>
<connection id="47188" src-id="39472" dest-id="43097" weight="-12.708510029238928"/>
<neuron id="47280" type="hid" activation="sigmoid"/>
<connection id="47281" src-id="39510" dest-id="47280" weight="-4.417043076737576"/>
<connection id="47282" src-id="47280" dest-id="41906" weight="0.9037402163190427"/>
<neuron id="47283" type="hid" activation="sigmoid"/>
<connection id="47284" src-id="39493" dest-id="47283" weight="-21.598414512297236"/>
<connection id="47285" src-id="47283" dest-id="39557" weight="29.0538506275332"/>
<connection id="47390" src-id="41876" dest-id="47280" weight="-4.456927062148917"/>
<connection id="47411" src-id="39509" dest-id="42140" weight="2.9133314593855153"/>
<connection id="47478" src-id="41565" dest-id="41580" weight="-4.71306264426786"/>
<connection id="47492" src-id="39491" dest-id="41580" weight="-4.492932405263804"/>
<connection id="47511" src-id="39508" dest-id="43097" weight="3.763529164392703"/>
<connection id="47577" src-id="39483" dest-id="40493" weight="4.286177320132903"/>
<connection id="47578" src-id="47280" dest-id="43097" weight="-15.87814103118054"/>
<connection id="47579" src-id="43588" dest-id="42140" weight="-2.662694901395036"/>
<connection id="47580" src-id="41876" dest-id="43097" weight="-29.53409842742042"/>
<connection id="47582" src-id="39495" dest-id="41538" weight="-20.52316468247425"/>
<connection id="47619" src-id="39484" dest-id="43097" weight="-1.6748830213540062"/>
<connection id="47635" src-id="39490" dest-id="42140" weight="-0.674609066365305"/>
<connection id="47636" src-id="39511" dest-id="41876" weight="-10.17389541714192"/>
<connection id="47640" src-id="39474" dest-id="43588" weight="3.4808194513454556"/>
<connection id="47642" src-id="39501" dest-id="43097" weight="-4.665095225241624"/>
<neuron id="47684" type="hid" activation="sigmoid"/>
<connection id="47685" src-id="39490" dest-id="47684" weight="17.409792229844328"/>
<connection id="47787" src-id="39492" dest-id="41580" weight="1.0506037904258392"/>
<connection id="47796" src-id="39488" dest-id="46882" weight="-6.569072689368129"/>
<connection id="47802" src-id="39489" dest-id="46882" weight="1.6360676404711194"/>
<connection id="47843" src-id="39498" dest-id="42155" weight="-2.150749986672393"/>
<connection id="47867" src-id="41523" dest-id="42880" weight="-7.869659318512085"/>
<connection id="47870" src-id="39477" dest-id="42880" weight="8.440690381695466"/>
<connection id="47886" src-id="39499" dest-id="46882" weight="0.3172111786986951"/>
<connection id="47895" src-id="39496" dest-id="42140" weight="-4.746048918725919"/>
<connection id="47932" src-id="39485" dest-id="43588" weight="17.422921851167995"/>
<connection id="47972" src-id="39490" dest-id="41876" weight="3.5377864154267864"/>
<connection id="48206" src-id="42155" dest-id="42140" weight="5.131604658203103"/>
<connection id="48211" src-id="39509" dest-id="41876" weight="-8.853815681879382"/>
<connection id="48220" src-id="43377" dest-id="42901" weight="6.650327700848073"/>
<connection id="48283" src-id="39496" dest-id="42880" weight="-4.22549791653068"/>
<connection id="48288" src-id="39501" dest-id="47684" weight="-11.60395087933095"/>
<connection id="48312" src-id="39493" dest-id="46882" weight="-1.8286920536615892"/>
<connection id="48328" src-id="39472" dest-id="41580" weight="7.830202372441373"/>
<connection id="48334" src-id="44247" dest-id="43097" weight="-27.97525557844149"/>
<connection id="48335" src-id="43097" dest-id="43377" weight="-2.1700527567389085"/>
<connection id="48336" src-id="39475" dest-id="43097" weight="4.193884816784567"/>
<connection id="48470" src-id="41520" dest-id="42155" weight="1.7649361679113575"/>
<connection id="48494" src-id="39505" dest-id="43097" weight="-1.9268545939334225"/>
<connection id="48552" src-id="39474" dest-id="43097" weight="-0.2782507663565297"/>
<connection id="48557" src-id="39510" dest-id="41580" weight="-4.167293957448091"/>
<neuron id="48590" type="hid" activation="sigmoid"/>
<connection id="48752" src-id="39474" dest-id="44247" weight="15.287964018150799"/>
<connection id="48755" src-id="39505" dest-id="43588" weight="3.5963725589083135"/>
<connection id="48757" src-id="39487" dest-id="42880" weight="-1.8130720539874476"/>
<connection id="48758" src-id="39499" dest-id="43377" weight="6.80010255536563"/>
<connection id="48784" src-id="46882" dest-id="41906" weight="-7.152822782638949"/>
<connection id="48805" src-id="40493" dest-id="42140" weight="-4.416041186042494"/>
<connection id="48891" src-id="39484" dest-id="41523" weight="-5.49781425498817"/>
<connection id="48993" src-id="39511" dest-id="47684" weight="-6.806940762277368"/>
<connection id="48997" src-id="39504" dest-id="44247" weight="-12.216044386793474"/>
<connection id="48999" src-id="39501" dest-id="44247" weight="11.28312834732867"/>
<connection id="49000" src-id="39498" dest-id="40493" weight="1.9060521256947878"/>
<connection id="49006" src-id="39478" dest-id="41876" weight="-7.145589050113827"/>
<connection id="49078" src-id="47280" dest-id="39513" weight="-8.386962477984646"/>
<connection id="49090" src-id="39501" dest-id="41906" weight="-1.804761612340811"/>
<neuron id="49112" type="hid" activation="sigmoid"/>
<connection id="49113" src-id="42901" dest-id="49112" weight="3.960554428059794"/>
<connection id="49114" src-id="49112" dest-id="42140" weight="-12.925072791985784"/>
<connection id="49404" src-id="39474" dest-id="43377" weight="11.289568326408817"/>
<connection id="49405" src-id="48590" dest-id="41538" weight="4.475826647438446"/>
<connection id="49406" src-id="46882" dest-id="39557" weight="6.765723750725844"/>
<connection id="49407" src-id="39470" dest-id="48590" weight="-10.827505608051922"/>
<connection id="49408" src-id="39477" dest-id="46882" weight="7.949751636195565"/>
<connection id="49412" src-id="39479" dest-id="43377" weight="-14.97397311279567"/>
<connection id="49414" src-id="39489" dest-id="49112" weight="-2.7009859437648367"/>
<connection id="49415" src-id="46882" dest-id="43377" weight="-6.3255235207033005"/>
<connection id="49416" src-id="42140" dest-id="42880" weight="6.769345094492823"/>
<connection id="49535" src-id="39511" dest-id="40493" weight="-0.8773526685306818"/>
<neuron id="49555" type="hid" activation="sigmoid"/>
<connection id="49556" src-id="43588" dest-id="49555" weight="-2.800316166736224"/>
<connection id="49557" src-id="49555" dest-id="39512" weight="7.003189605161436"/>
<neuron id="49582" type="hid" activation="sigmoid"/>
<connection id="49584" src-id="49582" dest-id="39513" weight="9.474833172483894"/>
<connection id="49677" src-id="39498" dest-id="42880" weight="8.904027746332844"/>
<connection id="49732" src-id="41118" dest-id="44247" weight="1.3653024383245618"/>
<connection id="49753" src-id="39511" dest-id="46882" weight="-2.095047301278087"/>
<connection id="49831" src-id="39513" dest-id="49555" weight="2.465222204052297"/>
<connection id="49928" src-id="39493" dest-id="41118" weight="-21.816299968952624"/>
<connection id="49930" src-id="47280" dest-id="47283" weight="6.058302415557526"/>
<connection id="49933" src-id="43808" dest-id="43097" weight="1.3112464556477779"/>
<connection id="49934" src-id="39506" dest-id="41580" weight="2.366223531026959"/>
<connection id="49935" src-id="40493" dest-id="47283" weight="-0.03838007185638126"/>
<connection id="49936" src-id="41858" dest-id="47280" weight="1.8656673151461058"/>
<connection id="49954" src-id="39485" dest-id="48590" weight="-11.452532621304384"/>
<connection id="50048" src-id="39501" dest-id="42140" weight="1.991318838636975"/>
<connection id="50051" src-id="39497" dest-id="41858" weight="7.666154591512877"/>
<neuron id="50137" type="hid" activation="sigmoid"/>
<connection id="50138" src-id="46882" dest-id="50137" weight="1.1825952547088816"/>
<connection id="50190" src-id="46882" dest-id="49112" weight="7.464068698874642"/>
<connection id="50193" src-id="39472" dest-id="41858" weight="-3.451793620023332"/>
<connection id="50195" src-id="41906" dest-id="49112" weight="3.7633376279434527"/>
<connection id="50202" src-id="39477" dest-id="47283" weight="-10.687188463084926"/>
<connection id="50219" src-id="41858" dest-id="44247" weight="2.000136509752573"/>
<connection id="50225" src-id="41858" dest-id="46882" weight="4.123132822670586"/>
<connection id="50273" src-id="46882" dest-id="42155" weight="0.7074427249895351"/>
<connection id="50293" src-id="39495" dest-id="47684" weight="-1.9592116773537942"/>
<connection id="50294" src-id="39513" dest-id="48590" weight="7.721505571226636"/>
<connection id="50296" src-id="39494" dest-id="49582" weight="10.097827004547844"/>
<connection id="50298" src-id="39484" dest-id="42880" weight="-3.4551942693905797"/>
<connection id="50322" src-id="39496" dest-id="43377" weight="-1.282212938440264"/>
<connection id="50647" src-id="41118" dest-id="39512" weight="7.894304713142977"/>
<connection id="50649" src-id="39504" dest-id="47684" weight="-3.486369135186283"/>
<connection id="50752" src-id="39474" dest-id="41858" weight="-3.9976617381876025"/>
<connection id="50754" src-id="39601" dest-id="44247" weight="-4.534603956394609"/>
<connection id="50755" src-id="39480" dest-id="42880" weight="2.2368525865458126"/>
<connection id="50756" src-id="39482" dest-id="47280" weight="-10.93227858683386"/>
<connection id="50757" src-id="39484" dest-id="41118" weight="-2.4302456626369806"/>
<connection id="50771" src-id="39506" dest-id="44247" weight="-0.49564898014068604"/>
<connection id="50780" src-id="39495" dest-id="48590" weight="-0.30239273060025573"/>
<connection id="50845" src-id="39472" dest-id="49112" weight="2.1276745047544647"/>
<connection id="50852" src-id="39503" dest-id="47283" weight="5.015721112720746"/>
<connection id="50854" src-id="43588" dest-id="44247" weight="1.6442866349741534"/>
<neuron id="50997" type="hid" activation="sigmoid"/>
<connection id="50998" src-id="39491" dest-id="50997" weight="10.715450179872882"/>
<connection id="50999" src-id="50997" dest-id="42901" weight="14.365041405017381"/>
<connection id="51177" src-id="39477" dest-id="44023" weight="-2.008639491381116"/>
<connection id="51210" src-id="41858" dest-id="48590" weight="8.284433115830403"/>
<connection id="51216" src-id="39490" dest-id="41858" weight="-1.3192246707283886"/>
<connection id="51232" src-id="39494" dest-id="48590" weight="12.011530309895146"/>
<connection id="51233" src-id="39499" dest-id="47684" weight="-16.890858085724815"/>
<connection id="51282" src-id="39494" dest-id="46882" weight="1.3337087621866397"/>
<connection id="51391" src-id="39510" dest-id="42880" weight="11.976234463655896"/>
<connection id="51394" src-id="49582" dest-id="39557" weight="6.341784881285035"/>
<connection id="51395" src-id="39503" dest-id="43097" weight="9.465351333089401"/>
<connection id="51399" src-id="49582" dest-id="47283" weight="10.185742007420208"/>
<connection id="51425" src-id="39471" dest-id="41118" weight="-2.7701648666923093"/>
<neuron id="51511" type="hid" activation="sigmoid"/>
<connection id="51513" src-id="51511" dest-id="43097" weight="-6.469731752378487"/>
<connection id="51582" src-id="39487" dest-id="43808" weight="2.6561337098036777"/>
<connection id="51654" src-id="39499" dest-id="48590" weight="-4.646533180286602"/>
<connection id="51659" src-id="39502" dest-id="50997" weight="-3.594342516411166"/>
<connection id="51699" src-id="47280" dest-id="42901" weight="1.6575277794121028"/>
<connection id="51704" src-id="49582" dest-id="41118" weight="0.3736482073821145"/>
<connection id="51706" src-id="49582" dest-id="48590" weight="6.077695479536978"/>
<connection id="51855" src-id="39511" dest-id="47283" weight="2.9411129272169965"/>
<connection id="51883" src-id="44247" dest-id="43100" weight="2.3127709404024337"/>
<connection id="51896" src-id="44023" dest-id="42880" weight="4.732122682790768"/>
<connection id="51898" src-id="47283" dest-id="41906" weight="-4.210100466556618"/>
<connection id="51900" src-id="39478" dest-id="49112" weight="9.937385425231959"/>
<connection id="51901" src-id="39490" dest-id="43808" weight="4.330758586969338"/>
<connection id="51903" src-id="41906" dest-id="44023" weight="3.2287637962094724"/>
<connection id="51906" src-id="39491" dest-id="47280" weight="-15.814483681859533"/>
<neuron id="52033" type="hid" activation="sigmoid"/>
<connection id="52034" src-id="39499" dest-id="52033" weight="1.1329064412496463"/>
<connection id="52138" src-id="50997" dest-id="49112" weight="-10.715556237302373"/>
<connection id="52139" src-id="41858" dest-id="39513" weight="0.7491349461916516"/>
<connection id="52156" src-id="47280" dest-id="48590" weight="-5.740522660306448"/>
<connection id="52186" src-id="39496" dest-id="41118" weight="-0.882033601286905"/>
<connection id="52198" src-id="41523" dest-id="41858" weight="11.051463403456118"/>
<connection id="52219" src-id="39490" dest-id="48590" weight="-9.322755067937464"/>
<connection id="52330" src-id="39486" dest-id="43377" weight="2.416312392472296"/>
<connection id="52340" src-id="39483" dest-id="48590" weight="-4.357653111781242"/>
<connection id="52341" src-id="41580" dest-id="41858" weight="3.3557360257953794"/>
<connection id="52370" src-id="44247" dest-id="49112" weight="1.2294235261756399"/>
<connection id="52394" src-id="49582" dest-id="40502" weight="4.868236350719956"/>
<connection id="52413" src-id="49582" dest-id="41858" weight="-2.7948222233038713"/>
<connection id="52414" src-id="41562" dest-id="41565" weight="8.545031513854768"/>
<connection id="52415" src-id="47283" dest-id="43097" weight="9.312703423010845"/>
<connection id="52418" src-id="47684" dest-id="41562" weight="1.6006803527170395"/>
<connection id="52419" src-id="39473" dest-id="46882" weight="-2.4331854545822607"/>
<connection id="52420" src-id="45917" dest-id="50997" weight="-1.0874023131956037"/>
<connection id="52485" src-id="41118" dest-id="46882" weight="-3.2113592176406627"/>
<connection id="52488" src-id="46882" dest-id="40493" weight="0.4541985456773462"/>
<connection id="52516" src-id="39503" dest-id="49112" weight="-12.155464305956494"/>
<connection id="52517" src-id="39491" dest-id="41118" weight="-5.18746438107043"/>
<connection id="52575" src-id="42901" dest-id="40487" weight="-0.727701570234577"/>
<connection id="52727" src-id="39475" dest-id="47684" weight="-3.2470483589180987"/>
<connection id="52729" src-id="41118" dest-id="42155" weight="6.55024758440987"/>
<connection id="52756" src-id="39481" dest-id="47280" weight="4.034947650234637"/>
<connection id="52764" src-id="39478" dest-id="41858" weight="3.72926063260118"/>
<connection id="52783" src-id="39472" dest-id="49582" weight="6.275786478502598"/>
<connection id="52906" src-id="39491" dest-id="46882" weight="1.6833678025737886"/>
<connection id="52991" src-id="41118" dest-id="43808" weight="-1.6377423678215621"/>
<connection id="52998" src-id="39477" dest-id="41118" weight="11.183735944847923"/>
<connection id="53015" src-id="47280" dest-id="43377" weight="-7.756793678199249"/>
<connection id="53039" src-id="39510" dest-id="43808" weight="10.793252078731541"/>
<connection id="53121" src-id="52033" dest-id="47280" weight="-1.9284050560290649"/>
<connection id="53128" src-id="39475" dest-id="41118" weight="8.17476071807502"/>
<connection id="53136" src-id="52033" dest-id="40502" weight="0.2175236940383911"/>
<connection id="53178" src-id="41520" dest-id="41858" weight="0.7315686722176928"/>
<connection id="53199" src-id="44238" dest-id="43377" weight="7.424842439936292"/>
<connection id="53203" src-id="39507" dest-id="52033" weight="10.051595802802066"/>
<connection id="53207" src-id="39480" dest-id="40505" weight="0.7621135286679861"/>
<connection id="53212" src-id="47684" dest-id="39557" weight="19.84894089000769"/>
<connection id="53213" src-id="39470" dest-id="41858" weight="10.679565492094095"/>
<connection id="53214" src-id="39490" dest-id="40505" weight="20.619935568742985"/>
<connection id="53215" src-id="50997" dest-id="39512" weight="3.4864196090208726"/>
<connection id="53218" src-id="45917" dest-id="39513" weight="2.3080064571351437"/>
<connection id="53220" src-id="41565" dest-id="50997" weight="-0.9662635269622462"/>
<connection id="53221" src-id="49112" dest-id="39512" weight="-6.800265278687817"/>
<connection id="53223" src-id="39507" dest-id="43100" weight="-10.444268082532647"/>
<connection id="53236" src-id="39492" dest-id="50997" weight="12.945380487389098"/>
<neuron id="53329" type="hid" activation="sigmoid"/>
<connection id="53331" src-id="53329" dest-id="39645" weight="13.34811976434964"/>
<neuron id="53350" type="hid" activation="sigmoid"/>
<connection id="53351" src-id="39488" dest-id="53350" weight="0.03201203776667638"/>
<connection id="53352" src-id="53350" dest-id="42880" weight="-9.380044777609783"/>
<connection id="53408" src-id="39483" dest-id="47684" weight="-0.5402077535255173"/>
<connection id="53430" src-id="39498" dest-id="40505" weight="2.8785872386137594"/>
<connection id="53435" src-id="44023" dest-id="45917" weight="1.7797371397847488"/>
<connection id="53438" src-id="50997" dest-id="42880" weight="-5.948834638183202"/>
<connection id="53459" src-id="41858" dest-id="53350" weight="3.192683242818797"/>
<connection id="53460" src-id="39500" dest-id="43100" weight="1.8952322873400937"/>
<connection id="53461" src-id="45917" dest-id="44247" weight="-5.911151504162217"/>
<connection id="53463" src-id="39481" dest-id="41858" weight="1.8067890109803004"/>
<connection id="53465" src-id="39498" dest-id="43100" weight="-20.36098462711775"/>
<connection id="53466" src-id="39473" dest-id="47684" weight="23.703561676506062"/>
<connection id="53467" src-id="53350" dest-id="47280" weight="-9.698621535052546"/>
<connection id="53468" src-id="39486" dest-id="43808" weight="11.123581535828311"/>
<connection id="53470" src-id="40493" dest-id="44238" weight="-18.352243809479447"/>
<connection id="53472" src-id="39488" dest-id="44238" weight="9.613587032986656"/>
<connection id="53533" src-id="39494" dest-id="41118" weight="0.7970062945458357"/>
<connection id="53591" src-id="49582" dest-id="42140" weight="10.082197769537258"/>
<connection id="53639" src-id="39502" dest-id="49112" weight="5.630967025517472"/>
<connection id="53642" src-id="46882" dest-id="44247" weight="-3.966654833801707"/>
<connection id="53645" src-id="39487" dest-id="49582" weight="-3.737739516519089"/>
<connection id="53710" src-id="52033" dest-id="50997" weight="-0.62244346169728"/>
<connection id="53733" src-id="39506" dest-id="40505" weight="10.869933146376734"/>
<connection id="53757" src-id="39495" dest-id="43808" weight="11.978730623967108"/>
<connection id="53792" src-id="39485" dest-id="40505" weight="-6.598356641455012"/>
<connection id="53794" src-id="39503" dest-id="52033" weight="-2.7009575369249914"/>
<connection id="53965" src-id="39497" dest-id="48590" weight="-4.535086105213103"/>
<neuron id="53983" type="hid" activation="sigmoid"/>
<connection id="53985" src-id="53983" dest-id="42901" weight="22.651697381009022"/>
<connection id="54153" src-id="40505" dest-id="43377" weight="-2.251727371399274"/>
<connection id="54167" src-id="47684" dest-id="39601" weight="-0.635364123029641"/>
<connection id="54227" src-id="39488" dest-id="50997" weight="-3.724614703287363"/>
<connection id="54236" src-id="39486" dest-id="41526" weight="-0.11504519199541918"/>
<connection id="54291" src-id="39500" dest-id="52033" weight="8.073664815846364"/>
<connection id="54292" src-id="39496" dest-id="45917" weight="-2.2331688600785116"/>
<connection id="54293" src-id="43808" dest-id="44238" weight="4.8463232317357825"/>
<connection id="54294" src-id="39500" dest-id="43377" weight="5.463019681136489"/>
<connection id="54297" src-id="39510" dest-id="44032" weight="-6.325723609017808"/>
<connection id="54299" src-id="39479" dest-id="40505" weight="-0.33838812289166986"/>
<connection id="54301" src-id="39496" dest-id="49582" weight="14.952099061296764"/>
<connection id="54303" src-id="44238" dest-id="39601" weight="1.4953695850334718"/>
<connection id="54304" src-id="44023" dest-id="43588" weight="-4.982941931620527"/>
<connection id="54305" src-id="40505" dest-id="42155" weight="-1.368677265944509"/>
<connection id="54317" src-id="39493" dest-id="41858" weight="-10.816647660341046"/>
<connection id="54326" src-id="47280" dest-id="43808" weight="5.9864952572185"/>
<connection id="54344" src-id="39509" dest-id="50997" weight="22.014000264635655"/>
<connection id="54353" src-id="47684" dest-id="41526" weight="-1.4067397535380057"/>
<connection id="54377" src-id="39491" dest-id="41858" weight="1.4189345168257896"/>
<connection id="54387" src-id="40505" dest-id="47280" weight="13.988280625456143"/>
<connection id="54399" src-id="40502" dest-id="47283" weight="-4.147484941890449"/>
<connection id="54409" src-id="39475" dest-id="52033" weight="0.2747937942619698"/>
<connection id="54413" src-id="40502" dest-id="47684" weight="-0.44886799274802636"/>
<connection id="54591" src-id="41118" dest-id="41580" weight="-0.026759485189078447"/>
<connection id="54622" src-id="43377" dest-id="39512" weight="1.5391452466484115"/>
<connection id="54647" src-id="39472" dest-id="47684" weight="11.105773826270202"/>
<connection id="54711" src-id="47684" dest-id="44023" weight="2.1603228976769553"/>
<connection id="54731" src-id="41876" dest-id="41562" weight="0.5081693775232992"/>
<connection id="54740" src-id="39485" dest-id="41858" weight="-7.055311969893538"/>
<neuron id="54795" type="hid" activation="sigmoid"/>
<connection id="54796" src-id="39490" dest-id="54795" weight="0.36175057411503886"/>
<connection id="54797" src-id="54795" dest-id="42880" weight="6.836247554938203"/>
<connection id="54940" src-id="52033" dest-id="41876" weight="-18.979430537061358"/>
<connection id="54967" src-id="39483" dest-id="44023" weight="-1.5342654098975141"/>
<connection id="55009" src-id="39475" dest-id="42880" weight="5.233293303797469"/>
<connection id="55036" src-id="39494" dest-id="43377" weight="-9.810393736976724"/>
<connection id="55248" src-id="39479" dest-id="48590" weight="-3.139481180864469"/>
<connection id="55257" src-id="49582" dest-id="45917" weight="-1.39157433658692"/>
<connection id="55359" src-id="39493" dest-id="50997" weight="-8.860418330234971"/>
<connection id="55385" src-id="41526" dest-id="41565" weight="4.9139117402661565"/>
<connection id="55386" src-id="54795" dest-id="44023" weight="3.9876621780561"/>
<connection id="55387" src-id="43588" dest-id="44032" weight="8.349801896688536"/>
<connection id="55389" src-id="53350" dest-id="40493" weight="-1.9851256585226282"/>
<connection id="55392" src-id="43368" dest-id="47280" weight="-8.17970759292104"/>
<connection id="55393" src-id="39486" dest-id="40502" weight="-1.8997933079465692"/>
<connection id="55394" src-id="39485" dest-id="40502" weight="-13.464257943093388"/>
<connection id="55395" src-id="41562" dest-id="53350" weight="-3.8645415759456516"/>
<connection id="55396" src-id="46882" dest-id="40505" weight="4.063044633253577"/>
<connection id="55399" src-id="43368" dest-id="40493" weight="-4.0556725177750605"/>
<connection id="55400" src-id="39482" dest-id="43377" weight="4.498023408323215"/>
<connection id="55401" src-id="40505" dest-id="43100" weight="3.1291232748743614"/>
<connection id="55402" src-id="39484" dest-id="41526" weight="-1.8110368236269352"/>
<connection id="55520" src-id="44023" dest-id="44247" weight="-0.24762090822026206"/>
<neuron id="55559" type="hid" activation="sigmoid"/>
<connection id="55560" src-id="39474" dest-id="55559" weight="1.4810124340311845"/>
<connection id="55561" src-id="55559" dest-id="41538" weight="10.829564461385418"/>
<neuron id="55616" type="hid" activation="sigmoid"/>
<connection id="55617" src-id="41523" dest-id="55616" weight="-3.088410022904354"/>
<connection id="55618" src-id="55616" dest-id="43377" weight="10.230064015604453"/>
<connection id="55936" src-id="43588" dest-id="43377" weight="3.579132421162929"/>
<connection id="56004" src-id="39482" dest-id="45917" weight="-2.944899876438072"/>
<connection id="56016" src-id="41520" dest-id="44023" weight="13.45753675787944"/>
<connection id="56023" src-id="39489" dest-id="44023" weight="3.665877883557726"/>
<connection id="56160" src-id="41118" dest-id="41526" weight="-6.080684122067699"/>
<connection id="56171" src-id="49582" dest-id="44032" weight="-7.493041941991672"/>
<connection id="56172" src-id="40502" dest-id="41118" weight="-4.562789295037221"/>
<connection id="56173" src-id="41858" dest-id="50997" weight="6.652848947728797"/>
<connection id="56177" src-id="43368" dest-id="43588" weight="4.440397565309883"/>
<connection id="56179" src-id="41858" dest-id="53983" weight="-0.13658830829084007"/>
<connection id="56180" src-id="39477" dest-id="44238" weight="-8.22048642381065"/>
<connection id="56181" src-id="43368" dest-id="49582" weight="6.208731969996366"/>
<connection id="56187" src-id="54795" dest-id="40505" weight="-5.346521622503798"/>
<connection id="56240" src-id="39472" dest-id="43377" weight="8.263258962034964"/>
<connection id="56317" src-id="40505" dest-id="50137" weight="4.8313608027667705"/>
<connection id="56324" src-id="39499" dest-id="53983" weight="-1.8208655366892978"/>
<connection id="56349" src-id="39506" dest-id="44238" weight="-4.208926061536227"/>
<connection id="56505" src-id="39475" dest-id="47280" weight="0.6696285777653437"/>
<connection id="56742" src-id="41526" dest-id="39601" weight="0.8830363048340548"/>
<connection id="56806" src-id="53983" dest-id="44023" weight="0.36751034635814106"/>
<connection id="56837" src-id="39489" dest-id="49582" weight="7.083174696418487"/>
<connection id="56961" src-id="39472" dest-id="43808" weight="-0.9456633697120583"/>
<connection id="56962" src-id="47280" dest-id="55616" weight="-2.4352307913230122"/>
<connection id="56969" src-id="39500" dest-id="44238" weight="-1.3054315149636582"/>
<connection id="56971" src-id="53983" dest-id="43100" weight="7.402026729982076"/>
<connection id="57006" src-id="50997" dest-id="45073" weight="1.173473002364421"/>
<connection id="57082" src-id="54795" dest-id="39513" weight="-6.490928718891448"/>
<neuron id="57508" type="hid" activation="sigmoid"/>
<connection id="57509" src-id="39472" dest-id="57508" weight="-10.138947053687215"/>
<connection id="57510" src-id="57508" dest-id="41565" weight="-8.756890850086887"/>
<neuron id="57511" type="hid" activation="sigmoid"/>
<connection id="57512" src-id="39491" dest-id="57511" weight="12.021901330666246"/>
<connection id="57513" src-id="57511" dest-id="44238" weight="-3.2147769034440095"/>
<connection id="57686" src-id="39476" dest-id="45073" weight="2.4619989666738498"/>
<connection id="57696" src-id="44023" dest-id="39513" weight="2.6062647426502865"/>
<connection id="57831" src-id="41580" dest-id="57511" weight="0.8004830268706877"/>
<connection id="57848" src-id="39508" dest-id="44023" weight="-1.170851919328384"/>
<connection id="57855" src-id="53983" dest-id="45917" weight="-7.5747337728020865"/>
<connection id="57892" src-id="53983" dest-id="42880" weight="-4.055163392701273"/>
<connection id="58051" src-id="39494" dest-id="40502" weight="9.287508686657121"/>
<connection id="58060" src-id="39493" dest-id="42880" weight="2.6431262433252396"/>
<connection id="58194" src-id="40502" dest-id="50137" weight="7.382804807511812"/>
<connection id="58338" src-id="39492" dest-id="53350" weight="-7.463006552461089"/>
<connection id="58368" src-id="39489" dest-id="43368" weight="-0.41783738054258246"/>
<connection id="58396" src-id="39509" dest-id="51511" weight="-2.0332154708431567"/>
<connection id="58397" src-id="39493" dest-id="53329" weight="6.502645259273556"/>
<connection id="58400" src-id="39510" dest-id="53329" weight="-1.9410234622343836"/>
<connection id="58402" src-id="41562" dest-id="54795" weight="-11.337066083141025"/>
<connection id="58407" src-id="40493" dest-id="53983" weight="-2.56066006592513"/>
<connection id="58409" src-id="53350" dest-id="39513" weight="9.262446679945713"/>
<connection id="58410" src-id="39500" dest-id="41526" weight="4.757977600139118"/>
<connection id="58412" src-id="51511" dest-id="53329" weight="2.0572809815454303"/>
<connection id="58414" src-id="39472" dest-id="53983" weight="-2.3616804166602465"/>
<connection id="58416" src-id="39489" dest-id="43100" weight="18.77994207026847"/>
<connection id="58419" src-id="39505" dest-id="53350" weight="-3.37505439038436"/>
<connection id="58431" src-id="51511" dest-id="44247" weight="4.07592615371668"/>
<connection id="58433" src-id="43368" dest-id="41538" weight="-2.1805735449463266"/>
<neuron id="58586" type="hid" activation="sigmoid"/>
<connection id="58587" src-id="41858" dest-id="58586" weight="0.48583332966401316"/>
<connection id="58588" src-id="58586" dest-id="39512" weight="-12.588204022692157"/>
<neuron id="58595" type="hid" activation="sigmoid"/>
<connection id="58596" src-id="39488" dest-id="58595" weight="1.2342138784575818"/>
<connection id="58670" src-id="41580" dest-id="49112" weight="-2.0344760375810713"/>
<connection id="58681" src-id="39480" dest-id="41858" weight="-9.918802375138794"/>
<connection id="58753" src-id="53983" dest-id="51511" weight="-2.844488659286872"/>
<connection id="58770" src-id="39491" dest-id="57508" weight="-1.2891278803814663"/>
<connection id="58858" src-id="53983" dest-id="40505" weight="0.7325918934838492"/>
<connection id="59158" src-id="46563" dest-id="39645" weight="1.6112577361732283"/>
<connection id="59217" src-id="41565" dest-id="53983" weight="9.781457430235585"/>
<connection id="59221" src-id="52033" dest-id="45073" weight="0.9927896236280533"/>
<connection id="59224" src-id="58595" dest-id="45917" weight="6.7943392556745374"/>
<connection id="59225" src-id="57508" dest-id="41906" weight="3.1722629659338324"/>
<connection id="59226" src-id="47283" dest-id="44238" weight="1.8870988279121093"/>
<connection id="59228" src-id="45073" dest-id="41538" weight="-9.442551957224108"/>
<connection id="59230" src-id="43097" dest-id="46563" weight="-3.7650998173141677"/>
<connection id="59231" src-id="53983" dest-id="50997" weight="-8.722553559375495"/>
<connection id="59232" src-id="39494" dest-id="58595" weight="-7.241538240622754"/>
<connection id="59233" src-id="53350" dest-id="42901" weight="2.4273467181689745"/>
<connection id="59234" src-id="58595" dest-id="42901" weight="-0.7410042980889422"/>
<connection id="59236" src-id="41520" dest-id="53350" weight="2.706356331542954"/>
<connection id="59237" src-id="44238" dest-id="43100" weight="-0.49810390099924384"/>
<connection id="59239" src-id="58595" dest-id="45073" weight="-1.5888500793180955"/>
<connection id="59327" src-id="40493" dest-id="43100" weight="6.293659815154964"/>
<connection id="59338" src-id="39491" dest-id="49582" weight="4.261071338715089"/>
<connection id="59345" src-id="41876" dest-id="53983" weight="-0.05964487854362588"/>
<connection id="59383" src-id="42155" dest-id="45073" weight="-8.827580376376861"/>
<connection id="59426" src-id="39493" dest-id="43100" weight="-0.48374680677808546"/>
<connection id="59437" src-id="43368" dest-id="41520" weight="-0.9094373894751072"/>
<neuron id="59585" type="hid" activation="sigmoid"/>
<connection id="59586" src-id="39505" dest-id="59585" weight="-0.22620778669635877"/>
<connection id="59587" src-id="59585" dest-id="48590" weight="-1.4797523819215321"/>
<neuron id="59588" type="hid" activation="sigmoid"/>
<connection id="59589" src-id="39489" dest-id="59588" weight="-8.078362646698071"/>
<connection id="59590" src-id="59588" dest-id="42140" weight="-16.878301583865305"/>
<neuron id="59591" type="hid" activation="sigmoid"/>
<connection id="59592" src-id="41118" dest-id="59591" weight="1.6583093284498807"/>
<neuron id="59594" type="hid" activation="sigmoid"/>
<connection id="59595" src-id="44032" dest-id="59594" weight="8.54392552201753"/>
<connection id="59596" src-id="59594" dest-id="42155" weight="-0.8381079356440368"/>
<neuron id="59597" type="hid" activation="sigmoid"/>
<connection id="59598" src-id="39492" dest-id="59597" weight="0.25586981673842324"/>
<connection id="59599" src-id="59597" dest-id="41858" weight="6.326043071372872"/>
<connection id="59881" src-id="42391" dest-id="54795" weight="-0.4498661756515503"/>
<connection id="59901" src-id="43368" dest-id="49112" weight="-2.7741244927075117"/>
<connection id="59927" src-id="48590" dest-id="53329" weight="-3.439056802565994"/>
<connection id="60209" src-id="39474" dest-id="53350" weight="2.6262477944885734"/>
<connection id="60230" src-id="51511" dest-id="44238" weight="2.50990526637706"/>
<connection id="60372" src-id="41580" dest-id="44032" weight="4.405385052605451"/>
<connection id="60449" src-id="39500" dest-id="58595" weight="1.80796195761818"/>
<connection id="60540" src-id="42391" dest-id="43808" weight="2.104362887900208"/>
<connection id="60541" src-id="39473" dest-id="58595" weight="4.756884495172418"/>
<connection id="60542" src-id="42391" dest-id="43588" weight="-0.9053071269761177"/>
<connection id="60543" src-id="42140" dest-id="53329" weight="-11.061032562610922"/>
<connection id="60546" src-id="44032" dest-id="57511" weight="-0.6270179117587067"/>
<connection id="60547" src-id="39495" dest-id="59588" weight="-5.232372901811884"/>
<connection id="60549" src-id="41562" dest-id="59597" weight="-5.1802837699959055"/>
<connection id="60551" src-id="39474" dest-id="50137" weight="-1.6133233187562563"/>
<connection id="60553" src-id="59591" dest-id="41906" weight="-2.2085929205665424"/>
<connection id="60555" src-id="52033" dest-id="50137" weight="5.880449562974317"/>
<connection id="60557" src-id="41906" dest-id="59588" weight="6.190728431755891"/>
<connection id="60559" src-id="57511" dest-id="49112" weight="-1.4182945753691958"/>
<connection id="60561" src-id="47684" dest-id="45073" weight="-0.30633158175193065"/>
<neuron id="60562" type="hid" activation="sigmoid"/>
<connection id="60563" src-id="39479" dest-id="60562" weight="0.4792119869142091"/>
<connection id="60564" src-id="60562" dest-id="43588" weight="0.7693819354984082"/>
<neuron id="60679" type="hid" activation="sigmoid"/>
<connection id="60680" src-id="41876" dest-id="60679" weight="-3.659106431772029"/>
<connection id="60681" src-id="60679" dest-id="43808" weight="-5.23960236075089"/>
<neuron id="60682" type="hid" activation="sigmoid"/>
<connection id="60683" src-id="42391" dest-id="60682" weight="0.4228112315288757"/>
<connection id="60684" src-id="60682" dest-id="39645" weight="-1.4566993308933205"/>
<neuron id="60685" type="hid" activation="sigmoid"/>
<connection id="60686" src-id="39510" dest-id="60685" weight="7.3392265825844545"/>
<connection id="60687" src-id="60685" dest-id="42155" weight="2.946219862027197"/>
<connection id="60802" src-id="39481" dest-id="41526" weight="-0.5288958140835196"/>
<connection id="61001" src-id="41858" dest-id="43097" weight="3.116699331709381"/>
<connection id="61081" src-id="39503" dest-id="53983" weight="-0.30722509954311406"/>
<connection id="61097" src-id="57508" dest-id="55616" weight="-1.5241990261464782"/>
<connection id="61148" src-id="44023" dest-id="39557" weight="-3.3938673439776967"/>
<connection id="61189" src-id="44032" dest-id="42880" weight="5.115561940958561"/>
<connection id="61217" src-id="39471" dest-id="43100" weight="-1.336399197426494"/>
<connection id="61224" src-id="51511" dest-id="45073" weight="2.364272729237593"/>
<connection id="61357" src-id="59585" dest-id="39557" weight="-1.6438843007621815"/>
<connection id="61358" src-id="39474" dest-id="49112" weight="0.9363398146206146"/>
<connection id="61359" src-id="58586" dest-id="43808" weight="-10.06112206977407"/>
<connection id="61361" src-id="59591" dest-id="40487" weight="0.7413451029203469"/>
<connection id="61366" src-id="52033" dest-id="57508" weight="-1.7054675038324703"/>
<connection id="61369" src-id="39477" dest-id="60679" weight="3.9892880055666566"/>
<connection id="61370" src-id="51511" dest-id="40505" weight="-2.2905207414849613"/>
<connection id="61371" src-id="58595" dest-id="41520" weight="-0.16151078981395095"/>
<connection id="61372" src-id="39511" dest-id="59591" weight="3.7616764231985904"/>
<connection id="61374" src-id="40487" dest-id="59588" weight="-5.540923607121276"/>
<connection id="61375" src-id="60679" dest-id="43588" weight="5.549047175647398"/>
<connection id="61376" src-id="43368" dest-id="41906" weight="0.1717116668313099"/>
<connection id="61377" src-id="39486" dest-id="57511" weight="2.0663334026784366"/>
<connection id="61378" src-id="39484" dest-id="44238" weight="-3.6502271142548737"/>
<connection id="61379" src-id="44023" dest-id="43100" weight="3.9901386134865895"/>
<connection id="61380" src-id="50137" dest-id="60679" weight="7.716554955390441"/>
<connection id="61383" src-id="39482" dest-id="50137" weight="0.27998875336860696"/>
<connection id="61384" src-id="39497" dest-id="59591" weight="3.423873926737901"/>
<connection id="61385" src-id="39473" dest-id="51511" weight="0.7112399352200196"/>
<connection id="61386" src-id="39490" dest-id="59594" weight="2.047705183644907"/>
<connection id="61441" src-id="39485" dest-id="54795" weight="3.5364957805755726"/>
<connection id="61597" src-id="39480" dest-id="53983" weight="-5.806616090362049"/>
<neuron id="61780" type="hid" activation="sigmoid"/>
<connection id="61781" src-id="39477" dest-id="61780" weight="1.8136680832863878"/>
<connection id="61782" src-id="61780" dest-id="40502" weight="-2.5656184216005364"/>
<neuron id="61783" type="hid" activation="sigmoid"/>
<connection id="61784" src-id="43588" dest-id="61783" weight="0.8533193528236858"/>
<connection id="61785" src-id="61783" dest-id="53329" weight="-13.869052373747753"/>
<connection id="62032" src-id="60562" dest-id="42140" weight="-0.09434726255880932"/>
<connection id="62033" src-id="44023" dest-id="60685" weight="1.2136029057504008"/>
<connection id="62035" src-id="47280" dest-id="60682" weight="-1.815819951350341"/>
<connection id="62037" src-id="39510" dest-id="59588" weight="5.890403644242065"/>
<connection id="62038" src-id="42391" dest-id="43100" weight="-3.2285037487698167"/>
<connection id="62040" src-id="61780" dest-id="47684" weight="0.37283558090647206"/>
<connection id="62041" src-id="39486" dest-id="40505" weight="-0.3456511763000468"/>
<connection id="62043" src-id="59591" dest-id="42391" weight="0.7188828241092945"/>
<connection id="62044" src-id="60685" dest-id="48590" weight="-1.740218259857834"/>
<connection id="62045" src-id="39496" dest-id="41858" weight="-8.233466362370024"/>
<connection id="62046" src-id="42880" dest-id="59585" weight="-1.3318574078456253"/>
<connection id="62048" src-id="39510" dest-id="60562" weight="3.854125900098324"/>
<connection id="62052" src-id="60682" dest-id="43588" weight="1.0282056657829841"/>
<connection id="62060" src-id="59597" dest-id="42155" weight="1.9408023542279893"/>
<connection id="62062" src-id="39510" dest-id="51511" weight="0.23635658726360553"/>
<connection id="62063" src-id="39507" dest-id="60682" weight="1.4217662668173094"/>
<connection id="62064" src-id="44238" dest-id="61783" weight="2.0936455537911796"/>
<connection id="62065" src-id="52033" dest-id="61780" weight="-2.459492037596355"/>
<connection id="62067" src-id="39507" dest-id="46563" weight="-2.8629085953945497"/>
<connection id="62068" src-id="39470" dest-id="58586" weight="-4.8014421250132635"/>
<connection id="62070" src-id="41562" dest-id="59585" weight="-0.18667415095562867"/>
<connection id="62071" src-id="58586" dest-id="43100" weight="-9.976391222174659"/>
<connection id="62074" src-id="39483" dest-id="43100" weight="-0.5314992949699537"/>
<connection id="62075" src-id="58586" dest-id="46563" weight="-2.2836649438843457"/>
<connection id="62077" src-id="39471" dest-id="43368" weight="-2.294884766411234"/>
<connection id="62446" src-id="41526" dest-id="54795" weight="-4.454040941855205"/>
<connection id="62513" src-id="39493" dest-id="53350" weight="-2.965041460631162"/>
<connection id="62609" src-id="39490" dest-id="50137" weight="-7.934330825404563"/>
<connection id="62658" src-id="43808" dest-id="60682" weight="2.3115842682282177"/>
<connection id="62709" src-id="55616" dest-id="48590" weight="1.4658390423258016"/>
<neuron id="62993" type="hid" activation="sigmoid"/>
<connection id="62994" src-id="39492" dest-id="62993" weight="-3.3415150217173135"/>
<connection id="62995" src-id="62993" dest-id="41520" weight="-4.888571356434534"/>
<neuron id="62996" type="hid" activation="sigmoid"/>
<connection id="62997" src-id="50137" dest-id="62996" weight="3.1219734672446062"/>
<connection id="62998" src-id="62996" dest-id="48590" weight="-1.4345399383501016"/>
<connection id="63290" src-id="39480" dest-id="42391" weight="3.640803393714821"/>
<connection id="63498" src-id="42391" dest-id="41520" weight="-1.8029155472025298"/>
<connection id="64546" src-id="60562" dest-id="40487" weight="0.811855673789978"/>
<connection id="64846" src-id="43588" dest-id="43100" weight="-3.299325270608108"/>
<connection id="64906" src-id="39494" dest-id="42391" weight="0.4283128139430164"/>
<connection id="64940" src-id="39511" dest-id="58586" weight="-0.6283803785168118"/>
<connection id="64994" src-id="41858" dest-id="60682" weight="1.3658953267014042"/>
<connection id="65042" src-id="39504" dest-id="60682" weight="0.08772658473428828"/>
<connection id="65043" src-id="41906" dest-id="55559" weight="3.1132172938734337"/>
<connection id="65045" src-id="39508" dest-id="60562" weight="0.7175435718724679"/>
<connection id="65048" src-id="39492" dest-id="62996" weight="-1.2151125734407238"/>
<connection id="65049" src-id="59594" dest-id="60685" weight="0.578187108039856"/>
<connection id="65050" src-id="55616" dest-id="49112" weight="-0.9118525981903076"/>
<connection id="65051" src-id="41565" dest-id="51511" weight="-0.20915267503166513"/>
<connection id="65055" src-id="53350" dest-id="59594" weight="2.0858047890946256"/>
<connection id="65056" src-id="39494" dest-id="62993" weight="-2.807259262607884"/>
<connection id="65058" src-id="49555" dest-id="53329" weight="-4.475830711347953"/>
<connection id="65061" src-id="55559" dest-id="61783" weight="-0.2982105706853053"/>
<connection id="65062" src-id="49555" dest-id="41538" weight="4.028803106739655"/>
<connection id="65065" src-id="59591" dest-id="58586" weight="2.0839724175255245"/>
<connection id="65066" src-id="50137" dest-id="42140" weight="0.07932485915736387"/>
<connection id="65068" src-id="39485" dest-id="60685" weight="-0.054288387298583984"/>
<connection id="65070" src-id="61783" dest-id="39512" weight="0.10222501225211822"/>
<connection id="65073" src-id="39480" dest-id="60682" weight="-3.2830939530073886"/>
<connection id="65077" src-id="39478" dest-id="59597" weight="1.8521564090723839"/>
<connection id="65099" src-id="41526" dest-id="43097" weight="-0.999076247215271"/>
<neuron id="65932" type="hid" activation="sigmoid"/>
<connection id="65933" src-id="57508" dest-id="65932" weight="1.0338712346816248"/>
<connection id="65934" src-id="65932" dest-id="42155" weight="2.117200084958899"/>
<neuron id="65935" type="hid" activation="sigmoid"/>
<connection id="65936" src-id="59591" dest-id="65935" weight="1.9785226649817467"/>
<connection id="65937" src-id="65935" dest-id="40493" weight="-1.5376174088828263"/>
<connection id="66385" src-id="39500" dest-id="62993" weight="4.603136665138635"/>
<connection id="67136" src-id="43814" dest-id="46563" weight="3.9307240909702825"/>
<connection id="67137" src-id="65932" dest-id="41580" weight="-0.4261026382446289"/>
<connection id="67139" src-id="39501" dest-id="59591" weight="0.778795599937439"/>
<connection id="67143" src-id="39490" dest-id="65935" weight="-0.472312331199646"/>
<connection id="67145" src-id="41876" dest-id="60682" weight="2.4897348703185243"/>
<connection id="67146" src-id="59597" dest-id="54795" weight="-1.5443485538886308"/>
<connection id="67147" src-id="45917" dest-id="59588" weight="0.4055192470550537"/>
<connection id="67148" src-id="58595" dest-id="41906" weight="2.2039483747631907"/>
<connection id="67155" src-id="47283" dest-id="60562" weight="-0.3114752769470215"/>
<connection id="67156" src-id="39483" dest-id="60685" weight="-1.150987097940569"/>
<connection id="67157" src-id="61780" dest-id="57508" weight="0.30325496196746826"/>
<connection id="67160" src-id="65932" dest-id="53350" weight="1.034914461346702"/>
<connection id="67161" src-id="39493" dest-id="60679" weight="-3.7291127163496327"/>
<connection id="67162" src-id="51511" dest-id="58586" weight="-0.2653247079853668"/>
<connection id="67163" src-id="39492" dest-id="51511" weight="-1.5784640380642576"/>
<connection id="67165" src-id="58595" dest-id="43377" weight="-0.9807381103151585"/>
<connection id="67166" src-id="61780" dest-id="65932" weight="3.274634393498222"/>
<connection id="67167" src-id="40493" dest-id="60562" weight="-2.2674833341136718"/>
<connection id="67168" src-id="65935" dest-id="43100" weight="0.07190954685211182"/>
<connection id="67170" src-id="39493" dest-id="62996" weight="-2.4279533582614476"/>
<connection id="67172" src-id="40493" dest-id="50137" weight="-3.3531775418449943"/>
<connection id="67174" src-id="39488" dest-id="50137" weight="0.5607820501314471"/>
<connection id="67175" src-id="41523" dest-id="59594" weight="-0.5228360891342163"/>
<connection id="67177" src-id="58586" dest-id="40487" weight="-1.643265738071004"/>
<connection id="67178" src-id="60685" dest-id="42140" weight="-3.041745974709095"/>
<connection id="67180" src-id="61780" dest-id="41118" weight="-0.031140097453771373"/>
<connection id="67183" src-id="62993" dest-id="59585" weight="4.475592330997639"/>
<neuron id="67570" type="hid" activation="sigmoid"/>
<connection id="67571" src-id="39484" dest-id="67570" weight="1.0"/>
<connection id="67572" src-id="67570" dest-id="47684" weight="-4.9288138401645005"/>
<neuron id="67573" type="hid" activation="sigmoid"/>
<connection id="67574" src-id="46882" dest-id="67573" weight="1.0"/>
<connection id="67575" src-id="67573" dest-id="46563" weight="0.5208804270064707"/>
<neuron id="67576" type="hid" activation="sigmoid"/>
<connection id="67577" src-id="62996" dest-id="67576" weight="5.528091007780479"/>
<connection id="67578" src-id="67576" dest-id="43097" weight="0.2050420045852661"/>
</chromosome>