<chromosome id="62328" primary-parent-id="61813"><neuron id="52914" type="in" activation="linear"/>
<neuron id="52915" type="in" activation="linear"/>
<neuron id="52916" type="in" activation="linear"/>
<neuron id="52917" type="in" activation="linear"/>
<neuron id="52918" type="in" activation="linear"/>
<neuron id="52919" type="in" activation="linear"/>
<neuron id="52920" type="in" activation="linear"/>
<neuron id="52921" type="in" activation="linear"/>
<neuron id="52922" type="in" activation="linear"/>
<neuron id="52923" type="in" activation="linear"/>
<neuron id="52924" type="in" activation="linear"/>
<neuron id="52925" type="in" activation="linear"/>
<neuron id="52926" type="in" activation="linear"/>
<neuron id="52927" type="in" activation="linear"/>
<neuron id="52928" type="in" activation="linear"/>
<neuron id="52929" type="in" activation="linear"/>
<neuron id="52930" type="in" activation="linear"/>
<neuron id="52931" type="in" activation="linear"/>
<neuron id="52932" type="in" activation="linear"/>
<neuron id="52933" type="in" activation="linear"/>
<neuron id="52934" type="in" activation="linear"/>
<neuron id="52935" type="in" activation="linear"/>
<neuron id="52936" type="in" activation="linear"/>
<neuron id="52937" type="in" activation="linear"/>
<neuron id="52938" type="in" activation="linear"/>
<neuron id="52939" type="in" activation="linear"/>
<neuron id="52940" type="in" activation="linear"/>
<neuron id="52941" type="in" activation="linear"/>
<neuron id="52942" type="in" activation="linear"/>
<neuron id="52943" type="in" activation="linear"/>
<neuron id="52944" type="in" activation="linear"/>
<neuron id="52945" type="in" activation="linear"/>
<neuron id="52946" type="in" activation="linear"/>
<neuron id="52947" type="in" activation="linear"/>
<neuron id="52948" type="in" activation="linear"/>
<neuron id="52949" type="in" activation="linear"/>
<neuron id="52950" type="in" activation="linear"/>
<neuron id="52951" type="in" activation="linear"/>
<neuron id="52952" type="in" activation="linear"/>
<neuron id="52953" type="in" activation="linear"/>
<neuron id="52954" type="in" activation="linear"/>
<neuron id="52955" type="in" activation="linear"/>
<neuron id="52956" type="out" activation="linear"/>
<neuron id="52957" type="hid" activation="sigmoid"/>
<connection id="52958" src-id="52914" dest-id="52957" weight="2.708523582297131"/>
<connection id="52959" src-id="52915" dest-id="52957" weight="-11.346665050319007"/>
<connection id="52963" src-id="52919" dest-id="52957" weight="-3.1231957812343363"/>
<connection id="52964" src-id="52920" dest-id="52957" weight="4.129488695619434"/>
<connection id="52965" src-id="52921" dest-id="52957" weight="-1.1503122175069702"/>
<connection id="52966" src-id="52922" dest-id="52957" weight="13.917835999198441"/>
<connection id="52967" src-id="52923" dest-id="52957" weight="6.882181971566746"/>
<connection id="52968" src-id="52924" dest-id="52957" weight="14.90547883170086"/>
<connection id="52969" src-id="52925" dest-id="52957" weight="-4.559464435507353"/>
<connection id="52970" src-id="52926" dest-id="52957" weight="4.637470160057993"/>
<connection id="52971" src-id="52927" dest-id="52957" weight="13.592486693109008"/>
<connection id="52972" src-id="52928" dest-id="52957" weight="-5.5364289682084555"/>
<connection id="52974" src-id="52930" dest-id="52957" weight="11.178382273319992"/>
<connection id="52976" src-id="52932" dest-id="52957" weight="10.463464561152033"/>
<connection id="52978" src-id="52934" dest-id="52957" weight="-16.387214476908863"/>
<connection id="52979" src-id="52935" dest-id="52957" weight="-14.01145905348027"/>
<connection id="52980" src-id="52936" dest-id="52957" weight="-4.405147949260077"/>
<connection id="52982" src-id="52938" dest-id="52957" weight="29.98234981210205"/>
<connection id="52983" src-id="52939" dest-id="52957" weight="5.5991637285940214"/>
<connection id="52984" src-id="52940" dest-id="52957" weight="13.380852816472082"/>
<connection id="52985" src-id="52941" dest-id="52957" weight="-4.098569868433122"/>
<connection id="52986" src-id="52942" dest-id="52957" weight="-16.182178122622847"/>
<connection id="52987" src-id="52943" dest-id="52957" weight="2.015103808810966"/>
<connection id="52988" src-id="52944" dest-id="52957" weight="7.470071066208679"/>
<connection id="52990" src-id="52946" dest-id="52957" weight="6.958706927734063"/>
<connection id="52992" src-id="52948" dest-id="52957" weight="-10.051156392172505"/>
<connection id="52994" src-id="52950" dest-id="52957" weight="-12.008350885420965"/>
<connection id="52995" src-id="52951" dest-id="52957" weight="2.067409924634814"/>
<connection id="52996" src-id="52952" dest-id="52957" weight="18.25154881839567"/>
<connection id="52997" src-id="52953" dest-id="52957" weight="10.137453727759"/>
<connection id="53000" src-id="52957" dest-id="52956" weight="-0.4880192341123175"/>
<neuron id="53001" type="hid" activation="sigmoid"/>
<connection id="53002" src-id="52914" dest-id="53001" weight="-9.541311098522712"/>
<connection id="53005" src-id="52917" dest-id="53001" weight="3.5144432527070117"/>
<connection id="53006" src-id="52918" dest-id="53001" weight="-1.275301331048913"/>
<connection id="53007" src-id="52919" dest-id="53001" weight="-15.467278343685765"/>
<connection id="53009" src-id="52921" dest-id="53001" weight="-0.7355730661432275"/>
<connection id="53010" src-id="52922" dest-id="53001" weight="-1.09141161238206"/>
<connection id="53011" src-id="52923" dest-id="53001" weight="-5.074543108582018"/>
<connection id="53012" src-id="52924" dest-id="53001" weight="0.6305526517917728"/>
<connection id="53013" src-id="52925" dest-id="53001" weight="-25.072669297179882"/>
<connection id="53014" src-id="52926" dest-id="53001" weight="16.957827144414217"/>
<connection id="53015" src-id="52927" dest-id="53001" weight="14.491661837559603"/>
<connection id="53016" src-id="52928" dest-id="53001" weight="-10.013390262092953"/>
<connection id="53017" src-id="52929" dest-id="53001" weight="6.015530040589165"/>
<connection id="53019" src-id="52931" dest-id="53001" weight="0.30114360154427233"/>
<connection id="53021" src-id="52933" dest-id="53001" weight="-32.013501353237224"/>
<connection id="53022" src-id="52934" dest-id="53001" weight="-29.568249943328688"/>
<connection id="53023" src-id="52935" dest-id="53001" weight="13.843731902494751"/>
<connection id="53025" src-id="52937" dest-id="53001" weight="3.0012980922733115"/>
<connection id="53026" src-id="52938" dest-id="53001" weight="-21.167582209162283"/>
<connection id="53027" src-id="52939" dest-id="53001" weight="-15.414288105729886"/>
<connection id="53028" src-id="52940" dest-id="53001" weight="12.098201054017176"/>
<connection id="53031" src-id="52943" dest-id="53001" weight="9.455676743087889"/>
<connection id="53032" src-id="52944" dest-id="53001" weight="-3.678056701905538"/>
<connection id="53033" src-id="52945" dest-id="53001" weight="-13.524526755245164"/>
<connection id="53034" src-id="52946" dest-id="53001" weight="-17.294066527354428"/>
<connection id="53036" src-id="52948" dest-id="53001" weight="-5.773345508991929"/>
<connection id="53037" src-id="52949" dest-id="53001" weight="11.436284248033413"/>
<connection id="53038" src-id="52950" dest-id="53001" weight="6.997557036198445"/>
<connection id="53039" src-id="52951" dest-id="53001" weight="0.49300530000385123"/>
<connection id="53040" src-id="52952" dest-id="53001" weight="-6.6011687889309325"/>
<connection id="53041" src-id="52953" dest-id="53001" weight="0.7857660561920721"/>
<connection id="53042" src-id="52954" dest-id="53001" weight="3.5721506518253245"/>
<connection id="53043" src-id="52955" dest-id="53001" weight="-2.226830601720253"/>
<connection id="53044" src-id="53001" dest-id="52956" weight="27.7859403861758"/>
<neuron id="53045" type="hid" activation="sigmoid"/>
<connection id="53046" src-id="52914" dest-id="53045" weight="-8.46384519399582"/>
<connection id="53048" src-id="52916" dest-id="53045" weight="-0.48823487758636475"/>
<connection id="53049" src-id="52917" dest-id="53045" weight="4.439987958600736"/>
<connection id="53050" src-id="52918" dest-id="53045" weight="-9.46191433062358"/>
<connection id="53051" src-id="52919" dest-id="53045" weight="8.795892487424794"/>
<connection id="53052" src-id="52920" dest-id="53045" weight="-21.17289103005351"/>
<connection id="53053" src-id="52921" dest-id="53045" weight="-4.464043752832452"/>
<connection id="53054" src-id="52922" dest-id="53045" weight="-12.310028462864054"/>
<connection id="53056" src-id="52924" dest-id="53045" weight="1.4142767146742161"/>
<connection id="53058" src-id="52926" dest-id="53045" weight="-6.200436688147688"/>
<connection id="53059" src-id="52927" dest-id="53045" weight="18.546675609719802"/>
<connection id="53060" src-id="52928" dest-id="53045" weight="6.348316516566137"/>
<connection id="53061" src-id="52929" dest-id="53045" weight="-32.26058925426613"/>
<connection id="53062" src-id="52930" dest-id="53045" weight="-8.132747635087737"/>
<connection id="53063" src-id="52931" dest-id="53045" weight="-19.917535027218797"/>
<connection id="53064" src-id="52932" dest-id="53045" weight="21.734705595722982"/>
<connection id="53065" src-id="52933" dest-id="53045" weight="-15.689911981527757"/>
<connection id="53066" src-id="52934" dest-id="53045" weight="19.830622678443873"/>
<connection id="53067" src-id="52935" dest-id="53045" weight="-21.037547374276098"/>
<connection id="53069" src-id="52937" dest-id="53045" weight="-18.47042509215941"/>
<connection id="53070" src-id="52938" dest-id="53045" weight="-27.875406446392834"/>
<connection id="53071" src-id="52939" dest-id="53045" weight="-0.761169924646178"/>
<connection id="53072" src-id="52940" dest-id="53045" weight="1.4602781719811015"/>
<connection id="53073" src-id="52941" dest-id="53045" weight="-13.01061402986408"/>
<connection id="53078" src-id="52946" dest-id="53045" weight="6.785378343449626"/>
<connection id="53079" src-id="52947" dest-id="53045" weight="1.2580794844633514"/>
<connection id="53080" src-id="52948" dest-id="53045" weight="-0.8859428416715067"/>
<connection id="53081" src-id="52949" dest-id="53045" weight="-8.142973093736734"/>
<connection id="53082" src-id="52950" dest-id="53045" weight="-4.465950991869271"/>
<connection id="53083" src-id="52951" dest-id="53045" weight="9.878127320759617"/>
<connection id="53084" src-id="52952" dest-id="53045" weight="19.367418279609062"/>
<connection id="53085" src-id="52953" dest-id="53045" weight="-5.126733186142729"/>
<connection id="53086" src-id="52954" dest-id="53045" weight="2.872536700801491"/>
<connection id="53087" src-id="52955" dest-id="53045" weight="-0.229013386457519"/>
<connection id="53088" src-id="53045" dest-id="52956" weight="1.9442975688748216"/>
<neuron id="53089" type="hid" activation="sigmoid"/>
<connection id="53090" src-id="52914" dest-id="53089" weight="8.176928597580812"/>
<connection id="53091" src-id="52915" dest-id="53089" weight="-13.431724378718801"/>
<connection id="53094" src-id="52918" dest-id="53089" weight="12.277943568493848"/>
<connection id="53096" src-id="52920" dest-id="53089" weight="1.7021422105324677"/>
<connection id="53097" src-id="52921" dest-id="53089" weight="-9.66298399984868"/>
<connection id="53098" src-id="52922" dest-id="53089" weight="-13.536902084001309"/>
<connection id="53099" src-id="52923" dest-id="53089" weight="-7.77500658680164"/>
<connection id="53100" src-id="52924" dest-id="53089" weight="0.09719353179633494"/>
<connection id="53101" src-id="52925" dest-id="53089" weight="-0.43032563622384257"/>
<connection id="53102" src-id="52926" dest-id="53089" weight="12.459866043097394"/>
<connection id="53103" src-id="52927" dest-id="53089" weight="0.1402968996410594"/>
<connection id="53104" src-id="52928" dest-id="53089" weight="-32.599259363520794"/>
<connection id="53105" src-id="52929" dest-id="53089" weight="9.284719496820745"/>
<connection id="53106" src-id="52930" dest-id="53089" weight="20.635388025712427"/>
<connection id="53107" src-id="52931" dest-id="53089" weight="-10.049960116461948"/>
<connection id="53108" src-id="52932" dest-id="53089" weight="2.061016007033061"/>
<connection id="53109" src-id="52933" dest-id="53089" weight="3.689217903583984"/>
<connection id="53110" src-id="52934" dest-id="53089" weight="9.201296211704031"/>
<connection id="53111" src-id="52935" dest-id="53089" weight="1.962963550227668"/>
<connection id="53112" src-id="52936" dest-id="53089" weight="-0.7495760440498356"/>
<connection id="53114" src-id="52938" dest-id="53089" weight="3.043562933490558"/>
<connection id="53115" src-id="52939" dest-id="53089" weight="-0.48552724931284463"/>
<connection id="53116" src-id="52940" dest-id="53089" weight="24.671108085986763"/>
<connection id="53117" src-id="52941" dest-id="53089" weight="4.013725783064768"/>
<connection id="53118" src-id="52942" dest-id="53089" weight="-6.618730652428054"/>
<connection id="53119" src-id="52943" dest-id="53089" weight="8.89666416025539"/>
<connection id="53121" src-id="52945" dest-id="53089" weight="-16.842477357530765"/>
<connection id="53122" src-id="52946" dest-id="53089" weight="-13.92868185776964"/>
<connection id="53124" src-id="52948" dest-id="53089" weight="2.282335083735164"/>
<connection id="53128" src-id="52952" dest-id="53089" weight="-4.578647278861635"/>
<connection id="53129" src-id="52953" dest-id="53089" weight="-5.174855444928843"/>
<connection id="53130" src-id="52954" dest-id="53089" weight="1.756136071024938"/>
<connection id="53131" src-id="52955" dest-id="53089" weight="5.767878674005093"/>
<connection id="53132" src-id="53089" dest-id="52956" weight="5.592228393553298"/>
<neuron id="53133" type="hid" activation="sigmoid"/>
<connection id="53134" src-id="52914" dest-id="53133" weight="-7.091298693472664"/>
<connection id="53135" src-id="52915" dest-id="53133" weight="-12.588229784694125"/>
<connection id="53137" src-id="52917" dest-id="53133" weight="-9.625503612566277"/>
<connection id="53138" src-id="52918" dest-id="53133" weight="-10.879361633210499"/>
<connection id="53139" src-id="52919" dest-id="53133" weight="6.127189583433845"/>
<connection id="53140" src-id="52920" dest-id="53133" weight="-2.5902191090042415"/>
<connection id="53141" src-id="52921" dest-id="53133" weight="5.624732873768191"/>
<connection id="53142" src-id="52922" dest-id="53133" weight="8.356556422747529"/>
<connection id="53144" src-id="52924" dest-id="53133" weight="-13.134691809219964"/>
<connection id="53145" src-id="52925" dest-id="53133" weight="4.206988817912559"/>
<connection id="53146" src-id="52926" dest-id="53133" weight="-13.886680778902647"/>
<connection id="53147" src-id="52927" dest-id="53133" weight="-3.7247830376971134"/>
<connection id="53148" src-id="52928" dest-id="53133" weight="-5.613742162611483"/>
<connection id="53149" src-id="52929" dest-id="53133" weight="-13.465096560966234"/>
<connection id="53150" src-id="52930" dest-id="53133" weight="4.578345975697322"/>
<connection id="53153" src-id="52933" dest-id="53133" weight="9.12366074428557"/>
<connection id="53154" src-id="52934" dest-id="53133" weight="11.043648653032738"/>
<connection id="53155" src-id="52935" dest-id="53133" weight="-24.51284953219695"/>
<connection id="53156" src-id="52936" dest-id="53133" weight="33.03820184701919"/>
<connection id="53157" src-id="52937" dest-id="53133" weight="19.13711545258668"/>
<connection id="53158" src-id="52938" dest-id="53133" weight="-18.107766433985198"/>
<connection id="53159" src-id="52939" dest-id="53133" weight="-14.319282724466802"/>
<connection id="53160" src-id="52940" dest-id="53133" weight="2.441935085717376"/>
<connection id="53162" src-id="52942" dest-id="53133" weight="4.7335199882239465"/>
<connection id="53163" src-id="52943" dest-id="53133" weight="-17.446468288519213"/>
<connection id="53164" src-id="52944" dest-id="53133" weight="-3.2380588426930066"/>
<connection id="53165" src-id="52945" dest-id="53133" weight="-2.5937593958365737"/>
<connection id="53167" src-id="52947" dest-id="53133" weight="13.60135057604051"/>
<connection id="53168" src-id="52948" dest-id="53133" weight="9.848610538259184"/>
<connection id="53169" src-id="52949" dest-id="53133" weight="3.724447477005973"/>
<connection id="53170" src-id="52950" dest-id="53133" weight="6.28784839339278"/>
<connection id="53172" src-id="52952" dest-id="53133" weight="5.887086183350528"/>
<connection id="53173" src-id="52953" dest-id="53133" weight="4.570135979307908"/>
<connection id="53174" src-id="52954" dest-id="53133" weight="-24.289023788752242"/>
<connection id="53176" src-id="53133" dest-id="52956" weight="-13.452374711468694"/>
<connection id="53261" src-id="53089" dest-id="52957" weight="-16.8331150814975"/>
<connection id="53262" src-id="52945" dest-id="52956" weight="21.802024323592832"/>
<neuron id="53512" type="hid" activation="sigmoid"/>
<connection id="53513" src-id="52946" dest-id="53512" weight="-0.5020012022102467"/>
<neuron id="53518" type="hid" activation="sigmoid"/>
<connection id="53519" src-id="52932" dest-id="53518" weight="3.698265686138014"/>
<connection id="53520" src-id="53518" dest-id="53133" weight="-23.79727432541442"/>
<connection id="53670" src-id="52923" dest-id="52956" weight="6.386619518732392"/>
<connection id="53816" src-id="52935" dest-id="53512" weight="3.3900544702456568"/>
<neuron id="53857" type="hid" activation="sigmoid"/>
<connection id="53859" src-id="53857" dest-id="53001" weight="1.445636607255303"/>
<neuron id="53869" type="hid" activation="sigmoid"/>
<connection id="53870" src-id="52931" dest-id="53869" weight="-9.99931980149971"/>
<connection id="53871" src-id="53869" dest-id="52957" weight="-10.357743560773088"/>
<connection id="53933" src-id="52934" dest-id="52956" weight="2.1978521580183075"/>
<connection id="54043" src-id="52939" dest-id="52956" weight="-5.633578303253255"/>
<connection id="54061" src-id="52916" dest-id="52956" weight="2.338803538514875"/>
<connection id="54093" src-id="53001" dest-id="52957" weight="-3.2665247068496477"/>
<neuron id="54145" type="hid" activation="sigmoid"/>
<connection id="54146" src-id="52916" dest-id="54145" weight="-1.5527481537497492"/>
<connection id="54147" src-id="54145" dest-id="53089" weight="2.563595797255151"/>
<connection id="54262" src-id="52936" dest-id="53857" weight="-9.628459276536505"/>
<neuron id="54421" type="hid" activation="sigmoid"/>
<connection id="54422" src-id="52947" dest-id="54421" weight="-16.36753947174529"/>
<neuron id="54641" type="hid" activation="sigmoid"/>
<connection id="54642" src-id="52919" dest-id="54641" weight="-33.71027245213799"/>
<neuron id="54644" type="hid" activation="sigmoid"/>
<connection id="54645" src-id="52933" dest-id="54644" weight="0.9303113569222603"/>
<connection id="54646" src-id="54644" dest-id="52957" weight="-5.036891808513669"/>
<connection id="54771" src-id="53089" dest-id="53045" weight="3.991247769075006"/>
<connection id="54799" src-id="52928" dest-id="53512" weight="-4.468902168375479"/>
<neuron id="54876" type="hid" activation="sigmoid"/>
<connection id="54877" src-id="52942" dest-id="54876" weight="4.219126452476001"/>
<connection id="54878" src-id="54876" dest-id="53045" weight="-11.146472761972186"/>
<neuron id="54885" type="hid" activation="sigmoid"/>
<connection id="55065" src-id="52941" dest-id="53857" weight="-8.153937512356913"/>
<connection id="55071" src-id="52918" dest-id="52956" weight="7.896472924573336"/>
<connection id="55145" src-id="54885" dest-id="53045" weight="3.0629377122178054"/>
<connection id="55268" src-id="52917" dest-id="53857" weight="-4.23027219667843"/>
<neuron id="55275" type="hid" activation="sigmoid"/>
<connection id="55276" src-id="52915" dest-id="55275" weight="-5.755967849001809"/>
<connection id="55277" src-id="55275" dest-id="53001" weight="1.218193868440095"/>
<neuron id="55281" type="hid" activation="sigmoid"/>
<connection id="55282" src-id="52937" dest-id="55281" weight="-3.4478734759466043"/>
<connection id="55283" src-id="55281" dest-id="53089" weight="-4.1123103805447725"/>
<connection id="55332" src-id="52955" dest-id="54885" weight="-2.1972660438394316"/>
<connection id="55430" src-id="52936" dest-id="54641" weight="-3.8916993057761786"/>
<neuron id="55510" type="hid" activation="sigmoid"/>
<connection id="55512" src-id="55510" dest-id="52957" weight="-12.29398227117195"/>
<connection id="55548" src-id="52921" dest-id="53857" weight="-3.954841104435101"/>
<connection id="55575" src-id="52950" dest-id="52956" weight="0.7575527567565459"/>
<connection id="55610" src-id="52937" dest-id="54641" weight="-10.616683341488926"/>
<connection id="55618" src-id="52941" dest-id="54641" weight="-11.999301091676763"/>
<neuron id="55667" type="hid" activation="sigmoid"/>
<connection id="55668" src-id="52918" dest-id="55667" weight="7.917837507502525"/>
<connection id="55669" src-id="55667" dest-id="52957" weight="-6.833431869593854"/>
<connection id="55723" src-id="52944" dest-id="54641" weight="-0.4688518383543899"/>
<connection id="55757" src-id="52944" dest-id="54885" weight="0.8127942471659626"/>
<connection id="55780" src-id="52915" dest-id="52956" weight="-0.15661358924588908"/>
<connection id="55808" src-id="52917" dest-id="54885" weight="-8.319485368544711"/>
<neuron id="55829" type="hid" activation="sigmoid"/>
<connection id="55830" src-id="52955" dest-id="55829" weight="4.696952452141161"/>
<connection id="55831" src-id="55829" dest-id="53133" weight="1.5206060343523589"/>
<connection id="55860" src-id="54641" dest-id="52956" weight="-13.74014155748455"/>
<connection id="55885" src-id="52915" dest-id="53857" weight="-3.6282239742791207"/>
<connection id="55888" src-id="52937" dest-id="54885" weight="-10.388936166946865"/>
<neuron id="55969" type="hid" activation="sigmoid"/>
<connection id="55971" src-id="55969" dest-id="53045" weight="8.408438271294646"/>
<connection id="56069" src-id="52921" dest-id="52956" weight="11.39683930227672"/>
<neuron id="56097" type="hid" activation="sigmoid"/>
<connection id="56098" src-id="52917" dest-id="56097" weight="3.4077759721625576"/>
<neuron id="56106" type="hid" activation="sigmoid"/>
<connection id="56108" src-id="56106" dest-id="52957" weight="1.2266894487409257"/>
<connection id="56142" src-id="54641" dest-id="53133" weight="16.57436707419783"/>
<connection id="56217" src-id="54885" dest-id="53133" weight="-3.735929592138313"/>
<connection id="56319" src-id="52940" dest-id="54641" weight="-13.865092114680806"/>
<connection id="56335" src-id="52928" dest-id="55969" weight="-2.8439044863143748"/>
<connection id="56344" src-id="52934" dest-id="54644" weight="-5.440132387419981"/>
<connection id="56386" src-id="52927" dest-id="55969" weight="-5.2626954211024035"/>
<connection id="56422" src-id="52928" dest-id="54641" weight="-2.628004693192902"/>
<connection id="56423" src-id="52953" dest-id="54641" weight="3.3809600024593887"/>
<connection id="56454" src-id="52925" dest-id="54885" weight="-8.271122269902014"/>
<neuron id="56480" type="hid" activation="sigmoid"/>
<connection id="56481" src-id="52954" dest-id="56480" weight="3.220998507022216"/>
<connection id="56482" src-id="56480" dest-id="52957" weight="6.378263547545172"/>
<neuron id="56483" type="hid" activation="sigmoid"/>
<connection id="56484" src-id="52932" dest-id="56483" weight="-3.792358576379287"/>
<connection id="56485" src-id="56483" dest-id="53857" weight="-18.82527437552457"/>
<connection id="56534" src-id="52925" dest-id="55969" weight="1.7240606942800578"/>
<connection id="56543" src-id="52931" dest-id="54641" weight="2.3806320569569936"/>
<connection id="56555" src-id="53857" dest-id="55969" weight="-6.896770938130305"/>
<connection id="56559" src-id="54885" dest-id="52956" weight="9.26803596955078"/>
<connection id="56566" src-id="52945" dest-id="55969" weight="-6.031899064433045"/>
<neuron id="56572" type="hid" activation="sigmoid"/>
<connection id="56573" src-id="52951" dest-id="56572" weight="-3.9704269571089608"/>
<connection id="56574" src-id="56572" dest-id="53089" weight="16.349516837106016"/>
<neuron id="56575" type="hid" activation="sigmoid"/>
<connection id="56576" src-id="54641" dest-id="56575" weight="-24.570046549763184"/>
<connection id="56577" src-id="56575" dest-id="53089" weight="-37.13334792105456"/>
<neuron id="56578" type="hid" activation="sigmoid"/>
<connection id="56579" src-id="52937" dest-id="56578" weight="16.13826892395228"/>
<connection id="56642" src-id="54644" dest-id="53089" weight="-1.655867001860678"/>
<connection id="56767" src-id="53869" dest-id="53512" weight="-1.9024489824106972"/>
<connection id="56768" src-id="52914" dest-id="56575" weight="-1.112444322610249"/>
<connection id="56769" src-id="54644" dest-id="53869" weight="13.67657579047924"/>
<connection id="56787" src-id="52955" dest-id="55969" weight="-4.39797711555017"/>
<neuron id="56816" type="hid" activation="sigmoid"/>
<connection id="56817" src-id="52949" dest-id="56816" weight="2.140343951313383"/>
<connection id="56818" src-id="56816" dest-id="52957" weight="2.143261274112335"/>
<connection id="56848" src-id="52924" dest-id="53869" weight="3.6704869974349528"/>
<connection id="56875" src-id="53001" dest-id="55667" weight="1.0514391150143996"/>
<connection id="56895" src-id="52939" dest-id="56578" weight="3.08501994666798"/>
<connection id="56964" src-id="52948" dest-id="53869" weight="6.926041677053091"/>
<connection id="56966" src-id="54641" dest-id="53512" weight="-1.1916467263320163"/>
<connection id="56971" src-id="52952" dest-id="54885" weight="6.555125196621831"/>
<connection id="57024" src-id="52930" dest-id="55667" weight="-2.832863095830013"/>
<connection id="57034" src-id="52939" dest-id="53869" weight="-2.271053133388128"/>
<connection id="57036" src-id="52950" dest-id="56575" weight="-3.1888082169411347"/>
<neuron id="57084" type="hid" activation="sigmoid"/>
<connection id="57085" src-id="52941" dest-id="57084" weight="1.4716891206544762"/>
<connection id="57086" src-id="57084" dest-id="53001" weight="-0.4937125361517145"/>
<connection id="57169" src-id="53512" dest-id="52956" weight="0.7453611711066404"/>
<connection id="57170" src-id="52932" dest-id="55969" weight="0.2157670820351949"/>
<connection id="57171" src-id="52919" dest-id="55667" weight="-9.9072773126148"/>
<connection id="57172" src-id="52924" dest-id="53512" weight="4.394704499326096"/>
<connection id="57173" src-id="56483" dest-id="54641" weight="-10.04890828891296"/>
<connection id="57198" src-id="52930" dest-id="54644" weight="1.4170991423413581"/>
<neuron id="57231" type="hid" activation="sigmoid"/>
<connection id="57233" src-id="57231" dest-id="53089" weight="12.038610418014887"/>
<connection id="57272" src-id="56575" dest-id="53133" weight="5.3687552749430285"/>
<connection id="57273" src-id="52937" dest-id="56575" weight="11.488384495179508"/>
<connection id="57274" src-id="53001" dest-id="53869" weight="-5.768901050677299"/>
<connection id="57275" src-id="52943" dest-id="55667" weight="0.2924779389536749"/>
<connection id="57277" src-id="52925" dest-id="56575" weight="-7.949639691250407"/>
<connection id="57278" src-id="52947" dest-id="54644" weight="7.068448406361294"/>
<connection id="57313" src-id="52955" dest-id="54641" weight="0.5176932559609049"/>
<connection id="57320" src-id="52948" dest-id="55667" weight="2.395623636419129"/>
<connection id="57381" src-id="52929" dest-id="53512" weight="6.484344601624574"/>
<connection id="57456" src-id="52925" dest-id="55667" weight="-1.798637832477967"/>
<connection id="57511" src-id="53869" dest-id="53089" weight="-7.008221915026225"/>
<connection id="57514" src-id="52952" dest-id="56578" weight="-8.231216727717037"/>
<connection id="57518" src-id="54421" dest-id="54641" weight="4.58294637260962"/>
<connection id="57519" src-id="56578" dest-id="54644" weight="3.349246959590312"/>
<connection id="57520" src-id="52944" dest-id="56575" weight="14.853112556993265"/>
<connection id="57521" src-id="52942" dest-id="56483" weight="4.559356235977448"/>
<connection id="57522" src-id="52926" dest-id="53518" weight="5.010170924794156"/>
<connection id="57523" src-id="52937" dest-id="56483" weight="-14.510919362978171"/>
<connection id="57527" src-id="56575" dest-id="53518" weight="-8.494897776703427"/>
<neuron id="57562" type="hid" activation="sigmoid"/>
<connection id="57563" src-id="52952" dest-id="57562" weight="6.374758971935697"/>
<connection id="57564" src-id="57562" dest-id="54644" weight="17.495604259835567"/>
<connection id="57593" src-id="52948" dest-id="55969" weight="-5.323020882056301"/>
<connection id="57642" src-id="56575" dest-id="53512" weight="13.158507670240985"/>
<connection id="57643" src-id="52944" dest-id="56578" weight="-0.26164332145324476"/>
<connection id="57644" src-id="52933" dest-id="56483" weight="-8.325737240914231"/>
<connection id="57646" src-id="52938" dest-id="57562" weight="-13.703679120473591"/>
<connection id="57650" src-id="52931" dest-id="54644" weight="-0.7868359517759327"/>
<connection id="57651" src-id="54885" dest-id="56578" weight="-3.9678629977785285"/>
<connection id="57652" src-id="56578" dest-id="56575" weight="4.041686614890402"/>
<connection id="57653" src-id="52927" dest-id="54421" weight="6.044083591975987"/>
<connection id="57654" src-id="54145" dest-id="52957" weight="8.848307428537328"/>
<connection id="57655" src-id="52921" dest-id="54145" weight="-10.365443078038805"/>
<connection id="57656" src-id="52937" dest-id="53518" weight="-15.446702075788966"/>
<connection id="57659" src-id="52945" dest-id="53869" weight="11.451391685119034"/>
<connection id="57660" src-id="54644" dest-id="56575" weight="11.496585472532727"/>
<connection id="57661" src-id="52932" dest-id="54145" weight="7.718946344672345"/>
<connection id="57662" src-id="52925" dest-id="56483" weight="1.6080039411139975"/>
<neuron id="57703" type="hid" activation="sigmoid"/>
<connection id="57705" src-id="57703" dest-id="54885" weight="4.755819162618948"/>
<connection id="57749" src-id="57703" dest-id="54644" weight="-1.5888630283700644"/>
<connection id="57763" src-id="56483" dest-id="55969" weight="-9.055509882524612"/>
<connection id="57780" src-id="52947" dest-id="56578" weight="4.600938666359764"/>
<connection id="57782" src-id="52942" dest-id="57703" weight="6.764316747361033"/>
<connection id="57807" src-id="52951" dest-id="53518" weight="-10.229707835641511"/>
<connection id="57808" src-id="56578" dest-id="53869" weight="-10.064508128997442"/>
<connection id="57811" src-id="57703" dest-id="54641" weight="9.124428737285623"/>
<connection id="57816" src-id="52940" dest-id="57703" weight="0.07090716438998479"/>
<connection id="57819" src-id="52943" dest-id="56578" weight="-9.948080081717395"/>
<connection id="57821" src-id="54145" dest-id="53001" weight="5.123760967064886"/>
<connection id="57823" src-id="53518" dest-id="52957" weight="1.6591197197409604"/>
<connection id="57877" src-id="52937" dest-id="53869" weight="1.4644582955997867"/>
<connection id="57879" src-id="52920" dest-id="54644" weight="4.624981816138289"/>
<neuron id="57889" type="hid" activation="sigmoid"/>
<connection id="57891" src-id="57889" dest-id="56483" weight="3.1636159238124413"/>
<connection id="57929" src-id="55969" dest-id="53869" weight="1.313396553957428"/>
<connection id="57931" src-id="52943" dest-id="57562" weight="-3.7147652520585543"/>
<connection id="57957" src-id="54885" dest-id="53089" weight="0.762583664452302"/>
<connection id="58063" src-id="52955" dest-id="53518" weight="2.4922263574753627"/>
<connection id="58072" src-id="52949" dest-id="57562" weight="12.368157435311199"/>
<connection id="58078" src-id="52941" dest-id="56572" weight="10.746372534078558"/>
<connection id="58079" src-id="52920" dest-id="57231" weight="-1.7780937084011947"/>
<connection id="58080" src-id="57231" dest-id="54885" weight="1.3194974524912553"/>
<connection id="58081" src-id="52924" dest-id="57889" weight="7.771881250572178"/>
<connection id="58082" src-id="52941" dest-id="57703" weight="-3.1668049801397418"/>
<neuron id="58105" type="hid" activation="sigmoid"/>
<connection id="58106" src-id="54421" dest-id="58105" weight="-3.1435732441124253"/>
<connection id="58107" src-id="58105" dest-id="53089" weight="13.218116941965956"/>
<connection id="58160" src-id="57889" dest-id="53857" weight="3.882929742912098"/>
<connection id="58230" src-id="52949" dest-id="56572" weight="2.1873964822976153"/>
<connection id="58241" src-id="53869" dest-id="52956" weight="2.8305400586390457"/>
<connection id="58243" src-id="57231" dest-id="55969" weight="-5.233295998510999"/>
<connection id="58248" src-id="52941" dest-id="54145" weight="0.584414635625369"/>
<connection id="58279" src-id="55829" dest-id="52956" weight="-2.056036479968429"/>
<connection id="58309" src-id="52942" dest-id="56572" weight="8.101739375148696"/>
<connection id="58310" src-id="54421" dest-id="56575" weight="3.47643409981299"/>
<connection id="58311" src-id="52932" dest-id="56575" weight="8.36403921866875"/>
<connection id="58314" src-id="52922" dest-id="54145" weight="4.841327495126522"/>
<connection id="58315" src-id="55667" dest-id="57562" weight="-11.898188446317423"/>
<connection id="58316" src-id="57231" dest-id="56575" weight="2.8465904421685475"/>
<connection id="58318" src-id="54885" dest-id="53512" weight="15.263847775619466"/>
<connection id="58319" src-id="56578" dest-id="56480" weight="-5.020445511243216"/>
<connection id="58320" src-id="52945" dest-id="54641" weight="5.097940712252499"/>
<connection id="58321" src-id="52932" dest-id="56572" weight="3.101223924476862"/>
<connection id="58322" src-id="52914" dest-id="57562" weight="1.0601095373777274"/>
<connection id="58323" src-id="52922" dest-id="57562" weight="3.398368928409111"/>
<connection id="58324" src-id="55510" dest-id="54641" weight="0.9498161437267427"/>
<connection id="58325" src-id="52930" dest-id="58105" weight="-6.468672986581222"/>
<connection id="58326" src-id="52924" dest-id="55510" weight="-11.269743657884275"/>
<neuron id="58330" type="hid" activation="sigmoid"/>
<connection id="58331" src-id="52949" dest-id="58330" weight="9.120477935032996"/>
<connection id="58332" src-id="58330" dest-id="53089" weight="13.81732703557331"/>
<connection id="58393" src-id="54421" dest-id="55667" weight="-10.568176328548207"/>
<connection id="58394" src-id="52938" dest-id="54421" weight="-6.305619207050983"/>
<connection id="58395" src-id="55667" dest-id="56480" weight="-3.05983947799624"/>
<connection id="58396" src-id="52951" dest-id="57231" weight="9.220204374822025"/>
<connection id="58404" src-id="52924" dest-id="55667" weight="2.1355036484972816"/>
<connection id="58405" src-id="54145" dest-id="53869" weight="0.2816433815634025"/>
<connection id="58406" src-id="52951" dest-id="54145" weight="0.4420045844783393"/>
<connection id="58501" src-id="52934" dest-id="57231" weight="9.412972904220592"/>
<connection id="58512" src-id="52955" dest-id="57562" weight="4.1480042126375425"/>
<connection id="58568" src-id="52929" dest-id="58330" weight="-2.678846678807328"/>
<neuron id="58612" type="hid" activation="sigmoid"/>
<connection id="58613" src-id="52927" dest-id="58612" weight="-9.190349137115568"/>
<connection id="58614" src-id="58612" dest-id="54885" weight="5.700080588903643"/>
<neuron id="58615" type="hid" activation="sigmoid"/>
<connection id="58617" src-id="58615" dest-id="56578" weight="-7.461702009391576"/>
<connection id="58677" src-id="55510" dest-id="53869" weight="0.8204716518143158"/>
<connection id="58679" src-id="52923" dest-id="54145" weight="-4.671377166495326"/>
<connection id="58730" src-id="56572" dest-id="56575" weight="5.483939956213298"/>
<connection id="58766" src-id="52947" dest-id="56572" weight="7.8470567148672"/>
<connection id="58768" src-id="52931" dest-id="53512" weight="0.6055940489397504"/>
<connection id="58806" src-id="58330" dest-id="57889" weight="3.2059683715906924"/>
<connection id="59020" src-id="52922" dest-id="56572" weight="0.3492809283687641"/>
<connection id="59080" src-id="54145" dest-id="53857" weight="1.165116179241232"/>
<connection id="59083" src-id="52918" dest-id="58615" weight="-5.020190862020623"/>
<connection id="59085" src-id="52942" dest-id="55510" weight="3.634862518844405"/>
<connection id="59086" src-id="56480" dest-id="54644" weight="5.476523133336366"/>
<connection id="59087" src-id="52916" dest-id="53869" weight="-3.7773586630079152"/>
<connection id="59090" src-id="58615" dest-id="56483" weight="2.0713520809299064"/>
<connection id="59092" src-id="52926" dest-id="57703" weight="5.962271337740987"/>
<connection id="59093" src-id="58330" dest-id="57231" weight="-0.8432553598201205"/>
<connection id="59094" src-id="52916" dest-id="53518" weight="-1.0043037237780732"/>
<connection id="59095" src-id="52935" dest-id="58105" weight="-6.339300990021643"/>
<connection id="59157" src-id="52927" dest-id="53518" weight="6.368271312308454"/>
<neuron id="59286" type="hid" activation="sigmoid"/>
<connection id="59287" src-id="52940" dest-id="59286" weight="5.122117026587998"/>
<connection id="59288" src-id="59286" dest-id="58615" weight="8.126450510119895"/>
<connection id="59334" src-id="58615" dest-id="54644" weight="-4.651332541413239"/>
<connection id="59501" src-id="52920" dest-id="55510" weight="1.0897857907446902"/>
<connection id="59521" src-id="53869" dest-id="56575" weight="-3.4164240153090297"/>
<connection id="59523" src-id="53857" dest-id="58612" weight="3.534455945016042"/>
<connection id="59526" src-id="54421" dest-id="54885" weight="0.9984571287790365"/>
<connection id="59527" src-id="59286" dest-id="57562" weight="-7.7713691897341395"/>
<connection id="59528" src-id="52949" dest-id="56483" weight="2.546887994350362"/>
<connection id="59529" src-id="54145" dest-id="54885" weight="1.2020635596268083"/>
<connection id="59530" src-id="52937" dest-id="57703" weight="-9.621184095667244"/>
<connection id="59531" src-id="58612" dest-id="55969" weight="-2.679927930938913"/>
<connection id="59533" src-id="53869" dest-id="54641" weight="3.467118297795631"/>
<connection id="59535" src-id="52914" dest-id="54145" weight="-6.266040714402921"/>
<connection id="59536" src-id="54145" dest-id="58105" weight="4.187355478275868"/>
<connection id="59537" src-id="52920" dest-id="59286" weight="6.218171714638892"/>
<connection id="59538" src-id="57703" dest-id="53857" weight="4.130364854051562"/>
<connection id="59540" src-id="52929" dest-id="58105" weight="2.9794094119965977"/>
<connection id="59542" src-id="52915" dest-id="54421" weight="-5.477670608709017"/>
<connection id="59546" src-id="58330" dest-id="56483" weight="-10.47308283804347"/>
<connection id="59547" src-id="52923" dest-id="58330" weight="3.651292754451543"/>
<connection id="59552" src-id="52942" dest-id="56575" weight="6.378924529713929"/>
<connection id="59588" src-id="52948" dest-id="57703" weight="2.0383787650172946"/>
<connection id="59614" src-id="52943" dest-id="58612" weight="-0.2824570251838002"/>
<neuron id="59671" type="hid" activation="sigmoid"/>
<connection id="59672" src-id="52945" dest-id="59671" weight="-3.2928696449432695"/>
<connection id="59673" src-id="59671" dest-id="52957" weight="3.4562563223231577"/>
<neuron id="59674" type="hid" activation="sigmoid"/>
<connection id="59675" src-id="54145" dest-id="59674" weight="-10.061220963192644"/>
<connection id="59676" src-id="59674" dest-id="57562" weight="5.55440400521566"/>
<connection id="59798" src-id="58330" dest-id="56480" weight="-2.00222366988124"/>
<connection id="59800" src-id="52940" dest-id="57889" weight="-5.207386839813582"/>
<connection id="59826" src-id="57889" dest-id="53869" weight="-7.202157872781445"/>
<connection id="59828" src-id="52914" dest-id="55275" weight="0.9842813304592859"/>
<connection id="59829" src-id="52918" dest-id="58105" weight="-4.716313698747925"/>
<connection id="59830" src-id="52935" dest-id="55275" weight="-7.58305554053708"/>
<connection id="59831" src-id="59674" dest-id="55510" weight="-3.4760945707773336"/>
<connection id="59833" src-id="52950" dest-id="55275" weight="-1.123326211334779"/>
<connection id="59835" src-id="59671" dest-id="55667" weight="0.7461294799660694"/>
<connection id="59836" src-id="57231" dest-id="56572" weight="1.6149042648371843"/>
<connection id="59838" src-id="52946" dest-id="59286" weight="-7.644822302044322"/>
<connection id="59840" src-id="52950" dest-id="59286" weight="-1.9919225215366305"/>
<connection id="59842" src-id="59286" dest-id="56097" weight="1.890811315185748"/>
<connection id="59843" src-id="56097" dest-id="56578" weight="-8.453540033998944"/>
<connection id="59844" src-id="52944" dest-id="58105" weight="-5.962029992029903"/>
<connection id="59845" src-id="58330" dest-id="57562" weight="-0.6464689357928786"/>
<connection id="59846" src-id="52925" dest-id="59674" weight="5.745914775647774"/>
<connection id="59847" src-id="58615" dest-id="59674" weight="1.66418840437408"/>
<connection id="59848" src-id="53045" dest-id="53518" weight="-3.890095425018364"/>
<connection id="59849" src-id="54421" dest-id="53518" weight="2.661608437627582"/>
<connection id="59857" src-id="52945" dest-id="55510" weight="-2.2502250726140423"/>
<neuron id="60008" type="hid" activation="sigmoid"/>
<connection id="60009" src-id="53512" dest-id="60008" weight="4.587749768428368"/>
<connection id="60010" src-id="60008" dest-id="53133" weight="20.161028824602187"/>
<neuron id="60011" type="hid" activation="sigmoid"/>
<connection id="60012" src-id="52917" dest-id="60011" weight="3.08693960767366"/>
<connection id="60013" src-id="60011" dest-id="53518" weight="-1.5700248783945643"/>
<connection id="60131" src-id="52947" dest-id="60008" weight="1.5772308485392548"/>
<connection id="60139" src-id="59286" dest-id="57231" weight="-3.008360079393429"/>
<connection id="60152" src-id="52918" dest-id="53869" weight="1.6265009806495376"/>
<connection id="60342" src-id="52918" dest-id="59286" weight="-5.399754874807984"/>
<connection id="60354" src-id="52931" dest-id="59674" weight="-0.18325350432200382"/>
<connection id="60501" src-id="53857" dest-id="53869" weight="-0.8360813334515054"/>
<connection id="60511" src-id="52926" dest-id="60008" weight="-3.020240335058804"/>
<connection id="60532" src-id="52952" dest-id="55275" weight="6.902251115080789"/>
<connection id="60549" src-id="52931" dest-id="53518" weight="4.340980125740872"/>
<connection id="60622" src-id="52942" dest-id="59286" weight="-1.8638838043969241"/>
<connection id="60669" src-id="55281" dest-id="57562" weight="-2.1907494604190028"/>
<connection id="60674" src-id="52955" dest-id="60011" weight="-1.4697752150147758"/>
<connection id="60675" src-id="52935" dest-id="58612" weight="-0.7813838186163252"/>
<connection id="60677" src-id="56816" dest-id="58612" weight="-2.26899296180736"/>
<connection id="60679" src-id="52941" dest-id="59671" weight="-0.19555200209853763"/>
<connection id="60680" src-id="52936" dest-id="54145" weight="3.15778266023711"/>
<connection id="60681" src-id="59674" dest-id="55275" weight="-5.556513196468879"/>
<connection id="60703" src-id="52918" dest-id="55510" weight="0.2843888834722472"/>
<neuron id="60833" type="hid" activation="sigmoid"/>
<connection id="60834" src-id="55275" dest-id="60833" weight="-0.12413892013534866"/>
<connection id="60835" src-id="60833" dest-id="55510" weight="6.890665936465743"/>
<neuron id="60836" type="hid" activation="sigmoid"/>
<connection id="60837" src-id="56097" dest-id="60836" weight="-1.913039959708147"/>
<connection id="60838" src-id="60836" dest-id="53089" weight="-14.245075555758461"/>
<neuron id="60839" type="hid" activation="sigmoid"/>
<connection id="60840" src-id="54421" dest-id="60839" weight="3.6052396789762486"/>
<connection id="60841" src-id="60839" dest-id="53869" weight="-8.479491861078337"/>
<connection id="60903" src-id="52934" dest-id="60833" weight="4.152536928655624"/>
<connection id="60979" src-id="52914" dest-id="56480" weight="4.7123040729416426"/>
<connection id="60980" src-id="58612" dest-id="59671" weight="-2.3042109723609854"/>
<connection id="61069" src-id="52951" dest-id="54876" weight="2.9864367733770933"/>
<connection id="61070" src-id="52936" dest-id="56097" weight="-5.289363056047338"/>
<connection id="61071" src-id="52933" dest-id="54876" weight="-3.251136243061191"/>
<connection id="61072" src-id="52934" dest-id="57084" weight="-2.641950115915435"/>
<connection id="61073" src-id="58330" dest-id="54145" weight="1.0705256979848308"/>
<connection id="61074" src-id="52954" dest-id="57084" weight="0.46634360411914066"/>
<connection id="61075" src-id="52928" dest-id="58615" weight="6.6900079514857165"/>
<connection id="61077" src-id="52938" dest-id="56480" weight="-3.0467223809838595"/>
<connection id="61078" src-id="52952" dest-id="56816" weight="-2.8862861068916916"/>
<connection id="61079" src-id="52952" dest-id="53518" weight="2.950360826836696"/>
<connection id="61080" src-id="52951" dest-id="58105" weight="-2.993771601811546"/>
<connection id="61083" src-id="54885" dest-id="60008" weight="-1.3809801823711614"/>
<connection id="61084" src-id="60839" dest-id="57562" weight="0.47055080471423605"/>
<connection id="61085" src-id="52940" dest-id="56816" weight="-3.1744050245865583"/>
<connection id="61087" src-id="56480" dest-id="60833" weight="-5.737001854641564"/>
<connection id="61120" src-id="52914" dest-id="56572" weight="2.6396578655876097"/>
<connection id="61235" src-id="58105" dest-id="58615" weight="-0.63863109551645"/>
<neuron id="61258" type="hid" activation="sigmoid"/>
<connection id="61259" src-id="57084" dest-id="61258" weight="-3.6628458496744374"/>
<connection id="61260" src-id="61258" dest-id="57562" weight="-0.04819235691712953"/>
<connection id="61296" src-id="52953" dest-id="56483" weight="-0.9310414769403852"/>
<connection id="61438" src-id="52944" dest-id="59674" weight="7.061679813008651"/>
<connection id="61527" src-id="60839" dest-id="55510" weight="0.03695574038561805"/>
<connection id="61529" src-id="52951" dest-id="56816" weight="9.503819567160988"/>
<connection id="61531" src-id="56106" dest-id="60836" weight="-0.1890710215593292"/>
<connection id="61532" src-id="52953" dest-id="53512" weight="2.830527752247523"/>
<connection id="61533" src-id="56572" dest-id="56097" weight="-2.0210098062903423"/>
<connection id="61535" src-id="56575" dest-id="60008" weight="-0.9790877233351201"/>
<connection id="61536" src-id="52914" dest-id="60008" weight="-2.5511648454292155"/>
<connection id="61539" src-id="53857" dest-id="56106" weight="0.256769527273911"/>
<connection id="61540" src-id="55969" dest-id="53518" weight="-8.364605928672635"/>
<connection id="61541" src-id="58615" dest-id="53857" weight="0.2598091176975712"/>
<connection id="61542" src-id="54145" dest-id="56575" weight="4.507010519055051"/>
<connection id="61543" src-id="52916" dest-id="54876" weight="1.899459087859236"/>
<connection id="61545" src-id="52933" dest-id="60836" weight="-0.5657860165938724"/>
<connection id="61546" src-id="52922" dest-id="55667" weight="3.2962211107052313"/>
<connection id="61548" src-id="52920" dest-id="60011" weight="5.614305446100682"/>
<connection id="61552" src-id="60836" dest-id="60833" weight="4.488654855624295"/>
<connection id="61553" src-id="57084" dest-id="55829" weight="-0.6652393177842391"/>
<neuron id="61769" type="hid" activation="sigmoid"/>
<connection id="61770" src-id="54145" dest-id="61769" weight="-2.132461740465118"/>
<connection id="61771" src-id="61769" dest-id="57889" weight="6.6579122129293316"/>
<connection id="61971" src-id="53001" dest-id="54876" weight="3.249431169048555"/>
<connection id="61972" src-id="55281" dest-id="53512" weight="-5.691488705858528"/>
<connection id="61974" src-id="52915" dest-id="61769" weight="-1.6258691205557225"/>
<connection id="61975" src-id="52919" dest-id="58105" weight="-1.9060641577754265"/>
<connection id="61976" src-id="52955" dest-id="57084" weight="0.5139757302024409"/>
<connection id="61977" src-id="59671" dest-id="60839" weight="2.299927746357207"/>
<connection id="61979" src-id="55275" dest-id="60836" weight="-0.45562227228939256"/>
<connection id="61980" src-id="58612" dest-id="56106" weight="0.2761434316635132"/>
<connection id="61981" src-id="58330" dest-id="60833" weight="1.2111535978213879"/>
<connection id="61982" src-id="57084" dest-id="54145" weight="-2.5334363385268293"/>
<connection id="61983" src-id="58105" dest-id="60011" weight="-3.290260315035354"/>
<connection id="61985" src-id="60011" dest-id="53045" weight="0.8517469395031185"/>
<connection id="61986" src-id="61769" dest-id="57703" weight="-0.1607127244192944"/>
<connection id="61987" src-id="52921" dest-id="60008" weight="-1.1662711450964034"/>
<connection id="61988" src-id="52941" dest-id="55829" weight="-1.7276622280388316"/>
<connection id="61990" src-id="52931" dest-id="60833" weight="-1.3514245951200738"/>
<connection id="61991" src-id="52920" dest-id="59674" weight="0.9734438592787361"/>
<connection id="61992" src-id="54421" dest-id="60833" weight="-1.8378260345614459"/>
<connection id="61994" src-id="59674" dest-id="61258" weight="1.8851019189349163"/>
<connection id="61995" src-id="59674" dest-id="55281" weight="0.8646242618560791"/>
<connection id="61996" src-id="54145" dest-id="60839" weight="-0.9123637676239014"/>
<connection id="61999" src-id="52916" dest-id="55829" weight="-2.0064742017312223"/>
<connection id="62000" src-id="57084" dest-id="52957" weight="-0.5960375712050366"/>
<neuron id="62274" type="hid" activation="sigmoid"/>
<connection id="62275" src-id="52950" dest-id="62274" weight="4.162352686917691"/>
<connection id="62276" src-id="62274" dest-id="60011" weight="-12.38336559451827"/>
</chromosome>