<chromosome id="61286" primary-parent-id="60861"><neuron id="52914" type="in" activation="linear"/>
<neuron id="52915" type="in" activation="linear"/>
<neuron id="52916" type="in" activation="linear"/>
<neuron id="52917" type="in" activation="linear"/>
<neuron id="52918" type="in" activation="linear"/>
<neuron id="52919" type="in" activation="linear"/>
<neuron id="52920" type="in" activation="linear"/>
<neuron id="52921" type="in" activation="linear"/>
<neuron id="52922" type="in" activation="linear"/>
<neuron id="52923" type="in" activation="linear"/>
<neuron id="52924" type="in" activation="linear"/>
<neuron id="52925" type="in" activation="linear"/>
<neuron id="52926" type="in" activation="linear"/>
<neuron id="52927" type="in" activation="linear"/>
<neuron id="52928" type="in" activation="linear"/>
<neuron id="52929" type="in" activation="linear"/>
<neuron id="52930" type="in" activation="linear"/>
<neuron id="52931" type="in" activation="linear"/>
<neuron id="52932" type="in" activation="linear"/>
<neuron id="52933" type="in" activation="linear"/>
<neuron id="52934" type="in" activation="linear"/>
<neuron id="52935" type="in" activation="linear"/>
<neuron id="52936" type="in" activation="linear"/>
<neuron id="52937" type="in" activation="linear"/>
<neuron id="52938" type="in" activation="linear"/>
<neuron id="52939" type="in" activation="linear"/>
<neuron id="52940" type="in" activation="linear"/>
<neuron id="52941" type="in" activation="linear"/>
<neuron id="52942" type="in" activation="linear"/>
<neuron id="52943" type="in" activation="linear"/>
<neuron id="52944" type="in" activation="linear"/>
<neuron id="52945" type="in" activation="linear"/>
<neuron id="52946" type="in" activation="linear"/>
<neuron id="52947" type="in" activation="linear"/>
<neuron id="52948" type="in" activation="linear"/>
<neuron id="52949" type="in" activation="linear"/>
<neuron id="52950" type="in" activation="linear"/>
<neuron id="52951" type="in" activation="linear"/>
<neuron id="52952" type="in" activation="linear"/>
<neuron id="52953" type="in" activation="linear"/>
<neuron id="52954" type="in" activation="linear"/>
<neuron id="52955" type="in" activation="linear"/>
<neuron id="52956" type="out" activation="linear"/>
<neuron id="52957" type="hid" activation="sigmoid"/>
<connection id="52958" src-id="52914" dest-id="52957" weight="0.9000462537867295"/>
<connection id="52959" src-id="52915" dest-id="52957" weight="-9.212190651647484"/>
<connection id="52963" src-id="52919" dest-id="52957" weight="3.0133414171818402"/>
<connection id="52964" src-id="52920" dest-id="52957" weight="6.242309628125717"/>
<connection id="52965" src-id="52921" dest-id="52957" weight="-0.7069381112337768"/>
<connection id="52966" src-id="52922" dest-id="52957" weight="14.053041858858446"/>
<connection id="52967" src-id="52923" dest-id="52957" weight="8.710626573599034"/>
<connection id="52968" src-id="52924" dest-id="52957" weight="9.094704577096099"/>
<connection id="52969" src-id="52925" dest-id="52957" weight="-4.322045436144776"/>
<connection id="52970" src-id="52926" dest-id="52957" weight="7.581497209001746"/>
<connection id="52971" src-id="52927" dest-id="52957" weight="7.896428476397034"/>
<connection id="52972" src-id="52928" dest-id="52957" weight="-13.54421682355713"/>
<connection id="52974" src-id="52930" dest-id="52957" weight="13.032902808106936"/>
<connection id="52976" src-id="52932" dest-id="52957" weight="9.843681857937026"/>
<connection id="52978" src-id="52934" dest-id="52957" weight="-15.611771308467"/>
<connection id="52979" src-id="52935" dest-id="52957" weight="-14.381546336766851"/>
<connection id="52980" src-id="52936" dest-id="52957" weight="-6.080879416225672"/>
<connection id="52982" src-id="52938" dest-id="52957" weight="26.103696577367824"/>
<connection id="52983" src-id="52939" dest-id="52957" weight="8.337375507695441"/>
<connection id="52984" src-id="52940" dest-id="52957" weight="9.145069199256964"/>
<connection id="52986" src-id="52942" dest-id="52957" weight="-11.254657038101861"/>
<connection id="52987" src-id="52943" dest-id="52957" weight="0.7076825050741014"/>
<connection id="52988" src-id="52944" dest-id="52957" weight="3.8244649358432365"/>
<connection id="52991" src-id="52947" dest-id="52957" weight="2.882573648543852"/>
<connection id="52992" src-id="52948" dest-id="52957" weight="-15.969209735032312"/>
<connection id="52994" src-id="52950" dest-id="52957" weight="-11.115771190376927"/>
<connection id="52995" src-id="52951" dest-id="52957" weight="3.1189301747387734"/>
<connection id="52996" src-id="52952" dest-id="52957" weight="16.40091618561079"/>
<connection id="52997" src-id="52953" dest-id="52957" weight="6.151018520237596"/>
<connection id="53000" src-id="52957" dest-id="52956" weight="5.663474148001248"/>
<neuron id="53001" type="hid" activation="sigmoid"/>
<connection id="53002" src-id="52914" dest-id="53001" weight="-6.903405526066922"/>
<connection id="53005" src-id="52917" dest-id="53001" weight="6.860548982147704"/>
<connection id="53006" src-id="52918" dest-id="53001" weight="-3.029252052912465"/>
<connection id="53007" src-id="52919" dest-id="53001" weight="-7.724527646516172"/>
<connection id="53010" src-id="52922" dest-id="53001" weight="4.787905432824239"/>
<connection id="53011" src-id="52923" dest-id="53001" weight="-5.944228079549118"/>
<connection id="53012" src-id="52924" dest-id="53001" weight="3.080277610395021"/>
<connection id="53013" src-id="52925" dest-id="53001" weight="-22.742106422136494"/>
<connection id="53014" src-id="52926" dest-id="53001" weight="17.000054467451076"/>
<connection id="53015" src-id="52927" dest-id="53001" weight="14.96686624569449"/>
<connection id="53016" src-id="52928" dest-id="53001" weight="-10.061615209068998"/>
<connection id="53017" src-id="52929" dest-id="53001" weight="5.465679683097039"/>
<connection id="53019" src-id="52931" dest-id="53001" weight="2.294632022781777"/>
<connection id="53021" src-id="52933" dest-id="53001" weight="-35.604938284223095"/>
<connection id="53022" src-id="52934" dest-id="53001" weight="-29.96189128527426"/>
<connection id="53023" src-id="52935" dest-id="53001" weight="9.152945563965126"/>
<connection id="53025" src-id="52937" dest-id="53001" weight="6.795392809488635"/>
<connection id="53026" src-id="52938" dest-id="53001" weight="-18.09214256689723"/>
<connection id="53027" src-id="52939" dest-id="53001" weight="-16.312984359060458"/>
<connection id="53028" src-id="52940" dest-id="53001" weight="12.646290011889956"/>
<connection id="53031" src-id="52943" dest-id="53001" weight="9.084159575557196"/>
<connection id="53032" src-id="52944" dest-id="53001" weight="-1.1882426599605183"/>
<connection id="53033" src-id="52945" dest-id="53001" weight="-15.012720328007473"/>
<connection id="53034" src-id="52946" dest-id="53001" weight="-19.283417908470994"/>
<connection id="53036" src-id="52948" dest-id="53001" weight="-12.772597216649174"/>
<connection id="53037" src-id="52949" dest-id="53001" weight="9.385482677151733"/>
<connection id="53038" src-id="52950" dest-id="53001" weight="6.887645594661279"/>
<connection id="53039" src-id="52951" dest-id="53001" weight="1.8382407296884513"/>
<connection id="53040" src-id="52952" dest-id="53001" weight="-8.080174320861165"/>
<connection id="53041" src-id="52953" dest-id="53001" weight="-3.3905430914916197"/>
<connection id="53042" src-id="52954" dest-id="53001" weight="-5.244717676242523"/>
<connection id="53043" src-id="52955" dest-id="53001" weight="-1.2207446465692597"/>
<connection id="53044" src-id="53001" dest-id="52956" weight="21.129342723922004"/>
<neuron id="53045" type="hid" activation="sigmoid"/>
<connection id="53046" src-id="52914" dest-id="53045" weight="-6.985812989883065"/>
<connection id="53049" src-id="52917" dest-id="53045" weight="10.117438143278553"/>
<connection id="53050" src-id="52918" dest-id="53045" weight="-8.220704619330132"/>
<connection id="53051" src-id="52919" dest-id="53045" weight="13.728902146977628"/>
<connection id="53052" src-id="52920" dest-id="53045" weight="-21.11474028183082"/>
<connection id="53053" src-id="52921" dest-id="53045" weight="-2.353308229749378"/>
<connection id="53054" src-id="52922" dest-id="53045" weight="-14.14889531703593"/>
<connection id="53056" src-id="52924" dest-id="53045" weight="-3.9941535956139465"/>
<connection id="53058" src-id="52926" dest-id="53045" weight="-5.519293983852312"/>
<connection id="53059" src-id="52927" dest-id="53045" weight="17.72463300605965"/>
<connection id="53060" src-id="52928" dest-id="53045" weight="5.208491123481591"/>
<connection id="53061" src-id="52929" dest-id="53045" weight="-28.694654893244287"/>
<connection id="53062" src-id="52930" dest-id="53045" weight="-3.2455199617981116"/>
<connection id="53063" src-id="52931" dest-id="53045" weight="-22.638490037573092"/>
<connection id="53064" src-id="52932" dest-id="53045" weight="17.0437664470345"/>
<connection id="53065" src-id="52933" dest-id="53045" weight="-12.616633522736244"/>
<connection id="53066" src-id="52934" dest-id="53045" weight="17.476423230330084"/>
<connection id="53067" src-id="52935" dest-id="53045" weight="-16.534921162279893"/>
<connection id="53069" src-id="52937" dest-id="53045" weight="-18.47042509215941"/>
<connection id="53070" src-id="52938" dest-id="53045" weight="-27.50590610319431"/>
<connection id="53071" src-id="52939" dest-id="53045" weight="-4.0322808371748815"/>
<connection id="53072" src-id="52940" dest-id="53045" weight="0.8009274870157519"/>
<connection id="53073" src-id="52941" dest-id="53045" weight="-5.718796344436727"/>
<connection id="53078" src-id="52946" dest-id="53045" weight="7.322921978198265"/>
<connection id="53079" src-id="52947" dest-id="53045" weight="-2.0856086156324896"/>
<connection id="53080" src-id="52948" dest-id="53045" weight="-6.448406911261601"/>
<connection id="53081" src-id="52949" dest-id="53045" weight="-6.255945416733201"/>
<connection id="53082" src-id="52950" dest-id="53045" weight="-10.06005755278053"/>
<connection id="53083" src-id="52951" dest-id="53045" weight="1.8471476313633"/>
<connection id="53084" src-id="52952" dest-id="53045" weight="17.1595160531589"/>
<connection id="53085" src-id="52953" dest-id="53045" weight="0.21613775266714175"/>
<connection id="53086" src-id="52954" dest-id="53045" weight="3.7912622021793965"/>
<connection id="53087" src-id="52955" dest-id="53045" weight="3.3344856185461875"/>
<connection id="53088" src-id="53045" dest-id="52956" weight="-1.9878696594473826"/>
<neuron id="53089" type="hid" activation="sigmoid"/>
<connection id="53090" src-id="52914" dest-id="53089" weight="9.32050661978126"/>
<connection id="53091" src-id="52915" dest-id="53089" weight="-14.859074483878217"/>
<connection id="53094" src-id="52918" dest-id="53089" weight="17.70947765882305"/>
<connection id="53096" src-id="52920" dest-id="53089" weight="1.6734403434494443"/>
<connection id="53097" src-id="52921" dest-id="53089" weight="-9.906189604674328"/>
<connection id="53098" src-id="52922" dest-id="53089" weight="-18.068079358202652"/>
<connection id="53099" src-id="52923" dest-id="53089" weight="-11.897301957436282"/>
<connection id="53100" src-id="52924" dest-id="53089" weight="-3.326237632906956"/>
<connection id="53101" src-id="52925" dest-id="53089" weight="-3.990830454364263"/>
<connection id="53102" src-id="52926" dest-id="53089" weight="17.47420462126137"/>
<connection id="53103" src-id="52927" dest-id="53089" weight="-2.2610332494383147"/>
<connection id="53104" src-id="52928" dest-id="53089" weight="-34.651709575316396"/>
<connection id="53105" src-id="52929" dest-id="53089" weight="7.46006972632614"/>
<connection id="53106" src-id="52930" dest-id="53089" weight="15.429624761405266"/>
<connection id="53107" src-id="52931" dest-id="53089" weight="-9.760737992072295"/>
<connection id="53108" src-id="52932" dest-id="53089" weight="2.961926298688905"/>
<connection id="53110" src-id="52934" dest-id="53089" weight="1.489138492116584"/>
<connection id="53111" src-id="52935" dest-id="53089" weight="-0.5180336255286591"/>
<connection id="53112" src-id="52936" dest-id="53089" weight="-0.6228377851527104"/>
<connection id="53114" src-id="52938" dest-id="53089" weight="9.543033415209077"/>
<connection id="53115" src-id="52939" dest-id="53089" weight="1.977402800243592"/>
<connection id="53116" src-id="52940" dest-id="53089" weight="20.228480900717244"/>
<connection id="53117" src-id="52941" dest-id="53089" weight="5.223684335340431"/>
<connection id="53118" src-id="52942" dest-id="53089" weight="-2.164001332375201"/>
<connection id="53119" src-id="52943" dest-id="53089" weight="9.939591878306185"/>
<connection id="53121" src-id="52945" dest-id="53089" weight="-18.676333679167453"/>
<connection id="53122" src-id="52946" dest-id="53089" weight="-11.036058815435133"/>
<connection id="53124" src-id="52948" dest-id="53089" weight="-1.5312893438628365"/>
<connection id="53128" src-id="52952" dest-id="53089" weight="1.5645810538838578"/>
<connection id="53129" src-id="52953" dest-id="53089" weight="-3.6545244932208756"/>
<connection id="53130" src-id="52954" dest-id="53089" weight="1.8962651033976847"/>
<connection id="53131" src-id="52955" dest-id="53089" weight="8.800009587566747"/>
<connection id="53132" src-id="53089" dest-id="52956" weight="8.69096600330175"/>
<neuron id="53133" type="hid" activation="sigmoid"/>
<connection id="53134" src-id="52914" dest-id="53133" weight="-4.2368973802053045"/>
<connection id="53135" src-id="52915" dest-id="53133" weight="-18.67994653052039"/>
<connection id="53137" src-id="52917" dest-id="53133" weight="-6.518262771388996"/>
<connection id="53138" src-id="52918" dest-id="53133" weight="-8.441356556739457"/>
<connection id="53139" src-id="52919" dest-id="53133" weight="8.84047078352384"/>
<connection id="53140" src-id="52920" dest-id="53133" weight="-4.398081890112285"/>
<connection id="53141" src-id="52921" dest-id="53133" weight="-2.5044695458517374"/>
<connection id="53142" src-id="52922" dest-id="53133" weight="2.8373742770922035"/>
<connection id="53144" src-id="52924" dest-id="53133" weight="-10.335016272372162"/>
<connection id="53145" src-id="52925" dest-id="53133" weight="1.5149385880732082"/>
<connection id="53146" src-id="52926" dest-id="53133" weight="-14.341941279741102"/>
<connection id="53147" src-id="52927" dest-id="53133" weight="-0.33229261442035163"/>
<connection id="53148" src-id="52928" dest-id="53133" weight="-4.285083812045661"/>
<connection id="53149" src-id="52929" dest-id="53133" weight="-8.825249712556722"/>
<connection id="53150" src-id="52930" dest-id="53133" weight="6.061695262139164"/>
<connection id="53153" src-id="52933" dest-id="53133" weight="6.5817142977835035"/>
<connection id="53154" src-id="52934" dest-id="53133" weight="15.243709278841994"/>
<connection id="53155" src-id="52935" dest-id="53133" weight="-20.06014555800474"/>
<connection id="53156" src-id="52936" dest-id="53133" weight="27.027319372284644"/>
<connection id="53157" src-id="52937" dest-id="53133" weight="18.09384967827897"/>
<connection id="53158" src-id="52938" dest-id="53133" weight="-17.774691819670167"/>
<connection id="53159" src-id="52939" dest-id="53133" weight="-10.129430778180284"/>
<connection id="53160" src-id="52940" dest-id="53133" weight="-1.2185904272426682"/>
<connection id="53161" src-id="52941" dest-id="53133" weight="5.378365462770397"/>
<connection id="53162" src-id="52942" dest-id="53133" weight="1.6424894825722995"/>
<connection id="53163" src-id="52943" dest-id="53133" weight="-16.774777889899223"/>
<connection id="53164" src-id="52944" dest-id="53133" weight="-10.26125386994416"/>
<connection id="53167" src-id="52947" dest-id="53133" weight="17.759189023910302"/>
<connection id="53168" src-id="52948" dest-id="53133" weight="5.357164971189221"/>
<connection id="53169" src-id="52949" dest-id="53133" weight="1.7740720483187962"/>
<connection id="53170" src-id="52950" dest-id="53133" weight="6.750153289392334"/>
<connection id="53172" src-id="52952" dest-id="53133" weight="3.5605148233059545"/>
<connection id="53173" src-id="52953" dest-id="53133" weight="-0.6379686715646544"/>
<connection id="53174" src-id="52954" dest-id="53133" weight="-18.694064011410724"/>
<connection id="53175" src-id="52955" dest-id="53133" weight="3.114605699953359"/>
<connection id="53176" src-id="53133" dest-id="52956" weight="-8.811720220455776"/>
<connection id="53261" src-id="53089" dest-id="52957" weight="-15.704689028285367"/>
<connection id="53262" src-id="52945" dest-id="52956" weight="23.56380356692291"/>
<connection id="53437" src-id="52932" dest-id="52956" weight="0.4089134931564331"/>
<neuron id="53512" type="hid" activation="sigmoid"/>
<connection id="53513" src-id="52946" dest-id="53512" weight="1.78292518911939"/>
<neuron id="53518" type="hid" activation="sigmoid"/>
<connection id="53519" src-id="52932" dest-id="53518" weight="-1.161377443555799"/>
<connection id="53520" src-id="53518" dest-id="53133" weight="-17.10489536214366"/>
<connection id="53670" src-id="52923" dest-id="52956" weight="5.384748436155823"/>
<connection id="53816" src-id="52935" dest-id="53512" weight="5.080439973253436"/>
<connection id="53835" src-id="52926" dest-id="53512" weight="1.8024522607036881"/>
<neuron id="53857" type="hid" activation="sigmoid"/>
<connection id="53859" src-id="53857" dest-id="53001" weight="5.914293357920452"/>
<neuron id="53869" type="hid" activation="sigmoid"/>
<connection id="53870" src-id="52931" dest-id="53869" weight="-14.521063682962568"/>
<connection id="53871" src-id="53869" dest-id="52957" weight="-13.331697466662211"/>
<connection id="53933" src-id="52934" dest-id="52956" weight="10.494841932771749"/>
<connection id="54034" src-id="53045" dest-id="52957" weight="1.1253549917765109"/>
<connection id="54043" src-id="52939" dest-id="52956" weight="-4.016294840297705"/>
<connection id="54061" src-id="52916" dest-id="52956" weight="-4.041404177481312"/>
<connection id="54093" src-id="53001" dest-id="52957" weight="-6.8922349709461335"/>
<neuron id="54145" type="hid" activation="sigmoid"/>
<connection id="54146" src-id="52916" dest-id="54145" weight="-3.8712143062529343"/>
<connection id="54147" src-id="54145" dest-id="53089" weight="6.7918566772291795"/>
<connection id="54262" src-id="52936" dest-id="53857" weight="-11.371923911390063"/>
<neuron id="54421" type="hid" activation="sigmoid"/>
<connection id="54422" src-id="52947" dest-id="54421" weight="-13.971044495470688"/>
<neuron id="54641" type="hid" activation="sigmoid"/>
<connection id="54642" src-id="52919" dest-id="54641" weight="-25.470869917678076"/>
<neuron id="54644" type="hid" activation="sigmoid"/>
<connection id="54645" src-id="52933" dest-id="54644" weight="7.4155246173885505"/>
<connection id="54646" src-id="54644" dest-id="52957" weight="-5.519194398904294"/>
<connection id="54771" src-id="53089" dest-id="53045" weight="10.732459611916209"/>
<neuron id="54876" type="hid" activation="sigmoid"/>
<connection id="54877" src-id="52942" dest-id="54876" weight="0.9888945465795951"/>
<connection id="54878" src-id="54876" dest-id="53045" weight="-12.220198365538682"/>
<neuron id="54885" type="hid" activation="sigmoid"/>
<connection id="55065" src-id="52941" dest-id="53857" weight="-1.2135402064129415"/>
<connection id="55071" src-id="52918" dest-id="52956" weight="1.362113439434803"/>
<connection id="55268" src-id="52917" dest-id="53857" weight="-6.827692735836161"/>
<neuron id="55275" type="hid" activation="sigmoid"/>
<connection id="55276" src-id="52915" dest-id="55275" weight="-4.837180789870082"/>
<connection id="55277" src-id="55275" dest-id="53001" weight="0.8446261871551051"/>
<neuron id="55281" type="hid" activation="sigmoid"/>
<connection id="55282" src-id="52937" dest-id="55281" weight="-1.7776853041039784"/>
<connection id="55283" src-id="55281" dest-id="53089" weight="1.0405071972912396"/>
<connection id="55332" src-id="52955" dest-id="54885" weight="2.389872915408979"/>
<connection id="55430" src-id="52936" dest-id="54641" weight="5.566594163625332"/>
<neuron id="55510" type="hid" activation="sigmoid"/>
<connection id="55512" src-id="55510" dest-id="52957" weight="-18.632180338236218"/>
<connection id="55548" src-id="52921" dest-id="53857" weight="-6.023131540964739"/>
<connection id="55575" src-id="52950" dest-id="52956" weight="-0.7632297596517628"/>
<connection id="55610" src-id="52937" dest-id="54641" weight="-7.454040439329127"/>
<connection id="55618" src-id="52941" dest-id="54641" weight="-4.153640167733735"/>
<connection id="55660" src-id="52925" dest-id="54644" weight="3.7386009321951366"/>
<neuron id="55667" type="hid" activation="sigmoid"/>
<connection id="55668" src-id="52918" dest-id="55667" weight="-4.78030147356016"/>
<connection id="55669" src-id="55667" dest-id="52957" weight="-8.719752485205603"/>
<connection id="55757" src-id="52944" dest-id="54885" weight="0.5029511193718288"/>
<connection id="55779" src-id="52926" dest-id="55281" weight="-0.35360905207878807"/>
<connection id="55780" src-id="52915" dest-id="52956" weight="3.222720092697604"/>
<connection id="55808" src-id="52917" dest-id="54885" weight="-6.737109133058402"/>
<connection id="55860" src-id="54641" dest-id="52956" weight="-11.853015434494383"/>
<connection id="55885" src-id="52915" dest-id="53857" weight="-2.610424376155704"/>
<connection id="55888" src-id="52937" dest-id="54885" weight="-8.191539049704797"/>
<neuron id="55969" type="hid" activation="sigmoid"/>
<connection id="55971" src-id="55969" dest-id="53045" weight="7.8032574382466295"/>
<connection id="56069" src-id="52921" dest-id="52956" weight="4.387683967655482"/>
<neuron id="56097" type="hid" activation="sigmoid"/>
<connection id="56098" src-id="52917" dest-id="56097" weight="8.418578569505925"/>
<connection id="56217" src-id="54885" dest-id="53133" weight="-2.881043537821941"/>
<connection id="56319" src-id="52940" dest-id="54641" weight="-11.098597403814553"/>
<connection id="56335" src-id="52928" dest-id="55969" weight="-2.2030834433662734"/>
<connection id="56344" src-id="52934" dest-id="54644" weight="-3.266451800960989"/>
<connection id="56386" src-id="52927" dest-id="55969" weight="-11.434216136372369"/>
<connection id="56419" src-id="52936" dest-id="54885" weight="-2.532209100363852"/>
<connection id="56422" src-id="52928" dest-id="54641" weight="-9.93013960910427"/>
<connection id="56423" src-id="52953" dest-id="54641" weight="0.4132740304733624"/>
<connection id="56452" src-id="52926" dest-id="54641" weight="-0.877851649996105"/>
<connection id="56454" src-id="52925" dest-id="54885" weight="-6.868549791363469"/>
<neuron id="56480" type="hid" activation="sigmoid"/>
<connection id="56481" src-id="52954" dest-id="56480" weight="-6.165788085840484"/>
<connection id="56482" src-id="56480" dest-id="52957" weight="1.2736086431208098"/>
<neuron id="56483" type="hid" activation="sigmoid"/>
<connection id="56484" src-id="52932" dest-id="56483" weight="2.401061169710894"/>
<connection id="56485" src-id="56483" dest-id="53857" weight="-16.77238278848687"/>
<connection id="56534" src-id="52925" dest-id="55969" weight="4.089257241735213"/>
<connection id="56543" src-id="52931" dest-id="54641" weight="1.913234999981051"/>
<connection id="56555" src-id="53857" dest-id="55969" weight="-12.818783450516685"/>
<connection id="56559" src-id="54885" dest-id="52956" weight="7.4736975311750005"/>
<connection id="56566" src-id="52945" dest-id="55969" weight="-2.4741946910080315"/>
<neuron id="56572" type="hid" activation="sigmoid"/>
<connection id="56573" src-id="52951" dest-id="56572" weight="-6.35831822378822"/>
<connection id="56574" src-id="56572" dest-id="53089" weight="13.045771816929985"/>
<neuron id="56575" type="hid" activation="sigmoid"/>
<connection id="56576" src-id="54641" dest-id="56575" weight="-18.45625023205626"/>
<connection id="56577" src-id="56575" dest-id="53089" weight="-41.14084764884268"/>
<neuron id="56578" type="hid" activation="sigmoid"/>
<connection id="56579" src-id="52937" dest-id="56578" weight="17.097715224663784"/>
<connection id="56642" src-id="54644" dest-id="53089" weight="-8.273719670100212"/>
<connection id="56648" src-id="52954" dest-id="52956" weight="-2.8144562294234063"/>
<connection id="56767" src-id="53869" dest-id="53512" weight="3.516572858353731"/>
<connection id="56768" src-id="52914" dest-id="56575" weight="5.115399482566478"/>
<connection id="56769" src-id="54644" dest-id="53869" weight="10.84820424901769"/>
<connection id="56787" src-id="52955" dest-id="55969" weight="0.8173029986272511"/>
<neuron id="56816" type="hid" activation="sigmoid"/>
<connection id="56818" src-id="56816" dest-id="52957" weight="-5.362567355723867"/>
<connection id="56848" src-id="52924" dest-id="53869" weight="3.679827642929292"/>
<connection id="56875" src-id="53001" dest-id="55667" weight="1.1540689124877592"/>
<connection id="56895" src-id="52939" dest-id="56578" weight="5.522175261599386"/>
<connection id="56964" src-id="52948" dest-id="53869" weight="7.258697540486463"/>
<connection id="56966" src-id="54641" dest-id="53512" weight="-0.07849054070399486"/>
<connection id="56971" src-id="52952" dest-id="54885" weight="5.233594794196865"/>
<connection id="57024" src-id="52930" dest-id="55667" weight="-2.3407770248778124"/>
<connection id="57034" src-id="52939" dest-id="53869" weight="-2.083888575233998"/>
<connection id="57036" src-id="52950" dest-id="56575" weight="0.566836645675505"/>
<neuron id="57084" type="hid" activation="sigmoid"/>
<connection id="57085" src-id="52941" dest-id="57084" weight="1.0"/>
<connection id="57086" src-id="57084" dest-id="53001" weight="-2.4775595160276804"/>
<neuron id="57090" type="hid" activation="sigmoid"/>
<connection id="57091" src-id="52941" dest-id="57090" weight="-1.3649163120214682"/>
<connection id="57092" src-id="57090" dest-id="52957" weight="-4.515978257342481"/>
<connection id="57171" src-id="52919" dest-id="55667" weight="-10.215399076848334"/>
<connection id="57172" src-id="52924" dest-id="53512" weight="3.095696992803397"/>
<connection id="57173" src-id="56483" dest-id="54641" weight="-16.32044832245743"/>
<connection id="57198" src-id="52930" dest-id="54644" weight="1.0847449924667023"/>
<neuron id="57231" type="hid" activation="sigmoid"/>
<connection id="57233" src-id="57231" dest-id="53089" weight="10.506450993547697"/>
<connection id="57272" src-id="56575" dest-id="53133" weight="10.607219573147873"/>
<connection id="57273" src-id="52937" dest-id="56575" weight="13.014772744326335"/>
<connection id="57274" src-id="53001" dest-id="53869" weight="-5.865997938276804"/>
<connection id="57275" src-id="52943" dest-id="55667" weight="0.07849295279636337"/>
<connection id="57277" src-id="52925" dest-id="56575" weight="-6.695492259090215"/>
<connection id="57278" src-id="52947" dest-id="54644" weight="5.166894662950412"/>
<connection id="57313" src-id="52955" dest-id="54641" weight="-1.5411709774203333"/>
<connection id="57381" src-id="52929" dest-id="53512" weight="-3.3274993227637397"/>
<neuron id="57410" type="hid" activation="sigmoid"/>
<connection id="57411" src-id="52933" dest-id="57410" weight="3.7584087480238955"/>
<connection id="57412" src-id="57410" dest-id="53089" weight="-4.299151720654933"/>
<connection id="57511" src-id="53869" dest-id="53089" weight="-0.11815941333770752"/>
<connection id="57514" src-id="52952" dest-id="56578" weight="-7.52353694597346"/>
<connection id="57518" src-id="54421" dest-id="54641" weight="-0.8500729869652117"/>
<connection id="57519" src-id="56578" dest-id="54644" weight="8.60972690987065"/>
<connection id="57520" src-id="52944" dest-id="56575" weight="15.390542548572048"/>
<connection id="57521" src-id="52942" dest-id="56483" weight="2.71380548104927"/>
<connection id="57522" src-id="52926" dest-id="53518" weight="2.20730225665841"/>
<connection id="57523" src-id="52937" dest-id="56483" weight="-11.22760142750704"/>
<connection id="57527" src-id="56575" dest-id="53518" weight="-5.690909721572475"/>
<neuron id="57562" type="hid" activation="sigmoid"/>
<connection id="57563" src-id="52952" dest-id="57562" weight="3.8008296265931354"/>
<connection id="57564" src-id="57562" dest-id="54644" weight="13.493042946100946"/>
<connection id="57593" src-id="52948" dest-id="55969" weight="-2.1455717520658375"/>
<connection id="57642" src-id="56575" dest-id="53512" weight="13.767435144498169"/>
<connection id="57643" src-id="52944" dest-id="56578" weight="-4.542115047176722"/>
<connection id="57644" src-id="52933" dest-id="56483" weight="-9.748017419681865"/>
<connection id="57646" src-id="52938" dest-id="57562" weight="-13.86270804906249"/>
<connection id="57650" src-id="52931" dest-id="54644" weight="-0.42160510542592666"/>
<connection id="57651" src-id="54885" dest-id="56578" weight="-4.0490729051126095"/>
<connection id="57653" src-id="52927" dest-id="54421" weight="0.44702134074083144"/>
<connection id="57654" src-id="54145" dest-id="52957" weight="2.5335235342580216"/>
<connection id="57655" src-id="52921" dest-id="54145" weight="-4.899713520257141"/>
<connection id="57656" src-id="52937" dest-id="53518" weight="-8.009836184703477"/>
<connection id="57659" src-id="52945" dest-id="53869" weight="5.41438997570318"/>
<connection id="57660" src-id="54644" dest-id="56575" weight="9.653515215404699"/>
<connection id="57661" src-id="52932" dest-id="54145" weight="6.879549714431722"/>
<connection id="57662" src-id="52925" dest-id="56483" weight="-0.8231580125323262"/>
<neuron id="57703" type="hid" activation="sigmoid"/>
<connection id="57705" src-id="57703" dest-id="54885" weight="-0.2663383556011452"/>
<connection id="57749" src-id="57703" dest-id="54644" weight="0.7697964602894342"/>
<connection id="57763" src-id="56483" dest-id="55969" weight="-9.485389679959791"/>
<connection id="57780" src-id="52947" dest-id="56578" weight="5.363653942821539"/>
<connection id="57782" src-id="52942" dest-id="57703" weight="5.83435979380515"/>
<connection id="57807" src-id="52951" dest-id="53518" weight="-0.19016789381678012"/>
<connection id="57808" src-id="56578" dest-id="53869" weight="-4.8980974174450225"/>
<connection id="57811" src-id="57703" dest-id="54641" weight="15.580666657372795"/>
<connection id="57816" src-id="52940" dest-id="57703" weight="1.3349017337773457"/>
<connection id="57819" src-id="52943" dest-id="56578" weight="-13.844192150907508"/>
<connection id="57821" src-id="54145" dest-id="53001" weight="3.1503648412708953"/>
<connection id="57823" src-id="53518" dest-id="52957" weight="7.536531371966704"/>
<connection id="57877" src-id="52937" dest-id="53869" weight="-1.725007272509834"/>
<connection id="57879" src-id="52920" dest-id="54644" weight="1.3917148349100394"/>
<neuron id="57889" type="hid" activation="sigmoid"/>
<connection id="57890" src-id="54145" dest-id="57889" weight="6.669225323406464"/>
<connection id="57891" src-id="57889" dest-id="56483" weight="-0.25733821628778164"/>
<connection id="57929" src-id="55969" dest-id="53869" weight="-4.361424880659762"/>
<connection id="57931" src-id="52943" dest-id="57562" weight="-2.370441134627805"/>
<connection id="57951" src-id="52933" dest-id="55667" weight="-0.275854100170416"/>
<connection id="57957" src-id="54885" dest-id="53089" weight="6.759368116510607"/>
<connection id="58063" src-id="52955" dest-id="53518" weight="3.7575079830735447"/>
<connection id="58072" src-id="52949" dest-id="57562" weight="-4.176497339949724"/>
<connection id="58078" src-id="52941" dest-id="56572" weight="14.728166693164793"/>
<connection id="58079" src-id="52920" dest-id="57231" weight="-0.13093695992312426"/>
<connection id="58080" src-id="57231" dest-id="54885" weight="2.683488540072511"/>
<connection id="58081" src-id="52924" dest-id="57889" weight="6.655054493192438"/>
<connection id="58082" src-id="52941" dest-id="57703" weight="0.04482312268790761"/>
<neuron id="58105" type="hid" activation="sigmoid"/>
<connection id="58106" src-id="54421" dest-id="58105" weight="-2.962949815576725"/>
<connection id="58107" src-id="58105" dest-id="53089" weight="10.7211039612092"/>
<connection id="58153" src-id="57231" dest-id="54641" weight="2.4161396181942036"/>
<connection id="58230" src-id="52949" dest-id="56572" weight="-1.1360819412000955"/>
<connection id="58243" src-id="57231" dest-id="55969" weight="1.9783919274935053"/>
<connection id="58309" src-id="52942" dest-id="56572" weight="3.776550162455349"/>
<connection id="58310" src-id="54421" dest-id="56575" weight="0.6626623343575169"/>
<connection id="58311" src-id="52932" dest-id="56575" weight="6.476199217231633"/>
<connection id="58314" src-id="52922" dest-id="54145" weight="10.925073228950328"/>
<connection id="58315" src-id="55667" dest-id="57562" weight="-14.326635284764356"/>
<connection id="58316" src-id="57231" dest-id="56575" weight="-1.122453568296308"/>
<connection id="58318" src-id="54885" dest-id="53512" weight="12.129571758377647"/>
<connection id="58319" src-id="56578" dest-id="56480" weight="-7.119201265787799"/>
<connection id="58320" src-id="52945" dest-id="54641" weight="8.102882063052057"/>
<connection id="58321" src-id="52932" dest-id="56572" weight="0.5227134347582952"/>
<connection id="58322" src-id="52914" dest-id="57562" weight="-3.515286295949033"/>
<connection id="58323" src-id="52922" dest-id="57562" weight="-2.04129692172076"/>
<connection id="58324" src-id="55510" dest-id="54641" weight="0.24355049179667654"/>
<connection id="58325" src-id="52930" dest-id="58105" weight="-5.36836712405263"/>
<connection id="58326" src-id="52924" dest-id="55510" weight="-9.037263579041221"/>
<neuron id="58330" type="hid" activation="sigmoid"/>
<connection id="58331" src-id="52949" dest-id="58330" weight="7.835113514210931"/>
<connection id="58332" src-id="58330" dest-id="53089" weight="14.70755549204051"/>
<connection id="58393" src-id="54421" dest-id="55667" weight="-7.631526208600271"/>
<connection id="58394" src-id="52938" dest-id="54421" weight="-5.863952638504607"/>
<connection id="58395" src-id="55667" dest-id="56480" weight="6.061515490798217"/>
<connection id="58396" src-id="52951" dest-id="57231" weight="10.546055016963738"/>
<connection id="58404" src-id="52924" dest-id="55667" weight="2.0132617981236423"/>
<connection id="58405" src-id="54145" dest-id="53869" weight="4.026822567487575"/>
<connection id="58406" src-id="52951" dest-id="54145" weight="-0.13160393408316695"/>
<connection id="58501" src-id="52934" dest-id="57231" weight="2.542715426523521"/>
<connection id="58512" src-id="52955" dest-id="57562" weight="10.234266762166607"/>
<connection id="58568" src-id="52929" dest-id="58330" weight="-1.3716115910383206"/>
<neuron id="58612" type="hid" activation="sigmoid"/>
<connection id="58613" src-id="52927" dest-id="58612" weight="-7.901513871100017"/>
<connection id="58614" src-id="58612" dest-id="54885" weight="10.947950310187272"/>
<neuron id="58615" type="hid" activation="sigmoid"/>
<connection id="58617" src-id="58615" dest-id="56578" weight="-8.155917182465416"/>
<neuron id="58633" type="hid" activation="sigmoid"/>
<connection id="58634" src-id="56578" dest-id="58633" weight="0.9321302863813455"/>
<connection id="58635" src-id="58633" dest-id="56575" weight="2.1250278230747717"/>
<connection id="58677" src-id="55510" dest-id="53869" weight="3.8065065176298742"/>
<connection id="58766" src-id="52947" dest-id="56572" weight="1.2534754019994496"/>
<connection id="58768" src-id="52931" dest-id="53512" weight="2.1753494638384887"/>
<connection id="58806" src-id="58330" dest-id="57889" weight="2.255933557184705"/>
<connection id="58882" src-id="52928" dest-id="53869" weight="1.6622624420211367"/>
<connection id="59080" src-id="54145" dest-id="53857" weight="8.490108219663838"/>
<connection id="59083" src-id="52918" dest-id="58615" weight="0.19766561016832473"/>
<connection id="59085" src-id="52942" dest-id="55510" weight="2.295654431045924"/>
<connection id="59086" src-id="56480" dest-id="54644" weight="3.4397370480909237"/>
<connection id="59087" src-id="52916" dest-id="53869" weight="-8.028534529386498"/>
<connection id="59090" src-id="58615" dest-id="56483" weight="0.3894587377744987"/>
<connection id="59092" src-id="52926" dest-id="57703" weight="7.101709422684357"/>
<connection id="59093" src-id="58330" dest-id="57231" weight="2.206018544068221"/>
<connection id="59094" src-id="52916" dest-id="53518" weight="2.354924255888308"/>
<connection id="59095" src-id="52935" dest-id="58105" weight="-4.362281209349783"/>
<connection id="59157" src-id="52927" dest-id="53518" weight="3.6489879912951793"/>
<connection id="59210" src-id="53001" dest-id="55281" weight="0.8074471914558767"/>
<neuron id="59286" type="hid" activation="sigmoid"/>
<connection id="59287" src-id="52940" dest-id="59286" weight="-0.23539959757991422"/>
<connection id="59288" src-id="59286" dest-id="58615" weight="4.396873054133102"/>
<connection id="59334" src-id="58615" dest-id="54644" weight="-5.2940909401421425"/>
<connection id="59501" src-id="52920" dest-id="55510" weight="-2.6189201951794"/>
<connection id="59521" src-id="53869" dest-id="56575" weight="-4.770378079641633"/>
<connection id="59523" src-id="53857" dest-id="58612" weight="1.1635344932552862"/>
<connection id="59526" src-id="54421" dest-id="54885" weight="1.795383188543643"/>
<connection id="59527" src-id="59286" dest-id="57562" weight="-7.439360160089833"/>
<connection id="59528" src-id="52949" dest-id="56483" weight="2.4488481472145764"/>
<connection id="59529" src-id="54145" dest-id="54885" weight="5.357435017071754"/>
<connection id="59530" src-id="52937" dest-id="57703" weight="-4.847253033841847"/>
<connection id="59531" src-id="58612" dest-id="55969" weight="-8.227445516417706"/>
<connection id="59533" src-id="53869" dest-id="54641" weight="3.258369304236761"/>
<connection id="59535" src-id="52914" dest-id="54145" weight="-4.628487537354925"/>
<connection id="59536" src-id="54145" dest-id="58105" weight="1.4850273599484258"/>
<connection id="59537" src-id="52920" dest-id="59286" weight="0.5191519203335193"/>
<connection id="59538" src-id="57703" dest-id="53857" weight="0.46525374586432955"/>
<connection id="59540" src-id="52929" dest-id="58105" weight="1.9643866536804824"/>
<connection id="59542" src-id="52915" dest-id="54421" weight="-2.0172384286837044"/>
<connection id="59546" src-id="58330" dest-id="56483" weight="-8.926608255714745"/>
<connection id="59547" src-id="52923" dest-id="58330" weight="-3.0569547154630974"/>
<connection id="59583" src-id="57562" dest-id="52957" weight="3.4296206233371476"/>
<neuron id="59671" type="hid" activation="sigmoid"/>
<connection id="59672" src-id="52945" dest-id="59671" weight="1.9348185010681018"/>
<connection id="59673" src-id="59671" dest-id="52957" weight="-7.190357366247646"/>
<neuron id="59674" type="hid" activation="sigmoid"/>
<connection id="59675" src-id="54145" dest-id="59674" weight="-5.340798653976888"/>
<connection id="59676" src-id="59674" dest-id="57562" weight="3.465277984687061"/>
<connection id="59708" src-id="52954" dest-id="57889" weight="-3.6984478107658862"/>
<connection id="59718" src-id="57703" dest-id="53045" weight="2.315808573799329"/>
<connection id="59798" src-id="58330" dest-id="56480" weight="-2.5242403167026612"/>
<connection id="59800" src-id="52940" dest-id="57889" weight="3.7612297857332693"/>
<connection id="59826" src-id="57889" dest-id="53869" weight="-4.297319051615929"/>
<connection id="59828" src-id="52914" dest-id="55275" weight="1.8004282569591945"/>
<connection id="59829" src-id="52918" dest-id="58105" weight="-1.2908052266430479"/>
<connection id="59830" src-id="52935" dest-id="55275" weight="-3.267068250600328"/>
<connection id="59831" src-id="59674" dest-id="55510" weight="-5.844592508046216"/>
<connection id="59833" src-id="52950" dest-id="55275" weight="-2.6459932343492647"/>
<connection id="59835" src-id="59671" dest-id="55667" weight="-0.526008860683699"/>
<connection id="59836" src-id="57231" dest-id="56572" weight="3.926628253130472"/>
<connection id="59838" src-id="52946" dest-id="59286" weight="-2.728585329001021"/>
<connection id="59840" src-id="52950" dest-id="59286" weight="2.115596116471105"/>
<connection id="59842" src-id="59286" dest-id="56097" weight="-0.38352988180102243"/>
<connection id="59843" src-id="56097" dest-id="56578" weight="-3.99365176598417"/>
<connection id="59844" src-id="52944" dest-id="58105" weight="-2.0781290527454424"/>
<connection id="59845" src-id="58330" dest-id="57562" weight="-1.450720746825499"/>
<connection id="59846" src-id="52925" dest-id="59674" weight="3.6671942543167813"/>
<connection id="59847" src-id="58615" dest-id="59674" weight="-0.06165392680096904"/>
<connection id="59848" src-id="53045" dest-id="53518" weight="2.04141631370036"/>
<connection id="59849" src-id="54421" dest-id="53518" weight="6.562047661788382"/>
<connection id="59857" src-id="52945" dest-id="55510" weight="-1.8554044132137304"/>
<neuron id="60008" type="hid" activation="sigmoid"/>
<connection id="60009" src-id="53512" dest-id="60008" weight="1.6520114960283045"/>
<connection id="60010" src-id="60008" dest-id="53133" weight="15.155183546643382"/>
<neuron id="60011" type="hid" activation="sigmoid"/>
<connection id="60012" src-id="52917" dest-id="60011" weight="4.60533445799328"/>
<connection id="60013" src-id="60011" dest-id="53518" weight="-7.09141146183395"/>
<neuron id="60029" type="hid" activation="sigmoid"/>
<connection id="60030" src-id="54885" dest-id="60029" weight="1.0"/>
<connection id="60031" src-id="60029" dest-id="53045" weight="4.725658129140639"/>
<connection id="60119" src-id="52935" dest-id="56575" weight="-7.220841623650214"/>
<connection id="60131" src-id="52947" dest-id="60008" weight="1.267856912358208"/>
<connection id="60195" src-id="58612" dest-id="56575" weight="-1.3517114508042378"/>
<connection id="60237" src-id="55510" dest-id="53512" weight="-1.4929484006671463"/>
<connection id="60501" src-id="53857" dest-id="53869" weight="-0.9800173318599799"/>
<connection id="60532" src-id="52952" dest-id="55275" weight="-1.3192552377502311"/>
<connection id="60549" src-id="52931" dest-id="53518" weight="-2.765146605856686"/>
<connection id="60668" src-id="52950" dest-id="60011" weight="-7.3103330667361135"/>
<connection id="60669" src-id="55281" dest-id="57562" weight="-1.805101970512645"/>
<connection id="60672" src-id="55281" dest-id="55969" weight="-0.6332528612061938"/>
<connection id="60674" src-id="52955" dest-id="60011" weight="1.0246025383669293"/>
<connection id="60675" src-id="52935" dest-id="58612" weight="3.223969227293514"/>
<connection id="60677" src-id="56816" dest-id="58612" weight="-4.395852979322671"/>
<connection id="60679" src-id="52941" dest-id="59671" weight="-0.40072356298688105"/>
<connection id="60680" src-id="52936" dest-id="54145" weight="-0.7564833698062672"/>
<connection id="60681" src-id="59674" dest-id="55275" weight="0.22805978544596028"/>
<neuron id="60833" type="hid" activation="sigmoid"/>
<connection id="60834" src-id="55275" dest-id="60833" weight="-0.5707850874137659"/>
<connection id="60835" src-id="60833" dest-id="55510" weight="5.85326495117252"/>
<neuron id="60836" type="hid" activation="sigmoid"/>
<connection id="60837" src-id="56097" dest-id="60836" weight="3.964483930752447"/>
<connection id="60838" src-id="60836" dest-id="53089" weight="-12.27538611886329"/>
<neuron id="60839" type="hid" activation="sigmoid"/>
<connection id="60840" src-id="54421" dest-id="60839" weight="0.04922446341019565"/>
<connection id="60841" src-id="60839" dest-id="53869" weight="-4.152028863135768"/>
<connection id="60880" src-id="58330" dest-id="52956" weight="-3.342398620056801"/>
<connection id="60882" src-id="60833" dest-id="60011" weight="-1.2207578414695757"/>
<connection id="60884" src-id="52941" dest-id="55281" weight="5.151811938418565"/>
<connection id="60885" src-id="56097" dest-id="56483" weight="-0.6603410243988037"/>
<connection id="60886" src-id="52929" dest-id="56816" weight="0.8825291021835548"/>
<connection id="60887" src-id="54644" dest-id="60008" weight="0.23237723940192795"/>
<connection id="60888" src-id="53089" dest-id="60008" weight="-1.4197330815994145"/>
<connection id="60889" src-id="52948" dest-id="60008" weight="1.3320331986822436"/>
<connection id="60890" src-id="60008" dest-id="52957" weight="0.9761833431618601"/>
<connection id="60891" src-id="55281" dest-id="56578" weight="2.2015978615451743"/>
<connection id="60893" src-id="52922" dest-id="54876" weight="-0.973823070526123"/>
<connection id="60895" src-id="57889" dest-id="53512" weight="2.912673726837534"/>
<connection id="60896" src-id="52936" dest-id="56816" weight="-0.5429427623748779"/>
<connection id="60897" src-id="56097" dest-id="55275" weight="2.4942145528467603"/>
<connection id="60898" src-id="60011" dest-id="57084" weight="4.344294801250309"/>
<connection id="60900" src-id="54145" dest-id="58330" weight="1.8200131609704182"/>
<connection id="60903" src-id="52934" dest-id="60833" weight="-0.4198306640638334"/>
<connection id="60905" src-id="56572" dest-id="57703" weight="-2.784896805813199"/>
</chromosome>