<chromosome id="41215" primary-parent-id="39733"><neuron id="39470" type="in" activation="linear"/>
<neuron id="39471" type="in" activation="linear"/>
<neuron id="39472" type="in" activation="linear"/>
<neuron id="39473" type="in" activation="linear"/>
<neuron id="39474" type="in" activation="linear"/>
<neuron id="39475" type="in" activation="linear"/>
<neuron id="39476" type="in" activation="linear"/>
<neuron id="39477" type="in" activation="linear"/>
<neuron id="39478" type="in" activation="linear"/>
<neuron id="39479" type="in" activation="linear"/>
<neuron id="39480" type="in" activation="linear"/>
<neuron id="39481" type="in" activation="linear"/>
<neuron id="39482" type="in" activation="linear"/>
<neuron id="39483" type="in" activation="linear"/>
<neuron id="39484" type="in" activation="linear"/>
<neuron id="39485" type="in" activation="linear"/>
<neuron id="39486" type="in" activation="linear"/>
<neuron id="39487" type="in" activation="linear"/>
<neuron id="39488" type="in" activation="linear"/>
<neuron id="39489" type="in" activation="linear"/>
<neuron id="39490" type="in" activation="linear"/>
<neuron id="39491" type="in" activation="linear"/>
<neuron id="39492" type="in" activation="linear"/>
<neuron id="39493" type="in" activation="linear"/>
<neuron id="39494" type="in" activation="linear"/>
<neuron id="39495" type="in" activation="linear"/>
<neuron id="39496" type="in" activation="linear"/>
<neuron id="39497" type="in" activation="linear"/>
<neuron id="39498" type="in" activation="linear"/>
<neuron id="39499" type="in" activation="linear"/>
<neuron id="39500" type="in" activation="linear"/>
<neuron id="39501" type="in" activation="linear"/>
<neuron id="39502" type="in" activation="linear"/>
<neuron id="39503" type="in" activation="linear"/>
<neuron id="39504" type="in" activation="linear"/>
<neuron id="39505" type="in" activation="linear"/>
<neuron id="39506" type="in" activation="linear"/>
<neuron id="39507" type="in" activation="linear"/>
<neuron id="39508" type="in" activation="linear"/>
<neuron id="39509" type="in" activation="linear"/>
<neuron id="39510" type="in" activation="linear"/>
<neuron id="39511" type="in" activation="linear"/>
<neuron id="39512" type="out" activation="linear"/>
<neuron id="39513" type="hid" activation="sigmoid"/>
<connection id="39514" src-id="39470" dest-id="39513" weight="5.08621892981162"/>
<connection id="39515" src-id="39471" dest-id="39513" weight="-2.7598205162659735"/>
<connection id="39516" src-id="39472" dest-id="39513" weight="0.287764310836792"/>
<connection id="39517" src-id="39473" dest-id="39513" weight="0.6448604583481956"/>
<connection id="39518" src-id="39474" dest-id="39513" weight="-1.0572315185392132"/>
<connection id="39519" src-id="39475" dest-id="39513" weight="-0.26766812801361084"/>
<connection id="39520" src-id="39476" dest-id="39513" weight="1.0030592623511094"/>
<connection id="39521" src-id="39477" dest-id="39513" weight="1.2888030530695023"/>
<connection id="39522" src-id="39478" dest-id="39513" weight="-1.9612777956604912"/>
<connection id="39523" src-id="39479" dest-id="39513" weight="0.3488417217915599"/>
<connection id="39524" src-id="39480" dest-id="39513" weight="2.22235976160787"/>
<connection id="39525" src-id="39481" dest-id="39513" weight="0.15708094250462504"/>
<connection id="39526" src-id="39482" dest-id="39513" weight="0.1471223634406327"/>
<connection id="39527" src-id="39483" dest-id="39513" weight="-1.0663259307528672"/>
<connection id="39528" src-id="39484" dest-id="39513" weight="-2.126252480792879"/>
<connection id="39529" src-id="39485" dest-id="39513" weight="0.618813157081604"/>
<connection id="39530" src-id="39486" dest-id="39513" weight="2.9842068814238574"/>
<connection id="39531" src-id="39487" dest-id="39513" weight="-1.8373002568008956"/>
<connection id="39532" src-id="39488" dest-id="39513" weight="0.2110705479906444"/>
<connection id="39533" src-id="39489" dest-id="39513" weight="3.6566298704262534"/>
<connection id="39534" src-id="39490" dest-id="39513" weight="-1.5291810568431734"/>
<connection id="39535" src-id="39491" dest-id="39513" weight="2.3314722827680545"/>
<connection id="39536" src-id="39492" dest-id="39513" weight="-0.27323436737060547"/>
<connection id="39537" src-id="39493" dest-id="39513" weight="0.04024672508239746"/>
<connection id="39538" src-id="39494" dest-id="39513" weight="-0.04725002509574294"/>
<connection id="39539" src-id="39495" dest-id="39513" weight="3.133507477762861"/>
<connection id="39540" src-id="39496" dest-id="39513" weight="-1.5699659475875738"/>
<connection id="39541" src-id="39497" dest-id="39513" weight="-0.536029951250548"/>
<connection id="39542" src-id="39498" dest-id="39513" weight="0.564886212348938"/>
<connection id="39543" src-id="39499" dest-id="39513" weight="-0.6196129322052002"/>
<connection id="39544" src-id="39500" dest-id="39513" weight="-0.5123660204533722"/>
<connection id="39545" src-id="39501" dest-id="39513" weight="-0.24778940006336603"/>
<connection id="39546" src-id="39502" dest-id="39513" weight="0.3729541301727295"/>
<connection id="39547" src-id="39503" dest-id="39513" weight="1.936000092311247"/>
<connection id="39548" src-id="39504" dest-id="39513" weight="2.0542420615998753"/>
<connection id="39549" src-id="39505" dest-id="39513" weight="-3.8203396756621038"/>
<connection id="39550" src-id="39506" dest-id="39513" weight="-3.3167838605927624"/>
<connection id="39551" src-id="39507" dest-id="39513" weight="7.42025489782585"/>
<connection id="39552" src-id="39508" dest-id="39513" weight="1.1006450386776918"/>
<connection id="39553" src-id="39509" dest-id="39513" weight="2.1985903154381874"/>
<connection id="39554" src-id="39510" dest-id="39513" weight="-0.44544502986000456"/>
<connection id="39555" src-id="39511" dest-id="39513" weight="4.433903143983908"/>
<connection id="39556" src-id="39513" dest-id="39512" weight="0.0437510027254302"/>
<neuron id="39601" type="hid" activation="sigmoid"/>
<connection id="39602" src-id="39470" dest-id="39601" weight="2.2179107961158495"/>
<connection id="39603" src-id="39471" dest-id="39601" weight="-0.5533269643783569"/>
<connection id="39604" src-id="39472" dest-id="39601" weight="1.6653881345410653"/>
<connection id="39605" src-id="39473" dest-id="39601" weight="1.1532087256895591"/>
<connection id="39606" src-id="39474" dest-id="39601" weight="2.1884871937373207"/>
<connection id="39607" src-id="39475" dest-id="39601" weight="1.7786490337013259"/>
<connection id="39608" src-id="39476" dest-id="39601" weight="0.8650225400924683"/>
<connection id="39609" src-id="39477" dest-id="39601" weight="-2.6868715624874886"/>
<connection id="39610" src-id="39478" dest-id="39601" weight="2.245926704843695"/>
<connection id="39611" src-id="39479" dest-id="39601" weight="2.373906000597913"/>
<connection id="39612" src-id="39480" dest-id="39601" weight="0.47739030550103"/>
<connection id="39613" src-id="39481" dest-id="39601" weight="-0.12976479530334473"/>
<connection id="39614" src-id="39482" dest-id="39601" weight="-0.43013318222482905"/>
<connection id="39615" src-id="39483" dest-id="39601" weight="-0.5968387104588924"/>
<connection id="39616" src-id="39484" dest-id="39601" weight="2.917542052563443"/>
<connection id="39617" src-id="39485" dest-id="39601" weight="0.8387153148651123"/>
<connection id="39618" src-id="39486" dest-id="39601" weight="4.580479555559952"/>
<connection id="39619" src-id="39487" dest-id="39601" weight="1.7835614439570069"/>
<connection id="39620" src-id="39488" dest-id="39601" weight="1.7522494699037554"/>
<connection id="39621" src-id="39489" dest-id="39601" weight="-0.2195420265197754"/>
<connection id="39622" src-id="39490" dest-id="39601" weight="-2.2629791750924784"/>
<connection id="39623" src-id="39491" dest-id="39601" weight="2.0366529679709773"/>
<connection id="39624" src-id="39492" dest-id="39601" weight="3.907510021528915"/>
<connection id="39625" src-id="39493" dest-id="39601" weight="0.5937508764094108"/>
<connection id="39626" src-id="39494" dest-id="39601" weight="1.5095203627905822"/>
<connection id="39627" src-id="39495" dest-id="39601" weight="0.8200609322902579"/>
<connection id="39628" src-id="39496" dest-id="39601" weight="-0.49459969997406006"/>
<connection id="39629" src-id="39497" dest-id="39601" weight="-2.8205895671452135"/>
<connection id="39630" src-id="39498" dest-id="39601" weight="-2.199093277384898"/>
<connection id="39631" src-id="39499" dest-id="39601" weight="-0.656379282859342"/>
<connection id="39632" src-id="39500" dest-id="39601" weight="2.8932126046132143"/>
<connection id="39633" src-id="39501" dest-id="39601" weight="-3.090297151695827"/>
<connection id="39634" src-id="39502" dest-id="39601" weight="0.02303205240101558"/>
<connection id="39635" src-id="39503" dest-id="39601" weight="-0.30013859272003174"/>
<connection id="39636" src-id="39504" dest-id="39601" weight="1.2151551359758206"/>
<connection id="39637" src-id="39505" dest-id="39601" weight="0.5693602561950684"/>
<connection id="39638" src-id="39506" dest-id="39601" weight="0.6960859380195319"/>
<connection id="39639" src-id="39507" dest-id="39601" weight="1.4256574774888873"/>
<connection id="39640" src-id="39508" dest-id="39601" weight="2.4026054249680424"/>
<connection id="39641" src-id="39509" dest-id="39601" weight="1.3103065584563225"/>
<connection id="39642" src-id="39510" dest-id="39601" weight="5.718658964352754"/>
<connection id="39643" src-id="39511" dest-id="39601" weight="-5.013773181143262"/>
<connection id="39644" src-id="39601" dest-id="39512" weight="0.6566106081008911"/>
<neuron id="39645" type="hid" activation="sigmoid"/>
<connection id="39646" src-id="39470" dest-id="39645" weight="-0.5684597678344021"/>
<connection id="39647" src-id="39471" dest-id="39645" weight="-2.3176999413547668"/>
<connection id="39648" src-id="39472" dest-id="39645" weight="-0.29898219651678"/>
<connection id="39649" src-id="39473" dest-id="39645" weight="-1.0745000435724532"/>
<connection id="39650" src-id="39474" dest-id="39645" weight="-0.32829770986264306"/>
<connection id="39651" src-id="39475" dest-id="39645" weight="-1.9312557343296441"/>
<connection id="39652" src-id="39476" dest-id="39645" weight="3.910602730870565"/>
<connection id="39653" src-id="39477" dest-id="39645" weight="-1.2586316410308611"/>
<connection id="39654" src-id="39478" dest-id="39645" weight="0.1795511245727539"/>
<connection id="39655" src-id="39479" dest-id="39645" weight="1.5915345497758513"/>
<connection id="39656" src-id="39480" dest-id="39645" weight="0.648023247718811"/>
<connection id="39657" src-id="39481" dest-id="39645" weight="1.6229877542193218"/>
<connection id="39658" src-id="39482" dest-id="39645" weight="0.41673600673675537"/>
<connection id="39659" src-id="39483" dest-id="39645" weight="-3.4729624167577136"/>
<connection id="39660" src-id="39484" dest-id="39645" weight="-1.199456969193743"/>
<connection id="39661" src-id="39485" dest-id="39645" weight="2.148730579108374"/>
<connection id="39662" src-id="39486" dest-id="39645" weight="-1.39967188943474"/>
<connection id="39663" src-id="39487" dest-id="39645" weight="-5.725688315671471"/>
<connection id="39664" src-id="39488" dest-id="39645" weight="-2.308596750755793"/>
<connection id="39665" src-id="39489" dest-id="39645" weight="3.022640410162449"/>
<connection id="39666" src-id="39490" dest-id="39645" weight="0.8773772247781879"/>
<connection id="39667" src-id="39491" dest-id="39645" weight="-1.0118981138255905"/>
<connection id="39668" src-id="39492" dest-id="39645" weight="-0.1260974106434931"/>
<connection id="39669" src-id="39493" dest-id="39645" weight="-0.24111008644104004"/>
<connection id="39670" src-id="39494" dest-id="39645" weight="-0.4655184745788574"/>
<connection id="39671" src-id="39495" dest-id="39645" weight="-0.9644674062728882"/>
<connection id="39672" src-id="39496" dest-id="39645" weight="-0.9487776526217678"/>
<connection id="39673" src-id="39497" dest-id="39645" weight="-5.009717051463073"/>
<connection id="39675" src-id="39499" dest-id="39645" weight="-4.8771596037746034"/>
<connection id="39676" src-id="39500" dest-id="39645" weight="-1.8845537807991608"/>
<connection id="39677" src-id="39501" dest-id="39645" weight="-0.6836408376693726"/>
<connection id="39678" src-id="39502" dest-id="39645" weight="-4.977633706712578"/>
<connection id="39679" src-id="39503" dest-id="39645" weight="-1.0925884646115094"/>
<connection id="39680" src-id="39504" dest-id="39645" weight="1.8327687123995202"/>
<connection id="39681" src-id="39505" dest-id="39645" weight="-0.6700029274020849"/>
<connection id="39682" src-id="39506" dest-id="39645" weight="-1.2922271390714355"/>
<connection id="39683" src-id="39507" dest-id="39645" weight="1.9314564066846986"/>
<connection id="39684" src-id="39508" dest-id="39645" weight="0.959641715014093"/>
<connection id="39685" src-id="39509" dest-id="39645" weight="-0.2249152660369873"/>
<connection id="39686" src-id="39510" dest-id="39645" weight="0.05630636215209961"/>
<connection id="39687" src-id="39511" dest-id="39645" weight="1.7925743023571084"/>
<connection id="39688" src-id="39645" dest-id="39512" weight="-0.24031180955129983"/>
<neuron id="39689" type="hid" activation="sigmoid"/>
<connection id="39690" src-id="39470" dest-id="39689" weight="-2.1672304564433933"/>
<connection id="39691" src-id="39471" dest-id="39689" weight="-0.005474458098179591"/>
<connection id="39692" src-id="39472" dest-id="39689" weight="1.7473175407493517"/>
<connection id="39693" src-id="39473" dest-id="39689" weight="1.2093148080645"/>
<connection id="39694" src-id="39474" dest-id="39689" weight="0.4377828088851773"/>
<connection id="39695" src-id="39475" dest-id="39689" weight="1.4120735455826932"/>
<connection id="39696" src-id="39476" dest-id="39689" weight="-4.055107375253844"/>
<connection id="39697" src-id="39477" dest-id="39689" weight="-1.9542302898653712"/>
<connection id="39698" src-id="39478" dest-id="39689" weight="0.9415973424911499"/>
<connection id="39699" src-id="39479" dest-id="39689" weight="-2.7040192247103754"/>
<connection id="39700" src-id="39480" dest-id="39689" weight="3.7784867630045906"/>
<connection id="39701" src-id="39481" dest-id="39689" weight="-0.9776239395141602"/>
<connection id="39702" src-id="39482" dest-id="39689" weight="1.7162164219902212"/>
<connection id="39703" src-id="39483" dest-id="39689" weight="-1.3039445912259109"/>
<connection id="39704" src-id="39484" dest-id="39689" weight="3.0280570005782774"/>
<connection id="39705" src-id="39485" dest-id="39689" weight="-4.686631777713977"/>
<connection id="39706" src-id="39486" dest-id="39689" weight="-0.9625279903411865"/>
<connection id="39707" src-id="39487" dest-id="39689" weight="-1.5691869179639644"/>
<connection id="39708" src-id="39488" dest-id="39689" weight="-0.6899894391519314"/>
<connection id="39709" src-id="39489" dest-id="39689" weight="4.494700308447485"/>
<connection id="39710" src-id="39490" dest-id="39689" weight="-0.7303966600334386"/>
<connection id="39711" src-id="39491" dest-id="39689" weight="6.5182124231446155"/>
<connection id="39712" src-id="39492" dest-id="39689" weight="0.681536078453064"/>
<connection id="39713" src-id="39493" dest-id="39689" weight="-0.957590479078876"/>
<connection id="39714" src-id="39494" dest-id="39689" weight="0.9910304131652892"/>
<connection id="39715" src-id="39495" dest-id="39689" weight="3.1181893553969235"/>
<connection id="39716" src-id="39496" dest-id="39689" weight="-0.08814525604248047"/>
<connection id="39717" src-id="39497" dest-id="39689" weight="0.9938920736312866"/>
<connection id="39718" src-id="39498" dest-id="39689" weight="-0.4451113621127384"/>
<connection id="39719" src-id="39499" dest-id="39689" weight="-2.033064422379722"/>
<connection id="39720" src-id="39500" dest-id="39689" weight="-0.16879604862501374"/>
<connection id="39721" src-id="39501" dest-id="39689" weight="1.7205633984899134"/>
<connection id="39722" src-id="39502" dest-id="39689" weight="-2.562351847395211"/>
<connection id="39723" src-id="39503" dest-id="39689" weight="1.5204950553527725"/>
<connection id="39724" src-id="39504" dest-id="39689" weight="-1.1070582910849873"/>
<connection id="39725" src-id="39505" dest-id="39689" weight="3.0343388898919983"/>
<connection id="39726" src-id="39506" dest-id="39689" weight="-1.4349104855088217"/>
<connection id="39727" src-id="39507" dest-id="39689" weight="4.424400869476351"/>
<connection id="39728" src-id="39508" dest-id="39689" weight="-1.8417020600234366"/>
<connection id="39729" src-id="39509" dest-id="39689" weight="3.421689887406312"/>
<connection id="39730" src-id="39510" dest-id="39689" weight="0.31550179782395793"/>
<connection id="39731" src-id="39511" dest-id="39689" weight="-0.1601424217224121"/>
<connection id="39732" src-id="39689" dest-id="39512" weight="-0.5347451532513822"/>
<connection id="40628" src-id="39689" dest-id="39513" weight="-4.446750896786101"/>
<connection id="40637" src-id="39479" dest-id="39512" weight="0.6329671797165004"/>
</chromosome>