<chromosome id="62887" primary-parent-id="62328"><neuron id="52914" type="in" activation="linear"/>
<neuron id="52915" type="in" activation="linear"/>
<neuron id="52916" type="in" activation="linear"/>
<neuron id="52917" type="in" activation="linear"/>
<neuron id="52918" type="in" activation="linear"/>
<neuron id="52919" type="in" activation="linear"/>
<neuron id="52920" type="in" activation="linear"/>
<neuron id="52921" type="in" activation="linear"/>
<neuron id="52922" type="in" activation="linear"/>
<neuron id="52923" type="in" activation="linear"/>
<neuron id="52924" type="in" activation="linear"/>
<neuron id="52925" type="in" activation="linear"/>
<neuron id="52926" type="in" activation="linear"/>
<neuron id="52927" type="in" activation="linear"/>
<neuron id="52928" type="in" activation="linear"/>
<neuron id="52929" type="in" activation="linear"/>
<neuron id="52930" type="in" activation="linear"/>
<neuron id="52931" type="in" activation="linear"/>
<neuron id="52932" type="in" activation="linear"/>
<neuron id="52933" type="in" activation="linear"/>
<neuron id="52934" type="in" activation="linear"/>
<neuron id="52935" type="in" activation="linear"/>
<neuron id="52936" type="in" activation="linear"/>
<neuron id="52937" type="in" activation="linear"/>
<neuron id="52938" type="in" activation="linear"/>
<neuron id="52939" type="in" activation="linear"/>
<neuron id="52940" type="in" activation="linear"/>
<neuron id="52941" type="in" activation="linear"/>
<neuron id="52942" type="in" activation="linear"/>
<neuron id="52943" type="in" activation="linear"/>
<neuron id="52944" type="in" activation="linear"/>
<neuron id="52945" type="in" activation="linear"/>
<neuron id="52946" type="in" activation="linear"/>
<neuron id="52947" type="in" activation="linear"/>
<neuron id="52948" type="in" activation="linear"/>
<neuron id="52949" type="in" activation="linear"/>
<neuron id="52950" type="in" activation="linear"/>
<neuron id="52951" type="in" activation="linear"/>
<neuron id="52952" type="in" activation="linear"/>
<neuron id="52953" type="in" activation="linear"/>
<neuron id="52954" type="in" activation="linear"/>
<neuron id="52955" type="in" activation="linear"/>
<neuron id="52956" type="out" activation="linear"/>
<neuron id="52957" type="hid" activation="sigmoid"/>
<connection id="52958" src-id="52914" dest-id="52957" weight="4.501263086012561"/>
<connection id="52959" src-id="52915" dest-id="52957" weight="-12.592294987766602"/>
<connection id="52960" src-id="52916" dest-id="52957" weight="1.4891743371312112"/>
<connection id="52963" src-id="52919" dest-id="52957" weight="-1.3917321312360453"/>
<connection id="52964" src-id="52920" dest-id="52957" weight="4.129488695619434"/>
<connection id="52965" src-id="52921" dest-id="52957" weight="1.048219258185231"/>
<connection id="52966" src-id="52922" dest-id="52957" weight="16.824680239513594"/>
<connection id="52967" src-id="52923" dest-id="52957" weight="6.646346658079424"/>
<connection id="52968" src-id="52924" dest-id="52957" weight="14.985937775800855"/>
<connection id="52969" src-id="52925" dest-id="52957" weight="-4.559464435507353"/>
<connection id="52970" src-id="52926" dest-id="52957" weight="4.190590619996297"/>
<connection id="52971" src-id="52927" dest-id="52957" weight="10.700916984424072"/>
<connection id="52972" src-id="52928" dest-id="52957" weight="-5.5364289682084555"/>
<connection id="52976" src-id="52932" dest-id="52957" weight="10.463464561152033"/>
<connection id="52978" src-id="52934" dest-id="52957" weight="-20.794129927871115"/>
<connection id="52979" src-id="52935" dest-id="52957" weight="-11.065618083279874"/>
<connection id="52980" src-id="52936" dest-id="52957" weight="-3.6410411702309347"/>
<connection id="52982" src-id="52938" dest-id="52957" weight="27.871613576321252"/>
<connection id="52983" src-id="52939" dest-id="52957" weight="11.033985429743053"/>
<connection id="52984" src-id="52940" dest-id="52957" weight="12.859176979721713"/>
<connection id="52985" src-id="52941" dest-id="52957" weight="-0.2012500463252298"/>
<connection id="52986" src-id="52942" dest-id="52957" weight="-15.077949864998024"/>
<connection id="52987" src-id="52943" dest-id="52957" weight="2.4449581000964766"/>
<connection id="52988" src-id="52944" dest-id="52957" weight="10.756413712559937"/>
<connection id="52990" src-id="52946" dest-id="52957" weight="2.9965465210364908"/>
<connection id="52992" src-id="52948" dest-id="52957" weight="-7.959394344540733"/>
<connection id="52994" src-id="52950" dest-id="52957" weight="-15.228178491114063"/>
<connection id="52995" src-id="52951" dest-id="52957" weight="0.1282295919859744"/>
<connection id="52996" src-id="52952" dest-id="52957" weight="19.155431634567513"/>
<connection id="52997" src-id="52953" dest-id="52957" weight="11.876370834444689"/>
<connection id="53000" src-id="52957" dest-id="52956" weight="-0.4880192341123175"/>
<neuron id="53001" type="hid" activation="sigmoid"/>
<connection id="53002" src-id="52914" dest-id="53001" weight="-13.298660415295464"/>
<connection id="53005" src-id="52917" dest-id="53001" weight="9.080927995858813"/>
<connection id="53006" src-id="52918" dest-id="53001" weight="-1.8721044157208526"/>
<connection id="53007" src-id="52919" dest-id="53001" weight="-12.041833660817439"/>
<connection id="53009" src-id="52921" dest-id="53001" weight="-5.031717933302583"/>
<connection id="53010" src-id="52922" dest-id="53001" weight="1.2144239795589726"/>
<connection id="53011" src-id="52923" dest-id="53001" weight="-8.23319387150022"/>
<connection id="53012" src-id="52924" dest-id="53001" weight="4.882091608786046"/>
<connection id="53013" src-id="52925" dest-id="53001" weight="-24.583991428514306"/>
<connection id="53014" src-id="52926" dest-id="53001" weight="19.783261419911703"/>
<connection id="53015" src-id="52927" dest-id="53001" weight="9.08358762521647"/>
<connection id="53016" src-id="52928" dest-id="53001" weight="-8.81840391253123"/>
<connection id="53017" src-id="52929" dest-id="53001" weight="8.630312671007074"/>
<connection id="53019" src-id="52931" dest-id="53001" weight="0.30114360154427233"/>
<connection id="53021" src-id="52933" dest-id="53001" weight="-32.28125628786263"/>
<connection id="53022" src-id="52934" dest-id="53001" weight="-29.568249943328688"/>
<connection id="53023" src-id="52935" dest-id="53001" weight="7.766098473163579"/>
<connection id="53025" src-id="52937" dest-id="53001" weight="5.520003263993031"/>
<connection id="53026" src-id="52938" dest-id="53001" weight="-19.797639271550878"/>
<connection id="53027" src-id="52939" dest-id="53001" weight="-14.784472231190966"/>
<connection id="53028" src-id="52940" dest-id="53001" weight="10.200208756331563"/>
<connection id="53031" src-id="52943" dest-id="53001" weight="8.473525556683656"/>
<connection id="53033" src-id="52945" dest-id="53001" weight="-13.524526755245164"/>
<connection id="53036" src-id="52948" dest-id="53001" weight="-6.929602272355277"/>
<connection id="53037" src-id="52949" dest-id="53001" weight="11.743484099281927"/>
<connection id="53038" src-id="52950" dest-id="53001" weight="8.82733103065716"/>
<connection id="53039" src-id="52951" dest-id="53001" weight="0.49300530000385123"/>
<connection id="53040" src-id="52952" dest-id="53001" weight="-5.791001978443433"/>
<connection id="53041" src-id="52953" dest-id="53001" weight="-0.968729994646734"/>
<connection id="53042" src-id="52954" dest-id="53001" weight="3.556642923506064"/>
<connection id="53043" src-id="52955" dest-id="53001" weight="-4.668594643046614"/>
<connection id="53044" src-id="53001" dest-id="52956" weight="29.240415761626984"/>
<neuron id="53045" type="hid" activation="sigmoid"/>
<connection id="53046" src-id="52914" dest-id="53045" weight="-7.469859953924306"/>
<connection id="53048" src-id="52916" dest-id="53045" weight="-0.48823487758636475"/>
<connection id="53049" src-id="52917" dest-id="53045" weight="3.8027844325129303"/>
<connection id="53050" src-id="52918" dest-id="53045" weight="-10.589568225051405"/>
<connection id="53051" src-id="52919" dest-id="53045" weight="11.65571388440907"/>
<connection id="53052" src-id="52920" dest-id="53045" weight="-21.91168998298701"/>
<connection id="53053" src-id="52921" dest-id="53045" weight="-5.8653869779614825"/>
<connection id="53054" src-id="52922" dest-id="53045" weight="-17.905672713375168"/>
<connection id="53056" src-id="52924" dest-id="53045" weight="0.6866353734354979"/>
<connection id="53058" src-id="52926" dest-id="53045" weight="-6.200436688147688"/>
<connection id="53059" src-id="52927" dest-id="53045" weight="17.977450509603788"/>
<connection id="53060" src-id="52928" dest-id="53045" weight="9.59899690501818"/>
<connection id="53061" src-id="52929" dest-id="53045" weight="-26.711040025615848"/>
<connection id="53062" src-id="52930" dest-id="53045" weight="-10.263617485594219"/>
<connection id="53063" src-id="52931" dest-id="53045" weight="-20.059365190712484"/>
<connection id="53064" src-id="52932" dest-id="53045" weight="22.715416175866384"/>
<connection id="53065" src-id="52933" dest-id="53045" weight="-14.167990550215553"/>
<connection id="53066" src-id="52934" dest-id="53045" weight="17.337165270094903"/>
<connection id="53067" src-id="52935" dest-id="53045" weight="-20.206878170533678"/>
<connection id="53069" src-id="52937" dest-id="53045" weight="-20.540105031500367"/>
<connection id="53070" src-id="52938" dest-id="53045" weight="-27.875406446392834"/>
<connection id="53071" src-id="52939" dest-id="53045" weight="-0.761169924646178"/>
<connection id="53072" src-id="52940" dest-id="53045" weight="1.7230987824490362"/>
<connection id="53073" src-id="52941" dest-id="53045" weight="-11.952528733045625"/>
<connection id="53078" src-id="52946" dest-id="53045" weight="8.182801088728416"/>
<connection id="53079" src-id="52947" dest-id="53045" weight="2.805808701162529"/>
<connection id="53080" src-id="52948" dest-id="53045" weight="-0.8859428416715067"/>
<connection id="53081" src-id="52949" dest-id="53045" weight="-11.50697405522741"/>
<connection id="53082" src-id="52950" dest-id="53045" weight="-5.8062248410565855"/>
<connection id="53083" src-id="52951" dest-id="53045" weight="11.355577601955856"/>
<connection id="53084" src-id="52952" dest-id="53045" weight="18.699045328197855"/>
<connection id="53085" src-id="52953" dest-id="53045" weight="-3.4332958505719127"/>
<connection id="53086" src-id="52954" dest-id="53045" weight="0.6237081346619804"/>
<connection id="53087" src-id="52955" dest-id="53045" weight="2.8142714678414156"/>
<connection id="53088" src-id="53045" dest-id="52956" weight="3.8005229275957064"/>
<neuron id="53089" type="hid" activation="sigmoid"/>
<connection id="53090" src-id="52914" dest-id="53089" weight="8.176928597580812"/>
<connection id="53091" src-id="52915" dest-id="53089" weight="-14.65654650368825"/>
<connection id="53094" src-id="52918" dest-id="53089" weight="12.277943568493848"/>
<connection id="53096" src-id="52920" dest-id="53089" weight="-1.0383770415126827"/>
<connection id="53097" src-id="52921" dest-id="53089" weight="-9.66298399984868"/>
<connection id="53098" src-id="52922" dest-id="53089" weight="-15.589746851143206"/>
<connection id="53099" src-id="52923" dest-id="53089" weight="-7.4062233171552805"/>
<connection id="53100" src-id="52924" dest-id="53089" weight="2.723194671266928"/>
<connection id="53101" src-id="52925" dest-id="53089" weight="5.566008839685742"/>
<connection id="53102" src-id="52926" dest-id="53089" weight="12.987102827899255"/>
<connection id="53104" src-id="52928" dest-id="53089" weight="-33.239402168038254"/>
<connection id="53105" src-id="52929" dest-id="53089" weight="9.284719496820745"/>
<connection id="53106" src-id="52930" dest-id="53089" weight="17.081662539066627"/>
<connection id="53107" src-id="52931" dest-id="53089" weight="-8.265759192665412"/>
<connection id="53108" src-id="52932" dest-id="53089" weight="2.061016007033061"/>
<connection id="53109" src-id="52933" dest-id="53089" weight="6.0630911069562945"/>
<connection id="53110" src-id="52934" dest-id="53089" weight="10.567057658089512"/>
<connection id="53111" src-id="52935" dest-id="53089" weight="4.549806117358209"/>
<connection id="53112" src-id="52936" dest-id="53089" weight="-0.7495760440498356"/>
<connection id="53114" src-id="52938" dest-id="53089" weight="0.06753711246668681"/>
<connection id="53115" src-id="52939" dest-id="53089" weight="-0.48552724931284463"/>
<connection id="53116" src-id="52940" dest-id="53089" weight="24.09194476128541"/>
<connection id="53117" src-id="52941" dest-id="53089" weight="-2.061296963552296"/>
<connection id="53118" src-id="52942" dest-id="53089" weight="-10.20174077252323"/>
<connection id="53119" src-id="52943" dest-id="53089" weight="8.878782372027615"/>
<connection id="53121" src-id="52945" dest-id="53089" weight="-16.049770434348027"/>
<connection id="53122" src-id="52946" dest-id="53089" weight="-13.92868185776964"/>
<connection id="53124" src-id="52948" dest-id="53089" weight="2.131620969038644"/>
<connection id="53128" src-id="52952" dest-id="53089" weight="-4.578647278861635"/>
<connection id="53129" src-id="52953" dest-id="53089" weight="-8.134052917130433"/>
<connection id="53130" src-id="52954" dest-id="53089" weight="1.756136071024938"/>
<connection id="53131" src-id="52955" dest-id="53089" weight="5.1208058738175275"/>
<connection id="53132" src-id="53089" dest-id="52956" weight="4.607590481290777"/>
<neuron id="53133" type="hid" activation="sigmoid"/>
<connection id="53134" src-id="52914" dest-id="53133" weight="-4.851443577253027"/>
<connection id="53135" src-id="52915" dest-id="53133" weight="-12.588229784694125"/>
<connection id="53137" src-id="52917" dest-id="53133" weight="-8.89065117155841"/>
<connection id="53138" src-id="52918" dest-id="53133" weight="-14.10019834381378"/>
<connection id="53139" src-id="52919" dest-id="53133" weight="6.127189583433845"/>
<connection id="53140" src-id="52920" dest-id="53133" weight="-4.398592810989612"/>
<connection id="53141" src-id="52921" dest-id="53133" weight="5.624732873768191"/>
<connection id="53142" src-id="52922" dest-id="53133" weight="8.356556422747529"/>
<connection id="53144" src-id="52924" dest-id="53133" weight="-11.736494096174384"/>
<connection id="53145" src-id="52925" dest-id="53133" weight="3.4778121110257194"/>
<connection id="53146" src-id="52926" dest-id="53133" weight="-11.295745174725191"/>
<connection id="53147" src-id="52927" dest-id="53133" weight="-3.7247830376971134"/>
<connection id="53148" src-id="52928" dest-id="53133" weight="-4.549410909776453"/>
<connection id="53149" src-id="52929" dest-id="53133" weight="-13.465096560966234"/>
<connection id="53150" src-id="52930" dest-id="53133" weight="3.3923262042664617"/>
<connection id="53153" src-id="52933" dest-id="53133" weight="11.575938800079335"/>
<connection id="53154" src-id="52934" dest-id="53133" weight="14.195198728179587"/>
<connection id="53155" src-id="52935" dest-id="53133" weight="-21.783393542891474"/>
<connection id="53156" src-id="52936" dest-id="53133" weight="31.74061024806877"/>
<connection id="53157" src-id="52937" dest-id="53133" weight="19.13711545258668"/>
<connection id="53158" src-id="52938" dest-id="53133" weight="-19.302848768775412"/>
<connection id="53159" src-id="52939" dest-id="53133" weight="-16.192984980500686"/>
<connection id="53160" src-id="52940" dest-id="53133" weight="5.301408700158326"/>
<connection id="53162" src-id="52942" dest-id="53133" weight="5.438890229809891"/>
<connection id="53163" src-id="52943" dest-id="53133" weight="-18.196441884797004"/>
<connection id="53164" src-id="52944" dest-id="53133" weight="-7.473938513473601"/>
<connection id="53167" src-id="52947" dest-id="53133" weight="10.34925586132489"/>
<connection id="53168" src-id="52948" dest-id="53133" weight="12.094473661255712"/>
<connection id="53169" src-id="52949" dest-id="53133" weight="1.1363099141818824"/>
<connection id="53170" src-id="52950" dest-id="53133" weight="9.756313691492172"/>
<connection id="53172" src-id="52952" dest-id="53133" weight="5.636465685807389"/>
<connection id="53173" src-id="52953" dest-id="53133" weight="10.58624608974348"/>
<connection id="53174" src-id="52954" dest-id="53133" weight="-23.14758641764896"/>
<connection id="53176" src-id="53133" dest-id="52956" weight="-13.616405265770634"/>
<connection id="53261" src-id="53089" dest-id="52957" weight="-19.08727768288852"/>
<connection id="53262" src-id="52945" dest-id="52956" weight="20.64103490808778"/>
<neuron id="53512" type="hid" activation="sigmoid"/>
<connection id="53513" src-id="52946" dest-id="53512" weight="-0.5020012022102467"/>
<neuron id="53518" type="hid" activation="sigmoid"/>
<connection id="53519" src-id="52932" dest-id="53518" weight="4.6217639744498165"/>
<connection id="53520" src-id="53518" dest-id="53133" weight="-27.536388204908206"/>
<connection id="53670" src-id="52923" dest-id="52956" weight="6.457276499051191"/>
<connection id="53816" src-id="52935" dest-id="53512" weight="1.9489866208293756"/>
<neuron id="53857" type="hid" activation="sigmoid"/>
<connection id="53859" src-id="53857" dest-id="53001" weight="-1.6883377584501347"/>
<neuron id="53869" type="hid" activation="sigmoid"/>
<connection id="53871" src-id="53869" dest-id="52957" weight="-14.35867134615113"/>
<connection id="53933" src-id="52934" dest-id="52956" weight="4.122851126596084"/>
<connection id="54043" src-id="52939" dest-id="52956" weight="-3.3678492969990006"/>
<connection id="54061" src-id="52916" dest-id="52956" weight="3.1745517474232274"/>
<connection id="54093" src-id="53001" dest-id="52957" weight="-3.2665247068496477"/>
<neuron id="54145" type="hid" activation="sigmoid"/>
<connection id="54146" src-id="52916" dest-id="54145" weight="3.185250673378879"/>
<connection id="54147" src-id="54145" dest-id="53089" weight="5.4436077869726684"/>
<connection id="54262" src-id="52936" dest-id="53857" weight="-8.112329648659362"/>
<neuron id="54421" type="hid" activation="sigmoid"/>
<connection id="54422" src-id="52947" dest-id="54421" weight="-16.36753947174529"/>
<neuron id="54641" type="hid" activation="sigmoid"/>
<connection id="54642" src-id="52919" dest-id="54641" weight="-32.14819876903986"/>
<neuron id="54644" type="hid" activation="sigmoid"/>
<connection id="54645" src-id="52933" dest-id="54644" weight="-1.5730717400948997"/>
<connection id="54646" src-id="54644" dest-id="52957" weight="-3.523888727639017"/>
<connection id="54771" src-id="53089" dest-id="53045" weight="5.370194024576707"/>
<connection id="54799" src-id="52928" dest-id="53512" weight="-1.3012766054462555"/>
<neuron id="54876" type="hid" activation="sigmoid"/>
<connection id="54877" src-id="52942" dest-id="54876" weight="4.219126452476001"/>
<connection id="54878" src-id="54876" dest-id="53045" weight="-11.146472761972186"/>
<neuron id="54885" type="hid" activation="sigmoid"/>
<connection id="55065" src-id="52941" dest-id="53857" weight="-3.498598387396015"/>
<connection id="55071" src-id="52918" dest-id="52956" weight="11.915729597856872"/>
<connection id="55145" src-id="54885" dest-id="53045" weight="1.258902629357505"/>
<connection id="55268" src-id="52917" dest-id="53857" weight="-4.23027219667843"/>
<neuron id="55275" type="hid" activation="sigmoid"/>
<connection id="55276" src-id="52915" dest-id="55275" weight="-9.84864441970122"/>
<connection id="55277" src-id="55275" dest-id="53001" weight="3.9588787356062562"/>
<neuron id="55281" type="hid" activation="sigmoid"/>
<connection id="55282" src-id="52937" dest-id="55281" weight="-3.4478734759466043"/>
<connection id="55283" src-id="55281" dest-id="53089" weight="-4.1123103805447725"/>
<connection id="55332" src-id="52955" dest-id="54885" weight="0.03231406038779916"/>
<connection id="55430" src-id="52936" dest-id="54641" weight="-3.867382547540048"/>
<neuron id="55510" type="hid" activation="sigmoid"/>
<connection id="55512" src-id="55510" dest-id="52957" weight="-12.29398227117195"/>
<connection id="55548" src-id="52921" dest-id="53857" weight="-3.954841104435101"/>
<connection id="55575" src-id="52950" dest-id="52956" weight="0.7575527567565459"/>
<connection id="55610" src-id="52937" dest-id="54641" weight="-10.427366061194355"/>
<connection id="55618" src-id="52941" dest-id="54641" weight="-11.999301091676763"/>
<neuron id="55667" type="hid" activation="sigmoid"/>
<connection id="55668" src-id="52918" dest-id="55667" weight="7.794330541383718"/>
<connection id="55669" src-id="55667" dest-id="52957" weight="-4.263162482244823"/>
<neuron id="55673" type="hid" activation="sigmoid"/>
<connection id="55674" src-id="52944" dest-id="55673" weight="-3.5312588266270053"/>
<connection id="55675" src-id="55673" dest-id="53001" weight="-1.3394029782142587"/>
<connection id="55723" src-id="52944" dest-id="54641" weight="0.7580977830318768"/>
<connection id="55757" src-id="52944" dest-id="54885" weight="1.61886974714244"/>
<connection id="55780" src-id="52915" dest-id="52956" weight="7.334001528914591"/>
<connection id="55808" src-id="52917" dest-id="54885" weight="-8.261276130338462"/>
<neuron id="55829" type="hid" activation="sigmoid"/>
<connection id="55830" src-id="52955" dest-id="55829" weight="4.498011125824501"/>
<connection id="55831" src-id="55829" dest-id="53133" weight="-2.3355343839138154"/>
<connection id="55860" src-id="54641" dest-id="52956" weight="-16.732703377049695"/>
<connection id="55885" src-id="52915" dest-id="53857" weight="-6.705082598030478"/>
<connection id="55888" src-id="52937" dest-id="54885" weight="-8.0904425661451"/>
<connection id="55923" src-id="52924" dest-id="54644" weight="1.219965542200502"/>
<neuron id="55969" type="hid" activation="sigmoid"/>
<connection id="55971" src-id="55969" dest-id="53045" weight="12.608777552477987"/>
<connection id="56069" src-id="52921" dest-id="52956" weight="11.39683930227672"/>
<neuron id="56097" type="hid" activation="sigmoid"/>
<connection id="56098" src-id="52917" dest-id="56097" weight="3.4077759721625576"/>
<neuron id="56106" type="hid" activation="sigmoid"/>
<connection id="56108" src-id="56106" dest-id="52957" weight="1.2266894487409257"/>
<connection id="56142" src-id="54641" dest-id="53133" weight="14.855430612308545"/>
<connection id="56217" src-id="54885" dest-id="53133" weight="-4.573431075867154"/>
<connection id="56319" src-id="52940" dest-id="54641" weight="-13.46208038873765"/>
<connection id="56335" src-id="52928" dest-id="55969" weight="-0.2018041133636741"/>
<connection id="56344" src-id="52934" dest-id="54644" weight="-7.145361379898357"/>
<connection id="56386" src-id="52927" dest-id="55969" weight="-5.2626954211024035"/>
<connection id="56396" src-id="52947" dest-id="55829" weight="0.30316175296081105"/>
<connection id="56422" src-id="52928" dest-id="54641" weight="1.527239956266774"/>
<connection id="56423" src-id="52953" dest-id="54641" weight="3.4822256649312906"/>
<connection id="56454" src-id="52925" dest-id="54885" weight="-10.530982836936763"/>
<neuron id="56480" type="hid" activation="sigmoid"/>
<connection id="56481" src-id="52954" dest-id="56480" weight="7.510699637079287"/>
<connection id="56482" src-id="56480" dest-id="52957" weight="6.378263547545172"/>
<neuron id="56483" type="hid" activation="sigmoid"/>
<connection id="56484" src-id="52932" dest-id="56483" weight="-3.792358576379287"/>
<connection id="56485" src-id="56483" dest-id="53857" weight="-15.954377825855705"/>
<connection id="56534" src-id="52925" dest-id="55969" weight="3.8383076905317237"/>
<connection id="56543" src-id="52931" dest-id="54641" weight="2.8605137435095265"/>
<connection id="56555" src-id="53857" dest-id="55969" weight="-6.650628556562015"/>
<connection id="56559" src-id="54885" dest-id="52956" weight="7.477696150422874"/>
<connection id="56566" src-id="52945" dest-id="55969" weight="-6.957837346219556"/>
<neuron id="56572" type="hid" activation="sigmoid"/>
<connection id="56573" src-id="52951" dest-id="56572" weight="-4.740727482552254"/>
<connection id="56574" src-id="56572" dest-id="53089" weight="14.880041504714445"/>
<neuron id="56575" type="hid" activation="sigmoid"/>
<connection id="56576" src-id="54641" dest-id="56575" weight="-25.609790573908395"/>
<connection id="56577" src-id="56575" dest-id="53089" weight="-35.951576165132934"/>
<neuron id="56578" type="hid" activation="sigmoid"/>
<connection id="56579" src-id="52937" dest-id="56578" weight="15.457491405122541"/>
<connection id="56642" src-id="54644" dest-id="53089" weight="-3.6237710585467884"/>
<connection id="56767" src-id="53869" dest-id="53512" weight="-1.7475700593234107"/>
<connection id="56768" src-id="52914" dest-id="56575" weight="-0.4381763622405639"/>
<connection id="56769" src-id="54644" dest-id="53869" weight="11.019251195987826"/>
<connection id="56787" src-id="52955" dest-id="55969" weight="-6.310492158272993"/>
<neuron id="56816" type="hid" activation="sigmoid"/>
<connection id="56817" src-id="52949" dest-id="56816" weight="2.140343951313383"/>
<connection id="56848" src-id="52924" dest-id="53869" weight="4.268706083084361"/>
<connection id="56875" src-id="53001" dest-id="55667" weight="5.700033091371605"/>
<connection id="56895" src-id="52939" dest-id="56578" weight="5.7591503797448205"/>
<connection id="56964" src-id="52948" dest-id="53869" weight="4.732608895438901"/>
<connection id="56966" src-id="54641" dest-id="53512" weight="-1.3779257953494422"/>
<connection id="56971" src-id="52952" dest-id="54885" weight="4.212020155455933"/>
<connection id="57005" src-id="52939" dest-id="54885" weight="-0.7687528133392334"/>
<connection id="57024" src-id="52930" dest-id="55667" weight="-1.949802573244622"/>
<connection id="57034" src-id="52939" dest-id="53869" weight="-8.586346054797113"/>
<connection id="57036" src-id="52950" dest-id="56575" weight="0.8823396749886547"/>
<neuron id="57084" type="hid" activation="sigmoid"/>
<connection id="57085" src-id="52941" dest-id="57084" weight="1.4716891206544762"/>
<connection id="57086" src-id="57084" dest-id="53001" weight="-0.4937125361517145"/>
<connection id="57169" src-id="53512" dest-id="52956" weight="0.7453611711066404"/>
<connection id="57171" src-id="52919" dest-id="55667" weight="-11.784073416322268"/>
<connection id="57172" src-id="52924" dest-id="53512" weight="6.183530528022624"/>
<connection id="57173" src-id="56483" dest-id="54641" weight="-10.47871852452487"/>
<connection id="57198" src-id="52930" dest-id="54644" weight="1.6416970139216616"/>
<neuron id="57231" type="hid" activation="sigmoid"/>
<connection id="57233" src-id="57231" dest-id="53089" weight="13.305594446212789"/>
<connection id="57272" src-id="56575" dest-id="53133" weight="5.3687552749430285"/>
<connection id="57273" src-id="52937" dest-id="56575" weight="15.216965739409392"/>
<connection id="57274" src-id="53001" dest-id="53869" weight="-2.3897398664243563"/>
<connection id="57275" src-id="52943" dest-id="55667" weight="-0.14006706314367412"/>
<connection id="57277" src-id="52925" dest-id="56575" weight="-6.98659721699537"/>
<connection id="57278" src-id="52947" dest-id="54644" weight="3.437050565409358"/>
<connection id="57313" src-id="52955" dest-id="54641" weight="2.394718306067514"/>
<connection id="57320" src-id="52948" dest-id="55667" weight="5.400787194356314"/>
<connection id="57381" src-id="52929" dest-id="53512" weight="7.346011883758767"/>
<connection id="57456" src-id="52925" dest-id="55667" weight="-4.7350522979817935"/>
<connection id="57511" src-id="53869" dest-id="53089" weight="-4.757752017591848"/>
<connection id="57514" src-id="52952" dest-id="56578" weight="-10.991416192982278"/>
<connection id="57518" src-id="54421" dest-id="54641" weight="4.1416570358951565"/>
<connection id="57519" src-id="56578" dest-id="54644" weight="1.905910187495823"/>
<connection id="57520" src-id="52944" dest-id="56575" weight="14.116026585604915"/>
<connection id="57521" src-id="52942" dest-id="56483" weight="2.195248832488393"/>
<connection id="57522" src-id="52926" dest-id="53518" weight="5.010170924794156"/>
<connection id="57523" src-id="52937" dest-id="56483" weight="-19.20671148663464"/>
<connection id="57527" src-id="56575" dest-id="53518" weight="-7.425853205327185"/>
<neuron id="57562" type="hid" activation="sigmoid"/>
<connection id="57563" src-id="52952" dest-id="57562" weight="6.534770717873465"/>
<connection id="57564" src-id="57562" dest-id="54644" weight="14.572521753571415"/>
<connection id="57593" src-id="52948" dest-id="55969" weight="-5.323020882056301"/>
<connection id="57613" src-id="53857" dest-id="53512" weight="0.24134182929992676"/>
<connection id="57642" src-id="56575" dest-id="53512" weight="11.876244653834549"/>
<connection id="57643" src-id="52944" dest-id="56578" weight="1.8309586945116147"/>
<connection id="57644" src-id="52933" dest-id="56483" weight="-8.326840780445664"/>
<connection id="57646" src-id="52938" dest-id="57562" weight="-17.1061569147884"/>
<connection id="57650" src-id="52931" dest-id="54644" weight="-2.9071387234149437"/>
<connection id="57651" src-id="54885" dest-id="56578" weight="-3.9678629977785285"/>
<connection id="57652" src-id="56578" dest-id="56575" weight="4.041686614890402"/>
<connection id="57653" src-id="52927" dest-id="54421" weight="2.690455741959359"/>
<connection id="57654" src-id="54145" dest-id="52957" weight="8.848307428537328"/>
<connection id="57655" src-id="52921" dest-id="54145" weight="-11.58992754771078"/>
<connection id="57656" src-id="52937" dest-id="53518" weight="-17.31121479543347"/>
<connection id="57659" src-id="52945" dest-id="53869" weight="8.036746611920776"/>
<connection id="57660" src-id="54644" dest-id="56575" weight="12.560743502216486"/>
<connection id="57661" src-id="52932" dest-id="54145" weight="8.431143258226246"/>
<connection id="57662" src-id="52925" dest-id="56483" weight="0.7467592984803957"/>
<neuron id="57703" type="hid" activation="sigmoid"/>
<connection id="57705" src-id="57703" dest-id="54885" weight="4.947995838484913"/>
<connection id="57749" src-id="57703" dest-id="54644" weight="2.1814667754002097"/>
<connection id="57763" src-id="56483" dest-id="55969" weight="-11.460517665120141"/>
<connection id="57780" src-id="52947" dest-id="56578" weight="3.8794925866115952"/>
<connection id="57782" src-id="52942" dest-id="57703" weight="8.520815171017789"/>
<connection id="57807" src-id="52951" dest-id="53518" weight="-10.229707835641511"/>
<connection id="57808" src-id="56578" dest-id="53869" weight="-10.72823003442102"/>
<connection id="57811" src-id="57703" dest-id="54641" weight="12.120040689436847"/>
<connection id="57816" src-id="52940" dest-id="57703" weight="1.9750631873431668"/>
<connection id="57819" src-id="52943" dest-id="56578" weight="-8.298695644403146"/>
<connection id="57821" src-id="54145" dest-id="53001" weight="5.123760967064886"/>
<connection id="57823" src-id="53518" dest-id="52957" weight="-2.5830105737896236"/>
<connection id="57877" src-id="52937" dest-id="53869" weight="5.158222778577528"/>
<connection id="57879" src-id="52920" dest-id="54644" weight="0.4424020188417561"/>
<neuron id="57889" type="hid" activation="sigmoid"/>
<connection id="57891" src-id="57889" dest-id="56483" weight="3.767328817331415"/>
<connection id="57929" src-id="55969" dest-id="53869" weight="1.313396553957428"/>
<connection id="57931" src-id="52943" dest-id="57562" weight="-3.7147652520585543"/>
<connection id="57957" src-id="54885" dest-id="53089" weight="0.762583664452302"/>
<connection id="58063" src-id="52955" dest-id="53518" weight="2.2610414715271654"/>
<connection id="58072" src-id="52949" dest-id="57562" weight="14.336139164534469"/>
<connection id="58078" src-id="52941" dest-id="56572" weight="14.230171846857202"/>
<connection id="58079" src-id="52920" dest-id="57231" weight="-0.6074481783639043"/>
<connection id="58080" src-id="57231" dest-id="54885" weight="-0.37292926411085503"/>
<connection id="58081" src-id="52924" dest-id="57889" weight="8.06601073318311"/>
<connection id="58082" src-id="52941" dest-id="57703" weight="-0.5251755236951707"/>
<neuron id="58105" type="hid" activation="sigmoid"/>
<connection id="58106" src-id="54421" dest-id="58105" weight="-3.1435732441124253"/>
<connection id="58107" src-id="58105" dest-id="53089" weight="11.717636559440171"/>
<connection id="58230" src-id="52949" dest-id="56572" weight="4.977134296872459"/>
<connection id="58241" src-id="53869" dest-id="52956" weight="4.416300496291593"/>
<connection id="58243" src-id="57231" dest-id="55969" weight="-6.091541268731115"/>
<connection id="58248" src-id="52941" dest-id="54145" weight="0.584414635625369"/>
<connection id="58267" src-id="52918" dest-id="56575" weight="-2.236065052180301"/>
<connection id="58279" src-id="55829" dest-id="52956" weight="1.5704824234886847"/>
<connection id="58283" src-id="52951" dest-id="55829" weight="2.2861073726032046"/>
<connection id="58309" src-id="52942" dest-id="56572" weight="5.312907810541747"/>
<connection id="58310" src-id="54421" dest-id="56575" weight="5.391389082989044"/>
<connection id="58311" src-id="52932" dest-id="56575" weight="7.85646306259685"/>
<connection id="58314" src-id="52922" dest-id="54145" weight="1.816214904257047"/>
<connection id="58315" src-id="55667" dest-id="57562" weight="-11.280193730523633"/>
<connection id="58316" src-id="57231" dest-id="56575" weight="-0.46458411708984926"/>
<connection id="58318" src-id="54885" dest-id="53512" weight="15.263847775619466"/>
<connection id="58319" src-id="56578" dest-id="56480" weight="-5.020445511243216"/>
<connection id="58320" src-id="52945" dest-id="54641" weight="2.693466699375881"/>
<connection id="58321" src-id="52932" dest-id="56572" weight="7.91384712882938"/>
<connection id="58322" src-id="52914" dest-id="57562" weight="1.0027004510188893"/>
<connection id="58323" src-id="52922" dest-id="57562" weight="3.8564861751603234"/>
<connection id="58324" src-id="55510" dest-id="54641" weight="4.079752117239389"/>
<connection id="58325" src-id="52930" dest-id="58105" weight="-6.578889371398061"/>
<connection id="58326" src-id="52924" dest-id="55510" weight="-16.818275306242526"/>
<neuron id="58330" type="hid" activation="sigmoid"/>
<connection id="58331" src-id="52949" dest-id="58330" weight="12.144812271757985"/>
<connection id="58332" src-id="58330" dest-id="53089" weight="12.119711878333018"/>
<connection id="58393" src-id="54421" dest-id="55667" weight="-10.568176328548207"/>
<connection id="58394" src-id="52938" dest-id="54421" weight="-4.48190164162823"/>
<connection id="58395" src-id="55667" dest-id="56480" weight="-3.7656886876587046"/>
<connection id="58396" src-id="52951" dest-id="57231" weight="6.320569787393238"/>
<connection id="58404" src-id="52924" dest-id="55667" weight="1.3540115405335449"/>
<connection id="58405" src-id="54145" dest-id="53869" weight="1.819406014221238"/>
<connection id="58406" src-id="52951" dest-id="54145" weight="3.675278264337658"/>
<connection id="58446" src-id="57703" dest-id="54421" weight="-2.461891125967008"/>
<connection id="58490" src-id="52923" dest-id="57562" weight="-1.5121364188816435"/>
<connection id="58501" src-id="52934" dest-id="57231" weight="9.175082005749923"/>
<connection id="58512" src-id="52955" dest-id="57562" weight="3.4615163183775484"/>
<connection id="58568" src-id="52929" dest-id="58330" weight="-5.156614830219802"/>
<neuron id="58612" type="hid" activation="sigmoid"/>
<connection id="58613" src-id="52927" dest-id="58612" weight="-9.586464589668896"/>
<connection id="58614" src-id="58612" dest-id="54885" weight="5.700080588903643"/>
<neuron id="58615" type="hid" activation="sigmoid"/>
<connection id="58617" src-id="58615" dest-id="56578" weight="-7.461702009391576"/>
<connection id="58673" src-id="52943" dest-id="55969" weight="-0.31732728509274466"/>
<connection id="58677" src-id="55510" dest-id="53869" weight="0.8204716518143158"/>
<connection id="58679" src-id="52923" dest-id="54145" weight="-4.671377166495326"/>
<connection id="58730" src-id="56572" dest-id="56575" weight="4.172827496353685"/>
<connection id="58766" src-id="52947" dest-id="56572" weight="9.058633384211756"/>
<connection id="58768" src-id="52931" dest-id="53512" weight="-3.2373446153501266"/>
<connection id="58806" src-id="58330" dest-id="57889" weight="1.3711853255817523"/>
<connection id="59020" src-id="52922" dest-id="56572" weight="-0.06688355806030677"/>
<connection id="59080" src-id="54145" dest-id="53857" weight="2.264914997108544"/>
<connection id="59085" src-id="52942" dest-id="55510" weight="1.401351329855117"/>
<connection id="59086" src-id="56480" dest-id="54644" weight="5.26190889946577"/>
<connection id="59087" src-id="52916" dest-id="53869" weight="-2.8758808306317762"/>
<connection id="59090" src-id="58615" dest-id="56483" weight="1.9299249179402693"/>
<connection id="59092" src-id="52926" dest-id="57703" weight="5.962271337740987"/>
<connection id="59093" src-id="58330" dest-id="57231" weight="-6.035212700972164"/>
<connection id="59094" src-id="52916" dest-id="53518" weight="-2.691007349470237"/>
<connection id="59095" src-id="52935" dest-id="58105" weight="-5.950019919862183"/>
<connection id="59157" src-id="52927" dest-id="53518" weight="4.084141210074572"/>
<neuron id="59286" type="hid" activation="sigmoid"/>
<connection id="59287" src-id="52940" dest-id="59286" weight="5.291474835023569"/>
<connection id="59288" src-id="59286" dest-id="58615" weight="4.799481338720327"/>
<connection id="59334" src-id="58615" dest-id="54644" weight="-4.753955843320209"/>
<connection id="59501" src-id="52920" dest-id="55510" weight="1.0897857907446902"/>
<connection id="59521" src-id="53869" dest-id="56575" weight="0.2800981071241324"/>
<connection id="59523" src-id="53857" dest-id="58612" weight="3.534455945016042"/>
<connection id="59526" src-id="54421" dest-id="54885" weight="0.9984571287790365"/>
<connection id="59527" src-id="59286" dest-id="57562" weight="-2.2069904776985156"/>
<connection id="59528" src-id="52949" dest-id="56483" weight="0.9144829054974921"/>
<connection id="59529" src-id="54145" dest-id="54885" weight="1.2020635596268083"/>
<connection id="59530" src-id="52937" dest-id="57703" weight="-9.621184095667244"/>
<connection id="59531" src-id="58612" dest-id="55969" weight="-2.683675009193261"/>
<connection id="59533" src-id="53869" dest-id="54641" weight="-1.442445035805945"/>
<connection id="59535" src-id="52914" dest-id="54145" weight="-6.266040714402921"/>
<connection id="59536" src-id="54145" dest-id="58105" weight="4.187355478275868"/>
<connection id="59537" src-id="52920" dest-id="59286" weight="6.792659036863676"/>
<connection id="59538" src-id="57703" dest-id="53857" weight="1.417266853690934"/>
<connection id="59540" src-id="52929" dest-id="58105" weight="1.3128760959580426"/>
<connection id="59542" src-id="52915" dest-id="54421" weight="-4.220342490729475"/>
<connection id="59546" src-id="58330" dest-id="56483" weight="-16.05245624767865"/>
<connection id="59547" src-id="52923" dest-id="58330" weight="2.99745922991192"/>
<connection id="59552" src-id="52942" dest-id="56575" weight="7.665679876818425"/>
<connection id="59588" src-id="52948" dest-id="57703" weight="3.9484913949629377"/>
<connection id="59614" src-id="52943" dest-id="58612" weight="-0.16574743667632985"/>
<neuron id="59671" type="hid" activation="sigmoid"/>
<connection id="59672" src-id="52945" dest-id="59671" weight="-6.022786954779315"/>
<connection id="59673" src-id="59671" dest-id="52957" weight="4.411769947848261"/>
<neuron id="59674" type="hid" activation="sigmoid"/>
<connection id="59675" src-id="54145" dest-id="59674" weight="-5.941869298895738"/>
<connection id="59676" src-id="59674" dest-id="57562" weight="3.2559221380661536"/>
<connection id="59798" src-id="58330" dest-id="56480" weight="-3.354781758359995"/>
<connection id="59800" src-id="52940" dest-id="57889" weight="-5.207386839813582"/>
<connection id="59825" src-id="52938" dest-id="56578" weight="0.15247690677642822"/>
<connection id="59826" src-id="57889" dest-id="53869" weight="-12.20415862919257"/>
<connection id="59828" src-id="52914" dest-id="55275" weight="1.6665437863902475"/>
<connection id="59829" src-id="52918" dest-id="58105" weight="-6.920230979165172"/>
<connection id="59830" src-id="52935" dest-id="55275" weight="-6.498171346471161"/>
<connection id="59831" src-id="59674" dest-id="55510" weight="-3.942458528779042"/>
<connection id="59833" src-id="52950" dest-id="55275" weight="-5.3863291503192485"/>
<connection id="59835" src-id="59671" dest-id="55667" weight="1.9594435605062315"/>
<connection id="59836" src-id="57231" dest-id="56572" weight="1.6149042648371843"/>
<connection id="59838" src-id="52946" dest-id="59286" weight="-7.644822302044322"/>
<connection id="59840" src-id="52950" dest-id="59286" weight="1.8263611701855504"/>
<connection id="59842" src-id="59286" dest-id="56097" weight="2.7793208969252987"/>
<connection id="59843" src-id="56097" dest-id="56578" weight="-7.986677613346711"/>
<connection id="59844" src-id="52944" dest-id="58105" weight="-3.8443762821792347"/>
<connection id="59845" src-id="58330" dest-id="57562" weight="-0.6464689357928786"/>
<connection id="59846" src-id="52925" dest-id="59674" weight="3.2628156090177525"/>
<connection id="59847" src-id="58615" dest-id="59674" weight="1.5805204174818508"/>
<connection id="59848" src-id="53045" dest-id="53518" weight="-2.874645713059136"/>
<connection id="59849" src-id="54421" dest-id="53518" weight="2.40316789998501"/>
<connection id="59857" src-id="52945" dest-id="55510" weight="-2.118443581509693"/>
<neuron id="60008" type="hid" activation="sigmoid"/>
<connection id="60009" src-id="53512" dest-id="60008" weight="6.180880153320068"/>
<connection id="60010" src-id="60008" dest-id="53133" weight="20.04175660622006"/>
<neuron id="60011" type="hid" activation="sigmoid"/>
<connection id="60012" src-id="52917" dest-id="60011" weight="5.370677279852814"/>
<connection id="60013" src-id="60011" dest-id="53518" weight="-2.615635581551407"/>
<connection id="60131" src-id="52947" dest-id="60008" weight="1.5772308485392548"/>
<connection id="60139" src-id="59286" dest-id="57231" weight="-1.598836522090589"/>
<connection id="60152" src-id="52918" dest-id="53869" weight="6.463443811166248"/>
<connection id="60300" src-id="52933" dest-id="59674" weight="-1.436204723881692"/>
<connection id="60324" src-id="56097" dest-id="58612" weight="3.1432154297282104"/>
<connection id="60342" src-id="52918" dest-id="59286" weight="-10.568527658853043"/>
<connection id="60354" src-id="52931" dest-id="59674" weight="-0.18325350432200382"/>
<connection id="60501" src-id="53857" dest-id="53869" weight="1.141806378114235"/>
<connection id="60511" src-id="52926" dest-id="60008" weight="-2.0993128675941417"/>
<connection id="60532" src-id="52952" dest-id="55275" weight="6.902251115080789"/>
<connection id="60549" src-id="52931" dest-id="53518" weight="2.882842604662478"/>
<connection id="60622" src-id="52942" dest-id="59286" weight="-0.959525765029053"/>
<connection id="60669" src-id="55281" dest-id="57562" weight="-2.1907494604190028"/>
<connection id="60674" src-id="52955" dest-id="60011" weight="-1.4697752150147758"/>
<connection id="60675" src-id="52935" dest-id="58612" weight="1.042917134208162"/>
<connection id="60677" src-id="56816" dest-id="58612" weight="-4.271657480323859"/>
<connection id="60679" src-id="52941" dest-id="59671" weight="2.6655528767726566"/>
<connection id="60680" src-id="52936" dest-id="54145" weight="4.7960896118136205"/>
<connection id="60681" src-id="59674" dest-id="55275" weight="-5.911094634675766"/>
<connection id="60703" src-id="52918" dest-id="55510" weight="-2.049856479319175"/>
<neuron id="60833" type="hid" activation="sigmoid"/>
<connection id="60834" src-id="55275" dest-id="60833" weight="-0.12413892013534866"/>
<connection id="60835" src-id="60833" dest-id="55510" weight="3.661725379823256"/>
<neuron id="60836" type="hid" activation="sigmoid"/>
<connection id="60837" src-id="56097" dest-id="60836" weight="-1.913039959708147"/>
<connection id="60838" src-id="60836" dest-id="53089" weight="-13.182214828667998"/>
<neuron id="60839" type="hid" activation="sigmoid"/>
<connection id="60840" src-id="54421" dest-id="60839" weight="3.008508412902655"/>
<connection id="60841" src-id="60839" dest-id="53869" weight="-10.330749580893713"/>
<connection id="60903" src-id="52934" dest-id="60833" weight="3.1487158403613145"/>
<connection id="60968" src-id="54885" dest-id="55510" weight="-0.9063050746917725"/>
<connection id="60979" src-id="52914" dest-id="56480" weight="2.2306091374040866"/>
<connection id="60980" src-id="58612" dest-id="59671" weight="-2.3042109723609854"/>
<connection id="61069" src-id="52951" dest-id="54876" weight="6.693734599394787"/>
<connection id="61070" src-id="52936" dest-id="56097" weight="-5.431403243015999"/>
<connection id="61071" src-id="52933" dest-id="54876" weight="-1.336571204687419"/>
<connection id="61072" src-id="52934" dest-id="57084" weight="-3.9182308488007527"/>
<connection id="61073" src-id="58330" dest-id="54145" weight="-0.057032682089938946"/>
<connection id="61074" src-id="52954" dest-id="57084" weight="-0.3161412130740271"/>
<connection id="61075" src-id="52928" dest-id="58615" weight="10.488297135979662"/>
<connection id="61077" src-id="52938" dest-id="56480" weight="-1.5275244031208355"/>
<connection id="61078" src-id="52952" dest-id="56816" weight="-5.272524398453916"/>
<connection id="61079" src-id="52952" dest-id="53518" weight="3.580019346762269"/>
<connection id="61080" src-id="52951" dest-id="58105" weight="-3.7633520251799055"/>
<connection id="61083" src-id="54885" dest-id="60008" weight="-4.071656908101403"/>
<connection id="61084" src-id="60839" dest-id="57562" weight="-0.4326861246979615"/>
<connection id="61085" src-id="52940" dest-id="56816" weight="-4.862641183484573"/>
<connection id="61087" src-id="56480" dest-id="60833" weight="-6.677708761705689"/>
<connection id="61104" src-id="52933" dest-id="58105" weight="-0.7048335075378418"/>
<connection id="61120" src-id="52914" dest-id="56572" weight="1.9473307104151583"/>
<connection id="61235" src-id="58105" dest-id="58615" weight="0.31155159624116524"/>
<neuron id="61258" type="hid" activation="sigmoid"/>
<connection id="61259" src-id="57084" dest-id="61258" weight="-2.734267939916699"/>
<connection id="61260" src-id="61258" dest-id="57562" weight="0.9904389232670602"/>
<connection id="61296" src-id="52953" dest-id="56483" weight="-2.1032195807353293"/>
<connection id="61438" src-id="52944" dest-id="59674" weight="8.624223690752043"/>
<connection id="61527" src-id="60839" dest-id="55510" weight="0.03695574038561805"/>
<connection id="61529" src-id="52951" dest-id="56816" weight="8.648750674697093"/>
<connection id="61531" src-id="56106" dest-id="60836" weight="-1.5333672689319537"/>
<connection id="61532" src-id="52953" dest-id="53512" weight="2.830527752247523"/>
<connection id="61533" src-id="56572" dest-id="56097" weight="-1.7524192569232613"/>
<connection id="61535" src-id="56575" dest-id="60008" weight="-0.9790877233351201"/>
<connection id="61536" src-id="52914" dest-id="60008" weight="-2.5511648454292155"/>
<connection id="61539" src-id="53857" dest-id="56106" weight="0.256769527273911"/>
<connection id="61540" src-id="55969" dest-id="53518" weight="-4.213631782422964"/>
<connection id="61541" src-id="58615" dest-id="53857" weight="2.0574698511184133"/>
<connection id="61542" src-id="54145" dest-id="56575" weight="4.507010519055051"/>
<connection id="61545" src-id="52933" dest-id="60836" weight="-0.5657860165938724"/>
<connection id="61546" src-id="52922" dest-id="55667" weight="1.9374609324951604"/>
<connection id="61548" src-id="52920" dest-id="60011" weight="5.614724021407637"/>
<connection id="61552" src-id="60836" dest-id="60833" weight="2.0002561956835723"/>
<connection id="61553" src-id="57084" dest-id="55829" weight="-2.21873977630095"/>
<connection id="61580" src-id="52932" dest-id="59286" weight="-4.7699149054539305"/>
<neuron id="61769" type="hid" activation="sigmoid"/>
<connection id="61770" src-id="54145" dest-id="61769" weight="-6.170068800469201"/>
<connection id="61771" src-id="61769" dest-id="57889" weight="7.781231625946782"/>
<connection id="61971" src-id="53001" dest-id="54876" weight="5.184680524410632"/>
<connection id="61972" src-id="55281" dest-id="53512" weight="-7.86826674549482"/>
<connection id="61974" src-id="52915" dest-id="61769" weight="-4.1601059207232165"/>
<connection id="61975" src-id="52919" dest-id="58105" weight="-0.6256241671976788"/>
<connection id="61976" src-id="52955" dest-id="57084" weight="0.5139757302024409"/>
<connection id="61977" src-id="59671" dest-id="60839" weight="2.299927746357207"/>
<connection id="61979" src-id="55275" dest-id="60836" weight="3.000670046788504"/>
<connection id="61980" src-id="58612" dest-id="56106" weight="0.2761434316635132"/>
<connection id="61981" src-id="58330" dest-id="60833" weight="1.2111535978213879"/>
<connection id="61982" src-id="57084" dest-id="54145" weight="-2.5334363385268293"/>
<connection id="61983" src-id="58105" dest-id="60011" weight="-5.769060317201063"/>
<connection id="61985" src-id="60011" dest-id="53045" weight="3.6793717285755196"/>
<connection id="61986" src-id="61769" dest-id="57703" weight="-1.1459831969701346"/>
<connection id="61987" src-id="52921" dest-id="60008" weight="0.6399417412223041"/>
<connection id="61988" src-id="52941" dest-id="55829" weight="-1.7276622280388316"/>
<connection id="61990" src-id="52931" dest-id="60833" weight="-2.678124789071478"/>
<connection id="61991" src-id="52920" dest-id="59674" weight="3.058532691152408"/>
<connection id="61992" src-id="54421" dest-id="60833" weight="-1.2522560581808428"/>
<connection id="61994" src-id="59674" dest-id="61258" weight="3.5163897596666986"/>
<connection id="61995" src-id="59674" dest-id="55281" weight="1.104110590020563"/>
<connection id="61996" src-id="54145" dest-id="60839" weight="-0.010083519234998839"/>
<connection id="61999" src-id="52916" dest-id="55829" weight="-2.0064742017312223"/>
<connection id="62000" src-id="57084" dest-id="52957" weight="-1.0522141324272"/>
<connection id="62780" src-id="56816" dest-id="56097" weight="-4.260781043985774"/>
<connection id="62782" src-id="52922" dest-id="56483" weight="-2.9821950822207266"/>
<connection id="62783" src-id="52919" dest-id="61769" weight="-0.10875410476097463"/>
<connection id="62784" src-id="56816" dest-id="56575" weight="-0.24191906296635035"/>
<connection id="62786" src-id="56578" dest-id="56106" weight="-3.472140883435457"/>
<connection id="62787" src-id="60839" dest-id="55667" weight="0.8459008283767755"/>
<connection id="62788" src-id="52922" dest-id="55281" weight="0.3781522512435913"/>
<connection id="62789" src-id="52945" dest-id="58330" weight="5.55127508919573"/>
<connection id="62792" src-id="52947" dest-id="58612" weight="0.4952429533004761"/>
<connection id="62794" src-id="52935" dest-id="59674" weight="-0.6885041868741837"/>
<connection id="62795" src-id="56816" dest-id="55667" weight="-3.851184980763906"/>
<connection id="62799" src-id="54421" dest-id="54644" weight="-0.28689402799142105"/>
<connection id="62800" src-id="57889" dest-id="55275" weight="0.6467767953872681"/>
<connection id="62802" src-id="60011" dest-id="57889" weight="0.4240611791610718"/>
<neuron id="62881" type="hid" activation="sigmoid"/>
<connection id="62882" src-id="57703" dest-id="62881" weight="3.4351550288574515"/>
<connection id="62883" src-id="62881" dest-id="53089" weight="-1.3436436811899775"/>
<neuron id="62884" type="hid" activation="sigmoid"/>
<connection id="62885" src-id="52945" dest-id="62884" weight="1.0"/>
<connection id="62886" src-id="62884" dest-id="53133" weight="-4.18006317757083"/>
</chromosome>