<chromosome id="47334" primary-parent-id="46930" secondary-parent-id="46928"><neuron id="46664" type="in" activation="linear"/>
<neuron id="46665" type="in" activation="linear"/>
<neuron id="46666" type="in" activation="linear"/>
<neuron id="46667" type="in" activation="linear"/>
<neuron id="46668" type="in" activation="linear"/>
<neuron id="46669" type="in" activation="linear"/>
<neuron id="46670" type="in" activation="linear"/>
<neuron id="46671" type="in" activation="linear"/>
<neuron id="46672" type="in" activation="linear"/>
<neuron id="46673" type="in" activation="linear"/>
<neuron id="46674" type="in" activation="linear"/>
<neuron id="46675" type="in" activation="linear"/>
<neuron id="46676" type="in" activation="linear"/>
<neuron id="46677" type="in" activation="linear"/>
<neuron id="46678" type="in" activation="linear"/>
<neuron id="46679" type="in" activation="linear"/>
<neuron id="46680" type="in" activation="linear"/>
<neuron id="46681" type="in" activation="linear"/>
<neuron id="46682" type="in" activation="linear"/>
<neuron id="46683" type="in" activation="linear"/>
<neuron id="46684" type="in" activation="linear"/>
<neuron id="46685" type="in" activation="linear"/>
<neuron id="46686" type="in" activation="linear"/>
<neuron id="46687" type="in" activation="linear"/>
<neuron id="46688" type="in" activation="linear"/>
<neuron id="46689" type="in" activation="linear"/>
<neuron id="46690" type="in" activation="linear"/>
<neuron id="46691" type="in" activation="linear"/>
<neuron id="46692" type="in" activation="linear"/>
<neuron id="46693" type="in" activation="linear"/>
<neuron id="46694" type="in" activation="linear"/>
<neuron id="46695" type="in" activation="linear"/>
<neuron id="46696" type="in" activation="linear"/>
<neuron id="46697" type="in" activation="linear"/>
<neuron id="46698" type="in" activation="linear"/>
<neuron id="46699" type="in" activation="linear"/>
<neuron id="46700" type="in" activation="linear"/>
<neuron id="46701" type="in" activation="linear"/>
<neuron id="46702" type="in" activation="linear"/>
<neuron id="46703" type="in" activation="linear"/>
<neuron id="46704" type="in" activation="linear"/>
<neuron id="46705" type="in" activation="linear"/>
<neuron id="46706" type="out" activation="linear"/>
<neuron id="46707" type="hid" activation="sigmoid"/>
<connection id="46708" src-id="46664" dest-id="46707" weight="3.7590256010192338"/>
<connection id="46709" src-id="46665" dest-id="46707" weight="0.03959523828060363"/>
<connection id="46710" src-id="46666" dest-id="46707" weight="0.15364674534942563"/>
<connection id="46711" src-id="46667" dest-id="46707" weight="3.3579505422570355"/>
<connection id="46712" src-id="46668" dest-id="46707" weight="2.386695283586766"/>
<connection id="46713" src-id="46669" dest-id="46707" weight="1.7698421360658751"/>
<connection id="46714" src-id="46670" dest-id="46707" weight="1.218611943419312"/>
<connection id="46715" src-id="46671" dest-id="46707" weight="2.9763399881366777"/>
<connection id="46716" src-id="46672" dest-id="46707" weight="-3.217393634164194"/>
<connection id="46717" src-id="46673" dest-id="46707" weight="-1.0835370543629987"/>
<connection id="46718" src-id="46674" dest-id="46707" weight="3.416363311282816"/>
<connection id="46719" src-id="46675" dest-id="46707" weight="-3.800570663389793"/>
<connection id="46720" src-id="46676" dest-id="46707" weight="2.695560021145007"/>
<connection id="46721" src-id="46677" dest-id="46707" weight="1.8693916301572437"/>
<connection id="46722" src-id="46678" dest-id="46707" weight="-0.5662580097802232"/>
<connection id="46723" src-id="46679" dest-id="46707" weight="0.6147565841674805"/>
<connection id="46724" src-id="46680" dest-id="46707" weight="0.25009477138519287"/>
<connection id="46725" src-id="46681" dest-id="46707" weight="-0.011244416236877441"/>
<connection id="46726" src-id="46682" dest-id="46707" weight="-2.2387131297793856"/>
<connection id="46727" src-id="46683" dest-id="46707" weight="1.6576507430400138"/>
<connection id="46728" src-id="46684" dest-id="46707" weight="4.4149951321661245"/>
<connection id="46729" src-id="46685" dest-id="46707" weight="0.5162706165507212"/>
<connection id="46730" src-id="46686" dest-id="46707" weight="-0.44297825921970446"/>
<connection id="46731" src-id="46687" dest-id="46707" weight="0.6806234334626087"/>
<connection id="46732" src-id="46688" dest-id="46707" weight="-1.573359883608775"/>
<connection id="46733" src-id="46689" dest-id="46707" weight="8.390104169532885"/>
<connection id="46734" src-id="46690" dest-id="46707" weight="3.924280675581146"/>
<connection id="46735" src-id="46691" dest-id="46707" weight="0.142630383167777"/>
<connection id="46736" src-id="46692" dest-id="46707" weight="0.9354395611821208"/>
<connection id="46737" src-id="46693" dest-id="46707" weight="-2.2348779953664906"/>
<connection id="46738" src-id="46694" dest-id="46707" weight="0.6246267545475414"/>
<connection id="46739" src-id="46695" dest-id="46707" weight="-0.9321696153203147"/>
<connection id="46740" src-id="46696" dest-id="46707" weight="2.0325939746800215"/>
<connection id="46741" src-id="46697" dest-id="46707" weight="0.3517551893986157"/>
<connection id="46742" src-id="46698" dest-id="46707" weight="0.219224214553833"/>
<connection id="46743" src-id="46699" dest-id="46707" weight="0.3217412233352661"/>
<connection id="46744" src-id="46700" dest-id="46707" weight="-0.008153557777404785"/>
<connection id="46745" src-id="46701" dest-id="46707" weight="0.2614571286428781"/>
<connection id="46746" src-id="46702" dest-id="46707" weight="-0.3705565019996373"/>
<connection id="46747" src-id="46703" dest-id="46707" weight="-3.0664026502755015"/>
<connection id="46748" src-id="46704" dest-id="46707" weight="2.1273825659056205"/>
<connection id="46749" src-id="46705" dest-id="46707" weight="4.496107917617903"/>
<connection id="46750" src-id="46707" dest-id="46706" weight="0.5049194097518921"/>
<neuron id="46751" type="hid" activation="sigmoid"/>
<connection id="46752" src-id="46664" dest-id="46751" weight="0.40134692192077637"/>
<connection id="46753" src-id="46665" dest-id="46751" weight="6.414225918926594"/>
<connection id="46754" src-id="46666" dest-id="46751" weight="2.1271526955959446"/>
<connection id="46755" src-id="46667" dest-id="46751" weight="-1.395770286142373"/>
<connection id="46756" src-id="46668" dest-id="46751" weight="0.21188710610999206"/>
<connection id="46757" src-id="46669" dest-id="46751" weight="1.848095742122796"/>
<connection id="46758" src-id="46670" dest-id="46751" weight="2.9705885025526193"/>
<connection id="46759" src-id="46671" dest-id="46751" weight="-0.4310676458968561"/>
<connection id="46760" src-id="46672" dest-id="46751" weight="0.049523773709464314"/>
<connection id="46761" src-id="46673" dest-id="46751" weight="0.6442449914676757"/>
<connection id="46762" src-id="46674" dest-id="46751" weight="0.3503996610341316"/>
<connection id="46763" src-id="46675" dest-id="46751" weight="-5.209163965803631"/>
<connection id="46764" src-id="46676" dest-id="46751" weight="2.3278958691637133"/>
<connection id="46765" src-id="46677" dest-id="46751" weight="1.1882130478058406"/>
<connection id="46766" src-id="46678" dest-id="46751" weight="-0.450466513633728"/>
<connection id="46767" src-id="46679" dest-id="46751" weight="-2.112627158163918"/>
<connection id="46769" src-id="46681" dest-id="46751" weight="-0.6528811552963615"/>
<connection id="46770" src-id="46682" dest-id="46751" weight="3.944897999826012"/>
<connection id="46771" src-id="46683" dest-id="46751" weight="-0.749825119972229"/>
<connection id="46772" src-id="46684" dest-id="46751" weight="1.8390354139056044"/>
<connection id="46773" src-id="46685" dest-id="46751" weight="-3.9835677880470914"/>
<connection id="46774" src-id="46686" dest-id="46751" weight="-0.666295051574707"/>
<connection id="46775" src-id="46687" dest-id="46751" weight="2.7795593490383896"/>
<connection id="46776" src-id="46688" dest-id="46751" weight="-1.7958918487451856"/>
<connection id="46777" src-id="46689" dest-id="46751" weight="-2.0904864793230886"/>
<connection id="46778" src-id="46690" dest-id="46751" weight="0.38156819343566895"/>
<connection id="46779" src-id="46691" dest-id="46751" weight="3.1825663810269997"/>
<connection id="46780" src-id="46692" dest-id="46751" weight="3.264917818524764"/>
<connection id="46781" src-id="46693" dest-id="46751" weight="-0.5853698588589348"/>
<connection id="46782" src-id="46694" dest-id="46751" weight="-2.6835196388654854"/>
<connection id="46783" src-id="46695" dest-id="46751" weight="-0.3976853659957706"/>
<connection id="46784" src-id="46696" dest-id="46751" weight="1.7424248115251524"/>
<connection id="46785" src-id="46697" dest-id="46751" weight="-3.0837689015098406"/>
<connection id="46786" src-id="46698" dest-id="46751" weight="-0.788803219795227"/>
<connection id="46788" src-id="46700" dest-id="46751" weight="0.6520155096884537"/>
<connection id="46789" src-id="46701" dest-id="46751" weight="-1.5585181758959648"/>
<connection id="46790" src-id="46702" dest-id="46751" weight="-5.378152373957285"/>
<connection id="46791" src-id="46703" dest-id="46751" weight="-4.2953794798556535"/>
<connection id="46792" src-id="46704" dest-id="46751" weight="-1.1811102247803795"/>
<connection id="46793" src-id="46705" dest-id="46751" weight="-2.1330649996000854"/>
<connection id="46794" src-id="46751" dest-id="46706" weight="-0.673237773382195"/>
<neuron id="46795" type="hid" activation="sigmoid"/>
<connection id="46796" src-id="46664" dest-id="46795" weight="2.5345576086915456"/>
<connection id="46797" src-id="46665" dest-id="46795" weight="1.2233296518495256"/>
<connection id="46798" src-id="46666" dest-id="46795" weight="-0.36914779989301266"/>
<connection id="46799" src-id="46667" dest-id="46795" weight="0.7776666819028613"/>
<connection id="46800" src-id="46668" dest-id="46795" weight="3.609477827107005"/>
<connection id="46801" src-id="46669" dest-id="46795" weight="0.4601595401763916"/>
<connection id="46802" src-id="46670" dest-id="46795" weight="-0.16119205951690674"/>
<connection id="46803" src-id="46671" dest-id="46795" weight="-0.7785883087056007"/>
<connection id="46804" src-id="46672" dest-id="46795" weight="-2.5174084982397935"/>
<connection id="46805" src-id="46673" dest-id="46795" weight="-1.8828547134180378"/>
<connection id="46806" src-id="46674" dest-id="46795" weight="3.394915260387946"/>
<connection id="46807" src-id="46675" dest-id="46795" weight="1.5484399565456433"/>
<connection id="46808" src-id="46676" dest-id="46795" weight="4.7349671797635535"/>
<connection id="46809" src-id="46677" dest-id="46795" weight="-1.1854256733184387"/>
<connection id="46810" src-id="46678" dest-id="46795" weight="-1.7496919618372344"/>
<connection id="46811" src-id="46679" dest-id="46795" weight="-0.44771582293821466"/>
<connection id="46812" src-id="46680" dest-id="46795" weight="2.6045572189032438"/>
<connection id="46813" src-id="46681" dest-id="46795" weight="-0.11522989590579583"/>
<connection id="46814" src-id="46682" dest-id="46795" weight="0.7755993803759647"/>
<connection id="46815" src-id="46683" dest-id="46795" weight="-2.855901914606348"/>
<connection id="46816" src-id="46684" dest-id="46795" weight="3.3206997857257243"/>
<connection id="46817" src-id="46685" dest-id="46795" weight="-1.9999423832680518"/>
<connection id="46818" src-id="46686" dest-id="46795" weight="-3.4170319718156774"/>
<connection id="46819" src-id="46687" dest-id="46795" weight="0.5911270380020142"/>
<connection id="46820" src-id="46688" dest-id="46795" weight="0.3657505512237549"/>
<connection id="46821" src-id="46689" dest-id="46795" weight="-1.0420636172613202"/>
<connection id="46822" src-id="46690" dest-id="46795" weight="-1.0711569654526656"/>
<connection id="46823" src-id="46691" dest-id="46795" weight="-0.2563619613647461"/>
<connection id="46824" src-id="46692" dest-id="46795" weight="-1.5920413619123641"/>
<connection id="46825" src-id="46693" dest-id="46795" weight="-2.3329670292855744"/>
<connection id="46827" src-id="46695" dest-id="46795" weight="-0.8606166785597154"/>
<connection id="46828" src-id="46696" dest-id="46795" weight="0.25814640522003174"/>
<connection id="46829" src-id="46697" dest-id="46795" weight="1.5321554958593282"/>
<connection id="46831" src-id="46699" dest-id="46795" weight="0.8950521945953369"/>
<connection id="46832" src-id="46700" dest-id="46795" weight="0.20303893089294434"/>
<connection id="46833" src-id="46701" dest-id="46795" weight="-0.2848495057752961"/>
<connection id="46834" src-id="46702" dest-id="46795" weight="0.5983668565750122"/>
<connection id="46835" src-id="46703" dest-id="46795" weight="1.01933804099114"/>
<connection id="46836" src-id="46704" dest-id="46795" weight="-0.9534276063779612"/>
<connection id="46837" src-id="46705" dest-id="46795" weight="-4.678799315003161"/>
<connection id="46838" src-id="46795" dest-id="46706" weight="-0.35161399841308594"/>
<neuron id="46839" type="hid" activation="sigmoid"/>
<connection id="46840" src-id="46664" dest-id="46839" weight="-1.7296243895415566"/>
<connection id="46841" src-id="46665" dest-id="46839" weight="-2.3200177548812295"/>
<connection id="46842" src-id="46666" dest-id="46839" weight="-2.5507678582277324"/>
<connection id="46843" src-id="46667" dest-id="46839" weight="-3.2983388586356948"/>
<connection id="46844" src-id="46668" dest-id="46839" weight="7.035782630893461"/>
<connection id="46845" src-id="46669" dest-id="46839" weight="1.5982114742351492"/>
<connection id="46846" src-id="46670" dest-id="46839" weight="-0.021819351222080674"/>
<connection id="46847" src-id="46671" dest-id="46839" weight="-3.304857309737936"/>
<connection id="46848" src-id="46672" dest-id="46839" weight="4.421518075278109"/>
<connection id="46849" src-id="46673" dest-id="46839" weight="-0.5775299280392217"/>
<connection id="46850" src-id="46674" dest-id="46839" weight="1.8526664512632043"/>
<connection id="46851" src-id="46675" dest-id="46839" weight="-1.1240016096775136"/>
<connection id="46852" src-id="46676" dest-id="46839" weight="1.482113548021505"/>
<connection id="46853" src-id="46677" dest-id="46839" weight="-1.0656231569127625"/>
<connection id="46854" src-id="46678" dest-id="46839" weight="1.2147845567429445"/>
<connection id="46855" src-id="46679" dest-id="46839" weight="1.6852739463795714"/>
<connection id="46856" src-id="46680" dest-id="46839" weight="-0.14905595779418945"/>
<connection id="46857" src-id="46681" dest-id="46839" weight="-0.7614550590515137"/>
<connection id="46858" src-id="46682" dest-id="46839" weight="2.042077530182257"/>
<connection id="46859" src-id="46683" dest-id="46839" weight="-6.368540658761733"/>
<connection id="46860" src-id="46684" dest-id="46839" weight="0.4833942651748657"/>
<connection id="46861" src-id="46685" dest-id="46839" weight="1.5542337438997922"/>
<connection id="46862" src-id="46686" dest-id="46839" weight="0.4002003528871694"/>
<connection id="46864" src-id="46688" dest-id="46839" weight="2.0302159623056917"/>
<connection id="46865" src-id="46689" dest-id="46839" weight="-1.7331808472321018"/>
<connection id="46866" src-id="46690" dest-id="46839" weight="0.34107041358947754"/>
<connection id="46867" src-id="46691" dest-id="46839" weight="-0.33992784033426665"/>
<connection id="46868" src-id="46692" dest-id="46839" weight="0.42451708784581704"/>
<connection id="46869" src-id="46693" dest-id="46839" weight="-0.7534279823303223"/>
<connection id="46870" src-id="46694" dest-id="46839" weight="-0.22414088249206543"/>
<connection id="46871" src-id="46695" dest-id="46839" weight="-0.467904582658335"/>
<connection id="46872" src-id="46696" dest-id="46839" weight="0.13963894323278936"/>
<connection id="46873" src-id="46697" dest-id="46839" weight="0.9376714121070915"/>
<connection id="46874" src-id="46698" dest-id="46839" weight="-2.2972107741061167"/>
<connection id="46875" src-id="46699" dest-id="46839" weight="-4.21138935478365"/>
<connection id="46876" src-id="46700" dest-id="46839" weight="-0.7564865350723267"/>
<connection id="46877" src-id="46701" dest-id="46839" weight="-0.5467507367102908"/>
<connection id="46878" src-id="46702" dest-id="46839" weight="1.0658034601914061"/>
<connection id="46879" src-id="46703" dest-id="46839" weight="1.5304486868827125"/>
<connection id="46880" src-id="46704" dest-id="46839" weight="5.766021893749944"/>
<connection id="46881" src-id="46705" dest-id="46839" weight="2.358285608379277"/>
<connection id="46882" src-id="46839" dest-id="46706" weight="-0.22854948043823242"/>
<neuron id="46883" type="hid" activation="sigmoid"/>
<connection id="46884" src-id="46664" dest-id="46883" weight="-0.9414606094360352"/>
<connection id="46885" src-id="46665" dest-id="46883" weight="-2.921559633696627"/>
<connection id="46886" src-id="46666" dest-id="46883" weight="-3.006566590404248"/>
<connection id="46887" src-id="46667" dest-id="46883" weight="0.848851710672821"/>
<connection id="46888" src-id="46668" dest-id="46883" weight="2.2967958731128655"/>
<connection id="46889" src-id="46669" dest-id="46883" weight="0.005248069763183594"/>
<connection id="46890" src-id="46670" dest-id="46883" weight="-0.3857487440109253"/>
<connection id="46891" src-id="46671" dest-id="46883" weight="-1.3656724567037795"/>
<connection id="46892" src-id="46672" dest-id="46883" weight="0.6198487620340737"/>
<connection id="46893" src-id="46673" dest-id="46883" weight="1.4981422239244646"/>
<connection id="46894" src-id="46674" dest-id="46883" weight="-0.18687799927437276"/>
<connection id="46895" src-id="46675" dest-id="46883" weight="-1.0925121057138165"/>
<connection id="46896" src-id="46676" dest-id="46883" weight="1.3088513111741764"/>
<connection id="46897" src-id="46677" dest-id="46883" weight="-0.8258992867050166"/>
<connection id="46898" src-id="46678" dest-id="46883" weight="-1.6490061493785628"/>
<connection id="46899" src-id="46679" dest-id="46883" weight="-2.6502528239083816"/>
<connection id="46900" src-id="46680" dest-id="46883" weight="-1.4697799321352778"/>
<connection id="46901" src-id="46681" dest-id="46883" weight="-0.27113501840764526"/>
<connection id="46902" src-id="46682" dest-id="46883" weight="-0.35948959990122054"/>
<connection id="46903" src-id="46683" dest-id="46883" weight="-0.8706699741032945"/>
<connection id="46904" src-id="46684" dest-id="46883" weight="-0.3538321765147985"/>
<connection id="46905" src-id="46685" dest-id="46883" weight="-0.4984234327734039"/>
<connection id="46906" src-id="46686" dest-id="46883" weight="-0.479997624166258"/>
<connection id="46907" src-id="46687" dest-id="46883" weight="-4.144875934253845"/>
<connection id="46908" src-id="46688" dest-id="46883" weight="1.5238749195859362"/>
<connection id="46909" src-id="46689" dest-id="46883" weight="0.6177252531051636"/>
<connection id="46910" src-id="46690" dest-id="46883" weight="-1.0085009439748802"/>
<connection id="46911" src-id="46691" dest-id="46883" weight="0.31721699237823486"/>
<connection id="46912" src-id="46692" dest-id="46883" weight="-1.2102706244492947"/>
<connection id="46913" src-id="46693" dest-id="46883" weight="-2.7267532809384836"/>
<connection id="46914" src-id="46694" dest-id="46883" weight="-0.017714556784395374"/>
<connection id="46915" src-id="46695" dest-id="46883" weight="1.2290600629331392"/>
<connection id="46916" src-id="46696" dest-id="46883" weight="-0.9940306195503716"/>
<connection id="46917" src-id="46697" dest-id="46883" weight="0.8081219635401427"/>
<connection id="46918" src-id="46698" dest-id="46883" weight="3.103067262698605"/>
<connection id="46919" src-id="46699" dest-id="46883" weight="-2.6273906210439817"/>
<connection id="46920" src-id="46700" dest-id="46883" weight="-1.5688268455612007"/>
<connection id="46921" src-id="46701" dest-id="46883" weight="-0.2433757407370763"/>
<connection id="46922" src-id="46702" dest-id="46883" weight="-0.2978820430794199"/>
<connection id="46924" src-id="46704" dest-id="46883" weight="0.9330224990844727"/>
<connection id="46925" src-id="46705" dest-id="46883" weight="-0.2865474384197233"/>
<connection id="46926" src-id="46883" dest-id="46706" weight="0.6584008932113647"/>
<connection id="47195" src-id="46673" dest-id="46706" weight="0.43008363246917725"/>
<connection id="47207" src-id="46664" dest-id="46706" weight="1.306093158295933"/>
<neuron id="47320" type="hid" activation="sigmoid"/>
<connection id="47321" src-id="46698" dest-id="47320" weight="-0.4855901890006624"/>
<connection id="47322" src-id="47320" dest-id="46795" weight="-1.224705076792565"/>
<neuron id="47323" type="hid" activation="sigmoid"/>
<connection id="47324" src-id="46703" dest-id="47323" weight="-0.16354262091419125"/>
<connection id="47325" src-id="47323" dest-id="46883" weight="-1.4789265693433242"/>
</chromosome>