<chromosome id="67661" primary-parent-id="66082"><neuron id="39470" type="in" activation="linear"/>
<neuron id="39471" type="in" activation="linear"/>
<neuron id="39472" type="in" activation="linear"/>
<neuron id="39473" type="in" activation="linear"/>
<neuron id="39474" type="in" activation="linear"/>
<neuron id="39475" type="in" activation="linear"/>
<neuron id="39476" type="in" activation="linear"/>
<neuron id="39477" type="in" activation="linear"/>
<neuron id="39478" type="in" activation="linear"/>
<neuron id="39479" type="in" activation="linear"/>
<neuron id="39480" type="in" activation="linear"/>
<neuron id="39481" type="in" activation="linear"/>
<neuron id="39482" type="in" activation="linear"/>
<neuron id="39483" type="in" activation="linear"/>
<neuron id="39484" type="in" activation="linear"/>
<neuron id="39485" type="in" activation="linear"/>
<neuron id="39486" type="in" activation="linear"/>
<neuron id="39487" type="in" activation="linear"/>
<neuron id="39488" type="in" activation="linear"/>
<neuron id="39489" type="in" activation="linear"/>
<neuron id="39490" type="in" activation="linear"/>
<neuron id="39491" type="in" activation="linear"/>
<neuron id="39492" type="in" activation="linear"/>
<neuron id="39493" type="in" activation="linear"/>
<neuron id="39494" type="in" activation="linear"/>
<neuron id="39495" type="in" activation="linear"/>
<neuron id="39496" type="in" activation="linear"/>
<neuron id="39497" type="in" activation="linear"/>
<neuron id="39498" type="in" activation="linear"/>
<neuron id="39499" type="in" activation="linear"/>
<neuron id="39500" type="in" activation="linear"/>
<neuron id="39501" type="in" activation="linear"/>
<neuron id="39502" type="in" activation="linear"/>
<neuron id="39503" type="in" activation="linear"/>
<neuron id="39504" type="in" activation="linear"/>
<neuron id="39505" type="in" activation="linear"/>
<neuron id="39506" type="in" activation="linear"/>
<neuron id="39507" type="in" activation="linear"/>
<neuron id="39508" type="in" activation="linear"/>
<neuron id="39509" type="in" activation="linear"/>
<neuron id="39510" type="in" activation="linear"/>
<neuron id="39511" type="in" activation="linear"/>
<neuron id="39512" type="out" activation="linear"/>
<neuron id="39513" type="hid" activation="sigmoid"/>
<connection id="39514" src-id="39470" dest-id="39513" weight="26.656702911977888"/>
<connection id="39515" src-id="39471" dest-id="39513" weight="-17.20645663129961"/>
<connection id="39517" src-id="39473" dest-id="39513" weight="18.95942604253859"/>
<connection id="39519" src-id="39475" dest-id="39513" weight="2.9952038142721156"/>
<connection id="39521" src-id="39477" dest-id="39513" weight="-1.9928241821823545"/>
<connection id="39523" src-id="39479" dest-id="39513" weight="-4.528110254159687"/>
<connection id="39525" src-id="39481" dest-id="39513" weight="-14.202216947918274"/>
<connection id="39526" src-id="39482" dest-id="39513" weight="-8.615991829307964"/>
<connection id="39527" src-id="39483" dest-id="39513" weight="29.3637137664806"/>
<connection id="39529" src-id="39485" dest-id="39513" weight="14.423829039454215"/>
<connection id="39530" src-id="39486" dest-id="39513" weight="7.51965754150703"/>
<connection id="39532" src-id="39488" dest-id="39513" weight="-13.785457541561144"/>
<connection id="39533" src-id="39489" dest-id="39513" weight="25.3549575840338"/>
<connection id="39534" src-id="39490" dest-id="39513" weight="-14.423158042277361"/>
<connection id="39536" src-id="39492" dest-id="39513" weight="9.292481673713326"/>
<connection id="39538" src-id="39494" dest-id="39513" weight="2.1323905853916862"/>
<connection id="39544" src-id="39500" dest-id="39513" weight="10.29713018901822"/>
<connection id="39545" src-id="39501" dest-id="39513" weight="-8.249699634563266"/>
<connection id="39546" src-id="39502" dest-id="39513" weight="7.6509364353013725"/>
<connection id="39547" src-id="39503" dest-id="39513" weight="2.387173152687624"/>
<connection id="39550" src-id="39506" dest-id="39513" weight="-5.1763488609581705"/>
<connection id="39552" src-id="39508" dest-id="39513" weight="22.459757906420705"/>
<connection id="39555" src-id="39511" dest-id="39513" weight="13.408003137228198"/>
<neuron id="39557" type="hid" activation="sigmoid"/>
<connection id="39559" src-id="39471" dest-id="39557" weight="-11.618282044997118"/>
<connection id="39560" src-id="39472" dest-id="39557" weight="-19.364168382446717"/>
<connection id="39561" src-id="39473" dest-id="39557" weight="8.0674778738141"/>
<connection id="39562" src-id="39474" dest-id="39557" weight="-5.849487426238053"/>
<connection id="39563" src-id="39475" dest-id="39557" weight="0.2669842842380308"/>
<connection id="39565" src-id="39477" dest-id="39557" weight="-4.251024812357762"/>
<connection id="39566" src-id="39478" dest-id="39557" weight="16.038094016215435"/>
<connection id="39567" src-id="39479" dest-id="39557" weight="19.50692582509611"/>
<connection id="39569" src-id="39481" dest-id="39557" weight="-2.40478879569707"/>
<connection id="39572" src-id="39484" dest-id="39557" weight="-9.283553139098649"/>
<connection id="39573" src-id="39485" dest-id="39557" weight="9.614316477406515"/>
<connection id="39575" src-id="39487" dest-id="39557" weight="13.610285220519918"/>
<connection id="39577" src-id="39489" dest-id="39557" weight="-5.600540292929427"/>
<connection id="39578" src-id="39490" dest-id="39557" weight="-27.506463653083642"/>
<connection id="39579" src-id="39491" dest-id="39557" weight="18.588453804604125"/>
<connection id="39580" src-id="39492" dest-id="39557" weight="-1.5649414579721732"/>
<connection id="39582" src-id="39494" dest-id="39557" weight="12.839631056800577"/>
<connection id="39583" src-id="39495" dest-id="39557" weight="-16.7310945146668"/>
<connection id="39586" src-id="39498" dest-id="39557" weight="-1.1346961723811093"/>
<connection id="39590" src-id="39502" dest-id="39557" weight="-7.978036396727929"/>
<connection id="39591" src-id="39503" dest-id="39557" weight="33.8135916802442"/>
<connection id="39592" src-id="39504" dest-id="39557" weight="4.3047265582542185"/>
<connection id="39594" src-id="39506" dest-id="39557" weight="14.974126812441943"/>
<connection id="39595" src-id="39507" dest-id="39557" weight="0.7596177811919285"/>
<connection id="39596" src-id="39508" dest-id="39557" weight="11.205344541192579"/>
<connection id="39597" src-id="39509" dest-id="39557" weight="-15.483149832182143"/>
<connection id="39598" src-id="39510" dest-id="39557" weight="2.7102073399858146"/>
<connection id="39599" src-id="39511" dest-id="39557" weight="-0.7111097325407126"/>
<connection id="39600" src-id="39557" dest-id="39512" weight="13.94538269393928"/>
<neuron id="39601" type="hid" activation="sigmoid"/>
<connection id="39604" src-id="39472" dest-id="39601" weight="4.418025920467476"/>
<connection id="39605" src-id="39473" dest-id="39601" weight="21.19029469043729"/>
<connection id="39606" src-id="39474" dest-id="39601" weight="5.502377318319809"/>
<connection id="39610" src-id="39478" dest-id="39601" weight="10.451151724207056"/>
<connection id="39611" src-id="39479" dest-id="39601" weight="11.955874909388875"/>
<connection id="39612" src-id="39480" dest-id="39601" weight="-10.227022049512463"/>
<connection id="39613" src-id="39481" dest-id="39601" weight="3.4261714335911364"/>
<connection id="39617" src-id="39485" dest-id="39601" weight="2.0758831221650196"/>
<connection id="39618" src-id="39486" dest-id="39601" weight="-10.956265226433239"/>
<connection id="39620" src-id="39488" dest-id="39601" weight="10.18857976014581"/>
<connection id="39621" src-id="39489" dest-id="39601" weight="-12.729719082600942"/>
<connection id="39623" src-id="39491" dest-id="39601" weight="2.5206125565515802"/>
<connection id="39624" src-id="39492" dest-id="39601" weight="7.597817312263768"/>
<connection id="39627" src-id="39495" dest-id="39601" weight="-9.998796106198744"/>
<connection id="39628" src-id="39496" dest-id="39601" weight="-11.446492861675841"/>
<connection id="39629" src-id="39497" dest-id="39601" weight="-11.479004597503781"/>
<connection id="39637" src-id="39505" dest-id="39601" weight="9.95017913180161"/>
<connection id="39638" src-id="39506" dest-id="39601" weight="1.3450128542233786"/>
<connection id="39640" src-id="39508" dest-id="39601" weight="-3.729887539705921"/>
<connection id="39641" src-id="39509" dest-id="39601" weight="-5.272436029674832"/>
<connection id="39643" src-id="39511" dest-id="39601" weight="-2.5400382136538395"/>
<connection id="39644" src-id="39601" dest-id="39512" weight="33.869215894149775"/>
<neuron id="39645" type="hid" activation="sigmoid"/>
<connection id="39646" src-id="39470" dest-id="39645" weight="-1.854630875518252"/>
<connection id="39648" src-id="39472" dest-id="39645" weight="-19.47178930032954"/>
<connection id="39656" src-id="39480" dest-id="39645" weight="-9.02783801295385"/>
<connection id="39657" src-id="39481" dest-id="39645" weight="4.30620289089079"/>
<connection id="39658" src-id="39482" dest-id="39645" weight="14.495549073403746"/>
<connection id="39659" src-id="39483" dest-id="39645" weight="-22.056124072821063"/>
<connection id="39660" src-id="39484" dest-id="39645" weight="-18.282541510398744"/>
<connection id="39662" src-id="39486" dest-id="39645" weight="2.3282737034184118"/>
<connection id="39663" src-id="39487" dest-id="39645" weight="-11.813003746387025"/>
<connection id="39665" src-id="39489" dest-id="39645" weight="31.72713515605189"/>
<connection id="39666" src-id="39490" dest-id="39645" weight="-16.54154374996166"/>
<connection id="39668" src-id="39492" dest-id="39645" weight="8.359349036574416"/>
<connection id="39670" src-id="39494" dest-id="39645" weight="-18.96637219101483"/>
<connection id="39675" src-id="39499" dest-id="39645" weight="5.0931405914927845"/>
<connection id="39677" src-id="39501" dest-id="39645" weight="7.679671736065739"/>
<connection id="39680" src-id="39504" dest-id="39645" weight="14.710956947332557"/>
<connection id="39681" src-id="39505" dest-id="39645" weight="-1.0566614164857264"/>
<connection id="39683" src-id="39507" dest-id="39645" weight="-8.79311312910078"/>
<connection id="39687" src-id="39511" dest-id="39645" weight="6.911495331773514"/>
<connection id="39688" src-id="39645" dest-id="39512" weight="14.089130994116758"/>
<connection id="39977" src-id="39485" dest-id="39512" weight="6.947892475703379"/>
<connection id="40249" src-id="39492" dest-id="39512" weight="17.13372310573865"/>
<connection id="40254" src-id="39475" dest-id="39512" weight="1.288352337092515"/>
<neuron id="40493" type="hid" activation="sigmoid"/>
<connection id="40494" src-id="39480" dest-id="40493" weight="5.005532651045286"/>
<connection id="40495" src-id="40493" dest-id="39557" weight="-12.256046363367695"/>
<neuron id="40502" type="hid" activation="sigmoid"/>
<connection id="40503" src-id="39470" dest-id="40502" weight="5.349248242753583"/>
<connection id="40504" src-id="40502" dest-id="39601" weight="-8.22568575331728"/>
<neuron id="40505" type="hid" activation="sigmoid"/>
<connection id="40506" src-id="39496" dest-id="40505" weight="-8.847510733231715"/>
<connection id="40507" src-id="40505" dest-id="39557" weight="14.602040112015922"/>
<neuron id="40514" type="hid" activation="sigmoid"/>
<connection id="40515" src-id="39478" dest-id="40514" weight="6.182835756958784"/>
<connection id="40516" src-id="40514" dest-id="39513" weight="-17.84545310498532"/>
<neuron id="40553" type="hid" activation="sigmoid"/>
<connection id="40554" src-id="39478" dest-id="40553" weight="0.8957205773570102"/>
<connection id="40555" src-id="40553" dest-id="39645" weight="-1.5288501081389647"/>
<connection id="40681" src-id="39477" dest-id="39512" weight="1.0332183651875497"/>
<connection id="40765" src-id="39498" dest-id="39512" weight="9.90831037790462"/>
<connection id="40962" src-id="39513" dest-id="39645" weight="10.06273496562829"/>
<neuron id="41118" type="hid" activation="sigmoid"/>
<connection id="41392" src-id="39509" dest-id="39512" weight="16.817921759745676"/>
<neuron id="41520" type="hid" activation="sigmoid"/>
<connection id="41522" src-id="41520" dest-id="39557" weight="5.817473608251772"/>
<neuron id="41523" type="hid" activation="sigmoid"/>
<connection id="41524" src-id="39509" dest-id="41523" weight="-8.110969257045433"/>
<connection id="41525" src-id="41523" dest-id="39513" weight="11.886322512557815"/>
<neuron id="41526" type="hid" activation="sigmoid"/>
<connection id="41528" src-id="41526" dest-id="39513" weight="9.47984523829942"/>
<neuron id="41538" type="hid" activation="sigmoid"/>
<neuron id="41562" type="hid" activation="sigmoid"/>
<connection id="41564" src-id="41562" dest-id="39645" weight="25.87452974507759"/>
<neuron id="41565" type="hid" activation="sigmoid"/>
<connection id="41566" src-id="39471" dest-id="41565" weight="-5.579849379902953"/>
<connection id="41567" src-id="41565" dest-id="39601" weight="-27.038278736738807"/>
<neuron id="41580" type="hid" activation="sigmoid"/>
<connection id="41581" src-id="39508" dest-id="41580" weight="11.998563459627078"/>
<connection id="41582" src-id="41580" dest-id="39645" weight="-7.95349564333148"/>
<connection id="41669" src-id="39499" dest-id="39512" weight="3.777066672753101"/>
<connection id="41743" src-id="39479" dest-id="41523" weight="0.6557361394744434"/>
<neuron id="41858" type="hid" activation="sigmoid"/>
<connection id="41859" src-id="39509" dest-id="41858" weight="6.677473844429495"/>
<connection id="41860" src-id="41858" dest-id="39645" weight="-14.137794535304943"/>
<neuron id="41876" type="hid" activation="sigmoid"/>
<connection id="41877" src-id="39492" dest-id="41876" weight="22.484569475741583"/>
<neuron id="41906" type="hid" activation="sigmoid"/>
<connection id="41907" src-id="39510" dest-id="41906" weight="2.6817877401087"/>
<connection id="41908" src-id="41906" dest-id="39601" weight="7.1030810133815425"/>
<connection id="42009" src-id="39494" dest-id="41876" weight="-6.340549660418649"/>
<connection id="42036" src-id="39496" dest-id="41523" weight="19.283387359823443"/>
<connection id="42045" src-id="39484" dest-id="41520" weight="2.975451242714003"/>
<neuron id="42140" type="hid" activation="sigmoid"/>
<connection id="42141" src-id="39507" dest-id="42140" weight="-5.0868313854553175"/>
<connection id="42142" src-id="42140" dest-id="39513" weight="-5.501181246466084"/>
<neuron id="42155" type="hid" activation="sigmoid"/>
<connection id="42157" src-id="42155" dest-id="39645" weight="-18.5116323009509"/>
<connection id="42213" src-id="41520" dest-id="39645" weight="-4.138612179754792"/>
<connection id="42252" src-id="39472" dest-id="41906" weight="13.70558449500006"/>
<connection id="42266" src-id="39494" dest-id="41523" weight="-9.905757242789479"/>
<connection id="42274" src-id="39483" dest-id="41523" weight="-4.565948773425142"/>
<connection id="42277" src-id="39478" dest-id="41523" weight="-1.933863035633924"/>
<connection id="42297" src-id="39482" dest-id="41562" weight="7.197398890132389"/>
<connection id="42339" src-id="39503" dest-id="41906" weight="8.936138135684818"/>
<connection id="42453" src-id="39491" dest-id="41520" weight="12.132324164592605"/>
<connection id="42496" src-id="39507" dest-id="41538" weight="3.0734377253699314"/>
<connection id="42503" src-id="41523" dest-id="39645" weight="2.8554075664329623"/>
<connection id="42627" src-id="39482" dest-id="41906" weight="-16.9424757563761"/>
<connection id="42628" src-id="39490" dest-id="41523" weight="-2.3269952586991502"/>
<connection id="42722" src-id="39473" dest-id="41520" weight="9.169116133842241"/>
<connection id="42731" src-id="39511" dest-id="41523" weight="4.228907005622808"/>
<connection id="42757" src-id="39471" dest-id="41562" weight="-0.4432614484516444"/>
<connection id="42763" src-id="39506" dest-id="41520" weight="0.047274369670770255"/>
<connection id="42797" src-id="39507" dest-id="41876" weight="3.5144189662157777"/>
<connection id="42851" src-id="39473" dest-id="41538" weight="-1.4915493138775906"/>
<connection id="42856" src-id="41520" dest-id="39513" weight="-0.01123294783740203"/>
<connection id="42862" src-id="39507" dest-id="41523" weight="32.563065056140154"/>
<neuron id="42880" type="hid" activation="sigmoid"/>
<connection id="42881" src-id="39491" dest-id="42880" weight="14.8682658772585"/>
<connection id="42882" src-id="42880" dest-id="39513" weight="-2.6777335947830245"/>
<neuron id="42901" type="hid" activation="sigmoid"/>
<connection id="42902" src-id="39479" dest-id="42901" weight="-9.516310502558003"/>
<connection id="42903" src-id="42901" dest-id="39645" weight="-44.70676097757792"/>
<connection id="42986" src-id="39480" dest-id="41565" weight="-1.4710282165498327"/>
<connection id="43035" src-id="39472" dest-id="41538" weight="-26.675078171013986"/>
<connection id="43041" src-id="39475" dest-id="41906" weight="7.160540765578589"/>
<connection id="43063" src-id="39488" dest-id="41906" weight="-6.528427351505588"/>
<neuron id="43097" type="hid" activation="sigmoid"/>
<connection id="43098" src-id="39491" dest-id="43097" weight="-8.42725172837483"/>
<connection id="43099" src-id="43097" dest-id="39512" weight="-8.203474855124778"/>
<neuron id="43100" type="hid" activation="sigmoid"/>
<connection id="43101" src-id="41538" dest-id="43100" weight="-5.298493523839777"/>
<connection id="43102" src-id="43100" dest-id="39557" weight="10.743891691071413"/>
<connection id="43208" src-id="39503" dest-id="41565" weight="-5.7209278213501"/>
<connection id="43210" src-id="39470" dest-id="42901" weight="-3.6415088008242917"/>
<connection id="43224" src-id="39486" dest-id="39512" weight="13.982882685286937"/>
<connection id="43230" src-id="39471" dest-id="39512" weight="7.663753036181403"/>
<connection id="43269" src-id="39495" dest-id="41520" weight="25.632203948011963"/>
<connection id="43277" src-id="39492" dest-id="41520" weight="-4.913909455413698"/>
<connection id="43306" src-id="39504" dest-id="42901" weight="-0.3849971777531128"/>
<connection id="43307" src-id="39601" dest-id="41538" weight="-7.656150278419951"/>
<connection id="43308" src-id="39476" dest-id="41906" weight="10.417146719378474"/>
<connection id="43309" src-id="41565" dest-id="39645" weight="1.5932767986013197"/>
<connection id="43314" src-id="39500" dest-id="41565" weight="3.507780500094758"/>
<connection id="43315" src-id="39486" dest-id="42901" weight="4.545506532005474"/>
<connection id="43319" src-id="39491" dest-id="41538" weight="7.992077602556331"/>
<connection id="43338" src-id="39509" dest-id="41562" weight="-1.3727333093445038"/>
<neuron id="43368" type="hid" activation="sigmoid"/>
<connection id="43369" src-id="41876" dest-id="43368" weight="12.223184663310693"/>
<connection id="43370" src-id="43368" dest-id="39601" weight="8.913552575859056"/>
<neuron id="43377" type="hid" activation="sigmoid"/>
<connection id="43379" src-id="43377" dest-id="39513" weight="-35.98799144841917"/>
<connection id="43432" src-id="39503" dest-id="41523" weight="8.306161264271001"/>
<connection id="43442" src-id="39484" dest-id="42901" weight="0.7775287300540132"/>
<connection id="43457" src-id="39507" dest-id="40502" weight="2.951614227778553"/>
<connection id="43471" src-id="39487" dest-id="41876" weight="11.176929002758389"/>
<connection id="43535" src-id="41565" dest-id="41906" weight="3.358063409570867"/>
<connection id="43562" src-id="39487" dest-id="41906" weight="-15.661939022854728"/>
<connection id="43567" src-id="41523" dest-id="39512" weight="1.4993074150637975"/>
<connection id="43574" src-id="41520" dest-id="39601" weight="-4.954292347801655"/>
<neuron id="43588" type="hid" activation="sigmoid"/>
<connection id="43589" src-id="39475" dest-id="43588" weight="-4.614594687925614"/>
<neuron id="43603" type="hid" activation="sigmoid"/>
<connection id="43604" src-id="39495" dest-id="43603" weight="4.8299822420909155"/>
<connection id="43605" src-id="43603" dest-id="39645" weight="-13.982204445225221"/>
<connection id="43659" src-id="39474" dest-id="41565" weight="11.485055991712526"/>
<connection id="43672" src-id="41562" dest-id="39601" weight="-4.325600842909651"/>
<connection id="43726" src-id="39497" dest-id="42901" weight="-5.189140494098148"/>
<connection id="43733" src-id="42901" dest-id="39512" weight="0.9609793973034636"/>
<neuron id="43808" type="hid" activation="sigmoid"/>
<connection id="43809" src-id="39493" dest-id="43808" weight="-20.086719057566906"/>
<connection id="43906" src-id="39470" dest-id="41538" weight="-3.999054754452063"/>
<connection id="43952" src-id="39506" dest-id="41565" weight="-11.693799633065552"/>
<neuron id="44023" type="hid" activation="sigmoid"/>
<connection id="44024" src-id="39497" dest-id="44023" weight="2.468655251768925"/>
<connection id="44025" src-id="44023" dest-id="39512" weight="20.151302756240057"/>
<neuron id="44032" type="hid" activation="sigmoid"/>
<connection id="44033" src-id="39497" dest-id="44032" weight="-2.6926033188855594"/>
<connection id="44034" src-id="44032" dest-id="39513" weight="-7.343398656129994"/>
<connection id="44080" src-id="39601" dest-id="42901" weight="-0.8114820759207002"/>
<connection id="44085" src-id="39501" dest-id="41538" weight="0.7979174905597255"/>
<connection id="44095" src-id="39508" dest-id="41906" weight="2.3765045531755584"/>
<connection id="44147" src-id="39473" dest-id="42155" weight="-11.64985519463084"/>
<connection id="44150" src-id="39471" dest-id="41906" weight="-0.4964769094691181"/>
<connection id="44151" src-id="39490" dest-id="41520" weight="2.8265221401179708"/>
<connection id="44157" src-id="39488" dest-id="42901" weight="3.45039764482219"/>
<connection id="44166" src-id="39472" dest-id="41565" weight="-3.3970680113591216"/>
<connection id="44212" src-id="39504" dest-id="41538" weight="2.7359268968318413"/>
<neuron id="44238" type="hid" activation="sigmoid"/>
<connection id="44239" src-id="39491" dest-id="44238" weight="-3.009750129360803"/>
<connection id="44240" src-id="44238" dest-id="39645" weight="2.001915944446519"/>
<neuron id="44247" type="hid" activation="sigmoid"/>
<connection id="44248" src-id="39484" dest-id="44247" weight="11.309712089599659"/>
<connection id="44322" src-id="39487" dest-id="41523" weight="12.30509638005317"/>
<connection id="44351" src-id="39493" dest-id="41906" weight="-27.888977351445085"/>
<connection id="44374" src-id="39502" dest-id="41538" weight="-1.6162630055568492"/>
<connection id="44375" src-id="39491" dest-id="41565" weight="6.727777234325948"/>
<connection id="44376" src-id="41523" dest-id="42155" weight="-1.9281616009121763"/>
<connection id="44379" src-id="39474" dest-id="42155" weight="21.128321242717636"/>
<connection id="44424" src-id="39479" dest-id="41538" weight="8.581397796660603"/>
<connection id="44437" src-id="39498" dest-id="42901" weight="-1.4607410122648266"/>
<connection id="44561" src-id="39489" dest-id="42155" weight="-4.4622364118664475"/>
<connection id="44621" src-id="39505" dest-id="41906" weight="8.191923890254774"/>
<connection id="44690" src-id="42901" dest-id="39513" weight="-10.388378143399994"/>
<connection id="44691" src-id="39494" dest-id="41565" weight="9.191466029329876"/>
<connection id="44693" src-id="41565" dest-id="41520" weight="-9.663746025044725"/>
<connection id="44703" src-id="40493" dest-id="41538" weight="-10.452372372266833"/>
<connection id="44704" src-id="39480" dest-id="43588" weight="-0.3534045988964989"/>
<connection id="44705" src-id="41520" dest-id="41538" weight="12.747134721744356"/>
<connection id="44990" src-id="39476" dest-id="41538" weight="-5.186601238790385"/>
<connection id="45038" src-id="39488" dest-id="41565" weight="9.010707555266006"/>
<connection id="45041" src-id="40493" dest-id="43588" weight="3.486539346504868"/>
<connection id="45042" src-id="39497" dest-id="40493" weight="-0.21856654798983777"/>
<connection id="45046" src-id="39491" dest-id="41523" weight="-4.971420540985158"/>
<connection id="45058" src-id="41520" dest-id="41906" weight="-0.2430612992851402"/>
<neuron id="45073" type="hid" activation="sigmoid"/>
<connection id="45074" src-id="39503" dest-id="45073" weight="7.5366925875043895"/>
<connection id="45075" src-id="45073" dest-id="39601" weight="-6.941064343402745"/>
<connection id="45160" src-id="39495" dest-id="41565" weight="-19.358143626908756"/>
<connection id="45265" src-id="39481" dest-id="40493" weight="0.9420601910978634"/>
<connection id="45272" src-id="39478" dest-id="41565" weight="-13.347385517993114"/>
<connection id="45274" src-id="39509" dest-id="41580" weight="-2.0926914881834886"/>
<connection id="45285" src-id="39481" dest-id="41906" weight="-0.5555237007544918"/>
<connection id="45286" src-id="39479" dest-id="41565" weight="4.098706766595477"/>
<connection id="45288" src-id="39471" dest-id="41538" weight="3.7513509668178138"/>
<connection id="45289" src-id="39480" dest-id="41580" weight="1.4478820481260317"/>
<connection id="45314" src-id="39483" dest-id="42155" weight="-1.047621239031558"/>
<connection id="45428" src-id="39487" dest-id="41580" weight="11.675568707048267"/>
<connection id="45436" src-id="39501" dest-id="41565" weight="0.18031539947997244"/>
<connection id="45477" src-id="40493" dest-id="39512" weight="-15.23014676316376"/>
<connection id="45479" src-id="39483" dest-id="43588" weight="-4.5205587524021364"/>
<connection id="45482" src-id="39601" dest-id="43097" weight="-0.6270164539865419"/>
<connection id="45485" src-id="39481" dest-id="43588" weight="17.653687597259257"/>
<connection id="45537" src-id="39490" dest-id="43588" weight="30.73879934645963"/>
<connection id="45540" src-id="39488" dest-id="43097" weight="8.638524153759267"/>
<connection id="45548" src-id="39476" dest-id="43588" weight="8.930760128979882"/>
<connection id="45594" src-id="41523" dest-id="41906" weight="0.04974841642808869"/>
<connection id="45595" src-id="39501" dest-id="42901" weight="2.6643953718338036"/>
<connection id="45653" src-id="39471" dest-id="42901" weight="-2.229966648396799"/>
<connection id="45658" src-id="39488" dest-id="41580" weight="-4.599568646604069"/>
<neuron id="45675" type="hid" activation="sigmoid"/>
<connection id="45677" src-id="45675" dest-id="41538" weight="-6.179185426355896"/>
<connection id="45750" src-id="39502" dest-id="41906" weight="7.90337004877747"/>
<connection id="45813" src-id="39487" dest-id="41538" weight="-10.708643241546346"/>
<connection id="45826" src-id="41906" dest-id="39513" weight="-5.899388512545163"/>
<connection id="45833" src-id="39479" dest-id="43588" weight="-3.6308136544368588"/>
<connection id="45836" src-id="39507" dest-id="40493" weight="-6.848937563039953"/>
<connection id="45852" src-id="39497" dest-id="43097" weight="-12.22292406596528"/>
<connection id="45897" src-id="39499" dest-id="41538" weight="-11.753875996562948"/>
<neuron id="45917" type="hid" activation="sigmoid"/>
<connection id="45918" src-id="43588" dest-id="45917" weight="3.9687707134297234"/>
<connection id="45919" src-id="45917" dest-id="39601" weight="-8.391323116515366"/>
<connection id="45992" src-id="39474" dest-id="41538" weight="-2.2026539975650543"/>
<connection id="46015" src-id="39477" dest-id="43097" weight="-4.329427618113083"/>
<connection id="46121" src-id="39491" dest-id="42901" weight="-0.423620358531714"/>
<connection id="46123" src-id="39491" dest-id="40493" weight="-8.598692726136335"/>
<connection id="46124" src-id="39477" dest-id="41565" weight="-3.076842642726965"/>
<connection id="46126" src-id="39508" dest-id="41520" weight="9.765417629361316"/>
<connection id="46358" src-id="41520" dest-id="40493" weight="-5.450038306839691"/>
<connection id="46359" src-id="42155" dest-id="39601" weight="-3.606500698158041"/>
<connection id="46362" src-id="41565" dest-id="42140" weight="19.253242445658984"/>
<connection id="46363" src-id="39505" dest-id="41538" weight="-0.17709246858215777"/>
<connection id="46364" src-id="39510" dest-id="40493" weight="6.580483237077519"/>
<connection id="46456" src-id="39481" dest-id="41565" weight="-2.6697707225800897"/>
<connection id="46520" src-id="41580" dest-id="39557" weight="4.700734210740224"/>
<connection id="46525" src-id="39471" dest-id="43097" weight="4.1400712536823905"/>
<connection id="46668" src-id="39471" dest-id="41520" weight="-4.967117591294339"/>
<connection id="46776" src-id="39474" dest-id="42140" weight="-0.9741289937163193"/>
<connection id="46808" src-id="42901" dest-id="42140" weight="-20.623132644440428"/>
<connection id="46810" src-id="43097" dest-id="42901" weight="9.81727149233141"/>
<connection id="46859" src-id="39488" dest-id="45675" weight="5.405522637898618"/>
<neuron id="46882" type="hid" activation="sigmoid"/>
<connection id="46883" src-id="39483" dest-id="46882" weight="-6.720170216689133"/>
<connection id="46884" src-id="46882" dest-id="43588" weight="16.89114463967748"/>
<connection id="46942" src-id="39480" dest-id="42901" weight="-0.13441333086341323"/>
<connection id="46973" src-id="39503" dest-id="43588" weight="-0.07682795689708333"/>
<connection id="46983" src-id="39485" dest-id="41580" weight="-3.034232672701995"/>
<connection id="47085" src-id="42140" dest-id="39512" weight="-5.419244692288458"/>
<connection id="47139" src-id="39509" dest-id="42901" weight="5.05860440828649"/>
<connection id="47140" src-id="39485" dest-id="42901" weight="-9.344977491758"/>
<connection id="47150" src-id="41906" dest-id="43588" weight="2.5008335729939195"/>
<connection id="47168" src-id="39472" dest-id="45675" weight="-1.6778263899734727"/>
<connection id="47178" src-id="39508" dest-id="46882" weight="0.30128084360104435"/>
<connection id="47185" src-id="39498" dest-id="42140" weight="-14.82227565192809"/>
<connection id="47186" src-id="39474" dest-id="42880" weight="7.397493272010564"/>
<connection id="47187" src-id="40493" dest-id="43097" weight="4.138761783437232"/>
<connection id="47188" src-id="39472" dest-id="43097" weight="-21.151179495600342"/>
<connection id="47190" src-id="39475" dest-id="41565" weight="-2.6806266450588234"/>
<neuron id="47280" type="hid" activation="sigmoid"/>
<connection id="47281" src-id="39510" dest-id="47280" weight="-15.748456115709017"/>
<connection id="47282" src-id="47280" dest-id="41906" weight="10.963003821153766"/>
<neuron id="47283" type="hid" activation="sigmoid"/>
<connection id="47284" src-id="39493" dest-id="47283" weight="1.2037110049031723"/>
<connection id="47285" src-id="47283" dest-id="39557" weight="26.19063075537155"/>
<connection id="47356" src-id="46882" dest-id="39601" weight="0.9893115115130326"/>
<connection id="47390" src-id="41876" dest-id="47280" weight="3.49102401106401"/>
<connection id="47411" src-id="39509" dest-id="42140" weight="6.967292963893492"/>
<connection id="47511" src-id="39508" dest-id="43097" weight="-5.018287983066367"/>
<connection id="47518" src-id="39486" dest-id="41538" weight="4.355801113405503"/>
<connection id="47577" src-id="39483" dest-id="40493" weight="-11.4721386651915"/>
<connection id="47578" src-id="47280" dest-id="43097" weight="1.6569307139356648"/>
<connection id="47580" src-id="41876" dest-id="43097" weight="-29.518340209911948"/>
<connection id="47581" src-id="39500" dest-id="45675" weight="-9.595620542726733"/>
<connection id="47582" src-id="39495" dest-id="41538" weight="-21.161361387238223"/>
<connection id="47613" src-id="39497" dest-id="41520" weight="-4.088975273824898"/>
<connection id="47636" src-id="39511" dest-id="41876" weight="8.438057986439095"/>
<connection id="47640" src-id="39474" dest-id="43588" weight="5.657006278817943"/>
<neuron id="47684" type="hid" activation="sigmoid"/>
<connection id="47685" src-id="39490" dest-id="47684" weight="8.983551055312697"/>
<connection id="47755" src-id="39479" dest-id="46882" weight="2.00781064320186"/>
<connection id="47774" src-id="39497" dest-id="42140" weight="-9.676316096146877"/>
<connection id="47796" src-id="39488" dest-id="46882" weight="5.060652221856659"/>
<connection id="47802" src-id="39489" dest-id="46882" weight="2.6207300683845545"/>
<connection id="47803" src-id="39493" dest-id="43377" weight="-0.10822617325468958"/>
<connection id="47836" src-id="39504" dest-id="43097" weight="-4.898939360460513"/>
<connection id="47843" src-id="39498" dest-id="42155" weight="-12.579394220036345"/>
<connection id="47867" src-id="41523" dest-id="42880" weight="1.4031933314804026"/>
<connection id="47870" src-id="39477" dest-id="42880" weight="-3.6180955581763383"/>
<connection id="47892" src-id="39474" dest-id="46882" weight="0.7548304461028861"/>
<connection id="47895" src-id="39496" dest-id="42140" weight="-1.5965731109115187"/>
<connection id="47972" src-id="39490" dest-id="41876" weight="-2.7089561011397034"/>
<connection id="48084" src-id="39480" dest-id="42155" weight="-1.7267136549952675"/>
<neuron id="48133" type="hid" activation="sigmoid"/>
<connection id="48134" src-id="39481" dest-id="48133" weight="-0.9746187513946469"/>
<connection id="48135" src-id="48133" dest-id="41520" weight="-28.946346196445678"/>
<connection id="48206" src-id="42155" dest-id="42140" weight="5.444500328340515"/>
<connection id="48209" src-id="42880" dest-id="41580" weight="3.1327680756444662"/>
<connection id="48211" src-id="39509" dest-id="41876" weight="0.801813829802196"/>
<connection id="48220" src-id="43377" dest-id="42901" weight="-3.645641927831707"/>
<connection id="48283" src-id="39496" dest-id="42880" weight="-4.066239576233572"/>
<connection id="48288" src-id="39501" dest-id="47684" weight="-1.389494414783805"/>
<connection id="48312" src-id="39493" dest-id="46882" weight="12.72343366660295"/>
<connection id="48334" src-id="44247" dest-id="43097" weight="-20.42684458893668"/>
<connection id="48335" src-id="43097" dest-id="43377" weight="-6.093682194512331"/>
<connection id="48336" src-id="39475" dest-id="43097" weight="-1.9074476874140105"/>
<connection id="48342" src-id="47684" dest-id="41538" weight="-3.9047678190064574"/>
<connection id="48366" src-id="39476" dest-id="43377" weight="5.288100876454866"/>
<connection id="48470" src-id="41520" dest-id="42155" weight="2.356584411276806"/>
<connection id="48493" src-id="39503" dest-id="41580" weight="-1.209389681608486"/>
<connection id="48557" src-id="39510" dest-id="41580" weight="-6.256467958939436"/>
<neuron id="48590" type="hid" activation="sigmoid"/>
<connection id="48591" src-id="46882" dest-id="48590" weight="-17.23300411883458"/>
<connection id="48592" src-id="48590" dest-id="45675" weight="-2.5884322932234527"/>
<neuron id="48602" type="hid" activation="sigmoid"/>
<connection id="48603" src-id="41520" dest-id="48602" weight="-3.634640567261883"/>
<connection id="48604" src-id="48602" dest-id="41523" weight="7.007849826975821"/>
<connection id="48752" src-id="39474" dest-id="44247" weight="2.6013237964480553"/>
<connection id="48755" src-id="39505" dest-id="43588" weight="15.352346868035308"/>
<connection id="48757" src-id="39487" dest-id="42880" weight="4.154520166590171"/>
<connection id="48758" src-id="39499" dest-id="43377" weight="4.166291472818022"/>
<connection id="48784" src-id="46882" dest-id="41906" weight="-17.61833036967142"/>
<connection id="48791" src-id="41520" dest-id="45675" weight="-0.009685277938842773"/>
<connection id="48988" src-id="41523" dest-id="43588" weight="-2.9590545148641567"/>
<connection id="48989" src-id="39473" dest-id="47283" weight="-2.588250062890344"/>
<connection id="48999" src-id="39501" dest-id="44247" weight="-4.068711812146953"/>
<connection id="49006" src-id="39478" dest-id="41876" weight="1.769729130018309"/>
<connection id="49010" src-id="39488" dest-id="47280" weight="-2.381378304040246"/>
<connection id="49012" src-id="39494" dest-id="43097" weight="7.324307543075984"/>
<connection id="49075" src-id="39475" dest-id="44247" weight="12.170868638178138"/>
<connection id="49078" src-id="47280" dest-id="39513" weight="-8.104463532528671"/>
<connection id="49090" src-id="39501" dest-id="41906" weight="-2.174677611209543"/>
<neuron id="49112" type="hid" activation="sigmoid"/>
<connection id="49113" src-id="42901" dest-id="49112" weight="3.880627994419332"/>
<connection id="49114" src-id="49112" dest-id="42140" weight="7.861698735982114"/>
<connection id="49251" src-id="39507" dest-id="47283" weight="-3.014256157497592"/>
<connection id="49282" src-id="39506" dest-id="40493" weight="2.885993184455907"/>
<connection id="49286" src-id="39491" dest-id="43808" weight="-5.666387194328725"/>
<connection id="49404" src-id="39474" dest-id="43377" weight="6.542692480334743"/>
<connection id="49405" src-id="48590" dest-id="41538" weight="4.260785951039933"/>
<connection id="49406" src-id="46882" dest-id="39557" weight="6.545065402696472"/>
<connection id="49407" src-id="39470" dest-id="48590" weight="-7.862444267204667"/>
<connection id="49408" src-id="39477" dest-id="46882" weight="1.4758697912650525"/>
<connection id="49412" src-id="39479" dest-id="43377" weight="-2.692219128243349"/>
<connection id="49414" src-id="39489" dest-id="49112" weight="3.7882524600450145"/>
<connection id="49415" src-id="46882" dest-id="43377" weight="8.70041573137841"/>
<connection id="49416" src-id="42140" dest-id="42880" weight="14.146640727171485"/>
<neuron id="49582" type="hid" activation="sigmoid"/>
<connection id="49584" src-id="49582" dest-id="39513" weight="7.9328671655050504"/>
<connection id="49677" src-id="39498" dest-id="42880" weight="0.4598756543730351"/>
<connection id="49732" src-id="41118" dest-id="44247" weight="-3.5425199329217123"/>
<connection id="49769" src-id="39490" dest-id="45675" weight="7.536341829450497"/>
<connection id="49926" src-id="39489" dest-id="48590" weight="-2.3496062845478107"/>
<connection id="49928" src-id="39493" dest-id="41118" weight="-9.769656268961143"/>
<connection id="49930" src-id="47280" dest-id="47283" weight="7.62040065006298"/>
<connection id="49933" src-id="43808" dest-id="43097" weight="-7.822019993099712"/>
<connection id="49934" src-id="39506" dest-id="41580" weight="5.390121542653931"/>
<connection id="49935" src-id="40493" dest-id="47283" weight="-5.483207808883238"/>
<connection id="49936" src-id="41858" dest-id="47280" weight="0.5787107432361156"/>
<connection id="49949" src-id="49582" dest-id="45675" weight="4.941267463836427"/>
<connection id="49954" src-id="39485" dest-id="48590" weight="-14.366642427117974"/>
<connection id="50002" src-id="39491" dest-id="41876" weight="1.8497864674429696"/>
<connection id="50006" src-id="45675" dest-id="39512" weight="-2.805322056223937"/>
<connection id="50048" src-id="39501" dest-id="42140" weight="-0.07987829006094882"/>
<connection id="50190" src-id="46882" dest-id="49112" weight="2.9159380792201475"/>
<connection id="50202" src-id="39477" dest-id="47283" weight="8.712981502483556"/>
<connection id="50220" src-id="39485" dest-id="44247" weight="-2.688157192802263"/>
<connection id="50225" src-id="41858" dest-id="46882" weight="6.395247684787723"/>
<connection id="50273" src-id="46882" dest-id="42155" weight="-10.123026338235857"/>
<connection id="50293" src-id="39495" dest-id="47684" weight="-3.4510802976810746"/>
<connection id="50294" src-id="39513" dest-id="48590" weight="8.889390776475901"/>
<connection id="50296" src-id="39494" dest-id="49582" weight="13.371096151394875"/>
<connection id="50308" src-id="39505" dest-id="48590" weight="-7.056324571225854"/>
<connection id="50321" src-id="41858" dest-id="43377" weight="-7.858572743038331"/>
<connection id="50324" src-id="41520" dest-id="41118" weight="0.537028455761509"/>
<connection id="50431" src-id="39502" dest-id="45675" weight="-5.5863355888524495"/>
<connection id="50485" src-id="41520" dest-id="46882" weight="0.7569265365600586"/>
<connection id="50496" src-id="39511" dest-id="45675" weight="4.602077958794855"/>
<connection id="50537" src-id="39504" dest-id="43588" weight="13.856726018051367"/>
<connection id="50737" src-id="39493" dest-id="45675" weight="-5.961165268580572"/>
<connection id="50752" src-id="39474" dest-id="41858" weight="3.034785836436745"/>
<connection id="50754" src-id="39601" dest-id="44247" weight="-1.2488056232396736"/>
<connection id="50755" src-id="39480" dest-id="42880" weight="-5.989549587768652"/>
<connection id="50756" src-id="39482" dest-id="47280" weight="5.714651910595355"/>
<connection id="50759" src-id="41118" dest-id="40493" weight="15.163282375021849"/>
<connection id="50786" src-id="42140" dest-id="39557" weight="3.0352710693953937"/>
<connection id="50852" src-id="39503" dest-id="47283" weight="-1.2144695861489367"/>
<neuron id="50997" type="hid" activation="sigmoid"/>
<connection id="50998" src-id="39491" dest-id="50997" weight="1.3828289797421682"/>
<connection id="50999" src-id="50997" dest-id="42901" weight="6.877643417189324"/>
<neuron id="51012" type="hid" activation="sigmoid"/>
<connection id="51014" src-id="51012" dest-id="40493" weight="13.037614676454151"/>
<connection id="51177" src-id="39477" dest-id="44023" weight="-6.989634462654774"/>
<connection id="51208" src-id="39476" dest-id="45675" weight="-9.711669648740536"/>
<connection id="51232" src-id="39494" dest-id="48590" weight="1.2365394761552886"/>
<connection id="51259" src-id="39496" dest-id="48590" weight="1.019471106662169"/>
<connection id="51265" src-id="39481" dest-id="51012" weight="1.3301084481413872"/>
<connection id="51282" src-id="39494" dest-id="46882" weight="-0.2179155144502507"/>
<connection id="51286" src-id="39491" dest-id="47684" weight="0.9321968877574403"/>
<connection id="51391" src-id="39510" dest-id="42880" weight="-1.5160144417193602"/>
<connection id="51394" src-id="49582" dest-id="39557" weight="3.6679056284357734"/>
<connection id="51395" src-id="39503" dest-id="43097" weight="-4.51622555133579"/>
<connection id="51398" src-id="39484" dest-id="47684" weight="-14.419836416406483"/>
<connection id="51584" src-id="41858" dest-id="39512" weight="-5.485464274532459"/>
<connection id="51644" src-id="39509" dest-id="46882" weight="3.191519298295484"/>
<connection id="51654" src-id="39499" dest-id="48590" weight="11.788934347906952"/>
<connection id="51655" src-id="41118" dest-id="41523" weight="-1.5807416269154668"/>
<connection id="51659" src-id="39502" dest-id="50997" weight="-13.40844053195135"/>
<connection id="51676" src-id="39501" dest-id="41118" weight="3.1807149192524795"/>
<connection id="51706" src-id="49582" dest-id="48590" weight="-2.4792245569626385"/>
<connection id="51745" src-id="39492" dest-id="45675" weight="-4.538211916615972"/>
<connection id="51747" src-id="39498" dest-id="45675" weight="-1.6863005141076988"/>
<connection id="51855" src-id="39511" dest-id="47283" weight="3.0155435341695713"/>
<connection id="51896" src-id="44023" dest-id="42880" weight="6.437590516807109"/>
<connection id="51898" src-id="47283" dest-id="41906" weight="7.110059710000662"/>
<connection id="51900" src-id="39478" dest-id="49112" weight="13.29759496331478"/>
<connection id="51901" src-id="39490" dest-id="43808" weight="5.672239329454376"/>
<connection id="51903" src-id="41906" dest-id="44023" weight="-0.13354529878443522"/>
<connection id="51906" src-id="39491" dest-id="47280" weight="0.7954438791731655"/>
<connection id="51909" src-id="39498" dest-id="43377" weight="-0.01279306411743164"/>
<connection id="51910" src-id="39482" dest-id="41858" weight="6.516327188235335"/>
<neuron id="52033" type="hid" activation="sigmoid"/>
<connection id="52034" src-id="39499" dest-id="52033" weight="-2.4597330377160427"/>
<connection id="52131" src-id="39480" dest-id="41876" weight="4.159136839956656"/>
<connection id="52138" src-id="50997" dest-id="49112" weight="-8.655634966967"/>
<connection id="52139" src-id="41858" dest-id="39513" weight="7.050781132508524"/>
<connection id="52178" src-id="42140" dest-id="48590" weight="3.320432057581538"/>
<connection id="52186" src-id="39496" dest-id="41118" weight="2.5434265544953543"/>
<connection id="52196" src-id="39500" dest-id="41118" weight="-5.4824778045574"/>
<connection id="52198" src-id="41523" dest-id="41858" weight="8.17458994824769"/>
<connection id="52219" src-id="39490" dest-id="48590" weight="3.7520368601519025"/>
<connection id="52330" src-id="39486" dest-id="43377" weight="-6.158624970999904"/>
<connection id="52340" src-id="39483" dest-id="48590" weight="2.972451594576355"/>
<connection id="52370" src-id="44247" dest-id="49112" weight="-11.883535392157757"/>
<connection id="52411" src-id="39477" dest-id="40502" weight="1.5287522353812046"/>
<connection id="52413" src-id="49582" dest-id="41858" weight="-10.311970316095362"/>
<connection id="52414" src-id="41562" dest-id="41565" weight="-1.3046132754463131"/>
<connection id="52415" src-id="47283" dest-id="43097" weight="5.22662942051347"/>
<connection id="52418" src-id="47684" dest-id="41562" weight="-1.7069168313445018"/>
<connection id="52419" src-id="39473" dest-id="46882" weight="-1.9021116307817527"/>
<connection id="52420" src-id="45917" dest-id="50997" weight="-0.7041015159172757"/>
<connection id="52506" src-id="39490" dest-id="49582" weight="-0.7558448775502211"/>
<connection id="52516" src-id="39503" dest-id="49112" weight="-7.460698396594312"/>
<connection id="52566" src-id="41118" dest-id="39557" weight="-4.100397686005734"/>
<neuron id="52618" type="hid" activation="sigmoid"/>
<connection id="52619" src-id="39484" dest-id="52618" weight="2.7807622629898763"/>
<connection id="52620" src-id="52618" dest-id="42880" weight="7.025587077811304"/>
<connection id="52729" src-id="41118" dest-id="42155" weight="15.661691304138266"/>
<connection id="52732" src-id="39508" dest-id="49112" weight="-0.5979558057163765"/>
<connection id="52762" src-id="41520" dest-id="49582" weight="-8.317150553229197"/>
<connection id="52783" src-id="39472" dest-id="49582" weight="3.987241117303958"/>
<connection id="52797" src-id="40502" dest-id="44247" weight="1.4735793255648435"/>
<connection id="52879" src-id="45675" dest-id="39645" weight="-9.421277229113581"/>
<connection id="52976" src-id="39487" dest-id="47283" weight="-2.909551434745185"/>
<connection id="52985" src-id="39488" dest-id="43808" weight="-0.16036299446971158"/>
<connection id="52998" src-id="39477" dest-id="41118" weight="-6.372057358635638"/>
<connection id="53039" src-id="39510" dest-id="43808" weight="-0.1777917406372751"/>
<connection id="53049" src-id="39504" dest-id="40505" weight="-7.043851490351233"/>
<connection id="53056" src-id="39495" dest-id="40502" weight="4.279712316268946"/>
<connection id="53127" src-id="52033" dest-id="42901" weight="1.669523505326169"/>
<connection id="53128" src-id="39475" dest-id="41118" weight="7.64202187644308"/>
<connection id="53137" src-id="46882" dest-id="52033" weight="0.17854230595024068"/>
<connection id="53144" src-id="39488" dest-id="47283" weight="1.1933284783869902"/>
<connection id="53199" src-id="44238" dest-id="43377" weight="4.027079824907721"/>
<connection id="53203" src-id="39507" dest-id="52033" weight="-6.648350154501816"/>
<connection id="53214" src-id="39490" dest-id="40505" weight="12.865678275125884"/>
<connection id="53218" src-id="45917" dest-id="39513" weight="-1.5408884392070596"/>
<connection id="53220" src-id="41565" dest-id="50997" weight="-0.11314234074423835"/>
<connection id="53221" src-id="49112" dest-id="39512" weight="-2.6959884160216934"/>
<connection id="53223" src-id="39507" dest-id="43100" weight="-8.252324323982982"/>
<connection id="53236" src-id="39492" dest-id="50997" weight="10.822769890575788"/>
<connection id="53245" src-id="39493" dest-id="44238" weight="2.686930648689136"/>
<neuron id="53326" type="hid" activation="sigmoid"/>
<connection id="53327" src-id="43588" dest-id="53326" weight="1.1440162617484548"/>
<connection id="53328" src-id="53326" dest-id="42155" weight="-8.555706448964111"/>
<neuron id="53329" type="hid" activation="sigmoid"/>
<connection id="53330" src-id="43588" dest-id="53329" weight="-9.893660387533927"/>
<connection id="53331" src-id="53329" dest-id="39645" weight="5.550552206124511"/>
<neuron id="53350" type="hid" activation="sigmoid"/>
<connection id="53351" src-id="39488" dest-id="53350" weight="6.890093769291096"/>
<connection id="53352" src-id="53350" dest-id="42880" weight="-10.248081481083497"/>
<connection id="53457" src-id="53350" dest-id="45675" weight="-4.499910579239409"/>
<connection id="53459" src-id="41858" dest-id="53350" weight="-0.5522328444554774"/>
<connection id="53460" src-id="39500" dest-id="43100" weight="-1.2786347502179958"/>
<connection id="53461" src-id="45917" dest-id="44247" weight="0.42834945313271766"/>
<connection id="53463" src-id="39481" dest-id="41858" weight="4.358777260438827"/>
<connection id="53465" src-id="39498" dest-id="43100" weight="1.5742185096818253"/>
<connection id="53466" src-id="39473" dest-id="47684" weight="-1.0569583201318307"/>
<connection id="53467" src-id="53350" dest-id="47280" weight="-1.8005014980162428"/>
<connection id="53468" src-id="39486" dest-id="43808" weight="-4.586086854952017"/>
<connection id="53470" src-id="40493" dest-id="44238" weight="-13.952678908501529"/>
<connection id="53472" src-id="39488" dest-id="44238" weight="-2.2451220343845266"/>
<connection id="53549" src-id="39482" dest-id="48590" weight="-1.9649748599305696"/>
<connection id="53604" src-id="39485" dest-id="47283" weight="0.8608449867525485"/>
<connection id="53613" src-id="39480" dest-id="49582" weight="3.84187814736895"/>
<connection id="53665" src-id="39476" dest-id="50997" weight="-0.9561508520398163"/>
<connection id="53720" src-id="39504" dest-id="41858" weight="3.1520964624930525"/>
<connection id="53731" src-id="39505" dest-id="40502" weight="-2.9197094919474726"/>
<connection id="53732" src-id="39479" dest-id="44247" weight="-1.0546192626240107"/>
<connection id="53733" src-id="39506" dest-id="40505" weight="-6.744694164157192"/>
<connection id="53764" src-id="39507" dest-id="49582" weight="-4.3909918885947965"/>
<connection id="53790" src-id="41523" dest-id="49582" weight="4.870451834206729"/>
<connection id="53792" src-id="39485" dest-id="40505" weight="4.902100097116233"/>
<connection id="53797" src-id="47283" dest-id="53329" weight="1.351557319970546"/>
<connection id="53936" src-id="39479" dest-id="49112" weight="-0.8070152997970581"/>
<connection id="53955" src-id="52033" dest-id="48590" weight="-3.032385965160933"/>
<connection id="53965" src-id="39497" dest-id="48590" weight="2.679372808135909"/>
<neuron id="53983" type="hid" activation="sigmoid"/>
<connection id="53984" src-id="39490" dest-id="53983" weight="-3.637944902087572"/>
<connection id="53985" src-id="53983" dest-id="42901" weight="-0.09763614489391825"/>
<neuron id="54037" type="hid" activation="sigmoid"/>
<connection id="54038" src-id="43097" dest-id="54037" weight="6.291104429711617"/>
<connection id="54039" src-id="54037" dest-id="41538" weight="4.007043302120991"/>
<connection id="54146" src-id="39497" dest-id="41526" weight="-3.7169739920103755"/>
<connection id="54291" src-id="39500" dest-id="52033" weight="-5.610322083716443"/>
<connection id="54294" src-id="39500" dest-id="43377" weight="0.68237923414127"/>
<connection id="54296" src-id="39510" dest-id="43100" weight="-6.6529368078256725"/>
<connection id="54297" src-id="39510" dest-id="44032" weight="9.584464861674032"/>
<connection id="54299" src-id="39479" dest-id="40505" weight="-13.870246247874809"/>
<connection id="54301" src-id="39496" dest-id="49582" weight="10.990277980200819"/>
<connection id="54304" src-id="44023" dest-id="43588" weight="-3.2905117629974523"/>
<connection id="54305" src-id="40505" dest-id="42155" weight="-1.6288465568079977"/>
<connection id="54311" src-id="39498" dest-id="48590" weight="1.5584292100507118"/>
<connection id="54313" src-id="39507" dest-id="48590" weight="4.757436470561478"/>
<connection id="54317" src-id="39493" dest-id="41858" weight="-1.157433489279128"/>
<connection id="54326" src-id="47280" dest-id="43808" weight="-3.6772275040730373"/>
<connection id="54344" src-id="39509" dest-id="50997" weight="1.9525497192090973"/>
<connection id="54357" src-id="39473" dest-id="49582" weight="5.287175793121923"/>
<connection id="54363" src-id="41526" dest-id="48590" weight="2.778443295424026"/>
<connection id="54406" src-id="39499" dest-id="45675" weight="-11.686209347934147"/>
<connection id="54408" src-id="41562" dest-id="47280" weight="1.8324351525582474"/>
<connection id="54409" src-id="39475" dest-id="52033" weight="0.46903123837333704"/>
<connection id="54413" src-id="40502" dest-id="47684" weight="-2.8538022201679194"/>
<connection id="54565" src-id="47684" dest-id="41876" weight="5.153168835356941"/>
<connection id="54636" src-id="41526" dest-id="41118" weight="-3.6941917841722334"/>
<connection id="54694" src-id="41562" dest-id="43097" weight="-0.9367557764053345"/>
<connection id="54696" src-id="39487" dest-id="41118" weight="-6.824910688645773"/>
<connection id="54725" src-id="53350" dest-id="50997" weight="-1.9698042353078289"/>
<connection id="54731" src-id="41876" dest-id="41562" weight="-8.486151661287334"/>
<connection id="54756" src-id="44238" dest-id="43588" weight="-9.046670316275712"/>
<neuron id="54795" type="hid" activation="sigmoid"/>
<connection id="54796" src-id="39490" dest-id="54795" weight="2.207480247135564"/>
<connection id="54797" src-id="54795" dest-id="42880" weight="-2.7189357264485663"/>
<connection id="55009" src-id="39475" dest-id="42880" weight="0.7829198213195205"/>
<connection id="55053" src-id="49582" dest-id="41538" weight="0.7959907057441682"/>
<connection id="55112" src-id="49582" dest-id="46882" weight="-8.759547131432077"/>
<connection id="55291" src-id="41526" dest-id="47283" weight="-0.3166914345426137"/>
<connection id="55385" src-id="41526" dest-id="41565" weight="-12.812000791396343"/>
<connection id="55387" src-id="43588" dest-id="44032" weight="0.5434544327121573"/>
<connection id="55389" src-id="53350" dest-id="40493" weight="10.246935038869793"/>
<connection id="55392" src-id="43368" dest-id="47280" weight="2.5768199381085126"/>
<connection id="55393" src-id="39486" dest-id="40502" weight="1.6591509842959338"/>
<connection id="55394" src-id="39485" dest-id="40502" weight="-2.034169243023431"/>
<connection id="55395" src-id="41562" dest-id="53350" weight="-5.737169822260596"/>
<connection id="55396" src-id="46882" dest-id="40505" weight="6.801850050534133"/>
<connection id="55399" src-id="43368" dest-id="40493" weight="-8.57793458268632"/>
<connection id="55401" src-id="40505" dest-id="43100" weight="-10.701783248750445"/>
<connection id="55402" src-id="39484" dest-id="41526" weight="-9.410762715356988"/>
<connection id="55418" src-id="39476" dest-id="53350" weight="-0.21112709760140347"/>
<connection id="55419" src-id="53350" dest-id="54795" weight="3.5177630865177463"/>
<connection id="55520" src-id="44023" dest-id="44247" weight="5.642020006447735"/>
<neuron id="55616" type="hid" activation="sigmoid"/>
<connection id="55617" src-id="41523" dest-id="55616" weight="11.73405840386143"/>
<connection id="55618" src-id="55616" dest-id="43377" weight="1.9753858387216003"/>
<neuron id="55646" type="hid" activation="sigmoid"/>
<connection id="55647" src-id="43808" dest-id="55646" weight="-6.901075661847994"/>
<connection id="55648" src-id="55646" dest-id="44238" weight="8.473906664100031"/>
<connection id="55734" src-id="43808" dest-id="39645" weight="-11.624498466921368"/>
<connection id="55854" src-id="39490" dest-id="53350" weight="4.779944926352001"/>
<connection id="56052" src-id="39503" dest-id="44023" weight="-7.047070439691143"/>
<connection id="56062" src-id="45917" dest-id="39645" weight="-0.028635743540291747"/>
<connection id="56085" src-id="40502" dest-id="41562" weight="2.8104741872440857"/>
<connection id="56125" src-id="39508" dest-id="41118" weight="-2.9027546307710503"/>
<connection id="56140" src-id="40502" dest-id="43100" weight="-0.47637375741679433"/>
<connection id="56171" src-id="49582" dest-id="44032" weight="-1.80195062244077"/>
<connection id="56172" src-id="40502" dest-id="41118" weight="-14.87625508846689"/>
<connection id="56173" src-id="41858" dest-id="50997" weight="-5.277402094418656"/>
<connection id="56177" src-id="43368" dest-id="43588" weight="-1.8154458415336454"/>
<connection id="56179" src-id="41858" dest-id="53983" weight="-3.469338351363197"/>
<connection id="56180" src-id="39477" dest-id="44238" weight="-1.8181955235079776"/>
<connection id="56181" src-id="43368" dest-id="49582" weight="-5.982038483431522"/>
<connection id="56182" src-id="41520" dest-id="45917" weight="2.501425612614498"/>
<connection id="56187" src-id="54795" dest-id="40505" weight="6.73211314651161"/>
<connection id="56240" src-id="39472" dest-id="43377" weight="2.928186169926749"/>
<connection id="56315" src-id="43368" dest-id="42155" weight="-0.7048664093017578"/>
<connection id="56346" src-id="44238" dest-id="42140" weight="-6.607695913104587"/>
<neuron id="56656" type="hid" activation="sigmoid"/>
<connection id="56657" src-id="39505" dest-id="56656" weight="4.535319828919844"/>
<connection id="56806" src-id="53983" dest-id="44023" weight="-0.9777374797745542"/>
<connection id="56886" src-id="39489" dest-id="45917" weight="7.88682443617288"/>
<connection id="56974" src-id="39481" dest-id="44023" weight="6.940025192493875"/>
<connection id="56977" src-id="45917" dest-id="49112" weight="7.551136242989905"/>
<connection id="56978" src-id="44238" dest-id="50997" weight="-13.512056737282094"/>
<connection id="56981" src-id="39488" dest-id="45073" weight="8.13555736375165"/>
<connection id="56982" src-id="53983" dest-id="39645" weight="3.078772453220838"/>
<connection id="56983" src-id="40493" dest-id="55616" weight="-7.4388209318117084"/>
<connection id="56987" src-id="39498" dest-id="54795" weight="2.4540384031284836"/>
<connection id="56991" src-id="39486" dest-id="53329" weight="-2.712997687772261"/>
<connection id="57106" src-id="55646" dest-id="41580" weight="-1.3385053856281628"/>
<connection id="57122" src-id="39504" dest-id="45073" weight="-0.4839933268066199"/>
<connection id="57241" src-id="39485" dest-id="43377" weight="-0.5503207016937758"/>
<connection id="57325" src-id="39482" dest-id="40505" weight="-3.177280798343757"/>
<connection id="57386" src-id="40493" dest-id="43377" weight="2.0028105103608054"/>
<neuron id="57514" type="hid" activation="sigmoid"/>
<connection id="57515" src-id="39494" dest-id="57514" weight="14.829067071273759"/>
<connection id="57516" src-id="57514" dest-id="43377" weight="0.07996697343756676"/>
<neuron id="57517" type="hid" activation="sigmoid"/>
<connection id="57518" src-id="50997" dest-id="57517" weight="6.314715885636517"/>
<neuron id="57520" type="hid" activation="sigmoid"/>
<connection id="57521" src-id="39500" dest-id="57520" weight="2.6275444188612997"/>
<connection id="57522" src-id="57520" dest-id="43588" weight="4.882582836301326"/>
<connection id="57711" src-id="40502" dest-id="48590" weight="0.7228908538818359"/>
<connection id="57764" src-id="39494" dest-id="45073" weight="-1.4045716735781937"/>
<connection id="57848" src-id="39508" dest-id="44023" weight="2.049845896318479"/>
<connection id="57885" src-id="53350" dest-id="41538" weight="-2.0056048104216737"/>
<connection id="57950" src-id="44023" dest-id="48590" weight="-1.8831161446117535"/>
<connection id="58200" src-id="39499" dest-id="43368" weight="-2.0788556264185"/>
<connection id="58297" src-id="45917" dest-id="55616" weight="0.0770976679972093"/>
<connection id="58299" src-id="39494" dest-id="55616" weight="-3.1929326825533835"/>
<connection id="58300" src-id="39491" dest-id="54795" weight="9.482360691424118"/>
<connection id="58302" src-id="39509" dest-id="53329" weight="-5.23909413304837"/>
<connection id="58303" src-id="39471" dest-id="54795" weight="6.065948254290308"/>
<connection id="58304" src-id="42901" dest-id="53329" weight="-8.897707092124625"/>
<connection id="58305" src-id="54795" dest-id="40493" weight="1.644947062475833"/>
<connection id="58308" src-id="53983" dest-id="44032" weight="0.24675937114410917"/>
<connection id="58309" src-id="39475" dest-id="53329" weight="-5.332466702901135"/>
<connection id="58310" src-id="44238" dest-id="57517" weight="-6.186183977468916"/>
<connection id="58311" src-id="39490" dest-id="57520" weight="-4.098873823068583"/>
<connection id="58312" src-id="41565" dest-id="57517" weight="-7.256391579436779"/>
<connection id="58314" src-id="39484" dest-id="53329" weight="4.043268802286629"/>
<connection id="58315" src-id="39494" dest-id="52033" weight="1.465925892106977"/>
<connection id="58317" src-id="39507" dest-id="53983" weight="0.7557568956703702"/>
<connection id="58318" src-id="39492" dest-id="52033" weight="0.9735428342535963"/>
<connection id="58320" src-id="39506" dest-id="44023" weight="-0.11160382787256706"/>
<connection id="58321" src-id="53350" dest-id="45073" weight="6.480601265104211"/>
<connection id="58387" src-id="39508" dest-id="53350" weight="2.919436747617075"/>
<connection id="58452" src-id="44238" dest-id="39512" weight="-3.1963937255604473"/>
<connection id="58735" src-id="41526" dest-id="43100" weight="-0.6096172135806064"/>
<connection id="58744" src-id="57514" dest-id="39512" weight="1.7131466994032127"/>
<connection id="58775" src-id="43368" dest-id="41565" weight="-1.1159504501332451"/>
<connection id="58860" src-id="49582" dest-id="40505" weight="6.570059284315917"/>
<connection id="58864" src-id="39486" dest-id="54795" weight="-0.7856822583190763"/>
<connection id="58881" src-id="55616" dest-id="41580" weight="-4.131330315817136"/>
<connection id="59019" src-id="39486" dest-id="43100" weight="3.7823144755048914"/>
<connection id="59138" src-id="40493" dest-id="57514" weight="0.6096797077949443"/>
<connection id="59139" src-id="49112" dest-id="57517" weight="5.968796065136256"/>
<connection id="59141" src-id="41118" dest-id="45073" weight="-2.70590155614635"/>
<connection id="59149" src-id="43368" dest-id="39512" weight="-0.4753013849258423"/>
<connection id="59152" src-id="55616" dest-id="39512" weight="-2.4294467040295777"/>
<connection id="59221" src-id="52033" dest-id="45073" weight="3.9264949077751137"/>
<connection id="59231" src-id="53983" dest-id="50997" weight="0.06086316857536067"/>
<connection id="59351" src-id="39502" dest-id="41526" weight="10.42463793935923"/>
<connection id="59366" src-id="39470" dest-id="54795" weight="9.931453152665064"/>
<neuron id="59576" type="hid" activation="sigmoid"/>
<connection id="59577" src-id="39497" dest-id="59576" weight="3.0942387993220852"/>
<connection id="59578" src-id="59576" dest-id="41562" weight="4.134087554627568"/>
<neuron id="59588" type="hid" activation="sigmoid"/>
<connection id="59589" src-id="39489" dest-id="59588" weight="1.055913128368384"/>
<connection id="59590" src-id="59588" dest-id="42140" weight="-11.135442712910525"/>
<connection id="59720" src-id="39497" dest-id="53983" weight="-0.9506877650066865"/>
<connection id="59880" src-id="52033" dest-id="54795" weight="-1.0961814732490212"/>
<connection id="59886" src-id="39500" dest-id="57517" weight="-3.9713617456717007"/>
<connection id="59941" src-id="50997" dest-id="39557" weight="-9.899176130400619"/>
<connection id="59991" src-id="55616" dest-id="39645" weight="-13.594054211382694"/>
<connection id="59993" src-id="44247" dest-id="53329" weight="-3.147904897920984"/>
<connection id="59994" src-id="49582" dest-id="55616" weight="0.5945196966048595"/>
<connection id="59997" src-id="41538" dest-id="57517" weight="4.580742662833912"/>
<connection id="59998" src-id="41526" dest-id="39645" weight="-3.2028842343547055"/>
<connection id="59999" src-id="47684" dest-id="55616" weight="2.5065072582482357"/>
<connection id="60001" src-id="41876" dest-id="41526" weight="-4.955316936610163"/>
<connection id="60002" src-id="40502" dest-id="57520" weight="-7.6798402772302135"/>
<connection id="60004" src-id="57520" dest-id="46882" weight="-3.3310273446099057"/>
<connection id="60005" src-id="39496" dest-id="40502" weight="-2.0808796072055515"/>
<connection id="60006" src-id="42155" dest-id="43377" weight="-10.606570751411088"/>
<connection id="60008" src-id="54795" dest-id="57517" weight="-3.0784303332363923"/>
<connection id="60009" src-id="48133" dest-id="41580" weight="-3.519010516639714"/>
<connection id="60206" src-id="53983" dest-id="44247" weight="3.41227483848604"/>
<connection id="60258" src-id="43368" dest-id="44032" weight="-3.0904908228270154"/>
<connection id="60292" src-id="39498" dest-id="44247" weight="1.9949199560841404"/>
<connection id="60335" src-id="46882" dest-id="53983" weight="-4.254456869869582"/>
<connection id="60350" src-id="57520" dest-id="42880" weight="-2.514736462960446"/>
<connection id="60398" src-id="40502" dest-id="53983" weight="-5.050055161526831"/>
<connection id="60412" src-id="39481" dest-id="53350" weight="5.014385243622468"/>
<connection id="60438" src-id="43368" dest-id="39557" weight="-4.644023496059768"/>
<connection id="60458" src-id="45073" dest-id="55616" weight="-1.0928971605256224"/>
<neuron id="60601" type="hid" activation="sigmoid"/>
<connection id="60602" src-id="39496" dest-id="60601" weight="7.546482497899642"/>
<connection id="60603" src-id="60601" dest-id="41906" weight="4.567020931503285"/>
<neuron id="60652" type="hid" activation="sigmoid"/>
<connection id="60653" src-id="49582" dest-id="60652" weight="10.017791948609823"/>
<connection id="60654" src-id="60652" dest-id="47283" weight="13.984196607814155"/>
<connection id="60785" src-id="39485" dest-id="57520" weight="-1.6013570785304077"/>
<connection id="60863" src-id="39503" dest-id="53329" weight="6.855709559596276"/>
<connection id="60951" src-id="43368" dest-id="57517" weight="1.6029371563072605"/>
<connection id="60952" src-id="39506" dest-id="40502" weight="5.769074068466909"/>
<connection id="60955" src-id="39474" dest-id="44032" weight="4.42169208057523"/>
<connection id="61081" src-id="39503" dest-id="53983" weight="-3.713300108468373"/>
<connection id="61422" src-id="44247" dest-id="55616" weight="5.5676324406276185"/>
<connection id="61564" src-id="39488" dest-id="57517" weight="0.41272126920659624"/>
<neuron id="61699" type="hid" activation="sigmoid"/>
<connection id="61700" src-id="55616" dest-id="61699" weight="2.2641984302217413"/>
<connection id="61701" src-id="61699" dest-id="43377" weight="18.769542605319977"/>
<neuron id="61702" type="hid" activation="sigmoid"/>
<connection id="61703" src-id="39482" dest-id="61702" weight="-7.741426675167423"/>
<connection id="61704" src-id="61702" dest-id="43377" weight="1.1401427360758056"/>
<neuron id="61708" type="hid" activation="sigmoid"/>
<connection id="61709" src-id="40493" dest-id="61708" weight="2.1204692291480907"/>
<connection id="61710" src-id="61708" dest-id="42140" weight="-10.418871408733558"/>
<neuron id="61768" type="hid" activation="sigmoid"/>
<connection id="61769" src-id="57517" dest-id="61768" weight="2.579466851309822"/>
<connection id="61770" src-id="61768" dest-id="39512" weight="-4.5425617939679945"/>
<neuron id="61795" type="hid" activation="sigmoid"/>
<connection id="61796" src-id="52033" dest-id="61795" weight="3.8412835665911778"/>
<connection id="61797" src-id="61795" dest-id="41580" weight="-11.721399647416629"/>
<connection id="62004" src-id="39510" dest-id="60652" weight="1.2963557160128278"/>
<connection id="62134" src-id="39470" dest-id="51012" weight="-4.330161385966677"/>
<connection id="62392" src-id="57520" dest-id="49582" weight="-1.4695127890020905"/>
<connection id="62462" src-id="60601" dest-id="42140" weight="3.0975022818179063"/>
<connection id="62463" src-id="40553" dest-id="42880" weight="4.949608804924184"/>
<connection id="62464" src-id="61702" dest-id="53329" weight="-0.28721305927393104"/>
<connection id="62468" src-id="39472" dest-id="60601" weight="2.0080783584556667"/>
<connection id="62471" src-id="55646" dest-id="45073" weight="-4.8621874113939025"/>
<connection id="62472" src-id="40553" dest-id="43100" weight="3.014316931031162"/>
<connection id="62473" src-id="39503" dest-id="60601" weight="-2.813489119380625"/>
<connection id="62477" src-id="39497" dest-id="55646" weight="-8.257656839986005"/>
<connection id="62479" src-id="43588" dest-id="61708" weight="-6.843580231879892"/>
<connection id="62481" src-id="39497" dest-id="45073" weight="1.8704635042882118"/>
<connection id="62482" src-id="49112" dest-id="43100" weight="6.405231565265635"/>
<connection id="62483" src-id="61708" dest-id="39557" weight="4.264123255944652"/>
<connection id="62485" src-id="57520" dest-id="55616" weight="-1.9066874950442956"/>
<connection id="62487" src-id="61702" dest-id="39512" weight="9.375630840175303"/>
<connection id="62491" src-id="60652" dest-id="40553" weight="-3.6735498642661337"/>
<connection id="62492" src-id="41520" dest-id="57514" weight="3.248797560502995"/>
<connection id="62494" src-id="39480" dest-id="54795" weight="-1.2821943804267484"/>
<connection id="62495" src-id="39498" dest-id="61699" weight="-3.3264153408145445"/>
<connection id="62674" src-id="43377" dest-id="59588" weight="-0.9582821811255633"/>
<neuron id="63104" type="hid" activation="sigmoid"/>
<connection id="63105" src-id="39499" dest-id="63104" weight="-0.21842708877465666"/>
<connection id="63106" src-id="63104" dest-id="46882" weight="5.4775155833825355"/>
<connection id="63407" src-id="39476" dest-id="61699" weight="2.947839837896298"/>
<connection id="63643" src-id="39511" dest-id="61702" weight="2.2252182442611494"/>
<connection id="63672" src-id="39470" dest-id="43603" weight="-2.5214169055871767"/>
<connection id="64044" src-id="61702" dest-id="44032" weight="1.868073289160985"/>
<connection id="64049" src-id="57520" dest-id="48590" weight="-1.252179583338889"/>
<connection id="64108" src-id="39473" dest-id="60652" weight="1.3837153466673742"/>
<connection id="64199" src-id="39495" dest-id="53326" weight="4.665019222008558"/>
<connection id="64200" src-id="39502" dest-id="57517" weight="-3.506141120247596"/>
<connection id="64201" src-id="44023" dest-id="54037" weight="3.3757592068647395"/>
<connection id="64202" src-id="41526" dest-id="49112" weight="5.512436896829271"/>
<connection id="64203" src-id="43603" dest-id="48590" weight="1.135344341284938"/>
<connection id="64204" src-id="43808" dest-id="61699" weight="1.4148444345919111"/>
<connection id="64206" src-id="40553" dest-id="61708" weight="3.506727338752851"/>
<connection id="64207" src-id="39499" dest-id="43603" weight="1.4293999471868524"/>
<connection id="64208" src-id="44238" dest-id="60601" weight="3.424604545078095"/>
<connection id="64209" src-id="43368" dest-id="56656" weight="-0.39625796085613896"/>
<connection id="64210" src-id="39500" dest-id="61699" weight="-3.5196605008239743"/>
<connection id="64211" src-id="45917" dest-id="61699" weight="-5.734902287786746"/>
<connection id="64213" src-id="39503" dest-id="57520" weight="2.2048949125848933"/>
<connection id="64216" src-id="39471" dest-id="54037" weight="3.0180167024075244"/>
<connection id="64218" src-id="40553" dest-id="55646" weight="0.9382572136311089"/>
<connection id="64221" src-id="39496" dest-id="57514" weight="1.2747181228075943"/>
<connection id="64222" src-id="54037" dest-id="39557" weight="-8.781120228206492"/>
<connection id="64224" src-id="39496" dest-id="54037" weight="-5.5606050009346735"/>
<connection id="64225" src-id="48133" dest-id="47684" weight="3.281451804885585"/>
<connection id="64226" src-id="39508" dest-id="61699" weight="3.104347403587836"/>
<connection id="64227" src-id="44247" dest-id="54037" weight="2.089475913485832"/>
<connection id="64230" src-id="39505" dest-id="51012" weight="1.6110059365177158"/>
<connection id="64231" src-id="39510" dest-id="56656" weight="-3.4272710673810645"/>
<neuron id="64419" type="hid" activation="sigmoid"/>
<connection id="64420" src-id="56656" dest-id="64419" weight="5.104003923386448"/>
<connection id="64421" src-id="64419" dest-id="40505" weight="5.621904603813541"/>
<neuron id="64440" type="hid" activation="sigmoid"/>
<connection id="64441" src-id="39476" dest-id="64440" weight="0.732668837239137"/>
<connection id="64442" src-id="64440" dest-id="49582" weight="-0.2709062719659288"/>
<connection id="64515" src-id="41538" dest-id="53329" weight="5.312115055121298"/>
<connection id="64610" src-id="63104" dest-id="44238" weight="-0.9028792918338553"/>
<connection id="65273" src-id="64440" dest-id="42140" weight="-0.8812348178616625"/>
<connection id="65276" src-id="39498" dest-id="45073" weight="-0.24412672882806455"/>
<connection id="65282" src-id="56656" dest-id="46882" weight="4.226834217384091"/>
<connection id="65283" src-id="61702" dest-id="60601" weight="1.822844977251203"/>
<connection id="65286" src-id="41906" dest-id="61708" weight="-1.7919593193930945"/>
<connection id="65287" src-id="40502" dest-id="53326" weight="2.618752009026363"/>
<connection id="65289" src-id="39503" dest-id="63104" weight="-6.618376388225043"/>
<connection id="65290" src-id="39500" dest-id="63104" weight="-1.0263842214844783"/>
<connection id="65294" src-id="55646" dest-id="39513" weight="0.4769613742828369"/>
<connection id="65299" src-id="41526" dest-id="41906" weight="2.362276314212816"/>
<connection id="65300" src-id="48602" dest-id="61708" weight="4.493311838154362"/>
<connection id="65301" src-id="39476" dest-id="63104" weight="-0.6818980681144837"/>
<connection id="65302" src-id="39499" dest-id="57520" weight="-1.5265844782185203"/>
<connection id="65303" src-id="39503" dest-id="61768" weight="-3.8069680794823775"/>
<connection id="65304" src-id="43603" dest-id="44023" weight="0.6385970115661621"/>
<connection id="65305" src-id="41565" dest-id="56656" weight="-0.0019261585586271557"/>
<connection id="65306" src-id="54795" dest-id="61768" weight="2.3744883625097115"/>
<connection id="65307" src-id="51012" dest-id="43368" weight="-2.2622482593491293"/>
<connection id="65308" src-id="53983" dest-id="53350" weight="0.35236358642578125"/>
<connection id="65309" src-id="41565" dest-id="60601" weight="-0.48309958065946046"/>
<connection id="65310" src-id="39475" dest-id="54037" weight="4.390376112300964"/>
<connection id="65398" src-id="55646" dest-id="61699" weight="1.0820677789375686"/>
<neuron id="66004" type="hid" activation="sigmoid"/>
<connection id="66005" src-id="39499" dest-id="66004" weight="8.088248589508419"/>
<connection id="66006" src-id="66004" dest-id="47684" weight="-5.13283676391203"/>
<connection id="66170" src-id="39479" dest-id="44238" weight="-2.3126039994698746"/>
<connection id="66330" src-id="46882" dest-id="52618" weight="4.467648659040702"/>
<connection id="66623" src-id="43368" dest-id="41858" weight="2.6405725830379896"/>
<connection id="66744" src-id="39507" dest-id="61768" weight="-3.223240419998918"/>
<connection id="67030" src-id="45073" dest-id="57514" weight="-0.24547367149739363"/>
<connection id="67031" src-id="40553" dest-id="43097" weight="0.7535505294799805"/>
<connection id="67032" src-id="40493" dest-id="60601" weight="-1.5316909554842235"/>
<connection id="67036" src-id="51012" dest-id="39601" weight="0.4440363645553589"/>
<connection id="67040" src-id="57520" dest-id="53326" weight="-2.631067761989775"/>
<connection id="67043" src-id="64440" dest-id="49112" weight="-1.0467665866257874"/>
<connection id="67044" src-id="39473" dest-id="66004" weight="-2.951362163296898"/>
<connection id="67047" src-id="39506" dest-id="60601" weight="3.5067424664454707"/>
<connection id="67048" src-id="39508" dest-id="57517" weight="1.2142168327680212"/>
<connection id="67049" src-id="39503" dest-id="56656" weight="4.286032585109439"/>
<connection id="67050" src-id="45073" dest-id="53326" weight="-0.5560104846954346"/>
<connection id="67056" src-id="56656" dest-id="43588" weight="1.8094940708754594"/>
<connection id="67058" src-id="41876" dest-id="43603" weight="2.8470672295091206"/>
<connection id="67059" src-id="41565" dest-id="59588" weight="-1.3385943097867308"/>
<connection id="67060" src-id="44238" dest-id="61768" weight="-0.38753148506081997"/>
<connection id="67062" src-id="39499" dest-id="59576" weight="1.23878047518295"/>
<connection id="67063" src-id="39506" dest-id="55646" weight="0.32706060125375847"/>
<connection id="67065" src-id="39505" dest-id="48602" weight="1.6747694556093218"/>
<connection id="67066" src-id="39486" dest-id="48602" weight="0.6598954035326621"/>
<connection id="67067" src-id="39480" dest-id="64440" weight="6.866528120748439"/>
<connection id="67068" src-id="55646" dest-id="39601" weight="0.9534813165664673"/>
<connection id="67070" src-id="39507" dest-id="63104" weight="1.9301425326452781"/>
<connection id="67071" src-id="39502" dest-id="61702" weight="0.6083447933197021"/>
<connection id="67072" src-id="39473" dest-id="61699" weight="0.7790504566739964"/>
<neuron id="67555" type="hid" activation="sigmoid"/>
<connection id="67556" src-id="39489" dest-id="67555" weight="1.0"/>
<connection id="67557" src-id="67555" dest-id="43097" weight="-6.909099326867453"/>
</chromosome>