<chromosome id="42190" primary-parent-id="41948"><neuron id="39470" type="in" activation="linear"/>
<neuron id="39471" type="in" activation="linear"/>
<neuron id="39472" type="in" activation="linear"/>
<neuron id="39473" type="in" activation="linear"/>
<neuron id="39474" type="in" activation="linear"/>
<neuron id="39475" type="in" activation="linear"/>
<neuron id="39476" type="in" activation="linear"/>
<neuron id="39477" type="in" activation="linear"/>
<neuron id="39478" type="in" activation="linear"/>
<neuron id="39479" type="in" activation="linear"/>
<neuron id="39480" type="in" activation="linear"/>
<neuron id="39481" type="in" activation="linear"/>
<neuron id="39482" type="in" activation="linear"/>
<neuron id="39483" type="in" activation="linear"/>
<neuron id="39484" type="in" activation="linear"/>
<neuron id="39485" type="in" activation="linear"/>
<neuron id="39486" type="in" activation="linear"/>
<neuron id="39487" type="in" activation="linear"/>
<neuron id="39488" type="in" activation="linear"/>
<neuron id="39489" type="in" activation="linear"/>
<neuron id="39490" type="in" activation="linear"/>
<neuron id="39491" type="in" activation="linear"/>
<neuron id="39492" type="in" activation="linear"/>
<neuron id="39493" type="in" activation="linear"/>
<neuron id="39494" type="in" activation="linear"/>
<neuron id="39495" type="in" activation="linear"/>
<neuron id="39496" type="in" activation="linear"/>
<neuron id="39497" type="in" activation="linear"/>
<neuron id="39498" type="in" activation="linear"/>
<neuron id="39499" type="in" activation="linear"/>
<neuron id="39500" type="in" activation="linear"/>
<neuron id="39501" type="in" activation="linear"/>
<neuron id="39502" type="in" activation="linear"/>
<neuron id="39503" type="in" activation="linear"/>
<neuron id="39504" type="in" activation="linear"/>
<neuron id="39505" type="in" activation="linear"/>
<neuron id="39506" type="in" activation="linear"/>
<neuron id="39507" type="in" activation="linear"/>
<neuron id="39508" type="in" activation="linear"/>
<neuron id="39509" type="in" activation="linear"/>
<neuron id="39510" type="in" activation="linear"/>
<neuron id="39511" type="in" activation="linear"/>
<neuron id="39512" type="out" activation="linear"/>
<neuron id="39513" type="hid" activation="sigmoid"/>
<connection id="39514" src-id="39470" dest-id="39513" weight="3.861040339752043"/>
<connection id="39515" src-id="39471" dest-id="39513" weight="-0.3407739690889534"/>
<connection id="39516" src-id="39472" dest-id="39513" weight="-3.5328071373513663"/>
<connection id="39517" src-id="39473" dest-id="39513" weight="5.560260738388658"/>
<connection id="39518" src-id="39474" dest-id="39513" weight="0.5549358449057649"/>
<connection id="39519" src-id="39475" dest-id="39513" weight="8.29228363274559"/>
<connection id="39520" src-id="39476" dest-id="39513" weight="5.602952852541415"/>
<connection id="39521" src-id="39477" dest-id="39513" weight="-3.321198241274611"/>
<connection id="39522" src-id="39478" dest-id="39513" weight="0.1390230581294667"/>
<connection id="39523" src-id="39479" dest-id="39513" weight="-7.481184632315652"/>
<connection id="39524" src-id="39480" dest-id="39513" weight="-0.39417229214162974"/>
<connection id="39526" src-id="39482" dest-id="39513" weight="1.6774223668282013"/>
<connection id="39527" src-id="39483" dest-id="39513" weight="2.436212689724149"/>
<connection id="39528" src-id="39484" dest-id="39513" weight="-0.6376809583348044"/>
<connection id="39529" src-id="39485" dest-id="39513" weight="0.34902337689457097"/>
<connection id="39530" src-id="39486" dest-id="39513" weight="4.301094533512049"/>
<connection id="39531" src-id="39487" dest-id="39513" weight="-7.998282339261167"/>
<connection id="39532" src-id="39488" dest-id="39513" weight="-3.9834159177278097"/>
<connection id="39533" src-id="39489" dest-id="39513" weight="3.5897648711138403"/>
<connection id="39534" src-id="39490" dest-id="39513" weight="1.1446664434060176"/>
<connection id="39535" src-id="39491" dest-id="39513" weight="-7.243907912252935"/>
<connection id="39536" src-id="39492" dest-id="39513" weight="-0.0722224416443904"/>
<connection id="39537" src-id="39493" dest-id="39513" weight="3.4769521343630534"/>
<connection id="39538" src-id="39494" dest-id="39513" weight="-0.578421739830864"/>
<connection id="39539" src-id="39495" dest-id="39513" weight="-0.5470781326293945"/>
<connection id="39540" src-id="39496" dest-id="39513" weight="-4.234501670482637"/>
<connection id="39541" src-id="39497" dest-id="39513" weight="2.09457372326725"/>
<connection id="39542" src-id="39498" dest-id="39513" weight="-2.0732064917613267"/>
<connection id="39543" src-id="39499" dest-id="39513" weight="-2.9185806762227147"/>
<connection id="39544" src-id="39500" dest-id="39513" weight="1.7844400707743615"/>
<connection id="39545" src-id="39501" dest-id="39513" weight="5.93319308800789"/>
<connection id="39546" src-id="39502" dest-id="39513" weight="11.901539424814047"/>
<connection id="39547" src-id="39503" dest-id="39513" weight="0.6594271559250022"/>
<connection id="39548" src-id="39504" dest-id="39513" weight="-3.38663871012163"/>
<connection id="39549" src-id="39505" dest-id="39513" weight="-4.6704376354718935"/>
<connection id="39550" src-id="39506" dest-id="39513" weight="8.911793552641644"/>
<connection id="39551" src-id="39507" dest-id="39513" weight="0.1891664269367761"/>
<connection id="39552" src-id="39508" dest-id="39513" weight="3.1494196880092256"/>
<connection id="39554" src-id="39510" dest-id="39513" weight="1.7142843891405728"/>
<connection id="39555" src-id="39511" dest-id="39513" weight="5.544443051150904"/>
<connection id="39556" src-id="39513" dest-id="39512" weight="1.0691727321159323"/>
<neuron id="39557" type="hid" activation="sigmoid"/>
<connection id="39558" src-id="39470" dest-id="39557" weight="-4.906540430561214"/>
<connection id="39560" src-id="39472" dest-id="39557" weight="-4.9920574236462585"/>
<connection id="39561" src-id="39473" dest-id="39557" weight="7.001255543138512"/>
<connection id="39562" src-id="39474" dest-id="39557" weight="6.051758766275043"/>
<connection id="39563" src-id="39475" dest-id="39557" weight="3.8748886165605345"/>
<connection id="39564" src-id="39476" dest-id="39557" weight="-7.524109786928376"/>
<connection id="39565" src-id="39477" dest-id="39557" weight="-1.5760709225839675"/>
<connection id="39566" src-id="39478" dest-id="39557" weight="2.378956091855227"/>
<connection id="39567" src-id="39479" dest-id="39557" weight="0.6247883414272646"/>
<connection id="39568" src-id="39480" dest-id="39557" weight="-0.7589366503896164"/>
<connection id="39569" src-id="39481" dest-id="39557" weight="3.253450581086267"/>
<connection id="39570" src-id="39482" dest-id="39557" weight="4.8576253112152905"/>
<connection id="39571" src-id="39483" dest-id="39557" weight="0.6816328411858388"/>
<connection id="39572" src-id="39484" dest-id="39557" weight="3.4860863508234106"/>
<connection id="39573" src-id="39485" dest-id="39557" weight="6.434964353763368"/>
<connection id="39574" src-id="39486" dest-id="39557" weight="-4.706821255860603"/>
<connection id="39575" src-id="39487" dest-id="39557" weight="5.571386977132687"/>
<connection id="39576" src-id="39488" dest-id="39557" weight="-4.193991667689671"/>
<connection id="39577" src-id="39489" dest-id="39557" weight="3.631585840682686"/>
<connection id="39578" src-id="39490" dest-id="39557" weight="-1.7127202148833023"/>
<connection id="39579" src-id="39491" dest-id="39557" weight="-1.1885417734947805"/>
<connection id="39580" src-id="39492" dest-id="39557" weight="6.162858478883574"/>
<connection id="39581" src-id="39493" dest-id="39557" weight="-0.3693191528976767"/>
<connection id="39582" src-id="39494" dest-id="39557" weight="0.6833807232769591"/>
<connection id="39583" src-id="39495" dest-id="39557" weight="0.09198872045204176"/>
<connection id="39584" src-id="39496" dest-id="39557" weight="3.9663147291029435"/>
<connection id="39585" src-id="39497" dest-id="39557" weight="0.7629373921407341"/>
<connection id="39586" src-id="39498" dest-id="39557" weight="7.269757118035888"/>
<connection id="39587" src-id="39499" dest-id="39557" weight="0.16199305847862844"/>
<connection id="39588" src-id="39500" dest-id="39557" weight="-9.072695996590646"/>
<connection id="39589" src-id="39501" dest-id="39557" weight="3.8524689129395426"/>
<connection id="39590" src-id="39502" dest-id="39557" weight="0.5996886954336111"/>
<connection id="39591" src-id="39503" dest-id="39557" weight="4.224004115650977"/>
<connection id="39592" src-id="39504" dest-id="39557" weight="0.10128279102865634"/>
<connection id="39593" src-id="39505" dest-id="39557" weight="0.7363317022987562"/>
<connection id="39594" src-id="39506" dest-id="39557" weight="0.45754853438166765"/>
<connection id="39595" src-id="39507" dest-id="39557" weight="1.0047718869227993"/>
<connection id="39596" src-id="39508" dest-id="39557" weight="-3.4542254642367194"/>
<connection id="39597" src-id="39509" dest-id="39557" weight="6.069596503323647"/>
<connection id="39598" src-id="39510" dest-id="39557" weight="1.820687125097755"/>
<connection id="39599" src-id="39511" dest-id="39557" weight="0.03371614062547523"/>
<connection id="39600" src-id="39557" dest-id="39512" weight="2.42280322991134"/>
<neuron id="39601" type="hid" activation="sigmoid"/>
<connection id="39602" src-id="39470" dest-id="39601" weight="1.2880201531375777"/>
<connection id="39603" src-id="39471" dest-id="39601" weight="-1.084266583158051"/>
<connection id="39604" src-id="39472" dest-id="39601" weight="-2.6202471567705317"/>
<connection id="39605" src-id="39473" dest-id="39601" weight="3.7080470829003005"/>
<connection id="39606" src-id="39474" dest-id="39601" weight="0.17196073091174613"/>
<connection id="39607" src-id="39475" dest-id="39601" weight="3.701902812657205"/>
<connection id="39608" src-id="39476" dest-id="39601" weight="0.9438914696005036"/>
<connection id="39609" src-id="39477" dest-id="39601" weight="1.4937836292237405"/>
<connection id="39611" src-id="39479" dest-id="39601" weight="1.13602565313665"/>
<connection id="39612" src-id="39480" dest-id="39601" weight="-2.066225495070119"/>
<connection id="39613" src-id="39481" dest-id="39601" weight="-1.9249435946893314"/>
<connection id="39614" src-id="39482" dest-id="39601" weight="6.535617386852447"/>
<connection id="39615" src-id="39483" dest-id="39601" weight="-0.919468370146518"/>
<connection id="39616" src-id="39484" dest-id="39601" weight="-5.432382772187265"/>
<connection id="39617" src-id="39485" dest-id="39601" weight="0.7328586552074987"/>
<connection id="39618" src-id="39486" dest-id="39601" weight="1.1432682278242354"/>
<connection id="39620" src-id="39488" dest-id="39601" weight="-7.748460602450661"/>
<connection id="39621" src-id="39489" dest-id="39601" weight="-6.065128244336638"/>
<connection id="39622" src-id="39490" dest-id="39601" weight="-0.4172258443392022"/>
<connection id="39623" src-id="39491" dest-id="39601" weight="1.2226771401120287"/>
<connection id="39624" src-id="39492" dest-id="39601" weight="3.303885227219767"/>
<connection id="39625" src-id="39493" dest-id="39601" weight="4.3517182665672225"/>
<connection id="39626" src-id="39494" dest-id="39601" weight="3.6342874247018857"/>
<connection id="39627" src-id="39495" dest-id="39601" weight="-0.8988963345836704"/>
<connection id="39628" src-id="39496" dest-id="39601" weight="3.8198430700404886"/>
<connection id="39629" src-id="39497" dest-id="39601" weight="-3.9406984312423523"/>
<connection id="39630" src-id="39498" dest-id="39601" weight="4.310744582518567"/>
<connection id="39631" src-id="39499" dest-id="39601" weight="-0.006522114687062097"/>
<connection id="39632" src-id="39500" dest-id="39601" weight="-0.5281918636903069"/>
<connection id="39633" src-id="39501" dest-id="39601" weight="-15.866014586786193"/>
<connection id="39634" src-id="39502" dest-id="39601" weight="3.420296892545529"/>
<connection id="39635" src-id="39503" dest-id="39601" weight="1.81541110953104"/>
<connection id="39636" src-id="39504" dest-id="39601" weight="-3.2579429422125963"/>
<connection id="39637" src-id="39505" dest-id="39601" weight="3.0743115864551736"/>
<connection id="39638" src-id="39506" dest-id="39601" weight="5.768434794686845"/>
<connection id="39639" src-id="39507" dest-id="39601" weight="7.567571038587316"/>
<connection id="39640" src-id="39508" dest-id="39601" weight="1.2199859292665267"/>
<connection id="39641" src-id="39509" dest-id="39601" weight="-1.0844211354520779"/>
<connection id="39642" src-id="39510" dest-id="39601" weight="-1.4683138590613494"/>
<connection id="39643" src-id="39511" dest-id="39601" weight="-2.8872498475241444"/>
<connection id="39644" src-id="39601" dest-id="39512" weight="3.5663959725552576"/>
<neuron id="39645" type="hid" activation="sigmoid"/>
<connection id="39646" src-id="39470" dest-id="39645" weight="8.31908203290834"/>
<connection id="39647" src-id="39471" dest-id="39645" weight="-0.589538800854672"/>
<connection id="39648" src-id="39472" dest-id="39645" weight="5.527394897141008"/>
<connection id="39649" src-id="39473" dest-id="39645" weight="-4.479047111719918"/>
<connection id="39650" src-id="39474" dest-id="39645" weight="-8.056277100684571"/>
<connection id="39651" src-id="39475" dest-id="39645" weight="-0.16394957665631718"/>
<connection id="39652" src-id="39476" dest-id="39645" weight="1.9178956062290755"/>
<connection id="39653" src-id="39477" dest-id="39645" weight="7.137984129183954"/>
<connection id="39655" src-id="39479" dest-id="39645" weight="-1.9833512475644715"/>
<connection id="39656" src-id="39480" dest-id="39645" weight="0.7394821406547751"/>
<connection id="39657" src-id="39481" dest-id="39645" weight="5.392666542175787"/>
<connection id="39658" src-id="39482" dest-id="39645" weight="-2.9989986439445127"/>
<connection id="39659" src-id="39483" dest-id="39645" weight="0.24758928632259514"/>
<connection id="39660" src-id="39484" dest-id="39645" weight="8.022957985168473"/>
<connection id="39661" src-id="39485" dest-id="39645" weight="-1.7482285824108206"/>
<connection id="39662" src-id="39486" dest-id="39645" weight="-0.27915177923132983"/>
<connection id="39663" src-id="39487" dest-id="39645" weight="2.1751094280352987"/>
<connection id="39664" src-id="39488" dest-id="39645" weight="-0.6123064013135825"/>
<connection id="39665" src-id="39489" dest-id="39645" weight="1.8275865418075403"/>
<connection id="39666" src-id="39490" dest-id="39645" weight="0.7969958151931902"/>
<connection id="39667" src-id="39491" dest-id="39645" weight="0.23456976186954348"/>
<connection id="39668" src-id="39492" dest-id="39645" weight="-0.624399491294017"/>
<connection id="39669" src-id="39493" dest-id="39645" weight="0.8045450561595384"/>
<connection id="39670" src-id="39494" dest-id="39645" weight="-2.6829965711464707"/>
<connection id="39671" src-id="39495" dest-id="39645" weight="-7.008247945702494"/>
<connection id="39672" src-id="39496" dest-id="39645" weight="1.052980896826869"/>
<connection id="39673" src-id="39497" dest-id="39645" weight="0.1376850897817401"/>
<connection id="39674" src-id="39498" dest-id="39645" weight="-0.6316791743844326"/>
<connection id="39675" src-id="39499" dest-id="39645" weight="-5.779567819386869"/>
<connection id="39676" src-id="39500" dest-id="39645" weight="8.32270740748253"/>
<connection id="39677" src-id="39501" dest-id="39645" weight="1.3601049429253815"/>
<connection id="39679" src-id="39503" dest-id="39645" weight="5.014338858240002"/>
<connection id="39680" src-id="39504" dest-id="39645" weight="-5.11431991215572"/>
<connection id="39681" src-id="39505" dest-id="39645" weight="0.6015460647538098"/>
<connection id="39682" src-id="39506" dest-id="39645" weight="-0.1968354617773489"/>
<connection id="39683" src-id="39507" dest-id="39645" weight="2.4541699308955813"/>
<connection id="39684" src-id="39508" dest-id="39645" weight="-8.550834977796626"/>
<connection id="39685" src-id="39509" dest-id="39645" weight="-6.691264584557294"/>
<connection id="39686" src-id="39510" dest-id="39645" weight="8.138525130594042"/>
<connection id="39687" src-id="39511" dest-id="39645" weight="4.412531120454441"/>
<connection id="39688" src-id="39645" dest-id="39512" weight="-1.18988063862711"/>
<connection id="40961" src-id="39491" dest-id="39512" weight="0.09893008173729534"/>
<connection id="40962" src-id="39513" dest-id="39645" weight="-2.1097727763055873"/>
<connection id="41245" src-id="39484" dest-id="39512" weight="2.226008078488348"/>
<neuron id="41520" type="hid" activation="sigmoid"/>
<connection id="41521" src-id="39511" dest-id="41520" weight="-1.098786406430703"/>
<connection id="41522" src-id="41520" dest-id="39557" weight="0.06181802343855958"/>
<neuron id="41523" type="hid" activation="sigmoid"/>
<connection id="41524" src-id="39509" dest-id="41523" weight="-1.2957817466262356"/>
<connection id="41525" src-id="41523" dest-id="39513" weight="2.5524628419858226"/>
<connection id="41733" src-id="39509" dest-id="41520" weight="-3.751346265400937"/>
<connection id="42051" src-id="39474" dest-id="41523" weight="1.0382127818523088"/>
</chromosome>