<chromosome id="45971" primary-parent-id="45717"><neuron id="39470" type="in" activation="linear"/>
<neuron id="39471" type="in" activation="linear"/>
<neuron id="39472" type="in" activation="linear"/>
<neuron id="39473" type="in" activation="linear"/>
<neuron id="39474" type="in" activation="linear"/>
<neuron id="39475" type="in" activation="linear"/>
<neuron id="39476" type="in" activation="linear"/>
<neuron id="39477" type="in" activation="linear"/>
<neuron id="39478" type="in" activation="linear"/>
<neuron id="39479" type="in" activation="linear"/>
<neuron id="39480" type="in" activation="linear"/>
<neuron id="39481" type="in" activation="linear"/>
<neuron id="39482" type="in" activation="linear"/>
<neuron id="39483" type="in" activation="linear"/>
<neuron id="39484" type="in" activation="linear"/>
<neuron id="39485" type="in" activation="linear"/>
<neuron id="39486" type="in" activation="linear"/>
<neuron id="39487" type="in" activation="linear"/>
<neuron id="39488" type="in" activation="linear"/>
<neuron id="39489" type="in" activation="linear"/>
<neuron id="39490" type="in" activation="linear"/>
<neuron id="39491" type="in" activation="linear"/>
<neuron id="39492" type="in" activation="linear"/>
<neuron id="39493" type="in" activation="linear"/>
<neuron id="39494" type="in" activation="linear"/>
<neuron id="39495" type="in" activation="linear"/>
<neuron id="39496" type="in" activation="linear"/>
<neuron id="39497" type="in" activation="linear"/>
<neuron id="39498" type="in" activation="linear"/>
<neuron id="39499" type="in" activation="linear"/>
<neuron id="39500" type="in" activation="linear"/>
<neuron id="39501" type="in" activation="linear"/>
<neuron id="39502" type="in" activation="linear"/>
<neuron id="39503" type="in" activation="linear"/>
<neuron id="39504" type="in" activation="linear"/>
<neuron id="39505" type="in" activation="linear"/>
<neuron id="39506" type="in" activation="linear"/>
<neuron id="39507" type="in" activation="linear"/>
<neuron id="39508" type="in" activation="linear"/>
<neuron id="39509" type="in" activation="linear"/>
<neuron id="39510" type="in" activation="linear"/>
<neuron id="39511" type="in" activation="linear"/>
<neuron id="39512" type="out" activation="linear"/>
<neuron id="39513" type="hid" activation="sigmoid"/>
<connection id="39515" src-id="39471" dest-id="39513" weight="0.4953718245249452"/>
<connection id="39516" src-id="39472" dest-id="39513" weight="1.5702278394850646"/>
<connection id="39517" src-id="39473" dest-id="39513" weight="1.2276311491521932"/>
<connection id="39518" src-id="39474" dest-id="39513" weight="-2.210686503889167"/>
<connection id="39519" src-id="39475" dest-id="39513" weight="10.754712404838997"/>
<connection id="39525" src-id="39481" dest-id="39513" weight="-1.7009993269899668"/>
<connection id="39526" src-id="39482" dest-id="39513" weight="11.129095283657644"/>
<connection id="39527" src-id="39483" dest-id="39513" weight="-1.1624009495320213"/>
<connection id="39528" src-id="39484" dest-id="39513" weight="-5.530709134791647"/>
<connection id="39530" src-id="39486" dest-id="39513" weight="-2.246177277880437"/>
<connection id="39531" src-id="39487" dest-id="39513" weight="12.09285661069957"/>
<connection id="39532" src-id="39488" dest-id="39513" weight="-5.214272414283824"/>
<connection id="39534" src-id="39490" dest-id="39513" weight="1.0767053937676405"/>
<connection id="39535" src-id="39491" dest-id="39513" weight="-5.883460066271164"/>
<connection id="39536" src-id="39492" dest-id="39513" weight="-12.705998380965758"/>
<connection id="39537" src-id="39493" dest-id="39513" weight="4.551613527972501"/>
<connection id="39538" src-id="39494" dest-id="39513" weight="0.039829884165647256"/>
<connection id="39540" src-id="39496" dest-id="39513" weight="-6.2321731282082515"/>
<connection id="39541" src-id="39497" dest-id="39513" weight="-2.5800019111061943"/>
<connection id="39542" src-id="39498" dest-id="39513" weight="7.049857033620059"/>
<connection id="39543" src-id="39499" dest-id="39513" weight="20.23138023227509"/>
<connection id="39544" src-id="39500" dest-id="39513" weight="8.656545823445253"/>
<connection id="39547" src-id="39503" dest-id="39513" weight="7.031972765335101"/>
<connection id="39548" src-id="39504" dest-id="39513" weight="-0.14462979018286726"/>
<connection id="39549" src-id="39505" dest-id="39513" weight="7.149575746050835"/>
<connection id="39550" src-id="39506" dest-id="39513" weight="-9.139154768219733"/>
<connection id="39551" src-id="39507" dest-id="39513" weight="-4.117540758574303"/>
<connection id="39552" src-id="39508" dest-id="39513" weight="-8.21931777826793"/>
<connection id="39553" src-id="39509" dest-id="39513" weight="8.43320937865742"/>
<connection id="39555" src-id="39511" dest-id="39513" weight="9.875760225912696"/>
<neuron id="39601" type="hid" activation="sigmoid"/>
<connection id="39602" src-id="39470" dest-id="39601" weight="-5.985569493171734"/>
<connection id="39603" src-id="39471" dest-id="39601" weight="-1.1537217860313185"/>
<connection id="39604" src-id="39472" dest-id="39601" weight="-1.0937035528789496"/>
<connection id="39605" src-id="39473" dest-id="39601" weight="2.8940747736197734"/>
<connection id="39606" src-id="39474" dest-id="39601" weight="2.1581388020436005"/>
<connection id="39607" src-id="39475" dest-id="39601" weight="8.323386081156235"/>
<connection id="39608" src-id="39476" dest-id="39601" weight="-1.2796294301014526"/>
<connection id="39609" src-id="39477" dest-id="39601" weight="5.05678361876938"/>
<connection id="39611" src-id="39479" dest-id="39601" weight="-2.661387086417447"/>
<connection id="39612" src-id="39480" dest-id="39601" weight="2.86128718170821"/>
<connection id="39614" src-id="39482" dest-id="39601" weight="-4.8416042420589935"/>
<connection id="39615" src-id="39483" dest-id="39601" weight="6.066624157638417"/>
<connection id="39616" src-id="39484" dest-id="39601" weight="1.370331220834281"/>
<connection id="39617" src-id="39485" dest-id="39601" weight="5.55932941592748"/>
<connection id="39618" src-id="39486" dest-id="39601" weight="-7.828223474991362"/>
<connection id="39619" src-id="39487" dest-id="39601" weight="-1.6339056522505522"/>
<connection id="39620" src-id="39488" dest-id="39601" weight="-7.685707747325069"/>
<connection id="39621" src-id="39489" dest-id="39601" weight="0.1042799863375834"/>
<connection id="39623" src-id="39491" dest-id="39601" weight="-1.9596353886629032"/>
<connection id="39624" src-id="39492" dest-id="39601" weight="2.496722614811138"/>
<connection id="39626" src-id="39494" dest-id="39601" weight="8.252664301630919"/>
<connection id="39627" src-id="39495" dest-id="39601" weight="-16.193131193360053"/>
<connection id="39628" src-id="39496" dest-id="39601" weight="8.888409795993216"/>
<connection id="39629" src-id="39497" dest-id="39601" weight="-16.142003226074312"/>
<connection id="39630" src-id="39498" dest-id="39601" weight="-2.4114880130352914"/>
<connection id="39631" src-id="39499" dest-id="39601" weight="0.5740142356480353"/>
<connection id="39632" src-id="39500" dest-id="39601" weight="7.609259597375636"/>
<connection id="39634" src-id="39502" dest-id="39601" weight="8.107674595120958"/>
<connection id="39635" src-id="39503" dest-id="39601" weight="2.852223254552201"/>
<connection id="39636" src-id="39504" dest-id="39601" weight="-9.841153024686838"/>
<connection id="39637" src-id="39505" dest-id="39601" weight="-4.435519491301748"/>
<connection id="39638" src-id="39506" dest-id="39601" weight="3.687431265150634"/>
<connection id="39639" src-id="39507" dest-id="39601" weight="1.86259834149328"/>
<connection id="39640" src-id="39508" dest-id="39601" weight="-4.055553909906751"/>
<connection id="39641" src-id="39509" dest-id="39601" weight="-11.718146687247556"/>
<connection id="39642" src-id="39510" dest-id="39601" weight="-11.060737002345311"/>
<connection id="39643" src-id="39511" dest-id="39601" weight="-8.90564627784824"/>
<connection id="39644" src-id="39601" dest-id="39512" weight="-16.913613422159074"/>
<neuron id="39645" type="hid" activation="sigmoid"/>
<connection id="39646" src-id="39470" dest-id="39645" weight="-10.591470207743765"/>
<connection id="39647" src-id="39471" dest-id="39645" weight="3.5151944621263427"/>
<connection id="39648" src-id="39472" dest-id="39645" weight="-5.302941230673739"/>
<connection id="39650" src-id="39474" dest-id="39645" weight="-5.644878709286623"/>
<connection id="39651" src-id="39475" dest-id="39645" weight="5.7999072130918625"/>
<connection id="39653" src-id="39477" dest-id="39645" weight="-12.853683858699526"/>
<connection id="39657" src-id="39481" dest-id="39645" weight="4.606745561120375"/>
<connection id="39658" src-id="39482" dest-id="39645" weight="-4.911226577472191"/>
<connection id="39659" src-id="39483" dest-id="39645" weight="-1.6837446921995354"/>
<connection id="39660" src-id="39484" dest-id="39645" weight="-16.85317398683754"/>
<connection id="39662" src-id="39486" dest-id="39645" weight="1.984037356932209"/>
<connection id="39664" src-id="39488" dest-id="39645" weight="-9.20291531292624"/>
<connection id="39665" src-id="39489" dest-id="39645" weight="-6.963450758844965"/>
<connection id="39666" src-id="39490" dest-id="39645" weight="-2.2955519604548638"/>
<connection id="39668" src-id="39492" dest-id="39645" weight="-10.869103655419487"/>
<connection id="39670" src-id="39494" dest-id="39645" weight="3.676681343004936"/>
<connection id="39671" src-id="39495" dest-id="39645" weight="-0.9526027736078921"/>
<connection id="39672" src-id="39496" dest-id="39645" weight="-14.698782522925743"/>
<connection id="39673" src-id="39497" dest-id="39645" weight="0.5528270339391956"/>
<connection id="39674" src-id="39498" dest-id="39645" weight="-6.076507052487437"/>
<connection id="39675" src-id="39499" dest-id="39645" weight="5.355590523726054"/>
<connection id="39676" src-id="39500" dest-id="39645" weight="-0.21423233294329158"/>
<connection id="39677" src-id="39501" dest-id="39645" weight="16.4503038745428"/>
<connection id="39678" src-id="39502" dest-id="39645" weight="-4.642638094235781"/>
<connection id="39679" src-id="39503" dest-id="39645" weight="1.7846167577994336"/>
<connection id="39680" src-id="39504" dest-id="39645" weight="-6.6140799743655485"/>
<connection id="39681" src-id="39505" dest-id="39645" weight="3.6092645862110646"/>
<connection id="39682" src-id="39506" dest-id="39645" weight="-1.9105695700512322"/>
<connection id="39683" src-id="39507" dest-id="39645" weight="-2.3725278651735566"/>
<connection id="39685" src-id="39509" dest-id="39645" weight="3.7085527126029034"/>
<connection id="39686" src-id="39510" dest-id="39645" weight="-5.027978891309149"/>
<connection id="39687" src-id="39511" dest-id="39645" weight="3.30710762828815"/>
<connection id="39688" src-id="39645" dest-id="39512" weight="-5.201968918578168"/>
<connection id="40254" src-id="39475" dest-id="39512" weight="2.1857972637563563"/>
<connection id="40361" src-id="39503" dest-id="39512" weight="11.53909944103964"/>
<neuron id="40571" type="hid" activation="sigmoid"/>
<connection id="40572" src-id="39489" dest-id="40571" weight="-7.504083926791468"/>
<connection id="40961" src-id="39491" dest-id="39512" weight="6.9044992836378345"/>
<connection id="40962" src-id="39513" dest-id="39645" weight="1.950168111720763"/>
<connection id="41002" src-id="39496" dest-id="39512" weight="0.8412114396971785"/>
<neuron id="41169" type="hid" activation="sigmoid"/>
<connection id="41170" src-id="39500" dest-id="41169" weight="-8.332418599852662"/>
<connection id="41171" src-id="41169" dest-id="39513" weight="-7.819184441156279"/>
<neuron id="41175" type="hid" activation="sigmoid"/>
<connection id="41176" src-id="39480" dest-id="41175" weight="5.969860153506671"/>
<connection id="41177" src-id="41175" dest-id="39645" weight="-4.9092530267859855"/>
<connection id="41392" src-id="39509" dest-id="39512" weight="0.280724841273995"/>
<neuron id="41556" type="hid" activation="sigmoid"/>
<connection id="41557" src-id="39480" dest-id="41556" weight="-7.068850118072616"/>
<connection id="41558" src-id="41556" dest-id="39513" weight="0.6922843427192213"/>
<neuron id="41562" type="hid" activation="sigmoid"/>
<connection id="41563" src-id="39476" dest-id="41562" weight="2.878713874172634"/>
<connection id="41564" src-id="41562" dest-id="39645" weight="-16.663641820689886"/>
<connection id="41842" src-id="39478" dest-id="41562" weight="10.215028286380914"/>
<connection id="41853" src-id="39504" dest-id="39512" weight="3.4919536626992933"/>
<neuron id="41900" type="hid" activation="sigmoid"/>
<connection id="41901" src-id="39479" dest-id="41900" weight="-4.265086920268569"/>
<connection id="41902" src-id="41900" dest-id="39513" weight="-5.502306021217026"/>
<connection id="42078" src-id="39490" dest-id="40571" weight="8.587021029148406"/>
<neuron id="42131" type="hid" activation="sigmoid"/>
<connection id="42132" src-id="39473" dest-id="42131" weight="-1.1865910080812636"/>
<connection id="42133" src-id="42131" dest-id="39645" weight="0.3284720727065431"/>
<neuron id="42379" type="hid" activation="sigmoid"/>
<connection id="42380" src-id="39485" dest-id="42379" weight="8.723253109203188"/>
<connection id="42381" src-id="42379" dest-id="39645" weight="9.903496440679175"/>
<connection id="42523" src-id="39510" dest-id="40571" weight="1.5118436625552927"/>
<connection id="42788" src-id="39491" dest-id="41562" weight="-1.8736586925464285"/>
<connection id="42953" src-id="39513" dest-id="41562" weight="1.7412056174527226"/>
<connection id="42992" src-id="39497" dest-id="40571" weight="1.370012188143305"/>
<neuron id="43115" type="hid" activation="sigmoid"/>
<connection id="43116" src-id="39481" dest-id="43115" weight="4.468562126234371"/>
<connection id="43117" src-id="43115" dest-id="39601" weight="-15.671018819127077"/>
<neuron id="43124" type="hid" activation="sigmoid"/>
<connection id="43125" src-id="39513" dest-id="43124" weight="-2.1341103530100556"/>
<connection id="43126" src-id="43124" dest-id="39512" weight="2.870944190597291"/>
<connection id="43462" src-id="39507" dest-id="41562" weight="-3.5176718242967997"/>
<connection id="43711" src-id="39506" dest-id="40571" weight="9.167434079471086"/>
<connection id="43898" src-id="39513" dest-id="43115" weight="-3.942372103214333"/>
<connection id="43913" src-id="39496" dest-id="40571" weight="-2.450217937861895"/>
<neuron id="44026" type="hid" activation="sigmoid"/>
<connection id="44027" src-id="39501" dest-id="44026" weight="2.9691910981822653"/>
<connection id="44028" src-id="44026" dest-id="39513" weight="8.900007046306694"/>
<connection id="44224" src-id="44026" dest-id="40571" weight="7.274305332903133"/>
<connection id="44226" src-id="39492" dest-id="43115" weight="1.7354819343589902"/>
<connection id="44227" src-id="39488" dest-id="41169" weight="-11.102212321769866"/>
<connection id="44236" src-id="39470" dest-id="43115" weight="0.7461984157562256"/>
<neuron id="44274" type="hid" activation="sigmoid"/>
<connection id="44276" src-id="44274" dest-id="39513" weight="-12.88017906274655"/>
<connection id="44490" src-id="39507" dest-id="44274" weight="3.9339902623065477"/>
<connection id="44607" src-id="39480" dest-id="44026" weight="0.82652143652823"/>
<connection id="44610" src-id="40571" dest-id="41556" weight="4.1208384597444585"/>
<connection id="44613" src-id="44274" dest-id="41169" weight="-1.7258568104324827"/>
<connection id="44742" src-id="39491" dest-id="40571" weight="3.219415448943414"/>
<connection id="44867" src-id="39473" dest-id="41562" weight="0.843231503086006"/>
<connection id="45243" src-id="39487" dest-id="44026" weight="-3.8884136096417805"/>
<connection id="45502" src-id="39493" dest-id="40571" weight="5.721212702107184"/>
<connection id="45503" src-id="39470" dest-id="43124" weight="3.0224009917239805"/>
<connection id="45504" src-id="41169" dest-id="39645" weight="-0.03967896705564267"/>
<connection id="45505" src-id="39482" dest-id="44274" weight="4.500624964926599"/>
<connection id="45506" src-id="39481" dest-id="42379" weight="1.052416781914168"/>
<connection id="45507" src-id="39476" dest-id="42131" weight="-3.437995032949334"/>
<connection id="45509" src-id="39474" dest-id="44274" weight="5.930110974450171"/>
<connection id="45574" src-id="39486" dest-id="44026" weight="4.326435792367069"/>
<connection id="45769" src-id="41900" dest-id="40571" weight="-1.6891703027816165"/>
<connection id="45771" src-id="39502" dest-id="41900" weight="3.149678356675147"/>
<connection id="45772" src-id="39488" dest-id="41175" weight="3.4839845066820265"/>
<connection id="45774" src-id="39478" dest-id="41175" weight="3.4125522437275"/>
<connection id="45775" src-id="39501" dest-id="41556" weight="-0.29028041395513693"/>
<neuron id="45923" type="hid" activation="sigmoid"/>
<connection id="45924" src-id="40571" dest-id="45923" weight="-1.9049645811327487"/>
<connection id="45925" src-id="45923" dest-id="44274" weight="-2.8922194959900085"/>
</chromosome>