<chromosome id="54427" primary-parent-id="54163"><neuron id="52914" type="in" activation="linear"/>
<neuron id="52915" type="in" activation="linear"/>
<neuron id="52916" type="in" activation="linear"/>
<neuron id="52917" type="in" activation="linear"/>
<neuron id="52918" type="in" activation="linear"/>
<neuron id="52919" type="in" activation="linear"/>
<neuron id="52920" type="in" activation="linear"/>
<neuron id="52921" type="in" activation="linear"/>
<neuron id="52922" type="in" activation="linear"/>
<neuron id="52923" type="in" activation="linear"/>
<neuron id="52924" type="in" activation="linear"/>
<neuron id="52925" type="in" activation="linear"/>
<neuron id="52926" type="in" activation="linear"/>
<neuron id="52927" type="in" activation="linear"/>
<neuron id="52928" type="in" activation="linear"/>
<neuron id="52929" type="in" activation="linear"/>
<neuron id="52930" type="in" activation="linear"/>
<neuron id="52931" type="in" activation="linear"/>
<neuron id="52932" type="in" activation="linear"/>
<neuron id="52933" type="in" activation="linear"/>
<neuron id="52934" type="in" activation="linear"/>
<neuron id="52935" type="in" activation="linear"/>
<neuron id="52936" type="in" activation="linear"/>
<neuron id="52937" type="in" activation="linear"/>
<neuron id="52938" type="in" activation="linear"/>
<neuron id="52939" type="in" activation="linear"/>
<neuron id="52940" type="in" activation="linear"/>
<neuron id="52941" type="in" activation="linear"/>
<neuron id="52942" type="in" activation="linear"/>
<neuron id="52943" type="in" activation="linear"/>
<neuron id="52944" type="in" activation="linear"/>
<neuron id="52945" type="in" activation="linear"/>
<neuron id="52946" type="in" activation="linear"/>
<neuron id="52947" type="in" activation="linear"/>
<neuron id="52948" type="in" activation="linear"/>
<neuron id="52949" type="in" activation="linear"/>
<neuron id="52950" type="in" activation="linear"/>
<neuron id="52951" type="in" activation="linear"/>
<neuron id="52952" type="in" activation="linear"/>
<neuron id="52953" type="in" activation="linear"/>
<neuron id="52954" type="in" activation="linear"/>
<neuron id="52955" type="in" activation="linear"/>
<neuron id="52956" type="out" activation="linear"/>
<neuron id="52957" type="hid" activation="sigmoid"/>
<connection id="52958" src-id="52914" dest-id="52957" weight="0.40949489039852516"/>
<connection id="52959" src-id="52915" dest-id="52957" weight="10.194006944902092"/>
<connection id="52960" src-id="52916" dest-id="52957" weight="5.642525318663908"/>
<connection id="52961" src-id="52917" dest-id="52957" weight="3.282199426169174"/>
<connection id="52962" src-id="52918" dest-id="52957" weight="-7.728250437697377"/>
<connection id="52963" src-id="52919" dest-id="52957" weight="3.3509293778977547"/>
<connection id="52964" src-id="52920" dest-id="52957" weight="-0.005573985969691719"/>
<connection id="52965" src-id="52921" dest-id="52957" weight="-8.825365849281505"/>
<connection id="52966" src-id="52922" dest-id="52957" weight="-2.629651673403111"/>
<connection id="52967" src-id="52923" dest-id="52957" weight="4.4310075506188635"/>
<connection id="52968" src-id="52924" dest-id="52957" weight="-2.332984264186139"/>
<connection id="52969" src-id="52925" dest-id="52957" weight="7.206080484146745"/>
<connection id="52970" src-id="52926" dest-id="52957" weight="1.4239294287584972"/>
<connection id="52971" src-id="52927" dest-id="52957" weight="-2.8168144892208975"/>
<connection id="52972" src-id="52928" dest-id="52957" weight="1.2473335729686759"/>
<connection id="52973" src-id="52929" dest-id="52957" weight="-6.847704864231432"/>
<connection id="52974" src-id="52930" dest-id="52957" weight="6.238320972083861"/>
<connection id="52975" src-id="52931" dest-id="52957" weight="5.465477395282219"/>
<connection id="52976" src-id="52932" dest-id="52957" weight="4.303782337240585"/>
<connection id="52977" src-id="52933" dest-id="52957" weight="1.5007640368474493"/>
<connection id="52978" src-id="52934" dest-id="52957" weight="-3.573991161612338"/>
<connection id="52980" src-id="52936" dest-id="52957" weight="-4.410227645076684"/>
<connection id="52981" src-id="52937" dest-id="52957" weight="-0.56075967094527"/>
<connection id="52982" src-id="52938" dest-id="52957" weight="1.460935056152458"/>
<connection id="52983" src-id="52939" dest-id="52957" weight="-0.23978417022971232"/>
<connection id="52984" src-id="52940" dest-id="52957" weight="-5.232019456050771"/>
<connection id="52985" src-id="52941" dest-id="52957" weight="0.20461131047510395"/>
<connection id="52986" src-id="52942" dest-id="52957" weight="-0.4222228583704217"/>
<connection id="52987" src-id="52943" dest-id="52957" weight="0.36300343237135246"/>
<connection id="52988" src-id="52944" dest-id="52957" weight="2.4185960266273927"/>
<connection id="52989" src-id="52945" dest-id="52957" weight="-2.4680126754748968"/>
<connection id="52991" src-id="52947" dest-id="52957" weight="-2.315181301533025"/>
<connection id="52992" src-id="52948" dest-id="52957" weight="3.686258612328377"/>
<connection id="52993" src-id="52949" dest-id="52957" weight="-11.21499791703868"/>
<connection id="52994" src-id="52950" dest-id="52957" weight="-4.204139780024609"/>
<connection id="52995" src-id="52951" dest-id="52957" weight="-0.5044765683112753"/>
<connection id="52996" src-id="52952" dest-id="52957" weight="4.1819981602211165"/>
<connection id="52997" src-id="52953" dest-id="52957" weight="-1.3849687347037811"/>
<connection id="52998" src-id="52954" dest-id="52957" weight="9.18654997391334"/>
<connection id="52999" src-id="52955" dest-id="52957" weight="0.09656813417657406"/>
<connection id="53000" src-id="52957" dest-id="52956" weight="6.250579873510342"/>
<neuron id="53001" type="hid" activation="sigmoid"/>
<connection id="53002" src-id="52914" dest-id="53001" weight="-3.889475030216518"/>
<connection id="53003" src-id="52915" dest-id="53001" weight="5.112520483413707"/>
<connection id="53004" src-id="52916" dest-id="53001" weight="-2.6149096709649817"/>
<connection id="53005" src-id="52917" dest-id="53001" weight="0.4828000761405135"/>
<connection id="53006" src-id="52918" dest-id="53001" weight="-0.8904819176499714"/>
<connection id="53007" src-id="52919" dest-id="53001" weight="1.8945533264397962"/>
<connection id="53008" src-id="52920" dest-id="53001" weight="-10.845642287756636"/>
<connection id="53009" src-id="52921" dest-id="53001" weight="-0.16187132139486304"/>
<connection id="53011" src-id="52923" dest-id="53001" weight="0.23865846129926283"/>
<connection id="53012" src-id="52924" dest-id="53001" weight="-0.12019112029853041"/>
<connection id="53013" src-id="52925" dest-id="53001" weight="-5.073007090363974"/>
<connection id="53014" src-id="52926" dest-id="53001" weight="5.3569538463698425"/>
<connection id="53015" src-id="52927" dest-id="53001" weight="11.459005653821498"/>
<connection id="53016" src-id="52928" dest-id="53001" weight="2.125674775655801"/>
<connection id="53017" src-id="52929" dest-id="53001" weight="3.6810649902379398"/>
<connection id="53018" src-id="52930" dest-id="53001" weight="-0.4547058257933767"/>
<connection id="53019" src-id="52931" dest-id="53001" weight="0.2704905038358387"/>
<connection id="53020" src-id="52932" dest-id="53001" weight="0.748254490334485"/>
<connection id="53021" src-id="52933" dest-id="53001" weight="-1.3343843702542002"/>
<connection id="53022" src-id="52934" dest-id="53001" weight="-6.228575417770893"/>
<connection id="53023" src-id="52935" dest-id="53001" weight="9.02894559936975"/>
<connection id="53024" src-id="52936" dest-id="53001" weight="-1.0202293579829904"/>
<connection id="53025" src-id="52937" dest-id="53001" weight="-0.7961015494480271"/>
<connection id="53026" src-id="52938" dest-id="53001" weight="-2.994204944092561"/>
<connection id="53027" src-id="52939" dest-id="53001" weight="2.895802322461957"/>
<connection id="53029" src-id="52941" dest-id="53001" weight="7.284653666708943"/>
<connection id="53030" src-id="52942" dest-id="53001" weight="-7.4105511887092765"/>
<connection id="53031" src-id="52943" dest-id="53001" weight="-2.214874020718479"/>
<connection id="53032" src-id="52944" dest-id="53001" weight="0.21773393355328574"/>
<connection id="53033" src-id="52945" dest-id="53001" weight="-4.984911857950079"/>
<connection id="53034" src-id="52946" dest-id="53001" weight="7.725920266246359"/>
<connection id="53035" src-id="52947" dest-id="53001" weight="8.563841624749399"/>
<connection id="53036" src-id="52948" dest-id="53001" weight="-6.85381408447316"/>
<connection id="53037" src-id="52949" dest-id="53001" weight="-3.281279765596775"/>
<connection id="53038" src-id="52950" dest-id="53001" weight="-4.991051011201111"/>
<connection id="53039" src-id="52951" dest-id="53001" weight="0.5732450760014736"/>
<connection id="53040" src-id="52952" dest-id="53001" weight="2.1968553597855953"/>
<connection id="53041" src-id="52953" dest-id="53001" weight="-5.400912616430988"/>
<connection id="53042" src-id="52954" dest-id="53001" weight="-2.593248011772687"/>
<connection id="53043" src-id="52955" dest-id="53001" weight="-2.0879992723800083"/>
<connection id="53044" src-id="53001" dest-id="52956" weight="1.2821840968327647"/>
<neuron id="53045" type="hid" activation="sigmoid"/>
<connection id="53046" src-id="52914" dest-id="53045" weight="-0.45359884200734735"/>
<connection id="53047" src-id="52915" dest-id="53045" weight="-2.008379441640928"/>
<connection id="53048" src-id="52916" dest-id="53045" weight="-3.118123920910935"/>
<connection id="53049" src-id="52917" dest-id="53045" weight="-1.3825164947018864"/>
<connection id="53050" src-id="52918" dest-id="53045" weight="0.7370116745212769"/>
<connection id="53051" src-id="52919" dest-id="53045" weight="0.5722970321479073"/>
<connection id="53052" src-id="52920" dest-id="53045" weight="-1.4477636759559243"/>
<connection id="53053" src-id="52921" dest-id="53045" weight="-5.590903536814836"/>
<connection id="53054" src-id="52922" dest-id="53045" weight="0.6416207281153095"/>
<connection id="53055" src-id="52923" dest-id="53045" weight="5.998078002485791"/>
<connection id="53056" src-id="52924" dest-id="53045" weight="-2.512409507225809"/>
<connection id="53057" src-id="52925" dest-id="53045" weight="3.170833227879427"/>
<connection id="53058" src-id="52926" dest-id="53045" weight="3.8071380860263893"/>
<connection id="53059" src-id="52927" dest-id="53045" weight="7.9613461114756845"/>
<connection id="53060" src-id="52928" dest-id="53045" weight="8.36518495350168"/>
<connection id="53061" src-id="52929" dest-id="53045" weight="-1.5891027093212133"/>
<connection id="53062" src-id="52930" dest-id="53045" weight="0.15800150748138542"/>
<connection id="53063" src-id="52931" dest-id="53045" weight="-2.8736335949608076"/>
<connection id="53064" src-id="52932" dest-id="53045" weight="-1.278814073121399"/>
<connection id="53065" src-id="52933" dest-id="53045" weight="0.6139464281661977"/>
<connection id="53066" src-id="52934" dest-id="53045" weight="3.0797223494487183"/>
<connection id="53067" src-id="52935" dest-id="53045" weight="-1.8613743429697571"/>
<connection id="53068" src-id="52936" dest-id="53045" weight="-3.380195346379878"/>
<connection id="53069" src-id="52937" dest-id="53045" weight="-2.040687025320019"/>
<connection id="53070" src-id="52938" dest-id="53045" weight="-4.807833541545857"/>
<connection id="53071" src-id="52939" dest-id="53045" weight="-2.8806256435857502"/>
<connection id="53072" src-id="52940" dest-id="53045" weight="11.285382148038597"/>
<connection id="53073" src-id="52941" dest-id="53045" weight="-6.9969964378646266"/>
<connection id="53074" src-id="52942" dest-id="53045" weight="1.5107297760393594"/>
<connection id="53075" src-id="52943" dest-id="53045" weight="-2.576494421399695"/>
<connection id="53076" src-id="52944" dest-id="53045" weight="2.7726394985099025"/>
<connection id="53077" src-id="52945" dest-id="53045" weight="5.672526037195904"/>
<connection id="53078" src-id="52946" dest-id="53045" weight="0.18889714350377074"/>
<connection id="53079" src-id="52947" dest-id="53045" weight="2.121535722994394"/>
<connection id="53080" src-id="52948" dest-id="53045" weight="-0.11543498067323554"/>
<connection id="53081" src-id="52949" dest-id="53045" weight="-4.7293134491388304"/>
<connection id="53082" src-id="52950" dest-id="53045" weight="3.595800500195983"/>
<connection id="53083" src-id="52951" dest-id="53045" weight="4.114418585051862"/>
<connection id="53084" src-id="52952" dest-id="53045" weight="0.7780029153631056"/>
<connection id="53085" src-id="52953" dest-id="53045" weight="3.0533956570485237"/>
<connection id="53086" src-id="52954" dest-id="53045" weight="-3.352743161799495"/>
<connection id="53087" src-id="52955" dest-id="53045" weight="-3.4237798283338026"/>
<connection id="53088" src-id="53045" dest-id="52956" weight="3.763823314216576"/>
<neuron id="53089" type="hid" activation="sigmoid"/>
<connection id="53090" src-id="52914" dest-id="53089" weight="-3.818319885843875"/>
<connection id="53091" src-id="52915" dest-id="53089" weight="6.584490540605552"/>
<connection id="53092" src-id="52916" dest-id="53089" weight="4.864267190554606"/>
<connection id="53093" src-id="52917" dest-id="53089" weight="-1.8211514530581125"/>
<connection id="53094" src-id="52918" dest-id="53089" weight="12.261247126454808"/>
<connection id="53095" src-id="52919" dest-id="53089" weight="-3.084913733962323"/>
<connection id="53096" src-id="52920" dest-id="53089" weight="-5.460443552136234"/>
<connection id="53097" src-id="52921" dest-id="53089" weight="-2.890273990592106"/>
<connection id="53098" src-id="52922" dest-id="53089" weight="2.5047176749566695"/>
<connection id="53099" src-id="52923" dest-id="53089" weight="1.671449094916576"/>
<connection id="53100" src-id="52924" dest-id="53089" weight="1.2246635549132567"/>
<connection id="53101" src-id="52925" dest-id="53089" weight="4.409963223116369"/>
<connection id="53103" src-id="52927" dest-id="53089" weight="3.3980588774864224"/>
<connection id="53104" src-id="52928" dest-id="53089" weight="2.526967751543157"/>
<connection id="53105" src-id="52929" dest-id="53089" weight="-2.05226390699463"/>
<connection id="53106" src-id="52930" dest-id="53089" weight="-0.31418597470967224"/>
<connection id="53108" src-id="52932" dest-id="53089" weight="1.6508962779989669"/>
<connection id="53109" src-id="52933" dest-id="53089" weight="-1.967116533666891"/>
<connection id="53110" src-id="52934" dest-id="53089" weight="9.173496910131687"/>
<connection id="53111" src-id="52935" dest-id="53089" weight="3.96321592985357"/>
<connection id="53112" src-id="52936" dest-id="53089" weight="-6.841202033991607"/>
<connection id="53113" src-id="52937" dest-id="53089" weight="5.199450358561962"/>
<connection id="53114" src-id="52938" dest-id="53089" weight="0.9123979340891454"/>
<connection id="53115" src-id="52939" dest-id="53089" weight="1.6635726898471814"/>
<connection id="53116" src-id="52940" dest-id="53089" weight="0.6209663597483674"/>
<connection id="53117" src-id="52941" dest-id="53089" weight="-9.670691041210318"/>
<connection id="53118" src-id="52942" dest-id="53089" weight="-2.3341653086273566"/>
<connection id="53119" src-id="52943" dest-id="53089" weight="-8.02120575734229"/>
<connection id="53120" src-id="52944" dest-id="53089" weight="-0.14961304059251734"/>
<connection id="53121" src-id="52945" dest-id="53089" weight="2.8183531621893767"/>
<connection id="53122" src-id="52946" dest-id="53089" weight="-8.467219194752893"/>
<connection id="53123" src-id="52947" dest-id="53089" weight="1.4482030016805443"/>
<connection id="53124" src-id="52948" dest-id="53089" weight="-3.2038007245422517"/>
<connection id="53125" src-id="52949" dest-id="53089" weight="1.6306338288823343"/>
<connection id="53126" src-id="52950" dest-id="53089" weight="5.299859939388753"/>
<connection id="53127" src-id="52951" dest-id="53089" weight="-1.7361304915888018"/>
<connection id="53128" src-id="52952" dest-id="53089" weight="6.238589460400442"/>
<connection id="53129" src-id="52953" dest-id="53089" weight="1.9145423223795612"/>
<connection id="53130" src-id="52954" dest-id="53089" weight="5.470469640073751"/>
<connection id="53131" src-id="52955" dest-id="53089" weight="-6.376866476651886"/>
<connection id="53132" src-id="53089" dest-id="52956" weight="-6.362156598533751"/>
<connection id="53261" src-id="53089" dest-id="52957" weight="6.784955333855209"/>
<connection id="53262" src-id="52945" dest-id="52956" weight="1.2188399542619948"/>
<connection id="54061" src-id="52916" dest-id="52956" weight="0.5847475272331765"/>
<neuron id="54136" type="hid" activation="sigmoid"/>
<connection id="54137" src-id="52935" dest-id="54136" weight="-3.8106002921715865"/>
<connection id="54138" src-id="54136" dest-id="52957" weight="-3.6090345230017054"/>
<neuron id="54151" type="hid" activation="sigmoid"/>
<connection id="54152" src-id="52922" dest-id="54151" weight="-0.1506589125149298"/>
<connection id="54153" src-id="54151" dest-id="53001" weight="4.19453658956221"/>
<connection id="54283" src-id="52925" dest-id="52956" weight="1.6602122690846164"/>
<connection id="54311" src-id="54151" dest-id="52957" weight="-0.33571135997772217"/>
<neuron id="54418" type="hid" activation="sigmoid"/>
<connection id="54419" src-id="52931" dest-id="54418" weight="3.1371793398347267"/>
<connection id="54420" src-id="54418" dest-id="53089" weight="-1.0199906727326429"/>
</chromosome>