<chromosome id="67628" primary-parent-id="66109"><neuron id="39470" type="in" activation="linear"/>
<neuron id="39471" type="in" activation="linear"/>
<neuron id="39472" type="in" activation="linear"/>
<neuron id="39473" type="in" activation="linear"/>
<neuron id="39474" type="in" activation="linear"/>
<neuron id="39475" type="in" activation="linear"/>
<neuron id="39476" type="in" activation="linear"/>
<neuron id="39477" type="in" activation="linear"/>
<neuron id="39478" type="in" activation="linear"/>
<neuron id="39479" type="in" activation="linear"/>
<neuron id="39480" type="in" activation="linear"/>
<neuron id="39481" type="in" activation="linear"/>
<neuron id="39482" type="in" activation="linear"/>
<neuron id="39483" type="in" activation="linear"/>
<neuron id="39484" type="in" activation="linear"/>
<neuron id="39485" type="in" activation="linear"/>
<neuron id="39486" type="in" activation="linear"/>
<neuron id="39487" type="in" activation="linear"/>
<neuron id="39488" type="in" activation="linear"/>
<neuron id="39489" type="in" activation="linear"/>
<neuron id="39490" type="in" activation="linear"/>
<neuron id="39491" type="in" activation="linear"/>
<neuron id="39492" type="in" activation="linear"/>
<neuron id="39493" type="in" activation="linear"/>
<neuron id="39494" type="in" activation="linear"/>
<neuron id="39495" type="in" activation="linear"/>
<neuron id="39496" type="in" activation="linear"/>
<neuron id="39497" type="in" activation="linear"/>
<neuron id="39498" type="in" activation="linear"/>
<neuron id="39499" type="in" activation="linear"/>
<neuron id="39500" type="in" activation="linear"/>
<neuron id="39501" type="in" activation="linear"/>
<neuron id="39502" type="in" activation="linear"/>
<neuron id="39503" type="in" activation="linear"/>
<neuron id="39504" type="in" activation="linear"/>
<neuron id="39505" type="in" activation="linear"/>
<neuron id="39506" type="in" activation="linear"/>
<neuron id="39507" type="in" activation="linear"/>
<neuron id="39508" type="in" activation="linear"/>
<neuron id="39509" type="in" activation="linear"/>
<neuron id="39510" type="in" activation="linear"/>
<neuron id="39511" type="in" activation="linear"/>
<neuron id="39512" type="out" activation="linear"/>
<neuron id="39513" type="hid" activation="sigmoid"/>
<connection id="39514" src-id="39470" dest-id="39513" weight="19.60454664323594"/>
<connection id="39515" src-id="39471" dest-id="39513" weight="-22.575111226903044"/>
<connection id="39517" src-id="39473" dest-id="39513" weight="10.563175281045176"/>
<connection id="39519" src-id="39475" dest-id="39513" weight="14.255945148320112"/>
<connection id="39520" src-id="39476" dest-id="39513" weight="2.681297444745365"/>
<connection id="39521" src-id="39477" dest-id="39513" weight="5.243108059991499"/>
<connection id="39522" src-id="39478" dest-id="39513" weight="-20.20266796036873"/>
<connection id="39523" src-id="39479" dest-id="39513" weight="-15.246347692445717"/>
<connection id="39525" src-id="39481" dest-id="39513" weight="13.233253538834113"/>
<connection id="39526" src-id="39482" dest-id="39513" weight="0.2034847111043563"/>
<connection id="39527" src-id="39483" dest-id="39513" weight="37.90732208228319"/>
<connection id="39529" src-id="39485" dest-id="39513" weight="5.737392271748091"/>
<connection id="39530" src-id="39486" dest-id="39513" weight="8.272151297491307"/>
<connection id="39532" src-id="39488" dest-id="39513" weight="-24.891962023676967"/>
<connection id="39533" src-id="39489" dest-id="39513" weight="14.19782271736355"/>
<connection id="39534" src-id="39490" dest-id="39513" weight="-12.916915513375084"/>
<connection id="39535" src-id="39491" dest-id="39513" weight="-0.08677899837493896"/>
<connection id="39536" src-id="39492" dest-id="39513" weight="4.22168466204374"/>
<connection id="39537" src-id="39493" dest-id="39513" weight="1.9119103280976792"/>
<connection id="39538" src-id="39494" dest-id="39513" weight="8.250487994153403"/>
<connection id="39544" src-id="39500" dest-id="39513" weight="13.410208533748067"/>
<connection id="39545" src-id="39501" dest-id="39513" weight="-6.1746564054468465"/>
<connection id="39546" src-id="39502" dest-id="39513" weight="7.732135505837486"/>
<connection id="39547" src-id="39503" dest-id="39513" weight="12.749954737172397"/>
<connection id="39550" src-id="39506" dest-id="39513" weight="-2.802213011887175"/>
<connection id="39551" src-id="39507" dest-id="39513" weight="11.630151165901871"/>
<connection id="39552" src-id="39508" dest-id="39513" weight="22.2832337723698"/>
<connection id="39555" src-id="39511" dest-id="39513" weight="-4.245849974154164"/>
<neuron id="39557" type="hid" activation="sigmoid"/>
<connection id="39559" src-id="39471" dest-id="39557" weight="-5.941032694757091"/>
<connection id="39560" src-id="39472" dest-id="39557" weight="-14.610719232991201"/>
<connection id="39561" src-id="39473" dest-id="39557" weight="1.0331113507314993"/>
<connection id="39562" src-id="39474" dest-id="39557" weight="0.2658845423134326"/>
<connection id="39563" src-id="39475" dest-id="39557" weight="5.825698894777408"/>
<connection id="39565" src-id="39477" dest-id="39557" weight="8.560354907631007"/>
<connection id="39567" src-id="39479" dest-id="39557" weight="16.841086249328484"/>
<connection id="39569" src-id="39481" dest-id="39557" weight="-13.325210015790109"/>
<connection id="39572" src-id="39484" dest-id="39557" weight="-7.365730930160151"/>
<connection id="39573" src-id="39485" dest-id="39557" weight="2.610389296950996"/>
<connection id="39575" src-id="39487" dest-id="39557" weight="8.002257457745099"/>
<connection id="39577" src-id="39489" dest-id="39557" weight="-1.6879601618196496"/>
<connection id="39578" src-id="39490" dest-id="39557" weight="-26.568185066704736"/>
<connection id="39579" src-id="39491" dest-id="39557" weight="10.938877338282627"/>
<connection id="39580" src-id="39492" dest-id="39557" weight="-6.449341650135903"/>
<connection id="39582" src-id="39494" dest-id="39557" weight="5.1829974841610404"/>
<connection id="39586" src-id="39498" dest-id="39557" weight="-5.249016574922999"/>
<connection id="39590" src-id="39502" dest-id="39557" weight="-21.157904994386143"/>
<connection id="39591" src-id="39503" dest-id="39557" weight="41.81779836734033"/>
<connection id="39592" src-id="39504" dest-id="39557" weight="12.772592921077521"/>
<connection id="39594" src-id="39506" dest-id="39557" weight="12.290900955889047"/>
<connection id="39595" src-id="39507" dest-id="39557" weight="-2.39983328934877"/>
<connection id="39596" src-id="39508" dest-id="39557" weight="5.846803865044877"/>
<connection id="39597" src-id="39509" dest-id="39557" weight="-12.484681097559648"/>
<connection id="39598" src-id="39510" dest-id="39557" weight="1.0156779830404636"/>
<connection id="39599" src-id="39511" dest-id="39557" weight="6.345965087737172"/>
<connection id="39600" src-id="39557" dest-id="39512" weight="13.541507945103962"/>
<neuron id="39601" type="hid" activation="sigmoid"/>
<connection id="39604" src-id="39472" dest-id="39601" weight="10.65876489566321"/>
<connection id="39605" src-id="39473" dest-id="39601" weight="27.096295266403345"/>
<connection id="39606" src-id="39474" dest-id="39601" weight="2.4676930627833142"/>
<connection id="39607" src-id="39475" dest-id="39601" weight="-2.046279273573851"/>
<connection id="39608" src-id="39476" dest-id="39601" weight="-2.2523010660911806"/>
<connection id="39610" src-id="39478" dest-id="39601" weight="2.100473528250502"/>
<connection id="39611" src-id="39479" dest-id="39601" weight="9.666108668038126"/>
<connection id="39612" src-id="39480" dest-id="39601" weight="-14.841726851611412"/>
<connection id="39616" src-id="39484" dest-id="39601" weight="-0.4044025611709961"/>
<connection id="39617" src-id="39485" dest-id="39601" weight="3.434339961130141"/>
<connection id="39618" src-id="39486" dest-id="39601" weight="-20.66126143498555"/>
<connection id="39620" src-id="39488" dest-id="39601" weight="-4.443311523600952"/>
<connection id="39621" src-id="39489" dest-id="39601" weight="-12.27070976950887"/>
<connection id="39623" src-id="39491" dest-id="39601" weight="9.274849719370886"/>
<connection id="39625" src-id="39493" dest-id="39601" weight="7.400471120579705"/>
<connection id="39626" src-id="39494" dest-id="39601" weight="8.522054193822823"/>
<connection id="39627" src-id="39495" dest-id="39601" weight="-7.878091195004048"/>
<connection id="39628" src-id="39496" dest-id="39601" weight="-0.9008028444007179"/>
<connection id="39632" src-id="39500" dest-id="39601" weight="-6.504977252175179"/>
<connection id="39633" src-id="39501" dest-id="39601" weight="8.698788404296437"/>
<connection id="39637" src-id="39505" dest-id="39601" weight="6.218786243440012"/>
<connection id="39638" src-id="39506" dest-id="39601" weight="-0.046468155067102224"/>
<connection id="39639" src-id="39507" dest-id="39601" weight="1.011452802533955"/>
<connection id="39640" src-id="39508" dest-id="39601" weight="-3.6105220517735557"/>
<connection id="39641" src-id="39509" dest-id="39601" weight="-0.7991370996429996"/>
<connection id="39643" src-id="39511" dest-id="39601" weight="7.294836640156238"/>
<neuron id="39645" type="hid" activation="sigmoid"/>
<connection id="39646" src-id="39470" dest-id="39645" weight="11.712988771621106"/>
<connection id="39648" src-id="39472" dest-id="39645" weight="-11.727861929781994"/>
<connection id="39654" src-id="39478" dest-id="39645" weight="-23.895690619400096"/>
<connection id="39656" src-id="39480" dest-id="39645" weight="-7.7699263284407305"/>
<connection id="39657" src-id="39481" dest-id="39645" weight="-0.9406580991852493"/>
<connection id="39658" src-id="39482" dest-id="39645" weight="20.51491934310359"/>
<connection id="39659" src-id="39483" dest-id="39645" weight="-14.223966929765213"/>
<connection id="39665" src-id="39489" dest-id="39645" weight="35.17728198673223"/>
<connection id="39666" src-id="39490" dest-id="39645" weight="-9.982753279245614"/>
<connection id="39668" src-id="39492" dest-id="39645" weight="3.628695062444324"/>
<connection id="39670" src-id="39494" dest-id="39645" weight="-11.106221778338174"/>
<connection id="39671" src-id="39495" dest-id="39645" weight="5.293696489138313"/>
<connection id="39674" src-id="39498" dest-id="39645" weight="-14.593715783365186"/>
<connection id="39675" src-id="39499" dest-id="39645" weight="3.7287632232406462"/>
<connection id="39678" src-id="39502" dest-id="39645" weight="-2.317794048613509"/>
<connection id="39680" src-id="39504" dest-id="39645" weight="5.730967853888407"/>
<connection id="39681" src-id="39505" dest-id="39645" weight="-2.72095392199683"/>
<connection id="39682" src-id="39506" dest-id="39645" weight="9.978144038297515"/>
<connection id="39683" src-id="39507" dest-id="39645" weight="-2.8362530755998883"/>
<connection id="39687" src-id="39511" dest-id="39645" weight="13.247391676197632"/>
<connection id="39688" src-id="39645" dest-id="39512" weight="13.369885819505996"/>
<connection id="39977" src-id="39485" dest-id="39512" weight="0.46020212473622335"/>
<connection id="40249" src-id="39492" dest-id="39512" weight="13.35464423480396"/>
<connection id="40254" src-id="39475" dest-id="39512" weight="0.22240785127824925"/>
<connection id="40354" src-id="39474" dest-id="39512" weight="1.900597309813929"/>
<neuron id="40481" type="hid" activation="sigmoid"/>
<connection id="40483" src-id="40481" dest-id="39645" weight="-9.939032286913722"/>
<neuron id="40493" type="hid" activation="sigmoid"/>
<connection id="40494" src-id="39480" dest-id="40493" weight="4.768478061667238"/>
<connection id="40495" src-id="40493" dest-id="39557" weight="-20.55097106841664"/>
<neuron id="40502" type="hid" activation="sigmoid"/>
<connection id="40503" src-id="39470" dest-id="40502" weight="1.5633853342757782"/>
<connection id="40504" src-id="40502" dest-id="39601" weight="-6.610957555451172"/>
<neuron id="40505" type="hid" activation="sigmoid"/>
<connection id="40506" src-id="39496" dest-id="40505" weight="4.485019425188479"/>
<connection id="40507" src-id="40505" dest-id="39557" weight="15.789387850944358"/>
<neuron id="40523" type="hid" activation="sigmoid"/>
<connection id="40524" src-id="39501" dest-id="40523" weight="-1.3871149766912132"/>
<connection id="40525" src-id="40523" dest-id="39645" weight="15.522728050020323"/>
<neuron id="40583" type="hid" activation="sigmoid"/>
<connection id="40584" src-id="39495" dest-id="40583" weight="2.1875117894747604"/>
<connection id="40585" src-id="40583" dest-id="39557" weight="-18.97999703439934"/>
<connection id="40681" src-id="39477" dest-id="39512" weight="15.328019224059341"/>
<connection id="40765" src-id="39498" dest-id="39512" weight="8.733408029918722"/>
<connection id="40962" src-id="39513" dest-id="39645" weight="6.6674486309001555"/>
<neuron id="41118" type="hid" activation="sigmoid"/>
<connection id="41120" src-id="41118" dest-id="39513" weight="4.249150206045938"/>
<neuron id="41124" type="hid" activation="sigmoid"/>
<connection id="41126" src-id="41124" dest-id="39512" weight="36.73446025529507"/>
<connection id="41392" src-id="39509" dest-id="39512" weight="19.732223494936996"/>
<neuron id="41520" type="hid" activation="sigmoid"/>
<connection id="41522" src-id="41520" dest-id="39557" weight="0.5724698440762137"/>
<neuron id="41523" type="hid" activation="sigmoid"/>
<connection id="41524" src-id="39509" dest-id="41523" weight="-11.609422422383725"/>
<connection id="41525" src-id="41523" dest-id="39513" weight="3.2146114202935894"/>
<neuron id="41526" type="hid" activation="sigmoid"/>
<connection id="41528" src-id="41526" dest-id="39513" weight="14.440724267412975"/>
<neuron id="41538" type="hid" activation="sigmoid"/>
<neuron id="41562" type="hid" activation="sigmoid"/>
<connection id="41563" src-id="39476" dest-id="41562" weight="-5.767272495993535"/>
<connection id="41564" src-id="41562" dest-id="39645" weight="18.48102621934108"/>
<neuron id="41565" type="hid" activation="sigmoid"/>
<connection id="41566" src-id="39471" dest-id="41565" weight="2.2446897485365103"/>
<connection id="41567" src-id="41565" dest-id="39601" weight="-24.821825152292305"/>
<neuron id="41580" type="hid" activation="sigmoid"/>
<connection id="41581" src-id="39508" dest-id="41580" weight="14.975361952835723"/>
<connection id="41582" src-id="41580" dest-id="39645" weight="-4.79758971978911"/>
<neuron id="41586" type="hid" activation="sigmoid"/>
<connection id="41587" src-id="39497" dest-id="41586" weight="12.079186685665103"/>
<connection id="41588" src-id="41586" dest-id="39601" weight="5.254026923331844"/>
<connection id="41669" src-id="39499" dest-id="39512" weight="-1.3369431777999488"/>
<neuron id="41858" type="hid" activation="sigmoid"/>
<connection id="41859" src-id="39509" dest-id="41858" weight="27.349824663827913"/>
<connection id="41860" src-id="41858" dest-id="39645" weight="-12.239660232925345"/>
<neuron id="41876" type="hid" activation="sigmoid"/>
<connection id="41877" src-id="39492" dest-id="41876" weight="9.953611032397339"/>
<connection id="41878" src-id="41876" dest-id="39601" weight="-0.37422335147857666"/>
<neuron id="41906" type="hid" activation="sigmoid"/>
<connection id="42036" src-id="39496" dest-id="41523" weight="22.24919956208303"/>
<connection id="42045" src-id="39484" dest-id="41520" weight="16.701366170637627"/>
<neuron id="42140" type="hid" activation="sigmoid"/>
<connection id="42141" src-id="39507" dest-id="42140" weight="-14.169441097182634"/>
<connection id="42142" src-id="42140" dest-id="39513" weight="-16.09528665816078"/>
<neuron id="42155" type="hid" activation="sigmoid"/>
<connection id="42157" src-id="42155" dest-id="39645" weight="-19.15231483443309"/>
<connection id="42213" src-id="41520" dest-id="39645" weight="-0.9904865917860961"/>
<connection id="42252" src-id="39472" dest-id="41906" weight="20.040677068595176"/>
<connection id="42266" src-id="39494" dest-id="41523" weight="-8.566740422526653"/>
<connection id="42273" src-id="39504" dest-id="41520" weight="-1.3820445513521615"/>
<connection id="42274" src-id="39483" dest-id="41523" weight="5.448621453421192"/>
<connection id="42277" src-id="39478" dest-id="41523" weight="-4.566226956335468"/>
<connection id="42297" src-id="39482" dest-id="41562" weight="-2.939374809821579"/>
<connection id="42313" src-id="41520" dest-id="39512" weight="1.6807814094119204"/>
<connection id="42318" src-id="41520" dest-id="41523" weight="-6.031308963688426"/>
<connection id="42339" src-id="39503" dest-id="41906" weight="9.012266425752001"/>
<connection id="42453" src-id="39491" dest-id="41520" weight="13.209589786525717"/>
<connection id="42496" src-id="39507" dest-id="41538" weight="-1.2973919404092173"/>
<connection id="42503" src-id="41523" dest-id="39645" weight="8.886497220631398"/>
<connection id="42522" src-id="39511" dest-id="41562" weight="-3.220595140871611"/>
<connection id="42627" src-id="39482" dest-id="41906" weight="-19.586777576228776"/>
<connection id="42628" src-id="39490" dest-id="41523" weight="-1.4458730042544543"/>
<connection id="42722" src-id="39473" dest-id="41520" weight="15.886522774539657"/>
<connection id="42731" src-id="39511" dest-id="41523" weight="4.872340749570775"/>
<connection id="42732" src-id="39506" dest-id="41876" weight="1.8572445717399875"/>
<connection id="42757" src-id="39471" dest-id="41562" weight="-1.2064813706525293"/>
<connection id="42763" src-id="39506" dest-id="41520" weight="-6.595240885028451"/>
<connection id="42797" src-id="39507" dest-id="41876" weight="5.38230467307017"/>
<connection id="42862" src-id="39507" dest-id="41523" weight="19.61057196456946"/>
<neuron id="42880" type="hid" activation="sigmoid"/>
<connection id="42881" src-id="39491" dest-id="42880" weight="21.17451820464693"/>
<connection id="42882" src-id="42880" dest-id="39513" weight="3.8754914954377004"/>
<neuron id="42901" type="hid" activation="sigmoid"/>
<connection id="42902" src-id="39479" dest-id="42901" weight="-8.857332481743175"/>
<connection id="42903" src-id="42901" dest-id="39645" weight="-34.59549740969067"/>
<connection id="42973" src-id="39503" dest-id="40502" weight="3.627281137010889"/>
<connection id="42986" src-id="39480" dest-id="41565" weight="-1.265022171074639"/>
<connection id="43022" src-id="39478" dest-id="40502" weight="4.26637320907697"/>
<connection id="43035" src-id="39472" dest-id="41538" weight="-13.787171312215202"/>
<connection id="43039" src-id="39490" dest-id="41538" weight="-2.109836791704043"/>
<connection id="43041" src-id="39475" dest-id="41906" weight="6.503212630732962"/>
<connection id="43063" src-id="39488" dest-id="41906" weight="6.1150316308102495"/>
<neuron id="43097" type="hid" activation="sigmoid"/>
<connection id="43098" src-id="39491" dest-id="43097" weight="-7.21548370697313"/>
<connection id="43099" src-id="43097" dest-id="39512" weight="-8.378137910379284"/>
<neuron id="43100" type="hid" activation="sigmoid"/>
<connection id="43101" src-id="41538" dest-id="43100" weight="-0.6788180031785287"/>
<connection id="43102" src-id="43100" dest-id="39557" weight="15.258490825307803"/>
<connection id="43208" src-id="39503" dest-id="41565" weight="-14.16572933655734"/>
<connection id="43224" src-id="39486" dest-id="39512" weight="12.19927240451672"/>
<connection id="43230" src-id="39471" dest-id="39512" weight="1.0595673663253469"/>
<connection id="43266" src-id="39487" dest-id="41520" weight="-3.2319197261368844"/>
<connection id="43269" src-id="39495" dest-id="41520" weight="26.785677975519583"/>
<connection id="43277" src-id="39492" dest-id="41520" weight="-13.635855869491273"/>
<connection id="43306" src-id="39504" dest-id="42901" weight="-6.235216899306291"/>
<connection id="43307" src-id="39601" dest-id="41538" weight="-1.299665487126783"/>
<connection id="43309" src-id="41565" dest-id="39645" weight="10.087445402266614"/>
<connection id="43314" src-id="39500" dest-id="41565" weight="11.634149949059392"/>
<connection id="43315" src-id="39486" dest-id="42901" weight="6.165404390784898"/>
<connection id="43319" src-id="39491" dest-id="41538" weight="6.363249599957099"/>
<connection id="43338" src-id="39509" dest-id="41562" weight="0.6721738337268497"/>
<neuron id="43368" type="hid" activation="sigmoid"/>
<connection id="43369" src-id="41876" dest-id="43368" weight="5.5794239702420265"/>
<connection id="43370" src-id="43368" dest-id="39601" weight="16.564421435188592"/>
<neuron id="43377" type="hid" activation="sigmoid"/>
<connection id="43379" src-id="43377" dest-id="39513" weight="-26.288627280201858"/>
<connection id="43432" src-id="39503" dest-id="41523" weight="-0.14761598015641303"/>
<connection id="43442" src-id="39484" dest-id="42901" weight="2.728865129365575"/>
<connection id="43457" src-id="39507" dest-id="40502" weight="0.5242252749666529"/>
<connection id="43471" src-id="39487" dest-id="41876" weight="9.312510288842372"/>
<connection id="43473" src-id="39485" dest-id="41876" weight="-4.724432609411082"/>
<connection id="43517" src-id="39504" dest-id="41562" weight="0.1022273509831555"/>
<connection id="43518" src-id="39482" dest-id="41538" weight="3.3620365771834333"/>
<connection id="43567" src-id="41523" dest-id="39512" weight="-2.3484695935521716"/>
<neuron id="43588" type="hid" activation="sigmoid"/>
<connection id="43589" src-id="39475" dest-id="43588" weight="-9.419924841650552"/>
<connection id="43659" src-id="39474" dest-id="41565" weight="7.022541899789292"/>
<connection id="43672" src-id="41562" dest-id="39601" weight="-4.233387541040165"/>
<connection id="43726" src-id="39497" dest-id="42901" weight="7.173886227820333"/>
<connection id="43733" src-id="42901" dest-id="39512" weight="-3.2295354075167095"/>
<neuron id="43808" type="hid" activation="sigmoid"/>
<connection id="43809" src-id="39493" dest-id="43808" weight="-15.657528715482766"/>
<connection id="43943" src-id="39472" dest-id="42901" weight="-2.176725304127934"/>
<connection id="43951" src-id="39496" dest-id="42155" weight="4.399288126346002"/>
<connection id="43952" src-id="39506" dest-id="41565" weight="0.6647816247362055"/>
<neuron id="44023" type="hid" activation="sigmoid"/>
<connection id="44024" src-id="39497" dest-id="44023" weight="-12.241830137614311"/>
<connection id="44025" src-id="44023" dest-id="39512" weight="29.04577197898846"/>
<neuron id="44032" type="hid" activation="sigmoid"/>
<connection id="44033" src-id="39497" dest-id="44032" weight="9.169625680099967"/>
<connection id="44034" src-id="44032" dest-id="39513" weight="-13.712263578478982"/>
<connection id="44080" src-id="39601" dest-id="42901" weight="-5.068673551955133"/>
<connection id="44147" src-id="39473" dest-id="42155" weight="-7.584897691503399"/>
<connection id="44150" src-id="39471" dest-id="41906" weight="-0.365480498015168"/>
<connection id="44166" src-id="39472" dest-id="41565" weight="-1.1558143731263755"/>
<connection id="44212" src-id="39504" dest-id="41538" weight="17.42298150670369"/>
<neuron id="44238" type="hid" activation="sigmoid"/>
<connection id="44239" src-id="39491" dest-id="44238" weight="-3.091362904157915"/>
<connection id="44240" src-id="44238" dest-id="39645" weight="3.802265491395893"/>
<neuron id="44247" type="hid" activation="sigmoid"/>
<connection id="44248" src-id="39484" dest-id="44247" weight="12.429728055536115"/>
<connection id="44322" src-id="39487" dest-id="41523" weight="11.80735662627621"/>
<connection id="44351" src-id="39493" dest-id="41906" weight="-33.414256190535355"/>
<connection id="44374" src-id="39502" dest-id="41538" weight="9.55353725154798"/>
<connection id="44375" src-id="39491" dest-id="41565" weight="11.114110526168982"/>
<connection id="44376" src-id="41523" dest-id="42155" weight="1.3042386945149687"/>
<connection id="44379" src-id="39474" dest-id="42155" weight="25.814785463902055"/>
<connection id="44424" src-id="39479" dest-id="41538" weight="5.318620795506462"/>
<connection id="44431" src-id="39495" dest-id="42901" weight="1.657682148402218"/>
<connection id="44437" src-id="39498" dest-id="42901" weight="-12.816766189943557"/>
<connection id="44472" src-id="39499" dest-id="41562" weight="-5.677894527550664"/>
<connection id="44482" src-id="39497" dest-id="41562" weight="-5.238250582004023"/>
<connection id="44561" src-id="39489" dest-id="42155" weight="-3.1243923720641726"/>
<connection id="44575" src-id="41523" dest-id="39601" weight="0.829391367739037"/>
<connection id="44690" src-id="42901" dest-id="39513" weight="-14.669756983759935"/>
<connection id="44693" src-id="41565" dest-id="41520" weight="-1.6093663903732711"/>
<connection id="44703" src-id="40493" dest-id="41538" weight="-7.6611646944048015"/>
<connection id="44705" src-id="41520" dest-id="41538" weight="5.021467466279116"/>
<connection id="44879" src-id="39507" dest-id="41906" weight="-1.2104882224555262"/>
<connection id="45038" src-id="39488" dest-id="41565" weight="4.709100039943429"/>
<connection id="45041" src-id="40493" dest-id="43588" weight="-0.13237968897757768"/>
<connection id="45042" src-id="39497" dest-id="40493" weight="11.729480558016792"/>
<connection id="45058" src-id="41520" dest-id="41906" weight="-3.602147046005148"/>
<neuron id="45073" type="hid" activation="sigmoid"/>
<connection id="45074" src-id="39503" dest-id="45073" weight="6.725136879390247"/>
<connection id="45075" src-id="45073" dest-id="39601" weight="-7.219363061945345"/>
<connection id="45160" src-id="39495" dest-id="41565" weight="-11.408309722412989"/>
<connection id="45267" src-id="39471" dest-id="40493" weight="5.640729965526013"/>
<connection id="45272" src-id="39478" dest-id="41565" weight="-10.946364939109145"/>
<connection id="45274" src-id="39509" dest-id="41580" weight="8.500758681865916"/>
<connection id="45285" src-id="39481" dest-id="41906" weight="-11.243938965040172"/>
<connection id="45286" src-id="39479" dest-id="41565" weight="0.8386954182149959"/>
<connection id="45288" src-id="39471" dest-id="41538" weight="2.335021821911493"/>
<connection id="45289" src-id="39480" dest-id="41580" weight="3.5980997034445785"/>
<connection id="45414" src-id="39487" dest-id="41562" weight="-4.071216825322969"/>
<connection id="45436" src-id="39501" dest-id="41565" weight="-1.9740985192346363"/>
<connection id="45477" src-id="40493" dest-id="39512" weight="-10.997443320635773"/>
<connection id="45479" src-id="39483" dest-id="43588" weight="-4.4093657340996595"/>
<connection id="45481" src-id="39476" dest-id="40493" weight="15.008776123871101"/>
<connection id="45482" src-id="39601" dest-id="43097" weight="-7.171994501036099"/>
<connection id="45485" src-id="39481" dest-id="43588" weight="17.867604473584883"/>
<connection id="45537" src-id="39490" dest-id="43588" weight="30.428270667785895"/>
<connection id="45540" src-id="39488" dest-id="43097" weight="6.446991339020248"/>
<connection id="45548" src-id="39476" dest-id="43588" weight="11.712927025799857"/>
<connection id="45653" src-id="39471" dest-id="42901" weight="1.113511746673876"/>
<connection id="45658" src-id="39488" dest-id="41580" weight="0.9506936206401192"/>
<neuron id="45675" type="hid" activation="sigmoid"/>
<connection id="45677" src-id="45675" dest-id="41538" weight="-10.623695479940519"/>
<connection id="45750" src-id="39502" dest-id="41906" weight="7.320512651177821"/>
<connection id="45833" src-id="39479" dest-id="43588" weight="-3.053279249716563"/>
<connection id="45836" src-id="39507" dest-id="40493" weight="-0.2290939965113139"/>
<connection id="45852" src-id="39497" dest-id="43097" weight="-3.6000674333738347"/>
<connection id="45897" src-id="39499" dest-id="41538" weight="-4.041462715710573"/>
<neuron id="45917" type="hid" activation="sigmoid"/>
<connection id="45918" src-id="43588" dest-id="45917" weight="2.417734367740473"/>
<connection id="45919" src-id="45917" dest-id="39601" weight="-13.849518835752203"/>
<connection id="45992" src-id="39474" dest-id="41538" weight="-1.5330666358541234"/>
<connection id="46015" src-id="39477" dest-id="43097" weight="1.631560963555976"/>
<connection id="46123" src-id="39491" dest-id="40493" weight="-13.137878195535883"/>
<connection id="46124" src-id="39477" dest-id="41565" weight="4.636416771939826"/>
<connection id="46145" src-id="39509" dest-id="40493" weight="1.1426761157872596"/>
<connection id="46358" src-id="41520" dest-id="40493" weight="4.247395707231932"/>
<connection id="46359" src-id="42155" dest-id="39601" weight="5.700670232062748"/>
<connection id="46362" src-id="41565" dest-id="42140" weight="22.41075372503633"/>
<connection id="46363" src-id="39505" dest-id="41538" weight="2.3463834459661754"/>
<connection id="46456" src-id="39481" dest-id="41565" weight="-3.8587618668437704"/>
<connection id="46520" src-id="41580" dest-id="39557" weight="16.673760984422888"/>
<connection id="46525" src-id="39471" dest-id="43097" weight="1.1288454807181192"/>
<connection id="46668" src-id="39471" dest-id="41520" weight="-2.98835659253348"/>
<connection id="46776" src-id="39474" dest-id="42140" weight="-1.2835998934209762"/>
<connection id="46808" src-id="42901" dest-id="42140" weight="-1.9249656399452648"/>
<connection id="46810" src-id="43097" dest-id="42901" weight="14.021624689423096"/>
<connection id="46849" src-id="43097" dest-id="41538" weight="2.3215835052363385"/>
<connection id="46859" src-id="39488" dest-id="45675" weight="8.772127107904282"/>
<neuron id="46882" type="hid" activation="sigmoid"/>
<connection id="46883" src-id="39483" dest-id="46882" weight="-12.570464725901884"/>
<connection id="46884" src-id="46882" dest-id="43588" weight="20.96516722453554"/>
<connection id="46983" src-id="39485" dest-id="41580" weight="7.558896433958532"/>
<connection id="46984" src-id="39511" dest-id="42880" weight="-10.327039782646391"/>
<connection id="47085" src-id="42140" dest-id="39512" weight="0.4400616644656132"/>
<connection id="47140" src-id="39485" dest-id="42901" weight="-9.194892598300868"/>
<connection id="47160" src-id="39489" dest-id="43097" weight="4.872402347159748"/>
<connection id="47185" src-id="39498" dest-id="42140" weight="-16.607843511985454"/>
<connection id="47186" src-id="39474" dest-id="42880" weight="3.185089784602506"/>
<connection id="47187" src-id="40493" dest-id="43097" weight="-2.6961682489545753"/>
<connection id="47188" src-id="39472" dest-id="43097" weight="-29.5112347355823"/>
<connection id="47190" src-id="39475" dest-id="41565" weight="-8.772054236163923"/>
<neuron id="47280" type="hid" activation="sigmoid"/>
<connection id="47281" src-id="39510" dest-id="47280" weight="-16.099433256996868"/>
<connection id="47282" src-id="47280" dest-id="41906" weight="18.267866457959197"/>
<neuron id="47283" type="hid" activation="sigmoid"/>
<connection id="47284" src-id="39493" dest-id="47283" weight="-0.3427311327947713"/>
<connection id="47285" src-id="47283" dest-id="39557" weight="23.601647429377408"/>
<connection id="47390" src-id="41876" dest-id="47280" weight="-13.049089328778035"/>
<connection id="47397" src-id="39498" dest-id="41580" weight="-1.2259607883336372"/>
<connection id="47411" src-id="39509" dest-id="42140" weight="10.563554054189211"/>
<connection id="47475" src-id="39488" dest-id="43588" weight="3.7431284930844146"/>
<connection id="47577" src-id="39483" dest-id="40493" weight="-2.72555413801779"/>
<connection id="47578" src-id="47280" dest-id="43097" weight="-17.767329890107384"/>
<connection id="47580" src-id="41876" dest-id="43097" weight="-17.075385740369967"/>
<connection id="47581" src-id="39500" dest-id="45675" weight="-14.60245653330857"/>
<connection id="47582" src-id="39495" dest-id="41538" weight="2.8041829745548146"/>
<connection id="47619" src-id="39484" dest-id="43097" weight="-11.255857414985275"/>
<connection id="47640" src-id="39474" dest-id="43588" weight="2.263322108701498"/>
<neuron id="47684" type="hid" activation="sigmoid"/>
<connection id="47774" src-id="39497" dest-id="42140" weight="-22.63155406338842"/>
<connection id="47796" src-id="39488" dest-id="46882" weight="-0.09531544915012227"/>
<connection id="47797" src-id="39478" dest-id="42880" weight="-1.803645609872457"/>
<connection id="47802" src-id="39489" dest-id="46882" weight="9.563882748765689"/>
<connection id="47843" src-id="39498" dest-id="42155" weight="-0.39504465445956516"/>
<connection id="47867" src-id="41523" dest-id="42880" weight="-9.98439196386185"/>
<connection id="47886" src-id="39499" dest-id="46882" weight="-4.897106675390702"/>
<connection id="47892" src-id="39474" dest-id="46882" weight="2.628479347036095"/>
<connection id="47893" src-id="39489" dest-id="42140" weight="-11.94560535766677"/>
<connection id="47895" src-id="39496" dest-id="42140" weight="1.209401680924753"/>
<connection id="47972" src-id="39490" dest-id="41876" weight="2.5700454975764373"/>
<connection id="48084" src-id="39480" dest-id="42155" weight="-9.077163020438272"/>
<neuron id="48133" type="hid" activation="sigmoid"/>
<connection id="48134" src-id="39481" dest-id="48133" weight="-2.249109257769317"/>
<connection id="48135" src-id="48133" dest-id="41520" weight="-28.29762833047377"/>
<connection id="48211" src-id="39509" dest-id="41876" weight="-11.671110884870876"/>
<connection id="48220" src-id="43377" dest-id="42901" weight="-0.7540494673149278"/>
<connection id="48226" src-id="39472" dest-id="41124" weight="-3.39002332301494"/>
<connection id="48288" src-id="39501" dest-id="47684" weight="3.050029860658883"/>
<connection id="48312" src-id="39493" dest-id="46882" weight="0.39186872065366835"/>
<connection id="48334" src-id="44247" dest-id="43097" weight="-17.37899082017941"/>
<connection id="48335" src-id="43097" dest-id="43377" weight="-17.829329765920924"/>
<connection id="48336" src-id="39475" dest-id="43097" weight="-2.51381188213121"/>
<connection id="48342" src-id="47684" dest-id="41538" weight="-0.43011161741918746"/>
<connection id="48413" src-id="41565" dest-id="39557" weight="-3.7523261025194685"/>
<connection id="48470" src-id="41520" dest-id="42155" weight="1.284838682113366"/>
<connection id="48493" src-id="39503" dest-id="41580" weight="0.1876706504502117"/>
<connection id="48557" src-id="39510" dest-id="41580" weight="-2.1623237532409636"/>
<neuron id="48590" type="hid" activation="sigmoid"/>
<connection id="48591" src-id="46882" dest-id="48590" weight="-5.1775533169622445"/>
<connection id="48592" src-id="48590" dest-id="45675" weight="10.095754634349774"/>
<connection id="48708" src-id="39502" dest-id="41580" weight="1.5211749089864854"/>
<connection id="48752" src-id="39474" dest-id="44247" weight="8.92895088396935"/>
<connection id="48755" src-id="39505" dest-id="43588" weight="17.117350062752823"/>
<connection id="48757" src-id="39487" dest-id="42880" weight="9.050376501263917"/>
<connection id="48758" src-id="39499" dest-id="43377" weight="-0.3966405406094433"/>
<connection id="48784" src-id="46882" dest-id="41906" weight="-6.381338673866894"/>
<connection id="48805" src-id="40493" dest-id="42140" weight="-2.435978726935713"/>
<connection id="48989" src-id="39473" dest-id="47283" weight="0.156647133619923"/>
<connection id="48999" src-id="39501" dest-id="44247" weight="-1.4520729859062533"/>
<connection id="49006" src-id="39478" dest-id="41876" weight="-8.204491989209588"/>
<connection id="49013" src-id="43377" dest-id="39645" weight="3.531174733814147"/>
<connection id="49078" src-id="47280" dest-id="39513" weight="-6.851151419528518"/>
<connection id="49090" src-id="39501" dest-id="41906" weight="6.027025538540095"/>
<connection id="49101" src-id="39472" dest-id="44247" weight="-7.01109183859246"/>
<neuron id="49112" type="hid" activation="sigmoid"/>
<connection id="49113" src-id="42901" dest-id="49112" weight="1.2574721874449701"/>
<connection id="49114" src-id="49112" dest-id="42140" weight="-12.604452405495234"/>
<connection id="49205" src-id="39483" dest-id="41580" weight="-5.399328221540239"/>
<connection id="49251" src-id="39507" dest-id="47283" weight="3.1318482609785914"/>
<connection id="49254" src-id="39496" dest-id="49112" weight="-0.007301700470187911"/>
<connection id="49282" src-id="39506" dest-id="40493" weight="-0.6238950185039348"/>
<connection id="49335" src-id="39496" dest-id="41906" weight="16.13373275022815"/>
<connection id="49404" src-id="39474" dest-id="43377" weight="13.279205803618535"/>
<connection id="49405" src-id="48590" dest-id="41538" weight="5.163731386082374"/>
<connection id="49406" src-id="46882" dest-id="39557" weight="-3.9341408222750163"/>
<connection id="49407" src-id="39470" dest-id="48590" weight="-11.342838579795991"/>
<connection id="49408" src-id="39477" dest-id="46882" weight="-8.563991258740195"/>
<connection id="49412" src-id="39479" dest-id="43377" weight="7.0463177664994845"/>
<connection id="49414" src-id="39489" dest-id="49112" weight="-8.308969227606164"/>
<connection id="49415" src-id="46882" dest-id="43377" weight="6.762166669875363"/>
<connection id="49416" src-id="42140" dest-id="42880" weight="2.571910237437871"/>
<connection id="49423" src-id="39508" dest-id="42140" weight="1.3988217288996103"/>
<connection id="49441" src-id="39479" dest-id="40493" weight="3.357923029207395"/>
<neuron id="49582" type="hid" activation="sigmoid"/>
<connection id="49584" src-id="49582" dest-id="39513" weight="14.879230720656837"/>
<connection id="49677" src-id="39498" dest-id="42880" weight="3.5434831880210904"/>
<connection id="49732" src-id="41118" dest-id="44247" weight="8.998714120199534"/>
<connection id="49854" src-id="39473" dest-id="43808" weight="5.179750133018313"/>
<connection id="49926" src-id="39489" dest-id="48590" weight="0.3821917861887173"/>
<connection id="49928" src-id="39493" dest-id="41118" weight="-15.60824458699253"/>
<connection id="49930" src-id="47280" dest-id="47283" weight="15.567120886331516"/>
<connection id="49931" src-id="41565" dest-id="49582" weight="1.2785942113511346"/>
<connection id="49933" src-id="43808" dest-id="43097" weight="-6.526410940077161"/>
<connection id="49935" src-id="40493" dest-id="47283" weight="10.596828917388134"/>
<connection id="49954" src-id="39485" dest-id="48590" weight="-11.993492257890377"/>
<connection id="50002" src-id="39491" dest-id="41876" weight="1.9726689828384352"/>
<connection id="50027" src-id="39475" dest-id="49112" weight="0.20401528371371658"/>
<connection id="50048" src-id="39501" dest-id="42140" weight="0.09853976780200813"/>
<neuron id="50101" type="hid" activation="sigmoid"/>
<connection id="50103" src-id="50101" dest-id="41906" weight="2.644722247368991"/>
<neuron id="50119" type="hid" activation="sigmoid"/>
<connection id="50120" src-id="39510" dest-id="50119" weight="0.15529754409626317"/>
<connection id="50121" src-id="50119" dest-id="40493" weight="24.093901419996175"/>
<connection id="50190" src-id="46882" dest-id="49112" weight="1.1738760730600837"/>
<connection id="50202" src-id="39477" dest-id="47283" weight="5.851477133472246"/>
<connection id="50220" src-id="39485" dest-id="44247" weight="3.8761941415225354"/>
<connection id="50225" src-id="41858" dest-id="46882" weight="2.9849183442796896"/>
<connection id="50238" src-id="39513" dest-id="45675" weight="-2.278042099061406"/>
<connection id="50293" src-id="39495" dest-id="47684" weight="-7.540960670325234"/>
<connection id="50296" src-id="39494" dest-id="49582" weight="12.386632872929116"/>
<connection id="50298" src-id="39484" dest-id="42880" weight="0.9238607553462392"/>
<connection id="50308" src-id="39505" dest-id="48590" weight="0.9078244169741121"/>
<connection id="50323" src-id="39502" dest-id="41858" weight="-0.39444602675686835"/>
<connection id="50431" src-id="39502" dest-id="45675" weight="-2.4728411850208447"/>
<connection id="50496" src-id="39511" dest-id="45675" weight="-0.5889243616002968"/>
<connection id="50537" src-id="39504" dest-id="43588" weight="-1.0855287812528749"/>
<connection id="50737" src-id="39493" dest-id="45675" weight="-1.3354376830302757"/>
<connection id="50752" src-id="39474" dest-id="41858" weight="-7.9809398036352945"/>
<connection id="50754" src-id="39601" dest-id="44247" weight="-0.7622741591995205"/>
<connection id="50755" src-id="39480" dest-id="42880" weight="-2.3313052835231796"/>
<connection id="50756" src-id="39482" dest-id="47280" weight="7.074732435538211"/>
<connection id="50758" src-id="47684" dest-id="43097" weight="1.036330649958341"/>
<connection id="50761" src-id="39471" dest-id="43588" weight="1.9731495601328308"/>
<connection id="50852" src-id="39503" dest-id="47283" weight="-6.328581818579229"/>
<connection id="50948" src-id="39497" dest-id="46882" weight="-0.029523771200718987"/>
<neuron id="50997" type="hid" activation="sigmoid"/>
<connection id="50998" src-id="39491" dest-id="50997" weight="7.682982897947403"/>
<connection id="50999" src-id="50997" dest-id="42901" weight="15.005832162069392"/>
<connection id="51098" src-id="39500" dest-id="48590" weight="4.07241228391044"/>
<connection id="51170" src-id="39492" dest-id="49112" weight="4.945956321677429"/>
<connection id="51177" src-id="39477" dest-id="44023" weight="-7.299287134402602"/>
<connection id="51208" src-id="39476" dest-id="45675" weight="2.7270307977057744"/>
<connection id="51231" src-id="42155" dest-id="47280" weight="1.9000834080723825"/>
<connection id="51232" src-id="39494" dest-id="48590" weight="-6.290954845193563"/>
<connection id="51233" src-id="39499" dest-id="47684" weight="-1.0870604048484718"/>
<connection id="51236" src-id="47684" dest-id="48590" weight="-6.810005577887591"/>
<connection id="51282" src-id="39494" dest-id="46882" weight="3.9396175068781565"/>
<connection id="51391" src-id="39510" dest-id="42880" weight="9.929573119810653"/>
<connection id="51394" src-id="49582" dest-id="39557" weight="-6.46290302861687"/>
<connection id="51395" src-id="39503" dest-id="43097" weight="-7.985911227208648"/>
<connection id="51398" src-id="39484" dest-id="47684" weight="-6.998218678039107"/>
<connection id="51399" src-id="49582" dest-id="47283" weight="21.967193780841065"/>
<connection id="51401" src-id="41858" dest-id="42155" weight="-2.9430291298909816"/>
<connection id="51419" src-id="39510" dest-id="41858" weight="-3.768640649395365"/>
<neuron id="51472" type="hid" activation="sigmoid"/>
<connection id="51473" src-id="41523" dest-id="51472" weight="4.79922052010097"/>
<connection id="51474" src-id="51472" dest-id="41906" weight="-1.9150951777179612"/>
<neuron id="51514" type="hid" activation="sigmoid"/>
<connection id="51515" src-id="39490" dest-id="51514" weight="1.0"/>
<connection id="51516" src-id="51514" dest-id="45675" weight="15.310561908050099"/>
<connection id="51584" src-id="41858" dest-id="39512" weight="-2.644995577243578"/>
<connection id="51654" src-id="39499" dest-id="48590" weight="4.0670738285800025"/>
<connection id="51655" src-id="41118" dest-id="41523" weight="3.9979692016257786"/>
<connection id="51659" src-id="39502" dest-id="50997" weight="-5.399846953824764"/>
<connection id="51664" src-id="39486" dest-id="48590" weight="-1.9831791904682237"/>
<connection id="51676" src-id="39501" dest-id="41118" weight="-1.5554747831630549"/>
<connection id="51745" src-id="39492" dest-id="45675" weight="-6.428668506591451"/>
<connection id="51747" src-id="39498" dest-id="45675" weight="-10.21523233928959"/>
<connection id="51855" src-id="39511" dest-id="47283" weight="5.090661525688991"/>
<connection id="51896" src-id="44023" dest-id="42880" weight="20.620640321786656"/>
<connection id="51898" src-id="47283" dest-id="41906" weight="-6.19473720549598"/>
<connection id="51900" src-id="39478" dest-id="49112" weight="17.49449957893869"/>
<connection id="51901" src-id="39490" dest-id="43808" weight="-7.833391424031858"/>
<connection id="51906" src-id="39491" dest-id="47280" weight="6.434921863945242"/>
<neuron id="52033" type="hid" activation="sigmoid"/>
<connection id="52034" src-id="39499" dest-id="52033" weight="-4.0323148593028275"/>
<connection id="52035" src-id="52033" dest-id="41580" weight="-7.6282001413053715"/>
<connection id="52091" src-id="39492" dest-id="46882" weight="-1.5207243105362216"/>
<connection id="52138" src-id="50997" dest-id="49112" weight="-12.657142386386456"/>
<connection id="52139" src-id="41858" dest-id="39513" weight="-5.523394206817932"/>
<connection id="52141" src-id="39489" dest-id="44247" weight="7.640479953217635"/>
<connection id="52154" src-id="39470" dest-id="50997" weight="0.8084174262488041"/>
<connection id="52177" src-id="39507" dest-id="49112" weight="-6.264083478938724"/>
<connection id="52178" src-id="42140" dest-id="48590" weight="4.55119266746032"/>
<connection id="52186" src-id="39496" dest-id="41118" weight="3.3978962287192633"/>
<connection id="52198" src-id="41523" dest-id="41858" weight="11.731900062343461"/>
<connection id="52219" src-id="39490" dest-id="48590" weight="4.686717851492086"/>
<connection id="52330" src-id="39486" dest-id="43377" weight="8.19222922378463"/>
<connection id="52340" src-id="39483" dest-id="48590" weight="-15.416798227745282"/>
<connection id="52370" src-id="44247" dest-id="49112" weight="-5.212257999347847"/>
<connection id="52385" src-id="40502" dest-id="42155" weight="-2.2914530647912437"/>
<connection id="52397" src-id="39494" dest-id="42140" weight="-0.26755871708082735"/>
<connection id="52411" src-id="39477" dest-id="40502" weight="1.2892655464546534"/>
<connection id="52413" src-id="49582" dest-id="41858" weight="-5.196934054500806"/>
<connection id="52415" src-id="47283" dest-id="43097" weight="7.919275751515604"/>
<connection id="52418" src-id="47684" dest-id="41562" weight="11.413664672379374"/>
<connection id="52419" src-id="39473" dest-id="46882" weight="-1.266684304266397"/>
<connection id="52496" src-id="49582" dest-id="40493" weight="-3.124454105055416"/>
<connection id="52502" src-id="39481" dest-id="47684" weight="1.8799070077282056"/>
<connection id="52505" src-id="41580" dest-id="41906" weight="-0.3070673942565918"/>
<connection id="52506" src-id="39490" dest-id="49582" weight="-0.6922246793594325"/>
<connection id="52516" src-id="39503" dest-id="49112" weight="0.4507981676577266"/>
<connection id="52593" src-id="39492" dest-id="44247" weight="-0.5119114009412242"/>
<connection id="52729" src-id="41118" dest-id="42155" weight="17.818620452123007"/>
<connection id="52741" src-id="49582" dest-id="41906" weight="0.5298141241073608"/>
<connection id="52769" src-id="47280" dest-id="41538" weight="1.1104323965377525"/>
<connection id="52783" src-id="39472" dest-id="49582" weight="3.4016417384053157"/>
<connection id="52791" src-id="39509" dest-id="41118" weight="3.122822544955942"/>
<connection id="52849" src-id="39492" dest-id="45917" weight="-2.8417427544590517"/>
<connection id="52879" src-id="45675" dest-id="39645" weight="-2.9096989168468728"/>
<connection id="52985" src-id="39488" dest-id="43808" weight="-1.1930465546262397"/>
<connection id="52991" src-id="41118" dest-id="43808" weight="3.965293878286512"/>
<connection id="52993" src-id="49582" dest-id="49112" weight="-9.684093446594904"/>
<connection id="52998" src-id="39477" dest-id="41118" weight="-6.443526051536224"/>
<connection id="53047" src-id="39501" dest-id="45917" weight="-5.168351648215501"/>
<connection id="53049" src-id="39504" dest-id="40505" weight="4.349534331574377"/>
<connection id="53117" src-id="41565" dest-id="40505" weight="-1.032240846057853"/>
<connection id="53128" src-id="39475" dest-id="41118" weight="5.515944473162375"/>
<connection id="53199" src-id="44238" dest-id="43377" weight="-3.737971504911105"/>
<connection id="53203" src-id="39507" dest-id="52033" weight="-5.468136610229778"/>
<connection id="53212" src-id="47684" dest-id="39557" weight="-5.905185343369758"/>
<connection id="53213" src-id="39470" dest-id="41858" weight="8.43392028469857"/>
<connection id="53214" src-id="39490" dest-id="40505" weight="-0.3743874084293086"/>
<connection id="53218" src-id="45917" dest-id="39513" weight="-4.683180335921841"/>
<connection id="53220" src-id="41565" dest-id="50997" weight="-2.9429440612882103"/>
<connection id="53221" src-id="49112" dest-id="39512" weight="2.9449023611826872"/>
<connection id="53223" src-id="39507" dest-id="43100" weight="-11.104439761070818"/>
<connection id="53236" src-id="39492" dest-id="50997" weight="-0.3749829539005516"/>
<neuron id="53329" type="hid" activation="sigmoid"/>
<connection id="53330" src-id="43588" dest-id="53329" weight="-3.795633595628909"/>
<connection id="53331" src-id="53329" dest-id="39645" weight="6.927336063147074"/>
<neuron id="53350" type="hid" activation="sigmoid"/>
<connection id="53351" src-id="39488" dest-id="53350" weight="7.069900905248242"/>
<connection id="53352" src-id="53350" dest-id="42880" weight="-6.440918832022072"/>
<connection id="53404" src-id="39497" dest-id="49582" weight="-6.858445861358487"/>
<connection id="53457" src-id="53350" dest-id="45675" weight="-8.584855228563907"/>
<connection id="53459" src-id="41858" dest-id="53350" weight="-5.851177413593645"/>
<connection id="53460" src-id="39500" dest-id="43100" weight="-11.359049054198344"/>
<connection id="53461" src-id="45917" dest-id="44247" weight="2.6250039474432922"/>
<connection id="53465" src-id="39498" dest-id="43100" weight="7.566635515217264"/>
<connection id="53466" src-id="39473" dest-id="47684" weight="0.3557379740955957"/>
<connection id="53467" src-id="53350" dest-id="47280" weight="-1.2446204909337508"/>
<connection id="53468" src-id="39486" dest-id="43808" weight="6.575839392816995"/>
<connection id="53470" src-id="40493" dest-id="44238" weight="-6.378001159632744"/>
<connection id="53472" src-id="39488" dest-id="44238" weight="16.810801430634108"/>
<connection id="53478" src-id="41876" dest-id="40493" weight="4.110302699048297"/>
<connection id="53549" src-id="39482" dest-id="48590" weight="-1.2958285422067632"/>
<connection id="53577" src-id="42880" dest-id="39512" weight="2.273627767502294"/>
<connection id="53616" src-id="39505" dest-id="40505" weight="2.002758934368047"/>
<connection id="53656" src-id="39481" dest-id="43808" weight="7.266660696078276"/>
<connection id="53658" src-id="46882" dest-id="44023" weight="-14.063167667615991"/>
<connection id="53665" src-id="39476" dest-id="50997" weight="5.816682787857902"/>
<connection id="53727" src-id="39506" dest-id="43808" weight="-4.387769776133835"/>
<connection id="53733" src-id="39506" dest-id="40505" weight="0.8438596178580697"/>
<connection id="53737" src-id="39508" dest-id="45917" weight="0.17592567463554884"/>
<connection id="53747" src-id="40505" dest-id="39513" weight="3.542873475365087"/>
<connection id="53772" src-id="49112" dest-id="41580" weight="-0.5500171400334876"/>
<connection id="53775" src-id="39507" dest-id="40505" weight="0.6107465281412976"/>
<connection id="53792" src-id="39485" dest-id="40505" weight="9.607180472931592"/>
<connection id="53965" src-id="39497" dest-id="48590" weight="-6.4026698928792944"/>
<neuron id="53983" type="hid" activation="sigmoid"/>
<connection id="53984" src-id="39490" dest-id="53983" weight="-9.542864814138222"/>
<connection id="53985" src-id="53983" dest-id="42901" weight="-3.5294328481457606"/>
<connection id="54150" src-id="42880" dest-id="52033" weight="-2.139041671300241"/>
<connection id="54222" src-id="39471" dest-id="44023" weight="8.331138333726441"/>
<connection id="54268" src-id="39508" dest-id="43808" weight="1.9657253643662957"/>
<connection id="54291" src-id="39500" dest-id="52033" weight="-4.98011194568822"/>
<connection id="54293" src-id="43808" dest-id="44238" weight="-2.4668415265145907"/>
<connection id="54294" src-id="39500" dest-id="43377" weight="-3.4829505766703672"/>
<connection id="54296" src-id="39510" dest-id="43100" weight="-8.829926912848787"/>
<connection id="54297" src-id="39510" dest-id="44032" weight="2.539192691345247"/>
<connection id="54299" src-id="39479" dest-id="40505" weight="-3.003112418134463"/>
<connection id="54301" src-id="39496" dest-id="49582" weight="15.29753511133649"/>
<connection id="54304" src-id="44023" dest-id="43588" weight="10.796317334826572"/>
<connection id="54305" src-id="40505" dest-id="42155" weight="-7.217922381776417"/>
<connection id="54317" src-id="39493" dest-id="41858" weight="-6.102443015973117"/>
<connection id="54326" src-id="47280" dest-id="43808" weight="2.0899698017717085"/>
<connection id="54403" src-id="49112" dest-id="42880" weight="4.374606099956888"/>
<connection id="54484" src-id="39487" dest-id="52033" weight="0.9859310351169581"/>
<connection id="54580" src-id="39476" dest-id="52033" weight="1.1111184098933695"/>
<connection id="54636" src-id="41526" dest-id="41118" weight="-0.9861695133086323"/>
<connection id="54656" src-id="40493" dest-id="44023" weight="-2.940975698039833"/>
<connection id="54669" src-id="47283" dest-id="42140" weight="0.9453967505266219"/>
<connection id="54731" src-id="41876" dest-id="41562" weight="2.6920874725198987"/>
<connection id="54748" src-id="39506" dest-id="43100" weight="0.5557008187781423"/>
<neuron id="54795" type="hid" activation="sigmoid"/>
<connection id="54796" src-id="39490" dest-id="54795" weight="-3.2184763263787843"/>
<connection id="54797" src-id="54795" dest-id="42880" weight="10.645227074641257"/>
<connection id="54910" src-id="39497" dest-id="49112" weight="7.4678731627543575"/>
<connection id="54961" src-id="41562" dest-id="41526" weight="-3.0291495891855957"/>
<connection id="55009" src-id="39475" dest-id="42880" weight="-4.407469238646133"/>
<connection id="55026" src-id="41562" dest-id="53983" weight="0.05287773009188734"/>
<connection id="55028" src-id="47283" dest-id="52033" weight="-1.2740080547224784"/>
<connection id="55112" src-id="49582" dest-id="46882" weight="-6.01806256902789"/>
<connection id="55269" src-id="39492" dest-id="43377" weight="0.15057807710720006"/>
<connection id="55291" src-id="41526" dest-id="47283" weight="-3.8289357564314566"/>
<connection id="55349" src-id="39500" dest-id="40505" weight="-3.209620136181221"/>
<connection id="55385" src-id="41526" dest-id="41565" weight="15.056793143221203"/>
<connection id="55386" src-id="54795" dest-id="44023" weight="3.3968145873202924"/>
<connection id="55387" src-id="43588" dest-id="44032" weight="8.436812338142799"/>
<connection id="55392" src-id="43368" dest-id="47280" weight="-6.573932846336947"/>
<connection id="55393" src-id="39486" dest-id="40502" weight="-2.6465135159477593"/>
<connection id="55394" src-id="39485" dest-id="40502" weight="3.977361124551064"/>
<connection id="55395" src-id="41562" dest-id="53350" weight="-20.507650979331913"/>
<connection id="55396" src-id="46882" dest-id="40505" weight="3.9078160181228"/>
<connection id="55399" src-id="43368" dest-id="40493" weight="-8.591149972759283"/>
<connection id="55400" src-id="39482" dest-id="43377" weight="-15.181003048622358"/>
<connection id="55402" src-id="39484" dest-id="41526" weight="-13.192467541033393"/>
<connection id="55415" src-id="54795" dest-id="44032" weight="-11.215045300008184"/>
<connection id="55418" src-id="39476" dest-id="53350" weight="-7.818542765184487"/>
<connection id="55419" src-id="53350" dest-id="54795" weight="-0.4079567911944695"/>
<connection id="55520" src-id="44023" dest-id="44247" weight="5.904894120522371"/>
<neuron id="55616" type="hid" activation="sigmoid"/>
<connection id="55618" src-id="55616" dest-id="43377" weight="13.976579688460461"/>
<connection id="55734" src-id="43808" dest-id="39645" weight="-5.192475970444075"/>
<connection id="55845" src-id="41906" dest-id="43100" weight="5.107540895912753"/>
<connection id="55854" src-id="39490" dest-id="53350" weight="7.36035638816791"/>
<connection id="55855" src-id="43368" dest-id="42880" weight="-3.618006914554777"/>
<connection id="55857" src-id="47280" dest-id="39645" weight="1.241584811330382"/>
<connection id="56062" src-id="45917" dest-id="39645" weight="0.9548559589093177"/>
<connection id="56085" src-id="40502" dest-id="41562" weight="0.9232892485955677"/>
<connection id="56120" src-id="39483" dest-id="41118" weight="3.671712699609456"/>
<connection id="56123" src-id="49582" dest-id="43588" weight="4.76898280017302"/>
<connection id="56125" src-id="39508" dest-id="41118" weight="2.8189575224624184"/>
<connection id="56171" src-id="49582" dest-id="44032" weight="-6.454683130987561"/>
<connection id="56172" src-id="40502" dest-id="41118" weight="-11.249706638457763"/>
<connection id="56173" src-id="41858" dest-id="50997" weight="-13.150288151565256"/>
<connection id="56177" src-id="43368" dest-id="43588" weight="5.476818214424971"/>
<connection id="56179" src-id="41858" dest-id="53983" weight="10.569266040055304"/>
<connection id="56181" src-id="43368" dest-id="49582" weight="-1.6536718411676998"/>
<connection id="56182" src-id="41520" dest-id="45917" weight="2.674203584689927"/>
<connection id="56187" src-id="54795" dest-id="40505" weight="4.324606155489494"/>
<connection id="56242" src-id="39471" dest-id="50997" weight="-1.23968503514593"/>
<connection id="56282" src-id="47684" dest-id="40505" weight="2.294217656484828"/>
<connection id="56302" src-id="39500" dest-id="53983" weight="-4.390369518268004"/>
<connection id="56312" src-id="39477" dest-id="41526" weight="-0.6898025016870399"/>
<neuron id="56566" type="hid" activation="sigmoid"/>
<connection id="56567" src-id="46882" dest-id="56566" weight="9.19989656610857"/>
<connection id="56568" src-id="56566" dest-id="42155" weight="-8.75933819350326"/>
<connection id="56764" src-id="39505" dest-id="50997" weight="-1.5407771202129417"/>
<connection id="56886" src-id="39489" dest-id="45917" weight="5.569914290538799"/>
<connection id="56969" src-id="39500" dest-id="44238" weight="-0.5030540227890015"/>
<connection id="56973" src-id="39481" dest-id="50997" weight="8.92199631911784"/>
<connection id="56974" src-id="39481" dest-id="44023" weight="6.946683798639739"/>
<connection id="56977" src-id="45917" dest-id="49112" weight="-8.67205142445232"/>
<connection id="56978" src-id="44238" dest-id="50997" weight="1.8359168700081892"/>
<connection id="56981" src-id="39488" dest-id="45073" weight="11.557962102139895"/>
<connection id="56982" src-id="53983" dest-id="39645" weight="-11.27053801618455"/>
<connection id="56983" src-id="40493" dest-id="55616" weight="1.0623126052412863"/>
<connection id="56987" src-id="39498" dest-id="54795" weight="-8.881718437230742"/>
<connection id="56991" src-id="39486" dest-id="53329" weight="2.6679498201057075"/>
<connection id="57079" src-id="39490" dest-id="41118" weight="-15.776696510142793"/>
<connection id="57080" src-id="39481" dest-id="54795" weight="-1.239619538411639"/>
<connection id="57097" src-id="39496" dest-id="43368" weight="-4.890398573935303"/>
<connection id="57299" src-id="39489" dest-id="41526" weight="3.524115430299128"/>
<neuron id="57514" type="hid" activation="sigmoid"/>
<connection id="57515" src-id="39494" dest-id="57514" weight="5.416743081362038"/>
<connection id="57516" src-id="57514" dest-id="43377" weight="-6.350064791167618"/>
<neuron id="57517" type="hid" activation="sigmoid"/>
<connection id="57518" src-id="50997" dest-id="57517" weight="-3.567904226764176"/>
<connection id="57519" src-id="57517" dest-id="39512" weight="4.3901521015899565"/>
<neuron id="57520" type="hid" activation="sigmoid"/>
<connection id="57521" src-id="39500" dest-id="57520" weight="6.656011543580539"/>
<connection id="57522" src-id="57520" dest-id="43588" weight="0.2847477073870742"/>
<connection id="57822" src-id="41858" dest-id="54795" weight="-6.143089608025968"/>
<connection id="57836" src-id="39506" dest-id="44032" weight="-0.00314942311043076"/>
<connection id="57848" src-id="39508" dest-id="44023" weight="6.3256708343044155"/>
<connection id="57872" src-id="39474" dest-id="53983" weight="-6.994468606119174"/>
<connection id="57959" src-id="44032" dest-id="50997" weight="-1.2633932614023944"/>
<connection id="57996" src-id="39508" dest-id="54795" weight="-4.218010204383942"/>
<connection id="58244" src-id="41118" dest-id="53983" weight="-2.5956034379594426"/>
<connection id="58297" src-id="45917" dest-id="55616" weight="2.5298464146650046"/>
<connection id="58299" src-id="39494" dest-id="55616" weight="5.583163614669482"/>
<connection id="58300" src-id="39491" dest-id="54795" weight="-19.51701167187192"/>
<connection id="58302" src-id="39509" dest-id="53329" weight="-4.89740275808755"/>
<connection id="58303" src-id="39471" dest-id="54795" weight="-1.1170108052662142"/>
<connection id="58304" src-id="42901" dest-id="53329" weight="-3.264840495451867"/>
<connection id="58305" src-id="54795" dest-id="40493" weight="3.2655320151176377"/>
<connection id="58308" src-id="53983" dest-id="44032" weight="-6.391841615602663"/>
<connection id="58309" src-id="39475" dest-id="53329" weight="6.473027069639326"/>
<connection id="58310" src-id="44238" dest-id="57517" weight="-8.98945391002093"/>
<connection id="58311" src-id="39490" dest-id="57520" weight="-2.312938412774152"/>
<connection id="58312" src-id="41565" dest-id="57517" weight="1.8309805345215242"/>
<connection id="58314" src-id="39484" dest-id="53329" weight="0.6016692826898913"/>
<connection id="58315" src-id="39494" dest-id="52033" weight="-6.228958964067035"/>
<connection id="58317" src-id="39507" dest-id="53983" weight="10.106018923816503"/>
<connection id="58318" src-id="39492" dest-id="52033" weight="-1.5257545718555892"/>
<connection id="58320" src-id="39506" dest-id="44023" weight="-8.047905687782789"/>
<connection id="58321" src-id="53350" dest-id="45073" weight="1.9744712016646155"/>
<connection id="58324" src-id="39496" dest-id="53350" weight="0.5207538342089499"/>
<connection id="58358" src-id="39479" dest-id="44032" weight="0.302850719378283"/>
<connection id="58364" src-id="49582" dest-id="43097" weight="-2.3225173460363235"/>
<connection id="58437" src-id="45073" dest-id="40493" weight="-2.5701257101614843"/>
<neuron id="58535" type="hid" activation="sigmoid"/>
<connection id="58536" src-id="41562" dest-id="58535" weight="-1.9670626703068952"/>
<connection id="58537" src-id="58535" dest-id="41565" weight="4.0101207979154925"/>
<connection id="58732" src-id="39489" dest-id="41118" weight="0.3496881021631193"/>
<connection id="58802" src-id="39489" dest-id="40505" weight="4.454182753405579"/>
<connection id="58866" src-id="43368" dest-id="48590" weight="-1.669467808887302"/>
<connection id="58875" src-id="45073" dest-id="43097" weight="3.5168292250293995"/>
<connection id="59069" src-id="45073" dest-id="43808" weight="-0.7373619569696837"/>
<connection id="59117" src-id="39502" dest-id="43368" weight="-2.4397949706302304"/>
<connection id="59119" src-id="57514" dest-id="50997" weight="1.6148309400351935"/>
<connection id="59120" src-id="43368" dest-id="44023" weight="-13.35299377305645"/>
<connection id="59122" src-id="43368" dest-id="45073" weight="3.1589717881397474"/>
<connection id="59124" src-id="39480" dest-id="48133" weight="1.7970200982097455"/>
<connection id="59125" src-id="44238" dest-id="42880" weight="-6.967831732593142"/>
<connection id="59128" src-id="39601" dest-id="57517" weight="-1.0396205292152678"/>
<connection id="59130" src-id="39484" dest-id="57517" weight="-1.1627300066969952"/>
<connection id="59132" src-id="47283" dest-id="57514" weight="-1.9786961592571037"/>
<connection id="59133" src-id="46882" dest-id="54795" weight="6.985038562188217"/>
<connection id="59149" src-id="43368" dest-id="39512" weight="1.2527719813048366"/>
<connection id="59183" src-id="44032" dest-id="40505" weight="-2.762400660761208"/>
<connection id="59195" src-id="41520" dest-id="53983" weight="-2.7671999964902554"/>
<connection id="59231" src-id="53983" dest-id="50997" weight="10.298862651430792"/>
<connection id="59393" src-id="39488" dest-id="53983" weight="-1.0446684933144343"/>
<neuron id="59570" type="hid" activation="sigmoid"/>
<connection id="59571" src-id="39476" dest-id="59570" weight="-5.15765287242907"/>
<connection id="59572" src-id="59570" dest-id="41538" weight="1.1558073062328624"/>
<connection id="59890" src-id="39499" dest-id="48133" weight="3.6187775565410893"/>
<connection id="59964" src-id="39481" dest-id="40505" weight="-3.367594410046456"/>
<connection id="60001" src-id="41876" dest-id="41526" weight="1.0675675350769671"/>
<connection id="60115" src-id="39479" dest-id="40502" weight="-2.608888893574896"/>
<connection id="60153" src-id="39508" dest-id="45073" weight="-3.3228177274063264"/>
<connection id="60172" src-id="39472" dest-id="44032" weight="0.3925436774847386"/>
<connection id="60388" src-id="57517" dest-id="49112" weight="-3.891914957305384"/>
<connection id="60414" src-id="43368" dest-id="43808" weight="1.125666280304316"/>
<connection id="60415" src-id="47283" dest-id="39645" weight="0.012216117106248592"/>
<neuron id="60655" type="hid" activation="sigmoid"/>
<connection id="60656" src-id="39510" dest-id="60655" weight="-8.87672710385423"/>
<connection id="60657" src-id="60655" dest-id="43808" weight="-11.22994805996932"/>
<connection id="61146" src-id="41858" dest-id="57520" weight="2.0089137660716836"/>
<connection id="61147" src-id="39492" dest-id="45073" weight="2.975106473756042"/>
<connection id="61148" src-id="44023" dest-id="39557" weight="7.641573104480592"/>
<connection id="61150" src-id="39505" dest-id="59570" weight="2.2851667220404615"/>
<connection id="61151" src-id="39506" dest-id="43368" weight="-9.464159399591612"/>
<connection id="61152" src-id="48133" dest-id="39557" weight="0.3844768226855335"/>
<connection id="61153" src-id="39472" dest-id="48133" weight="5.023694061691193"/>
<connection id="61156" src-id="59570" dest-id="57517" weight="5.508844385603741"/>
<connection id="61158" src-id="39487" dest-id="53983" weight="-4.801103057047678"/>
<connection id="61159" src-id="39508" dest-id="41586" weight="3.3431521090438867"/>
<connection id="61161" src-id="39492" dest-id="57514" weight="2.4349280822963424"/>
<connection id="61163" src-id="59570" dest-id="43100" weight="0.8398213105530026"/>
<connection id="61201" src-id="39503" dest-id="41586" weight="7.8378706925486386"/>
<connection id="61215" src-id="53329" dest-id="39557" weight="-0.06397925057734"/>
<connection id="61233" src-id="39495" dest-id="55616" weight="5.944886389305574"/>
<connection id="61622" src-id="39483" dest-id="53329" weight="-1.189088442581422"/>
<connection id="61632" src-id="53983" dest-id="41538" weight="-1.433376129340663"/>
<connection id="62109" src-id="39471" dest-id="53983" weight="-1.3324679903320575"/>
<connection id="62208" src-id="39502" dest-id="57514" weight="1.0865305265365686"/>
<connection id="62209" src-id="49112" dest-id="40481" weight="-0.3161161404419689"/>
<connection id="62211" src-id="56566" dest-id="41906" weight="-3.131086535023698"/>
<connection id="62212" src-id="39475" dest-id="59570" weight="2.2117201844188803"/>
<connection id="62215" src-id="39507" dest-id="57520" weight="-7.44833103004995"/>
<connection id="62217" src-id="39492" dest-id="57520" weight="12.342616618956683"/>
<connection id="62220" src-id="41858" dest-id="44032" weight="2.639099953991184"/>
<connection id="62222" src-id="39508" dest-id="55616" weight="4.296397693191898"/>
<connection id="62223" src-id="39478" dest-id="40481" weight="1.9144893771590368"/>
<connection id="62224" src-id="39507" dest-id="53329" weight="-1.9239889428827222"/>
<connection id="62339" src-id="39509" dest-id="40505" weight="1.8219082205192385"/>
<connection id="62397" src-id="41858" dest-id="44238" weight="0.8810474494210976"/>
<neuron id="63026" type="hid" activation="sigmoid"/>
<connection id="63027" src-id="45917" dest-id="63026" weight="11.293579528599512"/>
<connection id="63028" src-id="63026" dest-id="50997" weight="15.3515128207602"/>
<connection id="63394" src-id="39499" dest-id="41586" weight="0.4686362292683184"/>
<connection id="63556" src-id="48133" dest-id="57517" weight="5.844469409543563"/>
<connection id="64001" src-id="60655" dest-id="43377" weight="3.67417973110316"/>
<connection id="64002" src-id="39494" dest-id="41526" weight="0.4333892651584925"/>
<connection id="64003" src-id="42140" dest-id="50101" weight="1.6596902531223021"/>
<connection id="64005" src-id="45917" dest-id="41124" weight="-1.6119761335153149"/>
<connection id="64007" src-id="63026" dest-id="49112" weight="-5.730312002404316"/>
<connection id="64008" src-id="39478" dest-id="63026" weight="-0.5234056147091006"/>
<connection id="64010" src-id="41520" dest-id="41586" weight="6.577322205123227"/>
<connection id="64014" src-id="41586" dest-id="43368" weight="8.67330685363912"/>
<connection id="64020" src-id="63026" dest-id="44032" weight="0.08271044185225307"/>
<connection id="64022" src-id="39492" dest-id="60655" weight="-0.27922077294169934"/>
<connection id="64024" src-id="40481" dest-id="41580" weight="6.975237435407616"/>
<connection id="64027" src-id="39470" dest-id="60655" weight="0.5817989646236463"/>
<connection id="64029" src-id="60655" dest-id="41523" weight="-3.809467298114445"/>
<connection id="65108" src-id="53329" dest-id="59570" weight="-0.09715392709512588"/>
<connection id="65111" src-id="57520" dest-id="52033" weight="4.048559933831175"/>
<connection id="65113" src-id="53350" dest-id="56566" weight="-3.5139672667499484"/>
<connection id="65114" src-id="39474" dest-id="51472" weight="-3.870604993549134"/>
<connection id="65117" src-id="42155" dest-id="40583" weight="-1.4892175109590577"/>
<connection id="65118" src-id="60655" dest-id="39645" weight="-2.2415140184598217"/>
<connection id="65119" src-id="57520" dest-id="50119" weight="2.0381451850920733"/>
<connection id="65121" src-id="53350" dest-id="63026" weight="0.18480985589491244"/>
<connection id="65124" src-id="51472" dest-id="47280" weight="2.235037636788803"/>
<connection id="65125" src-id="40481" dest-id="39513" weight="1.511695993634886"/>
<connection id="65127" src-id="39502" dest-id="41124" weight="-1.0035234283276322"/>
<connection id="65128" src-id="55616" dest-id="63026" weight="1.4663693422238424"/>
<connection id="65131" src-id="40481" dest-id="43100" weight="1.7427490704665245"/>
<connection id="65132" src-id="39470" dest-id="40583" weight="0.9961594214657137"/>
<neuron id="65938" type="hid" activation="sigmoid"/>
<connection id="65939" src-id="39473" dest-id="65938" weight="-0.1853032282644569"/>
<connection id="65940" src-id="65938" dest-id="53350" weight="-0.08526256398584264"/>
<neuron id="65941" type="hid" activation="sigmoid"/>
<connection id="65942" src-id="39479" dest-id="65941" weight="-2.5332218931018913"/>
<connection id="65943" src-id="65941" dest-id="63026" weight="-2.015836952589792"/>
<neuron id="65944" type="hid" activation="sigmoid"/>
<connection id="65945" src-id="43588" dest-id="65944" weight="5.50048587234742"/>
<connection id="65946" src-id="65944" dest-id="57514" weight="0.06260224774332546"/>
<connection id="66861" src-id="48133" dest-id="41858" weight="-1.9670244852788292"/>
<connection id="67323" src-id="39482" dest-id="44238" weight="-4.95013851022672"/>
<connection id="67393" src-id="63026" dest-id="41538" weight="0.23977925169157394"/>
<connection id="67395" src-id="50119" dest-id="57514" weight="2.997330297368914"/>
<connection id="67397" src-id="53350" dest-id="46882" weight="0.4804636111763503"/>
<connection id="67398" src-id="39483" dest-id="59570" weight="-4.925676729929394"/>
<connection id="67399" src-id="40523" dest-id="45917" weight="-0.4998774528503418"/>
<connection id="67400" src-id="39501" dest-id="50119" weight="-1.5062796709267139"/>
<connection id="67401" src-id="39509" dest-id="50101" weight="-0.19063818454742432"/>
<connection id="67402" src-id="39510" dest-id="65941" weight="-1.2440101572066657"/>
<connection id="67404" src-id="41523" dest-id="50101" weight="3.1983133906192083"/>
<connection id="67407" src-id="50119" dest-id="59570" weight="2.9687491832070454"/>
<connection id="67409" src-id="65941" dest-id="40505" weight="0.8099180839979643"/>
<connection id="67411" src-id="50997" dest-id="53329" weight="0.5722735468858752"/>
<connection id="67413" src-id="57520" dest-id="50101" weight="3.1053166926378677"/>
<connection id="67415" src-id="39480" dest-id="50119" weight="-0.4200680998352298"/>
<connection id="67419" src-id="44032" dest-id="40481" weight="-1.0507244140451426"/>
<neuron id="67618" type="hid" activation="sigmoid"/>
<connection id="67619" src-id="39503" dest-id="67618" weight="-0.2359477443354856"/>
<connection id="67620" src-id="67618" dest-id="41858" weight="-2.8613311359561298"/>
<neuron id="67621" type="hid" activation="sigmoid"/>
<connection id="67622" src-id="39601" dest-id="67621" weight="-2.490999034710897"/>
<connection id="67623" src-id="67621" dest-id="41124" weight="2.7467052328083463"/>
<neuron id="67624" type="hid" activation="sigmoid"/>
<connection id="67625" src-id="39496" dest-id="67624" weight="5.020897833053184"/>
<connection id="67626" src-id="67624" dest-id="41858" weight="7.471731186776073"/>
</chromosome>