<chromosome id="51153" primary-parent-id="50986"><neuron id="46664" type="in" activation="linear"/>
<neuron id="46665" type="in" activation="linear"/>
<neuron id="46666" type="in" activation="linear"/>
<neuron id="46667" type="in" activation="linear"/>
<neuron id="46668" type="in" activation="linear"/>
<neuron id="46669" type="in" activation="linear"/>
<neuron id="46670" type="in" activation="linear"/>
<neuron id="46671" type="in" activation="linear"/>
<neuron id="46672" type="in" activation="linear"/>
<neuron id="46673" type="in" activation="linear"/>
<neuron id="46674" type="in" activation="linear"/>
<neuron id="46675" type="in" activation="linear"/>
<neuron id="46676" type="in" activation="linear"/>
<neuron id="46677" type="in" activation="linear"/>
<neuron id="46678" type="in" activation="linear"/>
<neuron id="46679" type="in" activation="linear"/>
<neuron id="46680" type="in" activation="linear"/>
<neuron id="46681" type="in" activation="linear"/>
<neuron id="46682" type="in" activation="linear"/>
<neuron id="46683" type="in" activation="linear"/>
<neuron id="46684" type="in" activation="linear"/>
<neuron id="46685" type="in" activation="linear"/>
<neuron id="46686" type="in" activation="linear"/>
<neuron id="46687" type="in" activation="linear"/>
<neuron id="46688" type="in" activation="linear"/>
<neuron id="46689" type="in" activation="linear"/>
<neuron id="46690" type="in" activation="linear"/>
<neuron id="46691" type="in" activation="linear"/>
<neuron id="46692" type="in" activation="linear"/>
<neuron id="46693" type="in" activation="linear"/>
<neuron id="46694" type="in" activation="linear"/>
<neuron id="46695" type="in" activation="linear"/>
<neuron id="46696" type="in" activation="linear"/>
<neuron id="46697" type="in" activation="linear"/>
<neuron id="46698" type="in" activation="linear"/>
<neuron id="46699" type="in" activation="linear"/>
<neuron id="46700" type="in" activation="linear"/>
<neuron id="46701" type="in" activation="linear"/>
<neuron id="46702" type="in" activation="linear"/>
<neuron id="46703" type="in" activation="linear"/>
<neuron id="46704" type="in" activation="linear"/>
<neuron id="46705" type="in" activation="linear"/>
<neuron id="46706" type="out" activation="linear"/>
<neuron id="46707" type="hid" activation="sigmoid"/>
<connection id="46708" src-id="46664" dest-id="46707" weight="0.07625156713342118"/>
<connection id="46709" src-id="46665" dest-id="46707" weight="14.597821589173803"/>
<connection id="46710" src-id="46666" dest-id="46707" weight="6.594001182449938"/>
<connection id="46711" src-id="46667" dest-id="46707" weight="4.851287050059599"/>
<connection id="46712" src-id="46668" dest-id="46707" weight="-8.029503191295515"/>
<connection id="46713" src-id="46669" dest-id="46707" weight="-7.34674728660667"/>
<connection id="46714" src-id="46670" dest-id="46707" weight="10.674542777626314"/>
<connection id="46715" src-id="46671" dest-id="46707" weight="16.196272406656337"/>
<connection id="46717" src-id="46673" dest-id="46707" weight="11.605288895922513"/>
<connection id="46719" src-id="46675" dest-id="46707" weight="-4.319168932469561"/>
<connection id="46721" src-id="46677" dest-id="46707" weight="-5.035460522895221"/>
<connection id="46722" src-id="46678" dest-id="46707" weight="12.476051851859248"/>
<connection id="46723" src-id="46679" dest-id="46707" weight="6.414512834537144"/>
<connection id="46724" src-id="46680" dest-id="46707" weight="-3.070538828506479"/>
<connection id="46725" src-id="46681" dest-id="46707" weight="5.598318093410322"/>
<connection id="46727" src-id="46683" dest-id="46707" weight="-11.768109816626872"/>
<connection id="46728" src-id="46684" dest-id="46707" weight="2.555337469272883"/>
<connection id="46729" src-id="46685" dest-id="46707" weight="1.7587065130155197"/>
<connection id="46731" src-id="46687" dest-id="46707" weight="4.874515627298079"/>
<connection id="46732" src-id="46688" dest-id="46707" weight="2.3088702837535484"/>
<connection id="46733" src-id="46689" dest-id="46707" weight="-6.398021444426473"/>
<connection id="46734" src-id="46690" dest-id="46707" weight="-1.452393243191834"/>
<connection id="46736" src-id="46692" dest-id="46707" weight="8.070397966954049"/>
<connection id="46737" src-id="46693" dest-id="46707" weight="-0.4051660164309423"/>
<connection id="46738" src-id="46694" dest-id="46707" weight="11.71915371700946"/>
<connection id="46739" src-id="46695" dest-id="46707" weight="-2.66069289634879"/>
<connection id="46740" src-id="46696" dest-id="46707" weight="-11.258175824963825"/>
<connection id="46741" src-id="46697" dest-id="46707" weight="12.041254088257768"/>
<connection id="46742" src-id="46698" dest-id="46707" weight="3.6406169999410594"/>
<connection id="46744" src-id="46700" dest-id="46707" weight="-1.2334358680630162"/>
<connection id="46745" src-id="46701" dest-id="46707" weight="9.819024774563704"/>
<connection id="46746" src-id="46702" dest-id="46707" weight="17.712711424028523"/>
<connection id="46747" src-id="46703" dest-id="46707" weight="0.11077964305877686"/>
<connection id="46748" src-id="46704" dest-id="46707" weight="13.620141527596285"/>
<connection id="46749" src-id="46705" dest-id="46707" weight="-8.075565682311463"/>
<neuron id="46751" type="hid" activation="sigmoid"/>
<connection id="46752" src-id="46664" dest-id="46751" weight="-4.078766104285281"/>
<connection id="46753" src-id="46665" dest-id="46751" weight="-1.4379432773667191"/>
<connection id="46755" src-id="46667" dest-id="46751" weight="13.083965081164875"/>
<connection id="46756" src-id="46668" dest-id="46751" weight="3.057436602320691"/>
<connection id="46758" src-id="46670" dest-id="46751" weight="16.930560935741482"/>
<connection id="46759" src-id="46671" dest-id="46751" weight="-17.166860211020552"/>
<connection id="46760" src-id="46672" dest-id="46751" weight="4.124219383948642"/>
<connection id="46761" src-id="46673" dest-id="46751" weight="6.715961479276721"/>
<connection id="46764" src-id="46676" dest-id="46751" weight="9.059737099153873"/>
<connection id="46765" src-id="46677" dest-id="46751" weight="2.8796878892959885"/>
<connection id="46767" src-id="46679" dest-id="46751" weight="13.005730246650472"/>
<connection id="46770" src-id="46682" dest-id="46751" weight="4.229250892238911"/>
<connection id="46771" src-id="46683" dest-id="46751" weight="-6.0320946825937405"/>
<connection id="46772" src-id="46684" dest-id="46751" weight="-3.1573226444607925"/>
<connection id="46773" src-id="46685" dest-id="46751" weight="-8.826909030044563"/>
<connection id="46774" src-id="46686" dest-id="46751" weight="-6.906009255569346"/>
<connection id="46775" src-id="46687" dest-id="46751" weight="7.503327143637266"/>
<connection id="46776" src-id="46688" dest-id="46751" weight="-7.878613959213705"/>
<connection id="46777" src-id="46689" dest-id="46751" weight="1.1163864034468305"/>
<connection id="46778" src-id="46690" dest-id="46751" weight="-3.3933657425530512"/>
<connection id="46779" src-id="46691" dest-id="46751" weight="9.017391940387053"/>
<connection id="46780" src-id="46692" dest-id="46751" weight="-13.4990536063278"/>
<connection id="46781" src-id="46693" dest-id="46751" weight="-7.9528287220814144"/>
<connection id="46782" src-id="46694" dest-id="46751" weight="3.994695190033921"/>
<connection id="46783" src-id="46695" dest-id="46751" weight="9.158558490513128"/>
<connection id="46786" src-id="46698" dest-id="46751" weight="0.03127446418936379"/>
<connection id="46787" src-id="46699" dest-id="46751" weight="-8.479900381743786"/>
<connection id="46788" src-id="46700" dest-id="46751" weight="0.998989994295453"/>
<connection id="46789" src-id="46701" dest-id="46751" weight="-7.796721937055249"/>
<connection id="46790" src-id="46702" dest-id="46751" weight="2.874581880085885"/>
<connection id="46792" src-id="46704" dest-id="46751" weight="15.539744638508004"/>
<connection id="46793" src-id="46705" dest-id="46751" weight="-4.2689925292831585"/>
<connection id="46794" src-id="46751" dest-id="46706" weight="-4.847252228247208"/>
<neuron id="46795" type="hid" activation="sigmoid"/>
<connection id="46796" src-id="46664" dest-id="46795" weight="7.332043068969323"/>
<connection id="46797" src-id="46665" dest-id="46795" weight="-7.40259800487804"/>
<connection id="46798" src-id="46666" dest-id="46795" weight="5.1486364813233765"/>
<connection id="46799" src-id="46667" dest-id="46795" weight="-14.591462300285901"/>
<connection id="46800" src-id="46668" dest-id="46795" weight="-11.552708402622919"/>
<connection id="46801" src-id="46669" dest-id="46795" weight="8.572333513928633"/>
<connection id="46802" src-id="46670" dest-id="46795" weight="2.6272175767254184"/>
<connection id="46803" src-id="46671" dest-id="46795" weight="-9.924936576146106"/>
<connection id="46804" src-id="46672" dest-id="46795" weight="14.195214375147255"/>
<connection id="46805" src-id="46673" dest-id="46795" weight="8.530613162074335"/>
<connection id="46807" src-id="46675" dest-id="46795" weight="1.9068463187346447"/>
<connection id="46808" src-id="46676" dest-id="46795" weight="-6.932850787490398"/>
<connection id="46810" src-id="46678" dest-id="46795" weight="-6.890319031356615"/>
<connection id="46811" src-id="46679" dest-id="46795" weight="0.1813480737804627"/>
<connection id="46812" src-id="46680" dest-id="46795" weight="-11.911284167590171"/>
<connection id="46813" src-id="46681" dest-id="46795" weight="-10.323464632987077"/>
<connection id="46814" src-id="46682" dest-id="46795" weight="-5.158581642515308"/>
<connection id="46816" src-id="46684" dest-id="46795" weight="12.690953960433667"/>
<connection id="46817" src-id="46685" dest-id="46795" weight="8.986679361801889"/>
<connection id="46820" src-id="46688" dest-id="46795" weight="9.14808398864906"/>
<connection id="46821" src-id="46689" dest-id="46795" weight="-4.694748991592394"/>
<connection id="46822" src-id="46690" dest-id="46795" weight="2.3908464218439214"/>
<connection id="46823" src-id="46691" dest-id="46795" weight="-6.8314511879305355"/>
<connection id="46825" src-id="46693" dest-id="46795" weight="-7.15820881334941"/>
<connection id="46826" src-id="46694" dest-id="46795" weight="0.2798320764108766"/>
<connection id="46827" src-id="46695" dest-id="46795" weight="-7.262537035917444"/>
<connection id="46829" src-id="46697" dest-id="46795" weight="6.5372175122538945"/>
<connection id="46830" src-id="46698" dest-id="46795" weight="-5.092986674410574"/>
<connection id="46831" src-id="46699" dest-id="46795" weight="7.929306582154438"/>
<connection id="46832" src-id="46700" dest-id="46795" weight="15.781004059884422"/>
<connection id="46833" src-id="46701" dest-id="46795" weight="12.847060751195414"/>
<connection id="46834" src-id="46702" dest-id="46795" weight="-13.105207382064693"/>
<connection id="46835" src-id="46703" dest-id="46795" weight="9.515983968288296"/>
<connection id="46836" src-id="46704" dest-id="46795" weight="-3.29148140704628"/>
<connection id="46837" src-id="46705" dest-id="46795" weight="0.5539555117706929"/>
<connection id="46838" src-id="46795" dest-id="46706" weight="-4.340421351261904"/>
<neuron id="46883" type="hid" activation="sigmoid"/>
<connection id="46884" src-id="46664" dest-id="46883" weight="8.975041634144745"/>
<connection id="46885" src-id="46665" dest-id="46883" weight="-7.932858471381758"/>
<connection id="46886" src-id="46666" dest-id="46883" weight="-3.4569498533089957"/>
<connection id="46887" src-id="46667" dest-id="46883" weight="-14.023286383847005"/>
<connection id="46889" src-id="46669" dest-id="46883" weight="3.2799456945455563"/>
<connection id="46890" src-id="46670" dest-id="46883" weight="-4.668693500698725"/>
<connection id="46891" src-id="46671" dest-id="46883" weight="-5.96720868282255"/>
<connection id="46892" src-id="46672" dest-id="46883" weight="17.628351010411034"/>
<connection id="46893" src-id="46673" dest-id="46883" weight="-11.85588734498322"/>
<connection id="46894" src-id="46674" dest-id="46883" weight="5.277324117492858"/>
<connection id="46895" src-id="46675" dest-id="46883" weight="-7.536662344813728"/>
<connection id="46897" src-id="46677" dest-id="46883" weight="-5.667860334703903"/>
<connection id="46898" src-id="46678" dest-id="46883" weight="-3.7939739011912024"/>
<connection id="46899" src-id="46679" dest-id="46883" weight="-4.641414519935516"/>
<connection id="46900" src-id="46680" dest-id="46883" weight="-1.4760484069445288"/>
<connection id="46901" src-id="46681" dest-id="46883" weight="-3.509714879531235"/>
<connection id="46902" src-id="46682" dest-id="46883" weight="-6.602244136898222"/>
<connection id="46906" src-id="46686" dest-id="46883" weight="-0.9704866478740923"/>
<connection id="46908" src-id="46688" dest-id="46883" weight="2.755094027209611"/>
<connection id="46909" src-id="46689" dest-id="46883" weight="3.870170327514591"/>
<connection id="46910" src-id="46690" dest-id="46883" weight="3.2047991387382186"/>
<connection id="46911" src-id="46691" dest-id="46883" weight="4.953352744348972"/>
<connection id="46912" src-id="46692" dest-id="46883" weight="-3.725712238562166"/>
<connection id="46914" src-id="46694" dest-id="46883" weight="2.7222592194349198"/>
<connection id="46917" src-id="46697" dest-id="46883" weight="3.775129156760509"/>
<connection id="46918" src-id="46698" dest-id="46883" weight="-1.7847827944639292"/>
<connection id="46919" src-id="46699" dest-id="46883" weight="-2.8729189772607873"/>
<connection id="46920" src-id="46700" dest-id="46883" weight="14.654516557926591"/>
<connection id="46921" src-id="46701" dest-id="46883" weight="-2.9415962224636836"/>
<connection id="46922" src-id="46702" dest-id="46883" weight="0.17130697328505828"/>
<connection id="46923" src-id="46703" dest-id="46883" weight="7.8150964730647665"/>
<connection id="46925" src-id="46705" dest-id="46883" weight="-27.909043682283432"/>
<connection id="46926" src-id="46883" dest-id="46706" weight="-10.779502663445605"/>
<connection id="47147" src-id="46674" dest-id="46706" weight="2.647584177724162"/>
<connection id="47245" src-id="46700" dest-id="46706" weight="2.766551734673185"/>
<neuron id="47329" type="hid" activation="sigmoid"/>
<connection id="47330" src-id="46685" dest-id="47329" weight="9.04828582912473"/>
<connection id="47331" src-id="47329" dest-id="46883" weight="-5.817754645578905"/>
<connection id="47408" src-id="46696" dest-id="47329" weight="-11.38274809847914"/>
<connection id="47611" src-id="46672" dest-id="46706" weight="15.371760826857015"/>
<neuron id="47649" type="hid" activation="sigmoid"/>
<connection id="47650" src-id="46703" dest-id="47649" weight="-0.826498782184315"/>
<connection id="47651" src-id="47649" dest-id="46707" weight="-13.365827348281087"/>
<connection id="47914" src-id="46705" dest-id="46706" weight="2.73946091415512"/>
<neuron id="47926" type="hid" activation="sigmoid"/>
<connection id="47927" src-id="46674" dest-id="47926" weight="0.5372020831980078"/>
<connection id="47928" src-id="47926" dest-id="46751" weight="8.096571837614325"/>
<connection id="48005" src-id="46686" dest-id="47329" weight="-4.4168989219291905"/>
<connection id="48011" src-id="46687" dest-id="46706" weight="6.937952999079364"/>
<connection id="48012" src-id="46672" dest-id="47329" weight="-4.400851139799031"/>
<neuron id="48202" type="hid" activation="sigmoid"/>
<connection id="48203" src-id="46666" dest-id="48202" weight="-6.540505586832788"/>
<connection id="48204" src-id="48202" dest-id="46751" weight="6.1384815483739725"/>
<neuron id="48205" type="hid" activation="sigmoid"/>
<connection id="48206" src-id="46678" dest-id="48205" weight="7.026069669581519"/>
<connection id="48207" src-id="48205" dest-id="46751" weight="1.7375044454060247"/>
<neuron id="48229" type="hid" activation="sigmoid"/>
<connection id="48230" src-id="46676" dest-id="48229" weight="-1.276020842959194"/>
<connection id="48231" src-id="48229" dest-id="46707" weight="-7.040919589479363"/>
<connection id="48406" src-id="47329" dest-id="48202" weight="-6.4557326039687934"/>
<connection id="48421" src-id="46700" dest-id="47329" weight="-1.3008555098398034"/>
<neuron id="48456" type="hid" activation="sigmoid"/>
<connection id="48457" src-id="46686" dest-id="48456" weight="-1.1070374259618634"/>
<connection id="48458" src-id="48456" dest-id="46707" weight="1.4573166044046768"/>
<neuron id="48477" type="hid" activation="sigmoid"/>
<connection id="48478" src-id="46695" dest-id="48477" weight="-1.9249648237553545"/>
<connection id="48479" src-id="48477" dest-id="46883" weight="3.570350171246278"/>
<connection id="48644" src-id="46682" dest-id="48202" weight="4.037044203144115"/>
<connection id="48650" src-id="48202" dest-id="48205" weight="12.355221756183475"/>
<connection id="48655" src-id="48205" dest-id="46883" weight="-0.17224843579122817"/>
<connection id="48749" src-id="46681" dest-id="46706" weight="1.9928919864012167"/>
<connection id="48790" src-id="46694" dest-id="48205" weight="-3.1191268198443183"/>
<connection id="48794" src-id="46695" dest-id="48205" weight="-3.6907930360946595"/>
<neuron id="49134" type="hid" activation="sigmoid"/>
<connection id="49135" src-id="46699" dest-id="49134" weight="-9.242909707769806"/>
<connection id="49136" src-id="49134" dest-id="46707" weight="15.779646312126768"/>
<neuron id="49161" type="hid" activation="sigmoid"/>
<connection id="49162" src-id="46683" dest-id="49161" weight="-2.8709788898142556"/>
<connection id="49163" src-id="49161" dest-id="46795" weight="4.613204280572543"/>
<connection id="49249" src-id="46690" dest-id="48205" weight="3.9164545127218195"/>
<connection id="49334" src-id="46666" dest-id="47329" weight="2.4147014350237375"/>
<connection id="49509" src-id="46700" dest-id="47926" weight="-3.071278029442653"/>
<connection id="49749" src-id="46703" dest-id="48202" weight="2.3521235317299514"/>
<connection id="49777" src-id="46667" dest-id="47926" weight="1.7468151374248486"/>
<neuron id="49845" type="hid" activation="sigmoid"/>
<connection id="49846" src-id="46696" dest-id="49845" weight="0.7755698513779126"/>
<connection id="49847" src-id="49845" dest-id="46883" weight="-0.044507294899572614"/>
<neuron id="49857" type="hid" activation="sigmoid"/>
<connection id="49858" src-id="46707" dest-id="49857" weight="-1.9964290937669489"/>
<connection id="49859" src-id="49857" dest-id="46706" weight="4.815252487503646"/>
<connection id="49928" src-id="47329" dest-id="48477" weight="-6.52138117996813"/>
<connection id="49933" src-id="46687" dest-id="47649" weight="5.807238018723785"/>
<neuron id="50008" type="hid" activation="sigmoid"/>
<connection id="50009" src-id="46702" dest-id="50008" weight="9.894089166268818"/>
<connection id="50010" src-id="50008" dest-id="46706" weight="-0.5085342208313454"/>
<neuron id="50011" type="hid" activation="sigmoid"/>
<connection id="50012" src-id="46677" dest-id="50011" weight="-7.713842156433814"/>
<connection id="50013" src-id="50011" dest-id="46795" weight="6.913577991008734"/>
<connection id="50063" src-id="46677" dest-id="48477" weight="-6.794223109363571"/>
<connection id="50169" src-id="46680" dest-id="48205" weight="1.0609198253178187"/>
<connection id="50191" src-id="47329" dest-id="49845" weight="-1.517317024537693"/>
<connection id="50192" src-id="49857" dest-id="47926" weight="0.36093394587165584"/>
<connection id="50193" src-id="46883" dest-id="46751" weight="7.2921693171376365"/>
<connection id="50194" src-id="46703" dest-id="47329" weight="2.974225840972709"/>
<connection id="50196" src-id="46701" dest-id="47329" weight="-1.6760807811956888"/>
<connection id="50197" src-id="46795" dest-id="50008" weight="3.299632915561628"/>
<connection id="50199" src-id="46684" dest-id="49845" weight="7.982579801028711"/>
<connection id="50307" src-id="46689" dest-id="48477" weight="1.8700331275497222"/>
<connection id="50335" src-id="46673" dest-id="48229" weight="-6.882381405462947"/>
<connection id="50469" src-id="46707" dest-id="47926" weight="-2.9085818047000207"/>
<connection id="50472" src-id="46675" dest-id="49161" weight="10.490159920180833"/>
<connection id="50726" src-id="46684" dest-id="48205" weight="3.4098530349148173"/>
<connection id="50889" src-id="46667" dest-id="48477" weight="0.41664697163260245"/>
<connection id="50896" src-id="46699" dest-id="48229" weight="2.0532370133032067"/>
<connection id="50897" src-id="46698" dest-id="48456" weight="1.208989693823525"/>
<connection id="50898" src-id="46703" dest-id="49845" weight="3.999620489287128"/>
<connection id="50899" src-id="46672" dest-id="47649" weight="6.655663324537258"/>
<connection id="50900" src-id="46679" dest-id="50011" weight="1.0945934333943586"/>
<connection id="50902" src-id="46707" dest-id="49161" weight="4.647453729432497"/>
<connection id="50903" src-id="48456" dest-id="46795" weight="1.1745322656028228"/>
<connection id="50904" src-id="46691" dest-id="47926" weight="6.135482419171718"/>
<connection id="50905" src-id="46672" dest-id="47926" weight="4.564491591155613"/>
<connection id="50906" src-id="46665" dest-id="49134" weight="6.726878277277358"/>
<connection id="51087" src-id="48477" dest-id="49161" weight="0.5109900481241856"/>
<connection id="51089" src-id="46686" dest-id="47649" weight="-1.050882291732034"/>
<connection id="51092" src-id="48229" dest-id="48456" weight="0.5564877648365285"/>
</chromosome>