<chromosome id="51165" primary-parent-id="50599"><neuron id="46664" type="in" activation="linear"/>
<neuron id="46665" type="in" activation="linear"/>
<neuron id="46666" type="in" activation="linear"/>
<neuron id="46667" type="in" activation="linear"/>
<neuron id="46668" type="in" activation="linear"/>
<neuron id="46669" type="in" activation="linear"/>
<neuron id="46670" type="in" activation="linear"/>
<neuron id="46671" type="in" activation="linear"/>
<neuron id="46672" type="in" activation="linear"/>
<neuron id="46673" type="in" activation="linear"/>
<neuron id="46674" type="in" activation="linear"/>
<neuron id="46675" type="in" activation="linear"/>
<neuron id="46676" type="in" activation="linear"/>
<neuron id="46677" type="in" activation="linear"/>
<neuron id="46678" type="in" activation="linear"/>
<neuron id="46679" type="in" activation="linear"/>
<neuron id="46680" type="in" activation="linear"/>
<neuron id="46681" type="in" activation="linear"/>
<neuron id="46682" type="in" activation="linear"/>
<neuron id="46683" type="in" activation="linear"/>
<neuron id="46684" type="in" activation="linear"/>
<neuron id="46685" type="in" activation="linear"/>
<neuron id="46686" type="in" activation="linear"/>
<neuron id="46687" type="in" activation="linear"/>
<neuron id="46688" type="in" activation="linear"/>
<neuron id="46689" type="in" activation="linear"/>
<neuron id="46690" type="in" activation="linear"/>
<neuron id="46691" type="in" activation="linear"/>
<neuron id="46692" type="in" activation="linear"/>
<neuron id="46693" type="in" activation="linear"/>
<neuron id="46694" type="in" activation="linear"/>
<neuron id="46695" type="in" activation="linear"/>
<neuron id="46696" type="in" activation="linear"/>
<neuron id="46697" type="in" activation="linear"/>
<neuron id="46698" type="in" activation="linear"/>
<neuron id="46699" type="in" activation="linear"/>
<neuron id="46700" type="in" activation="linear"/>
<neuron id="46701" type="in" activation="linear"/>
<neuron id="46702" type="in" activation="linear"/>
<neuron id="46703" type="in" activation="linear"/>
<neuron id="46704" type="in" activation="linear"/>
<neuron id="46705" type="in" activation="linear"/>
<neuron id="46706" type="out" activation="linear"/>
<neuron id="46707" type="hid" activation="sigmoid"/>
<connection id="46708" src-id="46664" dest-id="46707" weight="-1.3054167380235568"/>
<connection id="46709" src-id="46665" dest-id="46707" weight="16.362255841216474"/>
<connection id="46710" src-id="46666" dest-id="46707" weight="2.9326825274375317"/>
<connection id="46711" src-id="46667" dest-id="46707" weight="-0.3920595896186774"/>
<connection id="46712" src-id="46668" dest-id="46707" weight="-14.122275787166464"/>
<connection id="46713" src-id="46669" dest-id="46707" weight="-9.671454110446831"/>
<connection id="46714" src-id="46670" dest-id="46707" weight="9.878797479913198"/>
<connection id="46715" src-id="46671" dest-id="46707" weight="14.331958683455687"/>
<connection id="46717" src-id="46673" dest-id="46707" weight="8.486319915874367"/>
<connection id="46719" src-id="46675" dest-id="46707" weight="-0.4975940610613333"/>
<connection id="46721" src-id="46677" dest-id="46707" weight="-7.317534431034826"/>
<connection id="46722" src-id="46678" dest-id="46707" weight="8.877471926876897"/>
<connection id="46723" src-id="46679" dest-id="46707" weight="6.914596124495698"/>
<connection id="46724" src-id="46680" dest-id="46707" weight="-3.2613131144208856"/>
<connection id="46725" src-id="46681" dest-id="46707" weight="5.425633237992786"/>
<connection id="46727" src-id="46683" dest-id="46707" weight="-11.75477264422704"/>
<connection id="46728" src-id="46684" dest-id="46707" weight="-1.3025279708691313"/>
<connection id="46729" src-id="46685" dest-id="46707" weight="4.1191792276536"/>
<connection id="46731" src-id="46687" dest-id="46707" weight="0.10654392829219668"/>
<connection id="46732" src-id="46688" dest-id="46707" weight="-1.7975283069173442"/>
<connection id="46733" src-id="46689" dest-id="46707" weight="-10.00292465002757"/>
<connection id="46734" src-id="46690" dest-id="46707" weight="-0.03338215956929025"/>
<connection id="46736" src-id="46692" dest-id="46707" weight="5.801946772954398"/>
<connection id="46737" src-id="46693" dest-id="46707" weight="3.6113527026760597"/>
<connection id="46738" src-id="46694" dest-id="46707" weight="10.956889402948073"/>
<connection id="46739" src-id="46695" dest-id="46707" weight="7.75704643871256"/>
<connection id="46740" src-id="46696" dest-id="46707" weight="-10.937271946136606"/>
<connection id="46741" src-id="46697" dest-id="46707" weight="14.235634563381778"/>
<connection id="46742" src-id="46698" dest-id="46707" weight="-0.7813658813011803"/>
<connection id="46744" src-id="46700" dest-id="46707" weight="-3.9307144374768384"/>
<connection id="46745" src-id="46701" dest-id="46707" weight="11.88884071489868"/>
<connection id="46746" src-id="46702" dest-id="46707" weight="11.2370495332922"/>
<connection id="46748" src-id="46704" dest-id="46707" weight="12.962225976319033"/>
<connection id="46749" src-id="46705" dest-id="46707" weight="-4.702437994611826"/>
<neuron id="46751" type="hid" activation="sigmoid"/>
<connection id="46752" src-id="46664" dest-id="46751" weight="-0.9847181971928247"/>
<connection id="46753" src-id="46665" dest-id="46751" weight="1.8118049075954723"/>
<connection id="46755" src-id="46667" dest-id="46751" weight="15.022000628561132"/>
<connection id="46756" src-id="46668" dest-id="46751" weight="1.6924780941854953"/>
<connection id="46759" src-id="46671" dest-id="46751" weight="-17.254120601449888"/>
<connection id="46760" src-id="46672" dest-id="46751" weight="3.528585855548293"/>
<connection id="46761" src-id="46673" dest-id="46751" weight="-1.6190365615228552"/>
<connection id="46763" src-id="46675" dest-id="46751" weight="-10.202269110722808"/>
<connection id="46764" src-id="46676" dest-id="46751" weight="8.504315183572501"/>
<connection id="46765" src-id="46677" dest-id="46751" weight="14.633148677926558"/>
<connection id="46767" src-id="46679" dest-id="46751" weight="9.857890896775704"/>
<connection id="46770" src-id="46682" dest-id="46751" weight="3.163179325434319"/>
<connection id="46771" src-id="46683" dest-id="46751" weight="-5.5696397433734015"/>
<connection id="46772" src-id="46684" dest-id="46751" weight="-2.3168768678975677"/>
<connection id="46773" src-id="46685" dest-id="46751" weight="-13.265402346195248"/>
<connection id="46774" src-id="46686" dest-id="46751" weight="-13.280675979099518"/>
<connection id="46775" src-id="46687" dest-id="46751" weight="3.120402922149841"/>
<connection id="46776" src-id="46688" dest-id="46751" weight="-1.1579885154731846"/>
<connection id="46777" src-id="46689" dest-id="46751" weight="-1.9444258238834307"/>
<connection id="46778" src-id="46690" dest-id="46751" weight="-5.644520843404488"/>
<connection id="46779" src-id="46691" dest-id="46751" weight="9.4519890003075"/>
<connection id="46780" src-id="46692" dest-id="46751" weight="-8.28270722377558"/>
<connection id="46781" src-id="46693" dest-id="46751" weight="-5.566514164631059"/>
<connection id="46782" src-id="46694" dest-id="46751" weight="4.219085429695447"/>
<connection id="46783" src-id="46695" dest-id="46751" weight="16.100581442066265"/>
<connection id="46786" src-id="46698" dest-id="46751" weight="1.9899825638338315"/>
<connection id="46787" src-id="46699" dest-id="46751" weight="-7.192353958462881"/>
<connection id="46788" src-id="46700" dest-id="46751" weight="-3.3836081635460347"/>
<connection id="46789" src-id="46701" dest-id="46751" weight="-9.139285018825131"/>
<connection id="46790" src-id="46702" dest-id="46751" weight="13.867771642052354"/>
<connection id="46792" src-id="46704" dest-id="46751" weight="10.559619586920661"/>
<connection id="46793" src-id="46705" dest-id="46751" weight="3.7965098436064224"/>
<connection id="46794" src-id="46751" dest-id="46706" weight="-3.6368124639543264"/>
<neuron id="46795" type="hid" activation="sigmoid"/>
<connection id="46796" src-id="46664" dest-id="46795" weight="3.866343956420361"/>
<connection id="46798" src-id="46666" dest-id="46795" weight="4.660624617459175"/>
<connection id="46799" src-id="46667" dest-id="46795" weight="-11.609562201579687"/>
<connection id="46800" src-id="46668" dest-id="46795" weight="-10.065513237428835"/>
<connection id="46801" src-id="46669" dest-id="46795" weight="6.171687235183261"/>
<connection id="46802" src-id="46670" dest-id="46795" weight="5.172912242308152"/>
<connection id="46803" src-id="46671" dest-id="46795" weight="-13.396008378826268"/>
<connection id="46804" src-id="46672" dest-id="46795" weight="18.13810108926273"/>
<connection id="46805" src-id="46673" dest-id="46795" weight="7.426397196801196"/>
<connection id="46807" src-id="46675" dest-id="46795" weight="4.047665484292118"/>
<connection id="46808" src-id="46676" dest-id="46795" weight="-3.388433001603235"/>
<connection id="46810" src-id="46678" dest-id="46795" weight="-6.2933593324323756"/>
<connection id="46811" src-id="46679" dest-id="46795" weight="-3.635633629398527"/>
<connection id="46812" src-id="46680" dest-id="46795" weight="-11.382729732605037"/>
<connection id="46813" src-id="46681" dest-id="46795" weight="-5.33971288951238"/>
<connection id="46814" src-id="46682" dest-id="46795" weight="-9.979715993343948"/>
<connection id="46816" src-id="46684" dest-id="46795" weight="16.031457179617547"/>
<connection id="46817" src-id="46685" dest-id="46795" weight="7.432641748497048"/>
<connection id="46819" src-id="46687" dest-id="46795" weight="9.615465766647525"/>
<connection id="46820" src-id="46688" dest-id="46795" weight="3.3391850073554115"/>
<connection id="46821" src-id="46689" dest-id="46795" weight="-3.1928450007365314"/>
<connection id="46822" src-id="46690" dest-id="46795" weight="4.309785733404861"/>
<connection id="46823" src-id="46691" dest-id="46795" weight="-3.433496014791392"/>
<connection id="46825" src-id="46693" dest-id="46795" weight="-0.43214864692669913"/>
<connection id="46826" src-id="46694" dest-id="46795" weight="3.3291458603403714"/>
<connection id="46827" src-id="46695" dest-id="46795" weight="-0.920170586789812"/>
<connection id="46828" src-id="46696" dest-id="46795" weight="-1.3241774267062274"/>
<connection id="46829" src-id="46697" dest-id="46795" weight="4.410043591087219"/>
<connection id="46830" src-id="46698" dest-id="46795" weight="-11.584251707117083"/>
<connection id="46831" src-id="46699" dest-id="46795" weight="8.87411554907575"/>
<connection id="46832" src-id="46700" dest-id="46795" weight="17.199275480486726"/>
<connection id="46833" src-id="46701" dest-id="46795" weight="7.786103288668279"/>
<connection id="46834" src-id="46702" dest-id="46795" weight="-11.661561198705773"/>
<connection id="46835" src-id="46703" dest-id="46795" weight="6.68781223638058"/>
<connection id="46836" src-id="46704" dest-id="46795" weight="-6.920912556988721"/>
<connection id="46837" src-id="46705" dest-id="46795" weight="1.6529242698022315"/>
<connection id="46838" src-id="46795" dest-id="46706" weight="-3.5039493894548097"/>
<neuron id="46883" type="hid" activation="sigmoid"/>
<connection id="46884" src-id="46664" dest-id="46883" weight="9.067094628523932"/>
<connection id="46885" src-id="46665" dest-id="46883" weight="-9.630561965444445"/>
<connection id="46886" src-id="46666" dest-id="46883" weight="-3.9664877803199863"/>
<connection id="46887" src-id="46667" dest-id="46883" weight="-12.376243312230466"/>
<connection id="46889" src-id="46669" dest-id="46883" weight="2.420485415925163"/>
<connection id="46890" src-id="46670" dest-id="46883" weight="-2.841535758046477"/>
<connection id="46891" src-id="46671" dest-id="46883" weight="-6.341136815033483"/>
<connection id="46892" src-id="46672" dest-id="46883" weight="16.94449501194186"/>
<connection id="46893" src-id="46673" dest-id="46883" weight="0.8160611512404402"/>
<connection id="46894" src-id="46674" dest-id="46883" weight="3.5773211793304376"/>
<connection id="46895" src-id="46675" dest-id="46883" weight="-9.181564191682153"/>
<connection id="46897" src-id="46677" dest-id="46883" weight="-8.937840398506319"/>
<connection id="46898" src-id="46678" dest-id="46883" weight="-7.061495316562501"/>
<connection id="46899" src-id="46679" dest-id="46883" weight="-2.1468966101047586"/>
<connection id="46900" src-id="46680" dest-id="46883" weight="-2.194362279715895"/>
<connection id="46901" src-id="46681" dest-id="46883" weight="-2.697656741931816"/>
<connection id="46902" src-id="46682" dest-id="46883" weight="-3.656975208004316"/>
<connection id="46906" src-id="46686" dest-id="46883" weight="5.544686305029487"/>
<connection id="46908" src-id="46688" dest-id="46883" weight="2.509443395823398"/>
<connection id="46909" src-id="46689" dest-id="46883" weight="6.463830139465517"/>
<connection id="46910" src-id="46690" dest-id="46883" weight="6.004410270742955"/>
<connection id="46911" src-id="46691" dest-id="46883" weight="-2.323239439769541"/>
<connection id="46912" src-id="46692" dest-id="46883" weight="-3.377419537579271"/>
<connection id="46913" src-id="46693" dest-id="46883" weight="-7.0663168498910345"/>
<connection id="46914" src-id="46694" dest-id="46883" weight="-5.0945825914882015"/>
<connection id="46917" src-id="46697" dest-id="46883" weight="7.013879643474104"/>
<connection id="46918" src-id="46698" dest-id="46883" weight="-1.1685690410602931"/>
<connection id="46919" src-id="46699" dest-id="46883" weight="-5.169116009490881"/>
<connection id="46920" src-id="46700" dest-id="46883" weight="9.347760790052213"/>
<connection id="46921" src-id="46701" dest-id="46883" weight="-4.4153835671057164"/>
<connection id="46922" src-id="46702" dest-id="46883" weight="-4.8903085043055565"/>
<connection id="46923" src-id="46703" dest-id="46883" weight="2.5623329479910435"/>
<connection id="46924" src-id="46704" dest-id="46883" weight="-10.854224143781634"/>
<connection id="46925" src-id="46705" dest-id="46883" weight="-20.72496863285211"/>
<connection id="46926" src-id="46883" dest-id="46706" weight="-17.56810663160415"/>
<connection id="47147" src-id="46674" dest-id="46706" weight="7.129872658364446"/>
<connection id="47245" src-id="46700" dest-id="46706" weight="0.688588736012353"/>
<neuron id="47329" type="hid" activation="sigmoid"/>
<connection id="47330" src-id="46685" dest-id="47329" weight="7.7813362120332235"/>
<connection id="47331" src-id="47329" dest-id="46883" weight="-1.390153364665644"/>
<connection id="47408" src-id="46696" dest-id="47329" weight="-9.792603922663456"/>
<connection id="47611" src-id="46672" dest-id="46706" weight="9.645101456997727"/>
<neuron id="47649" type="hid" activation="sigmoid"/>
<connection id="47650" src-id="46703" dest-id="47649" weight="0.1418292445167757"/>
<connection id="47651" src-id="47649" dest-id="46707" weight="-17.822107328630384"/>
<connection id="47914" src-id="46705" dest-id="46706" weight="1.9699500628780013"/>
<neuron id="47926" type="hid" activation="sigmoid"/>
<connection id="47927" src-id="46674" dest-id="47926" weight="4.972307401064994"/>
<connection id="47928" src-id="47926" dest-id="46751" weight="15.030144779631165"/>
<connection id="48005" src-id="46686" dest-id="47329" weight="-2.5719138407507875"/>
<connection id="48011" src-id="46687" dest-id="46706" weight="3.6502984290074285"/>
<connection id="48012" src-id="46672" dest-id="47329" weight="1.9007192461317457"/>
<neuron id="48202" type="hid" activation="sigmoid"/>
<connection id="48203" src-id="46666" dest-id="48202" weight="-8.25129183324564"/>
<connection id="48204" src-id="48202" dest-id="46751" weight="10.157712837677199"/>
<neuron id="48205" type="hid" activation="sigmoid"/>
<connection id="48206" src-id="46678" dest-id="48205" weight="0.42743844932030806"/>
<connection id="48207" src-id="48205" dest-id="46751" weight="1.9890292444636217"/>
<neuron id="48229" type="hid" activation="sigmoid"/>
<connection id="48230" src-id="46676" dest-id="48229" weight="-3.4843361698969373"/>
<connection id="48231" src-id="48229" dest-id="46707" weight="-5.4556942559279795"/>
<connection id="48406" src-id="47329" dest-id="48202" weight="-8.978726788714463"/>
<neuron id="48456" type="hid" activation="sigmoid"/>
<connection id="48457" src-id="46686" dest-id="48456" weight="2.970415057500618"/>
<connection id="48458" src-id="48456" dest-id="46707" weight="5.205402351381346"/>
<neuron id="48477" type="hid" activation="sigmoid"/>
<connection id="48478" src-id="46695" dest-id="48477" weight="0.12155203454116004"/>
<connection id="48479" src-id="48477" dest-id="46883" weight="5.711418205998659"/>
<connection id="48644" src-id="46682" dest-id="48202" weight="5.598214741317282"/>
<connection id="48650" src-id="48202" dest-id="48205" weight="7.546008020402014"/>
<neuron id="48724" type="hid" activation="sigmoid"/>
<connection id="48725" src-id="46665" dest-id="48724" weight="1.0"/>
<connection id="48726" src-id="48724" dest-id="46795" weight="-5.742162274206816"/>
<connection id="48749" src-id="46681" dest-id="46706" weight="0.4732649326324463"/>
<connection id="48790" src-id="46694" dest-id="48205" weight="-3.185494074825135"/>
<connection id="48794" src-id="46695" dest-id="48205" weight="-11.12951104029404"/>
<connection id="48824" src-id="46707" dest-id="47329" weight="-0.031886164914896375"/>
<neuron id="49134" type="hid" activation="sigmoid"/>
<connection id="49135" src-id="46699" dest-id="49134" weight="-11.32525052333842"/>
<connection id="49136" src-id="49134" dest-id="46707" weight="14.049588803812618"/>
<neuron id="49161" type="hid" activation="sigmoid"/>
<connection id="49162" src-id="46683" dest-id="49161" weight="-5.226485875230273"/>
<connection id="49163" src-id="49161" dest-id="46795" weight="3.6323821053545093"/>
<connection id="49334" src-id="46666" dest-id="47329" weight="-1.0041648453006047"/>
<connection id="49488" src-id="46707" dest-id="48202" weight="0.5937967300415039"/>
<connection id="49509" src-id="46700" dest-id="47926" weight="-3.715425502777368"/>
<connection id="49749" src-id="46703" dest-id="48202" weight="-0.6585771345809981"/>
<connection id="49777" src-id="46667" dest-id="47926" weight="3.654119539100862"/>
<neuron id="49845" type="hid" activation="sigmoid"/>
<connection id="49846" src-id="46696" dest-id="49845" weight="6.257772278706443"/>
<connection id="49847" src-id="49845" dest-id="46883" weight="3.307329591286816"/>
<neuron id="49857" type="hid" activation="sigmoid"/>
<connection id="49858" src-id="46707" dest-id="49857" weight="-0.12400239050450379"/>
<connection id="49859" src-id="49857" dest-id="46706" weight="2.04526602955798"/>
<connection id="49925" src-id="46673" dest-id="47649" weight="-2.0098729751420152"/>
<connection id="49928" src-id="47329" dest-id="48477" weight="-4.814320970136119"/>
<connection id="49933" src-id="46687" dest-id="47649" weight="4.813431793500193"/>
<neuron id="50008" type="hid" activation="sigmoid"/>
<connection id="50009" src-id="46702" dest-id="50008" weight="12.246666140468289"/>
<connection id="50010" src-id="50008" dest-id="46706" weight="0.4484631967513417"/>
<neuron id="50011" type="hid" activation="sigmoid"/>
<connection id="50012" src-id="46677" dest-id="50011" weight="-1.074075625342744"/>
<connection id="50013" src-id="50011" dest-id="46795" weight="5.786694069578608"/>
<connection id="50063" src-id="46677" dest-id="48477" weight="-2.872343655280202"/>
<connection id="50074" src-id="46704" dest-id="46706" weight="0.9579992294311523"/>
<connection id="50169" src-id="46680" dest-id="48205" weight="-3.5920695045685203"/>
<connection id="50191" src-id="47329" dest-id="49845" weight="3.9962496012407054"/>
<connection id="50192" src-id="49857" dest-id="47926" weight="0.6241867542266846"/>
<connection id="50193" src-id="46883" dest-id="46751" weight="10.303872090561747"/>
<connection id="50194" src-id="46703" dest-id="47329" weight="3.8156087767430242"/>
<connection id="50196" src-id="46701" dest-id="47329" weight="-5.044938400478717"/>
<connection id="50197" src-id="46795" dest-id="50008" weight="1.8107024538121927"/>
<connection id="50199" src-id="46684" dest-id="49845" weight="4.170022448899186"/>
<connection id="50307" src-id="46689" dest-id="48477" weight="0.21353224485861544"/>
<connection id="50335" src-id="46673" dest-id="48229" weight="-0.6985352133835256"/>
<connection id="50469" src-id="46707" dest-id="47926" weight="-1.2262916145402416"/>
<connection id="50504" src-id="46665" dest-id="49845" weight="-3.907001436611605"/>
<connection id="51015" src-id="46673" dest-id="49857" weight="3.5627674839179324"/>
<connection id="51073" src-id="46703" dest-id="50011" weight="3.7421913002836398"/>
<connection id="51075" src-id="46702" dest-id="47649" weight="0.7700020107167562"/>
<connection id="51077" src-id="46687" dest-id="48456" weight="4.991472878233129"/>
</chromosome>