<chromosome id="60047" primary-parent-id="59691"><neuron id="52914" type="in" activation="linear"/>
<neuron id="52915" type="in" activation="linear"/>
<neuron id="52916" type="in" activation="linear"/>
<neuron id="52917" type="in" activation="linear"/>
<neuron id="52918" type="in" activation="linear"/>
<neuron id="52919" type="in" activation="linear"/>
<neuron id="52920" type="in" activation="linear"/>
<neuron id="52921" type="in" activation="linear"/>
<neuron id="52922" type="in" activation="linear"/>
<neuron id="52923" type="in" activation="linear"/>
<neuron id="52924" type="in" activation="linear"/>
<neuron id="52925" type="in" activation="linear"/>
<neuron id="52926" type="in" activation="linear"/>
<neuron id="52927" type="in" activation="linear"/>
<neuron id="52928" type="in" activation="linear"/>
<neuron id="52929" type="in" activation="linear"/>
<neuron id="52930" type="in" activation="linear"/>
<neuron id="52931" type="in" activation="linear"/>
<neuron id="52932" type="in" activation="linear"/>
<neuron id="52933" type="in" activation="linear"/>
<neuron id="52934" type="in" activation="linear"/>
<neuron id="52935" type="in" activation="linear"/>
<neuron id="52936" type="in" activation="linear"/>
<neuron id="52937" type="in" activation="linear"/>
<neuron id="52938" type="in" activation="linear"/>
<neuron id="52939" type="in" activation="linear"/>
<neuron id="52940" type="in" activation="linear"/>
<neuron id="52941" type="in" activation="linear"/>
<neuron id="52942" type="in" activation="linear"/>
<neuron id="52943" type="in" activation="linear"/>
<neuron id="52944" type="in" activation="linear"/>
<neuron id="52945" type="in" activation="linear"/>
<neuron id="52946" type="in" activation="linear"/>
<neuron id="52947" type="in" activation="linear"/>
<neuron id="52948" type="in" activation="linear"/>
<neuron id="52949" type="in" activation="linear"/>
<neuron id="52950" type="in" activation="linear"/>
<neuron id="52951" type="in" activation="linear"/>
<neuron id="52952" type="in" activation="linear"/>
<neuron id="52953" type="in" activation="linear"/>
<neuron id="52954" type="in" activation="linear"/>
<neuron id="52955" type="in" activation="linear"/>
<neuron id="52956" type="out" activation="linear"/>
<neuron id="52957" type="hid" activation="sigmoid"/>
<connection id="52958" src-id="52914" dest-id="52957" weight="-0.04293232616389453"/>
<connection id="52959" src-id="52915" dest-id="52957" weight="-2.3794827325917054"/>
<connection id="52963" src-id="52919" dest-id="52957" weight="-4.816827070159496"/>
<connection id="52964" src-id="52920" dest-id="52957" weight="5.402310510554384"/>
<connection id="52965" src-id="52921" dest-id="52957" weight="0.6052047981495876"/>
<connection id="52966" src-id="52922" dest-id="52957" weight="13.338021408167966"/>
<connection id="52967" src-id="52923" dest-id="52957" weight="1.1676119649585952"/>
<connection id="52968" src-id="52924" dest-id="52957" weight="7.568728179478071"/>
<connection id="52969" src-id="52925" dest-id="52957" weight="-6.371319289143547"/>
<connection id="52971" src-id="52927" dest-id="52957" weight="4.60124389721634"/>
<connection id="52972" src-id="52928" dest-id="52957" weight="-8.899794507352173"/>
<connection id="52974" src-id="52930" dest-id="52957" weight="11.238470728831407"/>
<connection id="52976" src-id="52932" dest-id="52957" weight="9.807241582192239"/>
<connection id="52978" src-id="52934" dest-id="52957" weight="-16.96732655684944"/>
<connection id="52979" src-id="52935" dest-id="52957" weight="-13.891830743693589"/>
<connection id="52980" src-id="52936" dest-id="52957" weight="-4.8740904520222275"/>
<connection id="52982" src-id="52938" dest-id="52957" weight="26.738030868472542"/>
<connection id="52983" src-id="52939" dest-id="52957" weight="0.6810719923703987"/>
<connection id="52984" src-id="52940" dest-id="52957" weight="5.213908351574887"/>
<connection id="52985" src-id="52941" dest-id="52957" weight="-3.37268667688127"/>
<connection id="52986" src-id="52942" dest-id="52957" weight="-18.010039582479088"/>
<connection id="52987" src-id="52943" dest-id="52957" weight="-3.855847297294854"/>
<connection id="52988" src-id="52944" dest-id="52957" weight="6.046633817608918"/>
<connection id="52990" src-id="52946" dest-id="52957" weight="5.134515515848588"/>
<connection id="52991" src-id="52947" dest-id="52957" weight="2.548730940832243"/>
<connection id="52992" src-id="52948" dest-id="52957" weight="-14.774959668864856"/>
<connection id="52993" src-id="52949" dest-id="52957" weight="0.610807990405783"/>
<connection id="52994" src-id="52950" dest-id="52957" weight="-15.895609939949711"/>
<connection id="52995" src-id="52951" dest-id="52957" weight="8.409022009771892"/>
<connection id="52996" src-id="52952" dest-id="52957" weight="19.715890316776623"/>
<connection id="52997" src-id="52953" dest-id="52957" weight="5.5219230053974115"/>
<connection id="53000" src-id="52957" dest-id="52956" weight="11.75320956391657"/>
<neuron id="53001" type="hid" activation="sigmoid"/>
<connection id="53002" src-id="52914" dest-id="53001" weight="-4.441136313372618"/>
<connection id="53005" src-id="52917" dest-id="53001" weight="6.271882785894598"/>
<connection id="53006" src-id="52918" dest-id="53001" weight="-5.812836589828502"/>
<connection id="53007" src-id="52919" dest-id="53001" weight="-12.38665649616716"/>
<connection id="53010" src-id="52922" dest-id="53001" weight="1.8268277272577058"/>
<connection id="53011" src-id="52923" dest-id="53001" weight="-10.422323252236062"/>
<connection id="53012" src-id="52924" dest-id="53001" weight="2.1655857481369205"/>
<connection id="53013" src-id="52925" dest-id="53001" weight="-17.98679523954646"/>
<connection id="53014" src-id="52926" dest-id="53001" weight="16.639310888227236"/>
<connection id="53015" src-id="52927" dest-id="53001" weight="3.739823229626233"/>
<connection id="53016" src-id="52928" dest-id="53001" weight="-13.363508017446138"/>
<connection id="53017" src-id="52929" dest-id="53001" weight="-0.40180747051500987"/>
<connection id="53019" src-id="52931" dest-id="53001" weight="1.106926590284385"/>
<connection id="53021" src-id="52933" dest-id="53001" weight="-31.684612038718683"/>
<connection id="53022" src-id="52934" dest-id="53001" weight="-25.220022359758865"/>
<connection id="53023" src-id="52935" dest-id="53001" weight="5.882287039931132"/>
<connection id="53025" src-id="52937" dest-id="53001" weight="8.449796246902233"/>
<connection id="53026" src-id="52938" dest-id="53001" weight="-16.034030292475347"/>
<connection id="53027" src-id="52939" dest-id="53001" weight="-15.97757185488279"/>
<connection id="53028" src-id="52940" dest-id="53001" weight="12.479803100989503"/>
<connection id="53029" src-id="52941" dest-id="53001" weight="-0.3055081041187212"/>
<connection id="53031" src-id="52943" dest-id="53001" weight="12.593683501369542"/>
<connection id="53032" src-id="52944" dest-id="53001" weight="4.4835359586421255"/>
<connection id="53033" src-id="52945" dest-id="53001" weight="-12.666500140578442"/>
<connection id="53034" src-id="52946" dest-id="53001" weight="-24.194023544812623"/>
<connection id="53036" src-id="52948" dest-id="53001" weight="-9.839582412945804"/>
<connection id="53037" src-id="52949" dest-id="53001" weight="14.2635338407157"/>
<connection id="53038" src-id="52950" dest-id="53001" weight="5.764094869190975"/>
<connection id="53039" src-id="52951" dest-id="53001" weight="-2.063657532405345"/>
<connection id="53041" src-id="52953" dest-id="53001" weight="-2.7551569695126936"/>
<connection id="53042" src-id="52954" dest-id="53001" weight="5.348712757780524"/>
<connection id="53043" src-id="52955" dest-id="53001" weight="-0.9170270457722386"/>
<connection id="53044" src-id="53001" dest-id="52956" weight="16.46411910334119"/>
<neuron id="53045" type="hid" activation="sigmoid"/>
<connection id="53046" src-id="52914" dest-id="53045" weight="-1.5091046016131324"/>
<connection id="53049" src-id="52917" dest-id="53045" weight="4.741055539022913"/>
<connection id="53050" src-id="52918" dest-id="53045" weight="-16.948538671505474"/>
<connection id="53051" src-id="52919" dest-id="53045" weight="11.180840180342049"/>
<connection id="53052" src-id="52920" dest-id="53045" weight="-15.850533524385723"/>
<connection id="53053" src-id="52921" dest-id="53045" weight="-4.247750373702168"/>
<connection id="53054" src-id="52922" dest-id="53045" weight="-15.07116673811717"/>
<connection id="53056" src-id="52924" dest-id="53045" weight="-4.224325026460591"/>
<connection id="53058" src-id="52926" dest-id="53045" weight="-5.113020388207357"/>
<connection id="53059" src-id="52927" dest-id="53045" weight="16.436170780275923"/>
<connection id="53060" src-id="52928" dest-id="53045" weight="1.5712596026421737"/>
<connection id="53061" src-id="52929" dest-id="53045" weight="-31.207003275009736"/>
<connection id="53062" src-id="52930" dest-id="53045" weight="-0.3078331281894453"/>
<connection id="53063" src-id="52931" dest-id="53045" weight="-16.53486422401485"/>
<connection id="53064" src-id="52932" dest-id="53045" weight="23.598648751129407"/>
<connection id="53065" src-id="52933" dest-id="53045" weight="-10.92603236624609"/>
<connection id="53066" src-id="52934" dest-id="53045" weight="9.539223296893029"/>
<connection id="53069" src-id="52937" dest-id="53045" weight="-11.356094215132583"/>
<connection id="53070" src-id="52938" dest-id="53045" weight="-24.572059467688746"/>
<connection id="53071" src-id="52939" dest-id="53045" weight="-3.9003028165801243"/>
<connection id="53072" src-id="52940" dest-id="53045" weight="5.629165511906612"/>
<connection id="53073" src-id="52941" dest-id="53045" weight="-7.07264935629642"/>
<connection id="53074" src-id="52942" dest-id="53045" weight="-13.209630330047387"/>
<connection id="53075" src-id="52943" dest-id="53045" weight="-8.399090968637228"/>
<connection id="53078" src-id="52946" dest-id="53045" weight="3.9527002523166743"/>
<connection id="53079" src-id="52947" dest-id="53045" weight="-6.9450543831846385"/>
<connection id="53080" src-id="52948" dest-id="53045" weight="-5.72890779903189"/>
<connection id="53081" src-id="52949" dest-id="53045" weight="-7.7031743947089"/>
<connection id="53082" src-id="52950" dest-id="53045" weight="-6.229339187958031"/>
<connection id="53083" src-id="52951" dest-id="53045" weight="2.0695677188898065"/>
<connection id="53084" src-id="52952" dest-id="53045" weight="14.619975762059113"/>
<connection id="53085" src-id="52953" dest-id="53045" weight="6.093255152099288"/>
<connection id="53086" src-id="52954" dest-id="53045" weight="5.3764305618903645"/>
<connection id="53087" src-id="52955" dest-id="53045" weight="5.426242975584742"/>
<connection id="53088" src-id="53045" dest-id="52956" weight="-0.8978106830337267"/>
<neuron id="53089" type="hid" activation="sigmoid"/>
<connection id="53090" src-id="52914" dest-id="53089" weight="5.180524076506726"/>
<connection id="53091" src-id="52915" dest-id="53089" weight="-11.356385310264965"/>
<connection id="53094" src-id="52918" dest-id="53089" weight="16.577080791761517"/>
<connection id="53096" src-id="52920" dest-id="53089" weight="0.5524619530796239"/>
<connection id="53097" src-id="52921" dest-id="53089" weight="-3.3438270273016464"/>
<connection id="53098" src-id="52922" dest-id="53089" weight="-19.653341941920587"/>
<connection id="53099" src-id="52923" dest-id="53089" weight="-12.989993127037621"/>
<connection id="53100" src-id="52924" dest-id="53089" weight="-3.407648919351971"/>
<connection id="53101" src-id="52925" dest-id="53089" weight="-5.962760501553782"/>
<connection id="53102" src-id="52926" dest-id="53089" weight="16.745297328032237"/>
<connection id="53103" src-id="52927" dest-id="53089" weight="3.3967674651527666"/>
<connection id="53104" src-id="52928" dest-id="53089" weight="-28.408136376601522"/>
<connection id="53105" src-id="52929" dest-id="53089" weight="2.974713152603405"/>
<connection id="53106" src-id="52930" dest-id="53089" weight="16.171699536996005"/>
<connection id="53107" src-id="52931" dest-id="53089" weight="-14.327119607572744"/>
<connection id="53108" src-id="52932" dest-id="53089" weight="-1.5439039771509744"/>
<connection id="53109" src-id="52933" dest-id="53089" weight="-0.45573105758919147"/>
<connection id="53110" src-id="52934" dest-id="53089" weight="6.503921090093817"/>
<connection id="53111" src-id="52935" dest-id="53089" weight="3.830641001238543"/>
<connection id="53112" src-id="52936" dest-id="53089" weight="7.396919568318109"/>
<connection id="53113" src-id="52937" dest-id="53089" weight="-2.9094996820533012"/>
<connection id="53114" src-id="52938" dest-id="53089" weight="4.61619067442708"/>
<connection id="53115" src-id="52939" dest-id="53089" weight="-0.6290482396020798"/>
<connection id="53116" src-id="52940" dest-id="53089" weight="18.783265623221716"/>
<connection id="53117" src-id="52941" dest-id="53089" weight="9.842587309435306"/>
<connection id="53118" src-id="52942" dest-id="53089" weight="-7.245149983679402"/>
<connection id="53119" src-id="52943" dest-id="53089" weight="5.5374148663364515"/>
<connection id="53121" src-id="52945" dest-id="53089" weight="-19.722943734619474"/>
<connection id="53122" src-id="52946" dest-id="53089" weight="-11.092790646245039"/>
<connection id="53124" src-id="52948" dest-id="53089" weight="0.4541146170092324"/>
<connection id="53126" src-id="52950" dest-id="53089" weight="-12.367795978891614"/>
<connection id="53128" src-id="52952" dest-id="53089" weight="-1.041447092301886"/>
<connection id="53129" src-id="52953" dest-id="53089" weight="-0.9927243931034799"/>
<connection id="53130" src-id="52954" dest-id="53089" weight="4.187412667942189"/>
<connection id="53131" src-id="52955" dest-id="53089" weight="7.595319921072888"/>
<connection id="53132" src-id="53089" dest-id="52956" weight="6.570389373310573"/>
<neuron id="53133" type="hid" activation="sigmoid"/>
<connection id="53134" src-id="52914" dest-id="53133" weight="-9.554126168701176"/>
<connection id="53135" src-id="52915" dest-id="53133" weight="-12.211389419571454"/>
<connection id="53137" src-id="52917" dest-id="53133" weight="-6.319778467080761"/>
<connection id="53138" src-id="52918" dest-id="53133" weight="-8.672421728338318"/>
<connection id="53139" src-id="52919" dest-id="53133" weight="6.842270642860398"/>
<connection id="53140" src-id="52920" dest-id="53133" weight="1.1686138367735501"/>
<connection id="53141" src-id="52921" dest-id="53133" weight="0.8902980061641423"/>
<connection id="53142" src-id="52922" dest-id="53133" weight="0.9793309598795683"/>
<connection id="53144" src-id="52924" dest-id="53133" weight="-4.764891283824725"/>
<connection id="53145" src-id="52925" dest-id="53133" weight="1.5585331658251984"/>
<connection id="53146" src-id="52926" dest-id="53133" weight="-13.158488171565226"/>
<connection id="53147" src-id="52927" dest-id="53133" weight="-8.365827422308435"/>
<connection id="53148" src-id="52928" dest-id="53133" weight="-4.890454987478414"/>
<connection id="53149" src-id="52929" dest-id="53133" weight="-10.992623955583088"/>
<connection id="53150" src-id="52930" dest-id="53133" weight="0.026408412955711613"/>
<connection id="53153" src-id="52933" dest-id="53133" weight="10.405367728959963"/>
<connection id="53154" src-id="52934" dest-id="53133" weight="8.870443115575515"/>
<connection id="53155" src-id="52935" dest-id="53133" weight="-13.385582388162375"/>
<connection id="53156" src-id="52936" dest-id="53133" weight="30.907834206353147"/>
<connection id="53157" src-id="52937" dest-id="53133" weight="18.61827691812732"/>
<connection id="53158" src-id="52938" dest-id="53133" weight="-19.993970444265937"/>
<connection id="53159" src-id="52939" dest-id="53133" weight="-15.139970526670563"/>
<connection id="53160" src-id="52940" dest-id="53133" weight="-2.8203478858429936"/>
<connection id="53161" src-id="52941" dest-id="53133" weight="7.895845708704891"/>
<connection id="53162" src-id="52942" dest-id="53133" weight="-3.0324472007711742"/>
<connection id="53163" src-id="52943" dest-id="53133" weight="-13.006059198893851"/>
<connection id="53164" src-id="52944" dest-id="53133" weight="-10.153021435203847"/>
<connection id="53167" src-id="52947" dest-id="53133" weight="4.592598085705222"/>
<connection id="53168" src-id="52948" dest-id="53133" weight="3.9405110181992278"/>
<connection id="53169" src-id="52949" dest-id="53133" weight="-1.1370960098740117"/>
<connection id="53170" src-id="52950" dest-id="53133" weight="8.95751561755823"/>
<connection id="53172" src-id="52952" dest-id="53133" weight="-1.249073678280892"/>
<connection id="53173" src-id="52953" dest-id="53133" weight="-4.345084548879908"/>
<connection id="53174" src-id="52954" dest-id="53133" weight="-19.33184089417267"/>
<connection id="53175" src-id="52955" dest-id="53133" weight="0.14725690226486754"/>
<connection id="53176" src-id="53133" dest-id="52956" weight="-0.7947841804366211"/>
<connection id="53261" src-id="53089" dest-id="52957" weight="-17.863311929222533"/>
<connection id="53262" src-id="52945" dest-id="52956" weight="24.097225349643423"/>
<neuron id="53512" type="hid" activation="sigmoid"/>
<connection id="53513" src-id="52946" dest-id="53512" weight="6.285651772212746"/>
<connection id="53514" src-id="53512" dest-id="53133" weight="7.567934697493428"/>
<neuron id="53518" type="hid" activation="sigmoid"/>
<connection id="53519" src-id="52932" dest-id="53518" weight="-1.0670026502736207"/>
<connection id="53520" src-id="53518" dest-id="53133" weight="-15.870977378250403"/>
<connection id="53670" src-id="52923" dest-id="52956" weight="10.666507456486615"/>
<connection id="53816" src-id="52935" dest-id="53512" weight="3.7061798571506324"/>
<connection id="53835" src-id="52926" dest-id="53512" weight="4.5966560991368315"/>
<neuron id="53857" type="hid" activation="sigmoid"/>
<connection id="53859" src-id="53857" dest-id="53001" weight="1.3210852054307898"/>
<neuron id="53869" type="hid" activation="sigmoid"/>
<connection id="53870" src-id="52931" dest-id="53869" weight="-8.741527369791818"/>
<connection id="53871" src-id="53869" dest-id="52957" weight="-6.720552893649732"/>
<connection id="53933" src-id="52934" dest-id="52956" weight="4.149141454539636"/>
<connection id="54043" src-id="52939" dest-id="52956" weight="-3.267335965671565"/>
<connection id="54061" src-id="52916" dest-id="52956" weight="4.743988227197078"/>
<connection id="54093" src-id="53001" dest-id="52957" weight="0.30367903079942904"/>
<neuron id="54145" type="hid" activation="sigmoid"/>
<connection id="54146" src-id="52916" dest-id="54145" weight="5.420629225863015"/>
<connection id="54147" src-id="54145" dest-id="53089" weight="16.8953202118135"/>
<connection id="54262" src-id="52936" dest-id="53857" weight="-10.905680549817028"/>
<neuron id="54421" type="hid" activation="sigmoid"/>
<connection id="54422" src-id="52947" dest-id="54421" weight="-9.39565644702344"/>
<neuron id="54641" type="hid" activation="sigmoid"/>
<connection id="54642" src-id="52919" dest-id="54641" weight="-26.22827935840727"/>
<neuron id="54644" type="hid" activation="sigmoid"/>
<connection id="54645" src-id="52933" dest-id="54644" weight="2.1690689548076616"/>
<connection id="54646" src-id="54644" dest-id="52957" weight="-9.402957919230408"/>
<connection id="54771" src-id="53089" dest-id="53045" weight="-0.38443541080400867"/>
<neuron id="54885" type="hid" activation="sigmoid"/>
<connection id="55065" src-id="52941" dest-id="53857" weight="2.7593418363456617"/>
<connection id="55071" src-id="52918" dest-id="52956" weight="1.8811170124325622"/>
<connection id="55268" src-id="52917" dest-id="53857" weight="-8.078434346349882"/>
<neuron id="55275" type="hid" activation="sigmoid"/>
<connection id="55276" src-id="52915" dest-id="55275" weight="-0.5223110407640377"/>
<connection id="55277" src-id="55275" dest-id="53001" weight="-2.1630699782039144"/>
<neuron id="55510" type="hid" activation="sigmoid"/>
<connection id="55511" src-id="52929" dest-id="55510" weight="-5.216923402739948"/>
<connection id="55512" src-id="55510" dest-id="52957" weight="-8.481184279008385"/>
<connection id="55548" src-id="52921" dest-id="53857" weight="-3.477168348294727"/>
<connection id="55575" src-id="52950" dest-id="52956" weight="-3.869038285816916"/>
<connection id="55610" src-id="52937" dest-id="54641" weight="-7.361499976795111"/>
<connection id="55618" src-id="52941" dest-id="54641" weight="-2.8011288719989604"/>
<neuron id="55667" type="hid" activation="sigmoid"/>
<connection id="55668" src-id="52918" dest-id="55667" weight="0.9296177024675771"/>
<connection id="55669" src-id="55667" dest-id="52957" weight="-13.186093356404921"/>
<connection id="55757" src-id="52944" dest-id="54885" weight="-0.6659302761804229"/>
<connection id="55780" src-id="52915" dest-id="52956" weight="8.010781519364542"/>
<connection id="55808" src-id="52917" dest-id="54885" weight="-3.4492897083967393"/>
<connection id="55860" src-id="54641" dest-id="52956" weight="-4.9458755613198395"/>
<connection id="55885" src-id="52915" dest-id="53857" weight="-2.0562683993791406"/>
<connection id="55888" src-id="52937" dest-id="54885" weight="-8.65857613463903"/>
<neuron id="55969" type="hid" activation="sigmoid"/>
<connection id="55971" src-id="55969" dest-id="53045" weight="6.599668576511622"/>
<connection id="56069" src-id="52921" dest-id="52956" weight="5.5826310646299495"/>
<neuron id="56097" type="hid" activation="sigmoid"/>
<connection id="56098" src-id="52917" dest-id="56097" weight="3.0793401640295417"/>
<connection id="56099" src-id="56097" dest-id="53089" weight="-4.923389167846635"/>
<connection id="56142" src-id="54641" dest-id="53133" weight="3.989465958979547"/>
<connection id="56168" src-id="52952" dest-id="54641" weight="-6.4046961532172"/>
<connection id="56217" src-id="54885" dest-id="53133" weight="-4.58646241424903"/>
<connection id="56319" src-id="52940" dest-id="54641" weight="-7.5978878724155114"/>
<connection id="56335" src-id="52928" dest-id="55969" weight="-2.5576650883682874"/>
<connection id="56344" src-id="52934" dest-id="54644" weight="2.9056397855913687"/>
<connection id="56386" src-id="52927" dest-id="55969" weight="-11.211063138320714"/>
<connection id="56422" src-id="52928" dest-id="54641" weight="-5.961023095358544"/>
<connection id="56423" src-id="52953" dest-id="54641" weight="-1.2109569841515797"/>
<neuron id="56480" type="hid" activation="sigmoid"/>
<connection id="56481" src-id="52954" dest-id="56480" weight="-0.8414855158725345"/>
<connection id="56482" src-id="56480" dest-id="52957" weight="-4.576474467440733"/>
<neuron id="56483" type="hid" activation="sigmoid"/>
<connection id="56484" src-id="52932" dest-id="56483" weight="-6.495522905357271"/>
<connection id="56485" src-id="56483" dest-id="53857" weight="-12.658412599136948"/>
<connection id="56534" src-id="52925" dest-id="55969" weight="3.3746731676613364"/>
<connection id="56543" src-id="52931" dest-id="54641" weight="-1.8073544462027848"/>
<connection id="56555" src-id="53857" dest-id="55969" weight="-10.775494196728554"/>
<connection id="56559" src-id="54885" dest-id="52956" weight="2.83327325067401"/>
<connection id="56566" src-id="52945" dest-id="55969" weight="0.6426527438084795"/>
<neuron id="56572" type="hid" activation="sigmoid"/>
<connection id="56573" src-id="52951" dest-id="56572" weight="1.686169863351713"/>
<connection id="56574" src-id="56572" dest-id="53089" weight="6.698389591342037"/>
<neuron id="56575" type="hid" activation="sigmoid"/>
<connection id="56576" src-id="54641" dest-id="56575" weight="-9.225882223861145"/>
<connection id="56577" src-id="56575" dest-id="53089" weight="-38.60598244505095"/>
<neuron id="56578" type="hid" activation="sigmoid"/>
<connection id="56579" src-id="52937" dest-id="56578" weight="8.838832040037001"/>
<connection id="56642" src-id="54644" dest-id="53089" weight="1.542448089863054"/>
<neuron id="56674" type="hid" activation="sigmoid"/>
<connection id="56675" src-id="52952" dest-id="56674" weight="1.9153065717672089"/>
<connection id="56676" src-id="56674" dest-id="53001" weight="-9.474331602723048"/>
<connection id="56767" src-id="53869" dest-id="53512" weight="-3.72961605381516"/>
<connection id="56768" src-id="52914" dest-id="56575" weight="0.4724312583279029"/>
<connection id="56769" src-id="54644" dest-id="53869" weight="8.67649880748125"/>
<connection id="56848" src-id="52924" dest-id="53869" weight="4.284411443672793"/>
<connection id="56875" src-id="53001" dest-id="55667" weight="-0.2376262911941892"/>
<connection id="56895" src-id="52939" dest-id="56578" weight="4.773578702363096"/>
<connection id="56964" src-id="52948" dest-id="53869" weight="4.148422947321702"/>
<connection id="56966" src-id="54641" dest-id="53512" weight="-0.7466602320341442"/>
<connection id="56971" src-id="52952" dest-id="54885" weight="7.471772581247855"/>
<connection id="57024" src-id="52930" dest-id="55667" weight="-6.094868507610985"/>
<connection id="57034" src-id="52939" dest-id="53869" weight="-0.8007186318842263"/>
<connection id="57036" src-id="52950" dest-id="56575" weight="3.1529672912224456"/>
<connection id="57171" src-id="52919" dest-id="55667" weight="-6.950144221136323"/>
<connection id="57172" src-id="52924" dest-id="53512" weight="-0.9806373657127251"/>
<connection id="57173" src-id="56483" dest-id="54641" weight="-9.820973694631018"/>
<neuron id="57231" type="hid" activation="sigmoid"/>
<connection id="57232" src-id="52944" dest-id="57231" weight="-0.28117446744808766"/>
<connection id="57233" src-id="57231" dest-id="53089" weight="10.059579170167261"/>
<connection id="57272" src-id="56575" dest-id="53133" weight="10.398466062268112"/>
<connection id="57273" src-id="52937" dest-id="56575" weight="10.755629185274362"/>
<connection id="57274" src-id="53001" dest-id="53869" weight="-2.8895598145818004"/>
<connection id="57275" src-id="52943" dest-id="55667" weight="-0.7877286171570113"/>
<connection id="57277" src-id="52925" dest-id="56575" weight="-1.435370693480906"/>
<connection id="57278" src-id="52947" dest-id="54644" weight="10.789358818759633"/>
<connection id="57313" src-id="52955" dest-id="54641" weight="3.11224287077623"/>
<connection id="57381" src-id="52929" dest-id="53512" weight="0.048679862978209365"/>
<connection id="57384" src-id="53001" dest-id="56578" weight="0.05459010601043701"/>
<connection id="57514" src-id="52952" dest-id="56578" weight="-6.54324848602436"/>
<connection id="57518" src-id="54421" dest-id="54641" weight="2.8762987865902456"/>
<connection id="57519" src-id="56578" dest-id="54644" weight="0.34242923161412886"/>
<connection id="57520" src-id="52944" dest-id="56575" weight="15.485510112681283"/>
<connection id="57521" src-id="52942" dest-id="56483" weight="7.306753032518388"/>
<connection id="57522" src-id="52926" dest-id="53518" weight="2.2765664419361604"/>
<connection id="57523" src-id="52937" dest-id="56483" weight="-13.269960334232518"/>
<connection id="57527" src-id="56575" dest-id="53518" weight="-6.05089298780457"/>
<neuron id="57562" type="hid" activation="sigmoid"/>
<connection id="57563" src-id="52952" dest-id="57562" weight="10.568053711087545"/>
<connection id="57564" src-id="57562" dest-id="54644" weight="15.575408147655486"/>
<connection id="57593" src-id="52948" dest-id="55969" weight="2.415939035149449"/>
<connection id="57642" src-id="56575" dest-id="53512" weight="4.950260808044295"/>
<connection id="57643" src-id="52944" dest-id="56578" weight="4.164999990766875"/>
<connection id="57644" src-id="52933" dest-id="56483" weight="-3.7030731049459753"/>
<connection id="57646" src-id="52938" dest-id="57562" weight="-4.144458355102346"/>
<connection id="57650" src-id="52931" dest-id="54644" weight="-1.49289013284314"/>
<connection id="57651" src-id="54885" dest-id="56578" weight="-6.1568947830720475"/>
<connection id="57652" src-id="56578" dest-id="56575" weight="2.463730253411244"/>
<connection id="57653" src-id="52927" dest-id="54421" weight="5.180777558274042"/>
<connection id="57654" src-id="54145" dest-id="52957" weight="2.195943023742644"/>
<connection id="57655" src-id="52921" dest-id="54145" weight="-4.237392653978231"/>
<connection id="57656" src-id="52937" dest-id="53518" weight="-10.763934746369117"/>
<connection id="57659" src-id="52945" dest-id="53869" weight="4.934580041199108"/>
<connection id="57660" src-id="54644" dest-id="56575" weight="7.222844232051023"/>
<connection id="57661" src-id="52932" dest-id="54145" weight="16.319766764384344"/>
<connection id="57662" src-id="52925" dest-id="56483" weight="0.1454870014254379"/>
<neuron id="57703" type="hid" activation="sigmoid"/>
<connection id="57705" src-id="57703" dest-id="54885" weight="2.8465235612143047"/>
<connection id="57763" src-id="56483" dest-id="55969" weight="-6.79501438780574"/>
<connection id="57766" src-id="52940" dest-id="56483" weight="1.088377433199233"/>
<connection id="57780" src-id="52947" dest-id="56578" weight="2.373706238002188"/>
<connection id="57782" src-id="52942" dest-id="57703" weight="0.458644681541989"/>
<connection id="57807" src-id="52951" dest-id="53518" weight="-2.0817643665411216"/>
<connection id="57808" src-id="56578" dest-id="53869" weight="-0.024491729216981173"/>
<connection id="57811" src-id="57703" dest-id="54641" weight="8.02473846587332"/>
<connection id="57813" src-id="52944" dest-id="56480" weight="-7.027372476139721"/>
<connection id="57816" src-id="52940" dest-id="57703" weight="-0.9900015499299792"/>
<connection id="57819" src-id="52943" dest-id="56578" weight="-7.929003078533096"/>
<connection id="57821" src-id="54145" dest-id="53001" weight="-1.6139506280089502"/>
<connection id="57823" src-id="53518" dest-id="52957" weight="9.088130050525887"/>
<connection id="57877" src-id="52937" dest-id="53869" weight="2.484222650411237"/>
<neuron id="57889" type="hid" activation="sigmoid"/>
<connection id="57890" src-id="54145" dest-id="57889" weight="5.041355791929825"/>
<connection id="57891" src-id="57889" dest-id="56483" weight="0.9515395013170864"/>
<connection id="57929" src-id="55969" dest-id="53869" weight="-5.288993914568027"/>
<connection id="57957" src-id="54885" dest-id="53089" weight="3.000102302753342"/>
<connection id="58052" src-id="54421" dest-id="53869" weight="-1.8321530959786032"/>
<connection id="58063" src-id="52955" dest-id="53518" weight="0.4278386001014528"/>
<connection id="58072" src-id="52949" dest-id="57562" weight="4.501878857094784"/>
<connection id="58078" src-id="52941" dest-id="56572" weight="7.396451353073837"/>
<connection id="58079" src-id="52920" dest-id="57231" weight="-4.188182862521769"/>
<connection id="58080" src-id="57231" dest-id="54885" weight="2.0588918976548904"/>
<connection id="58081" src-id="52924" dest-id="57889" weight="2.100485062768846"/>
<connection id="58082" src-id="52941" dest-id="57703" weight="0.39639433177718963"/>
<connection id="58086" src-id="52917" dest-id="53518" weight="-4.38839894436965"/>
<neuron id="58105" type="hid" activation="sigmoid"/>
<connection id="58106" src-id="54421" dest-id="58105" weight="-0.6571547738931964"/>
<connection id="58107" src-id="58105" dest-id="53089" weight="9.259185936880007"/>
<connection id="58230" src-id="52949" dest-id="56572" weight="0.7237343106016201"/>
<connection id="58262" src-id="52915" dest-id="56578" weight="-0.5358051272527862"/>
<connection id="58309" src-id="52942" dest-id="56572" weight="-4.183216792874074"/>
<connection id="58310" src-id="54421" dest-id="56575" weight="2.155104504927202"/>
<connection id="58311" src-id="52932" dest-id="56575" weight="-0.17520447526702476"/>
<connection id="58314" src-id="52922" dest-id="54145" weight="6.324070947261831"/>
<connection id="58315" src-id="55667" dest-id="57562" weight="-7.624364628566973"/>
<connection id="58316" src-id="57231" dest-id="56575" weight="-6.974206923182405"/>
<connection id="58318" src-id="54885" dest-id="53512" weight="6.060749224620789"/>
<connection id="58320" src-id="52945" dest-id="54641" weight="-0.2870112084436994"/>
<connection id="58321" src-id="52932" dest-id="56572" weight="-4.372492944243346"/>
<connection id="58322" src-id="52914" dest-id="57562" weight="-8.733643823353392"/>
<connection id="58323" src-id="52922" dest-id="57562" weight="4.625192669803463"/>
<connection id="58324" src-id="55510" dest-id="54641" weight="3.143405391286026"/>
<connection id="58325" src-id="52930" dest-id="58105" weight="-3.2956510733309643"/>
<connection id="58326" src-id="52924" dest-id="55510" weight="-8.413175215015908"/>
<neuron id="58330" type="hid" activation="sigmoid"/>
<connection id="58331" src-id="52949" dest-id="58330" weight="7.316674555154615"/>
<connection id="58332" src-id="58330" dest-id="53089" weight="7.898508527449241"/>
<connection id="58393" src-id="54421" dest-id="55667" weight="-9.343442142915611"/>
<connection id="58394" src-id="52938" dest-id="54421" weight="-8.75601223721512"/>
<connection id="58395" src-id="55667" dest-id="56480" weight="0.7931774085415978"/>
<connection id="58396" src-id="52951" dest-id="57231" weight="5.466784853755092"/>
<connection id="58404" src-id="52924" dest-id="55667" weight="-1.0236674034933673"/>
<connection id="58405" src-id="54145" dest-id="53869" weight="4.740879692852227"/>
<connection id="58406" src-id="52951" dest-id="54145" weight="1.3600605886508392"/>
<connection id="58501" src-id="52934" dest-id="57231" weight="2.3951110442507195"/>
<connection id="58512" src-id="52955" dest-id="57562" weight="-5.196880246021417"/>
<connection id="58568" src-id="52929" dest-id="58330" weight="-3.4526017142004073"/>
<neuron id="58612" type="hid" activation="sigmoid"/>
<connection id="58613" src-id="52927" dest-id="58612" weight="2.0733763533476472"/>
<connection id="58614" src-id="58612" dest-id="54885" weight="-2.4655767091484955"/>
<neuron id="58615" type="hid" activation="sigmoid"/>
<connection id="58617" src-id="58615" dest-id="56578" weight="-4.697699764051359"/>
<connection id="58677" src-id="55510" dest-id="53869" weight="-2.1858698166444945"/>
<connection id="58679" src-id="52923" dest-id="54145" weight="0.7381102854746859"/>
<connection id="58766" src-id="52947" dest-id="56572" weight="-1.0032657380946597"/>
<connection id="58768" src-id="52931" dest-id="53512" weight="2.371716394233194"/>
<connection id="58806" src-id="58330" dest-id="57889" weight="3.3667033852399233"/>
<connection id="59080" src-id="54145" dest-id="53857" weight="-1.8190017011345017"/>
<connection id="59083" src-id="52918" dest-id="58615" weight="-1.198059578195341"/>
<connection id="59085" src-id="52942" dest-id="55510" weight="-7.899154104703143"/>
<connection id="59086" src-id="56480" dest-id="54644" weight="-0.9598495855135261"/>
<connection id="59087" src-id="52916" dest-id="53869" weight="-1.2411947832204595"/>
<connection id="59090" src-id="58615" dest-id="56483" weight="-0.7773935093302333"/>
<connection id="59092" src-id="52926" dest-id="57703" weight="-0.45490608770306834"/>
<connection id="59093" src-id="58330" dest-id="57231" weight="0.5031044601739163"/>
<connection id="59094" src-id="52916" dest-id="53518" weight="1.5723463563874807"/>
<connection id="59095" src-id="52935" dest-id="58105" weight="-2.873112557700586"/>
<connection id="59250" src-id="54885" dest-id="53869" weight="-3.439028166847275"/>
<neuron id="59286" type="hid" activation="sigmoid"/>
<connection id="59287" src-id="52940" dest-id="59286" weight="-2.79586127691935"/>
<connection id="59288" src-id="59286" dest-id="58615" weight="1.1984073497087464"/>
<connection id="59334" src-id="58615" dest-id="54644" weight="-4.894350668227858"/>
<connection id="59501" src-id="52920" dest-id="55510" weight="-0.3587550882278847"/>
<connection id="59521" src-id="53869" dest-id="56575" weight="-0.5779059021664426"/>
<connection id="59523" src-id="53857" dest-id="58612" weight="3.4209845993877637"/>
<connection id="59526" src-id="54421" dest-id="54885" weight="5.683428729722205"/>
<connection id="59527" src-id="59286" dest-id="57562" weight="-3.1113321445537148"/>
<connection id="59528" src-id="52949" dest-id="56483" weight="1.3728778153831218"/>
<connection id="59529" src-id="54145" dest-id="54885" weight="-2.016792333678872"/>
<connection id="59530" src-id="52937" dest-id="57703" weight="1.0282698371526902"/>
<connection id="59531" src-id="58612" dest-id="55969" weight="-1.8191928768041485"/>
<connection id="59533" src-id="53869" dest-id="54641" weight="-1.4794559948937656"/>
<connection id="59535" src-id="52914" dest-id="54145" weight="-2.470761033274343"/>
<connection id="59536" src-id="54145" dest-id="58105" weight="-0.49991183723341104"/>
<connection id="59537" src-id="52920" dest-id="59286" weight="-0.327702301873568"/>
<connection id="59538" src-id="57703" dest-id="53857" weight="2.03248407327441"/>
<connection id="59540" src-id="52929" dest-id="58105" weight="-5.247433547087059"/>
<connection id="59542" src-id="52915" dest-id="54421" weight="-2.5977337343104265"/>
<connection id="59546" src-id="58330" dest-id="56483" weight="0.7879042338360378"/>
<connection id="59547" src-id="52923" dest-id="58330" weight="-1.0022094117969202"/>
<connection id="59604" src-id="52924" dest-id="56572" weight="1.4720633564944878"/>
<neuron id="59671" type="hid" activation="sigmoid"/>
<connection id="59672" src-id="52945" dest-id="59671" weight="-3.5420825235377995"/>
<connection id="59673" src-id="59671" dest-id="52957" weight="-2.4270890074292204"/>
<neuron id="59674" type="hid" activation="sigmoid"/>
<connection id="59675" src-id="54145" dest-id="59674" weight="3.089016507644762"/>
<connection id="59676" src-id="59674" dest-id="57562" weight="4.731900583939326"/>
<connection id="59814" src-id="56097" dest-id="53857" weight="-3.444386358411243"/>
<connection id="59819" src-id="59671" dest-id="53089" weight="-1.7297951887038254"/>
<connection id="59821" src-id="58615" dest-id="56097" weight="-1.6687554997607248"/>
<connection id="59822" src-id="59671" dest-id="52956" weight="-0.07729363441467285"/>
<connection id="59823" src-id="52917" dest-id="59286" weight="-4.13312970351277"/>
<connection id="59825" src-id="52938" dest-id="56578" weight="-1.3386846402627928"/>
</chromosome>