<chromosome id="51164" primary-parent-id="50599"><neuron id="46664" type="in" activation="linear"/>
<neuron id="46665" type="in" activation="linear"/>
<neuron id="46666" type="in" activation="linear"/>
<neuron id="46667" type="in" activation="linear"/>
<neuron id="46668" type="in" activation="linear"/>
<neuron id="46669" type="in" activation="linear"/>
<neuron id="46670" type="in" activation="linear"/>
<neuron id="46671" type="in" activation="linear"/>
<neuron id="46672" type="in" activation="linear"/>
<neuron id="46673" type="in" activation="linear"/>
<neuron id="46674" type="in" activation="linear"/>
<neuron id="46675" type="in" activation="linear"/>
<neuron id="46676" type="in" activation="linear"/>
<neuron id="46677" type="in" activation="linear"/>
<neuron id="46678" type="in" activation="linear"/>
<neuron id="46679" type="in" activation="linear"/>
<neuron id="46680" type="in" activation="linear"/>
<neuron id="46681" type="in" activation="linear"/>
<neuron id="46682" type="in" activation="linear"/>
<neuron id="46683" type="in" activation="linear"/>
<neuron id="46684" type="in" activation="linear"/>
<neuron id="46685" type="in" activation="linear"/>
<neuron id="46686" type="in" activation="linear"/>
<neuron id="46687" type="in" activation="linear"/>
<neuron id="46688" type="in" activation="linear"/>
<neuron id="46689" type="in" activation="linear"/>
<neuron id="46690" type="in" activation="linear"/>
<neuron id="46691" type="in" activation="linear"/>
<neuron id="46692" type="in" activation="linear"/>
<neuron id="46693" type="in" activation="linear"/>
<neuron id="46694" type="in" activation="linear"/>
<neuron id="46695" type="in" activation="linear"/>
<neuron id="46696" type="in" activation="linear"/>
<neuron id="46697" type="in" activation="linear"/>
<neuron id="46698" type="in" activation="linear"/>
<neuron id="46699" type="in" activation="linear"/>
<neuron id="46700" type="in" activation="linear"/>
<neuron id="46701" type="in" activation="linear"/>
<neuron id="46702" type="in" activation="linear"/>
<neuron id="46703" type="in" activation="linear"/>
<neuron id="46704" type="in" activation="linear"/>
<neuron id="46705" type="in" activation="linear"/>
<neuron id="46706" type="out" activation="linear"/>
<neuron id="46707" type="hid" activation="sigmoid"/>
<connection id="46708" src-id="46664" dest-id="46707" weight="-5.187569371256727"/>
<connection id="46709" src-id="46665" dest-id="46707" weight="9.757958257772373"/>
<connection id="46710" src-id="46666" dest-id="46707" weight="6.091532723194582"/>
<connection id="46711" src-id="46667" dest-id="46707" weight="0.653680044915568"/>
<connection id="46712" src-id="46668" dest-id="46707" weight="-12.467408195858614"/>
<connection id="46713" src-id="46669" dest-id="46707" weight="-4.950097669483156"/>
<connection id="46714" src-id="46670" dest-id="46707" weight="11.92783385909765"/>
<connection id="46715" src-id="46671" dest-id="46707" weight="14.022511047621707"/>
<connection id="46717" src-id="46673" dest-id="46707" weight="5.287289311190005"/>
<connection id="46719" src-id="46675" dest-id="46707" weight="-1.322081833419831"/>
<connection id="46721" src-id="46677" dest-id="46707" weight="-4.104275789940464"/>
<connection id="46722" src-id="46678" dest-id="46707" weight="8.201303749260559"/>
<connection id="46723" src-id="46679" dest-id="46707" weight="9.9163920570424"/>
<connection id="46724" src-id="46680" dest-id="46707" weight="-4.019120902535738"/>
<connection id="46725" src-id="46681" dest-id="46707" weight="7.10904283154726"/>
<connection id="46727" src-id="46683" dest-id="46707" weight="-11.841378929575725"/>
<connection id="46728" src-id="46684" dest-id="46707" weight="-4.503977062146308"/>
<connection id="46729" src-id="46685" dest-id="46707" weight="4.092782154219642"/>
<connection id="46731" src-id="46687" dest-id="46707" weight="0.15778198099575666"/>
<connection id="46732" src-id="46688" dest-id="46707" weight="3.7702290016012627"/>
<connection id="46733" src-id="46689" dest-id="46707" weight="-1.5409945817287993"/>
<connection id="46734" src-id="46690" dest-id="46707" weight="-7.770260610123815"/>
<connection id="46736" src-id="46692" dest-id="46707" weight="5.948973487999312"/>
<connection id="46737" src-id="46693" dest-id="46707" weight="2.4304100346430744"/>
<connection id="46738" src-id="46694" dest-id="46707" weight="12.179792001780665"/>
<connection id="46739" src-id="46695" dest-id="46707" weight="4.827291109618052"/>
<connection id="46740" src-id="46696" dest-id="46707" weight="-16.67223047290308"/>
<connection id="46741" src-id="46697" dest-id="46707" weight="9.216483330039196"/>
<connection id="46742" src-id="46698" dest-id="46707" weight="-5.658879884117768"/>
<connection id="46744" src-id="46700" dest-id="46707" weight="-6.076267953500694"/>
<connection id="46745" src-id="46701" dest-id="46707" weight="9.726625060170177"/>
<connection id="46746" src-id="46702" dest-id="46707" weight="15.733065498038215"/>
<connection id="46748" src-id="46704" dest-id="46707" weight="12.646869819663516"/>
<connection id="46749" src-id="46705" dest-id="46707" weight="-5.8844010247187155"/>
<neuron id="46751" type="hid" activation="sigmoid"/>
<connection id="46752" src-id="46664" dest-id="46751" weight="-6.569871138138396"/>
<connection id="46753" src-id="46665" dest-id="46751" weight="1.8118049075954723"/>
<connection id="46755" src-id="46667" dest-id="46751" weight="14.105879518365654"/>
<connection id="46758" src-id="46670" dest-id="46751" weight="14.146864589877005"/>
<connection id="46759" src-id="46671" dest-id="46751" weight="-17.944683589374538"/>
<connection id="46760" src-id="46672" dest-id="46751" weight="0.38745440775546736"/>
<connection id="46761" src-id="46673" dest-id="46751" weight="-1.481428145807701"/>
<connection id="46763" src-id="46675" dest-id="46751" weight="-8.189629693074457"/>
<connection id="46764" src-id="46676" dest-id="46751" weight="9.677704870902865"/>
<connection id="46765" src-id="46677" dest-id="46751" weight="17.43915752728851"/>
<connection id="46767" src-id="46679" dest-id="46751" weight="18.739807499895036"/>
<connection id="46770" src-id="46682" dest-id="46751" weight="2.9810571378702253"/>
<connection id="46771" src-id="46683" dest-id="46751" weight="-5.645379112905662"/>
<connection id="46772" src-id="46684" dest-id="46751" weight="-0.6277919991830476"/>
<connection id="46773" src-id="46685" dest-id="46751" weight="-6.9799166827183"/>
<connection id="46774" src-id="46686" dest-id="46751" weight="-8.657543369733187"/>
<connection id="46775" src-id="46687" dest-id="46751" weight="2.8560402583460744"/>
<connection id="46776" src-id="46688" dest-id="46751" weight="-1.1078226283231927"/>
<connection id="46777" src-id="46689" dest-id="46751" weight="2.2765401253192428"/>
<connection id="46778" src-id="46690" dest-id="46751" weight="-4.897180770553765"/>
<connection id="46779" src-id="46691" dest-id="46751" weight="9.57709996941497"/>
<connection id="46780" src-id="46692" dest-id="46751" weight="-8.984568433549333"/>
<connection id="46781" src-id="46693" dest-id="46751" weight="-5.566514164631059"/>
<connection id="46782" src-id="46694" dest-id="46751" weight="5.886464194010915"/>
<connection id="46783" src-id="46695" dest-id="46751" weight="8.467359987761611"/>
<connection id="46786" src-id="46698" dest-id="46751" weight="-0.7148048437492243"/>
<connection id="46787" src-id="46699" dest-id="46751" weight="-6.958574109148993"/>
<connection id="46788" src-id="46700" dest-id="46751" weight="-0.6546670341630639"/>
<connection id="46789" src-id="46701" dest-id="46751" weight="-12.618203534095292"/>
<connection id="46790" src-id="46702" dest-id="46751" weight="4.7470313282061785"/>
<connection id="46792" src-id="46704" dest-id="46751" weight="12.711212871837011"/>
<connection id="46793" src-id="46705" dest-id="46751" weight="3.389325413226243"/>
<connection id="46794" src-id="46751" dest-id="46706" weight="-2.124062535880818"/>
<neuron id="46795" type="hid" activation="sigmoid"/>
<connection id="46796" src-id="46664" dest-id="46795" weight="6.210746703426576"/>
<connection id="46797" src-id="46665" dest-id="46795" weight="-8.859001289891525"/>
<connection id="46798" src-id="46666" dest-id="46795" weight="3.6782432225172634"/>
<connection id="46799" src-id="46667" dest-id="46795" weight="-14.604809745369007"/>
<connection id="46800" src-id="46668" dest-id="46795" weight="-6.404984265604123"/>
<connection id="46801" src-id="46669" dest-id="46795" weight="8.482392526951326"/>
<connection id="46802" src-id="46670" dest-id="46795" weight="3.8130547211141335"/>
<connection id="46803" src-id="46671" dest-id="46795" weight="-9.018823069614612"/>
<connection id="46804" src-id="46672" dest-id="46795" weight="15.057855057808263"/>
<connection id="46805" src-id="46673" dest-id="46795" weight="3.653200539725456"/>
<connection id="46807" src-id="46675" dest-id="46795" weight="1.9068463187346447"/>
<connection id="46808" src-id="46676" dest-id="46795" weight="-3.489142375720925"/>
<connection id="46810" src-id="46678" dest-id="46795" weight="-6.510902065857014"/>
<connection id="46811" src-id="46679" dest-id="46795" weight="-1.8697414605965943"/>
<connection id="46812" src-id="46680" dest-id="46795" weight="-11.549486945081187"/>
<connection id="46813" src-id="46681" dest-id="46795" weight="-8.956576671579386"/>
<connection id="46814" src-id="46682" dest-id="46795" weight="-11.085603562411762"/>
<connection id="46816" src-id="46684" dest-id="46795" weight="17.218825835297196"/>
<connection id="46817" src-id="46685" dest-id="46795" weight="6.511361584277326"/>
<connection id="46819" src-id="46687" dest-id="46795" weight="6.261359618204676"/>
<connection id="46820" src-id="46688" dest-id="46795" weight="-0.39335572609702485"/>
<connection id="46821" src-id="46689" dest-id="46795" weight="-5.178890891467221"/>
<connection id="46822" src-id="46690" dest-id="46795" weight="4.496234270872703"/>
<connection id="46823" src-id="46691" dest-id="46795" weight="-6.708272772163241"/>
<connection id="46825" src-id="46693" dest-id="46795" weight="3.6397199661908597"/>
<connection id="46826" src-id="46694" dest-id="46795" weight="3.538368322853745"/>
<connection id="46827" src-id="46695" dest-id="46795" weight="-10.811153189427737"/>
<connection id="46828" src-id="46696" dest-id="46795" weight="-4.449402719903155"/>
<connection id="46829" src-id="46697" dest-id="46795" weight="5.539822630145705"/>
<connection id="46830" src-id="46698" dest-id="46795" weight="-7.353437778636045"/>
<connection id="46831" src-id="46699" dest-id="46795" weight="9.67802544465065"/>
<connection id="46832" src-id="46700" dest-id="46795" weight="15.858934266619656"/>
<connection id="46833" src-id="46701" dest-id="46795" weight="4.8930322022443375"/>
<connection id="46834" src-id="46702" dest-id="46795" weight="-11.339997144237836"/>
<connection id="46835" src-id="46703" dest-id="46795" weight="6.5463239311030215"/>
<connection id="46836" src-id="46704" dest-id="46795" weight="-1.373147133071671"/>
<connection id="46837" src-id="46705" dest-id="46795" weight="1.505882650310273"/>
<connection id="46838" src-id="46795" dest-id="46706" weight="-3.5039493894548097"/>
<neuron id="46883" type="hid" activation="sigmoid"/>
<connection id="46884" src-id="46664" dest-id="46883" weight="8.648920171880816"/>
<connection id="46885" src-id="46665" dest-id="46883" weight="-8.331033942714214"/>
<connection id="46886" src-id="46666" dest-id="46883" weight="-4.962019500322292"/>
<connection id="46887" src-id="46667" dest-id="46883" weight="-11.40228463702216"/>
<connection id="46889" src-id="46669" dest-id="46883" weight="2.420485415925163"/>
<connection id="46891" src-id="46671" dest-id="46883" weight="-5.392805033055569"/>
<connection id="46892" src-id="46672" dest-id="46883" weight="16.745881188907294"/>
<connection id="46893" src-id="46673" dest-id="46883" weight="0.9303682115194438"/>
<connection id="46894" src-id="46674" dest-id="46883" weight="0.22749602249263123"/>
<connection id="46895" src-id="46675" dest-id="46883" weight="-7.663807437772407"/>
<connection id="46897" src-id="46677" dest-id="46883" weight="-6.861303624629748"/>
<connection id="46898" src-id="46678" dest-id="46883" weight="-6.448884287597171"/>
<connection id="46899" src-id="46679" dest-id="46883" weight="-3.808340815053713"/>
<connection id="46900" src-id="46680" dest-id="46883" weight="-4.457893999045302"/>
<connection id="46902" src-id="46682" dest-id="46883" weight="-4.5957849959572155"/>
<connection id="46906" src-id="46686" dest-id="46883" weight="3.443267487297758"/>
<connection id="46908" src-id="46688" dest-id="46883" weight="-0.1495806579056813"/>
<connection id="46910" src-id="46690" dest-id="46883" weight="2.982238827556233"/>
<connection id="46911" src-id="46691" dest-id="46883" weight="1.575964697532514"/>
<connection id="46912" src-id="46692" dest-id="46883" weight="-1.7818759539859637"/>
<connection id="46913" src-id="46693" dest-id="46883" weight="-4.920903546903632"/>
<connection id="46914" src-id="46694" dest-id="46883" weight="-0.38641514187047665"/>
<connection id="46916" src-id="46696" dest-id="46883" weight="1.4169870105802422"/>
<connection id="46917" src-id="46697" dest-id="46883" weight="9.314994006764277"/>
<connection id="46918" src-id="46698" dest-id="46883" weight="-1.1816385598094317"/>
<connection id="46919" src-id="46699" dest-id="46883" weight="-4.447950468357056"/>
<connection id="46920" src-id="46700" dest-id="46883" weight="5.50557875747028"/>
<connection id="46921" src-id="46701" dest-id="46883" weight="-2.839608947739264"/>
<connection id="46922" src-id="46702" dest-id="46883" weight="-5.687275889512289"/>
<connection id="46923" src-id="46703" dest-id="46883" weight="-3.154995518055525"/>
<connection id="46924" src-id="46704" dest-id="46883" weight="-8.993013380988549"/>
<connection id="46925" src-id="46705" dest-id="46883" weight="-25.383655026539557"/>
<connection id="46926" src-id="46883" dest-id="46706" weight="-17.11128025517919"/>
<connection id="47147" src-id="46674" dest-id="46706" weight="6.292792212172735"/>
<connection id="47245" src-id="46700" dest-id="46706" weight="4.053093917255778"/>
<neuron id="47287" type="hid" activation="sigmoid"/>
<connection id="47288" src-id="46668" dest-id="47287" weight="1.0"/>
<connection id="47289" src-id="47287" dest-id="46751" weight="4.674264721699731"/>
<neuron id="47302" type="hid" activation="sigmoid"/>
<connection id="47303" src-id="46689" dest-id="47302" weight="0.45743326929800887"/>
<connection id="47304" src-id="47302" dest-id="46883" weight="6.699438577621674"/>
<neuron id="47329" type="hid" activation="sigmoid"/>
<connection id="47330" src-id="46685" dest-id="47329" weight="9.854995768731145"/>
<connection id="47331" src-id="47329" dest-id="46883" weight="-1.1520416906677369"/>
<connection id="47408" src-id="46696" dest-id="47329" weight="-10.784620010082367"/>
<connection id="47611" src-id="46672" dest-id="46706" weight="9.123199061142412"/>
<neuron id="47649" type="hid" activation="sigmoid"/>
<connection id="47650" src-id="46703" dest-id="47649" weight="0.1418292445167757"/>
<connection id="47651" src-id="47649" dest-id="46707" weight="-10.768538856293963"/>
<connection id="47914" src-id="46705" dest-id="46706" weight="1.2126369290520551"/>
<neuron id="47926" type="hid" activation="sigmoid"/>
<connection id="47927" src-id="46674" dest-id="47926" weight="3.735670276883507"/>
<connection id="47928" src-id="47926" dest-id="46751" weight="10.131046796798229"/>
<connection id="48005" src-id="46686" dest-id="47329" weight="-9.942526913785114"/>
<connection id="48011" src-id="46687" dest-id="46706" weight="6.221848448914407"/>
<connection id="48012" src-id="46672" dest-id="47329" weight="-1.656701039541108"/>
<neuron id="48202" type="hid" activation="sigmoid"/>
<connection id="48203" src-id="46666" dest-id="48202" weight="-10.482115328832512"/>
<connection id="48204" src-id="48202" dest-id="46751" weight="11.426699698268353"/>
<neuron id="48205" type="hid" activation="sigmoid"/>
<connection id="48206" src-id="46678" dest-id="48205" weight="5.9553619839254734"/>
<connection id="48207" src-id="48205" dest-id="46751" weight="1.084575959918586"/>
<neuron id="48229" type="hid" activation="sigmoid"/>
<connection id="48230" src-id="46676" dest-id="48229" weight="-2.8796665651102153"/>
<connection id="48231" src-id="48229" dest-id="46707" weight="-2.738145847110844"/>
<connection id="48406" src-id="47329" dest-id="48202" weight="-9.876354171782415"/>
<neuron id="48456" type="hid" activation="sigmoid"/>
<connection id="48457" src-id="46686" dest-id="48456" weight="1.3317610773600799"/>
<connection id="48458" src-id="48456" dest-id="46707" weight="0.6689866175946406"/>
<neuron id="48477" type="hid" activation="sigmoid"/>
<connection id="48478" src-id="46695" dest-id="48477" weight="-3.7604564539550136"/>
<connection id="48479" src-id="48477" dest-id="46883" weight="5.082730796991136"/>
<connection id="48644" src-id="46682" dest-id="48202" weight="11.196138295406426"/>
<connection id="48650" src-id="48202" dest-id="48205" weight="8.447996212557372"/>
<neuron id="48721" type="hid" activation="sigmoid"/>
<connection id="48722" src-id="46670" dest-id="48721" weight="1.0"/>
<connection id="48723" src-id="48721" dest-id="46883" weight="-7.603267352555674"/>
<connection id="48749" src-id="46681" dest-id="46706" weight="-3.534896380392193"/>
<connection id="48790" src-id="46694" dest-id="48205" weight="-5.854947150910384"/>
<connection id="48794" src-id="46695" dest-id="48205" weight="-1.7754495557457206"/>
<connection id="49070" src-id="46671" dest-id="48477" weight="-0.24433720111846924"/>
<neuron id="49134" type="hid" activation="sigmoid"/>
<connection id="49135" src-id="46699" dest-id="49134" weight="-7.6909229878688175"/>
<connection id="49136" src-id="49134" dest-id="46707" weight="15.537450878829645"/>
<neuron id="49161" type="hid" activation="sigmoid"/>
<connection id="49162" src-id="46683" dest-id="49161" weight="0.3085741205431842"/>
<connection id="49163" src-id="49161" dest-id="46795" weight="7.651098272271055"/>
<connection id="49253" src-id="46689" dest-id="47329" weight="-2.941029952607436"/>
<connection id="49334" src-id="46666" dest-id="47329" weight="1.0146709409579209"/>
<connection id="49509" src-id="46700" dest-id="47926" weight="-1.9429961203638735"/>
<connection id="49571" src-id="47926" dest-id="46706" weight="0.22159443107000878"/>
<connection id="49749" src-id="46703" dest-id="48202" weight="4.304229600438228"/>
<connection id="49777" src-id="46667" dest-id="47926" weight="1.183181333075414"/>
<neuron id="49845" type="hid" activation="sigmoid"/>
<connection id="49846" src-id="46696" dest-id="49845" weight="2.594534648491644"/>
<connection id="49847" src-id="49845" dest-id="46883" weight="5.542576281027523"/>
<neuron id="49857" type="hid" activation="sigmoid"/>
<connection id="49858" src-id="46707" dest-id="49857" weight="0.6456192404820811"/>
<connection id="49859" src-id="49857" dest-id="46706" weight="4.133343707889496"/>
<connection id="49925" src-id="46673" dest-id="47649" weight="-0.7393232182293623"/>
<connection id="49928" src-id="47329" dest-id="48477" weight="-5.854134889157284"/>
<connection id="49933" src-id="46687" dest-id="47649" weight="6.123033032962676"/>
<neuron id="50008" type="hid" activation="sigmoid"/>
<connection id="50009" src-id="46702" dest-id="50008" weight="5.626190161753559"/>
<connection id="50010" src-id="50008" dest-id="46706" weight="0.44504510511339834"/>
<neuron id="50011" type="hid" activation="sigmoid"/>
<connection id="50012" src-id="46677" dest-id="50011" weight="-0.3251447835322838"/>
<connection id="50013" src-id="50011" dest-id="46795" weight="6.845457695114632"/>
<connection id="50063" src-id="46677" dest-id="48477" weight="-2.872343655280202"/>
<connection id="50123" src-id="46795" dest-id="47329" weight="0.8770014047622681"/>
<connection id="50169" src-id="46680" dest-id="48205" weight="-1.9722069562772526"/>
<connection id="50191" src-id="47329" dest-id="49845" weight="1.768215002831852"/>
<connection id="50192" src-id="49857" dest-id="47926" weight="0.6241867542266846"/>
<connection id="50193" src-id="46883" dest-id="46751" weight="9.764995797068964"/>
<connection id="50194" src-id="46703" dest-id="47329" weight="2.5052335152219865"/>
<connection id="50196" src-id="46701" dest-id="47329" weight="-4.438195653475299"/>
<connection id="50197" src-id="46795" dest-id="50008" weight="2.963614064134286"/>
<connection id="50199" src-id="46684" dest-id="49845" weight="2.564139626519761"/>
<connection id="50307" src-id="46689" dest-id="48477" weight="0.7884542942047119"/>
<connection id="50335" src-id="46673" dest-id="48229" weight="2.5231920106102272"/>
<connection id="50469" src-id="46707" dest-id="47926" weight="1.2987473908103397"/>
<connection id="50472" src-id="46675" dest-id="49161" weight="1.437037622247465"/>
<connection id="50555" src-id="50011" dest-id="47329" weight="-0.21431968694922365"/>
<connection id="50670" src-id="46678" dest-id="49134" weight="3.419624288238243"/>
<connection id="50856" src-id="48205" dest-id="49845" weight="-2.6201991121665427"/>
<connection id="50904" src-id="46691" dest-id="47926" weight="-0.06792306900024414"/>
<connection id="51008" src-id="46679" dest-id="46706" weight="1.4861987563094559"/>
<connection id="51009" src-id="48229" dest-id="46751" weight="-3.009039795095451"/>
<connection id="51010" src-id="46700" dest-id="49161" weight="-0.7524505853652954"/>
<connection id="51015" src-id="46673" dest-id="49857" weight="-0.22168453097465046"/>
<connection id="51017" src-id="46685" dest-id="48456" weight="-0.19639647006988525"/>
<connection id="51019" src-id="46694" dest-id="49161" weight="0.3589391573826034"/>
</chromosome>