<chromosome id="62892" primary-parent-id="62323"><neuron id="52914" type="in" activation="linear"/>
<neuron id="52915" type="in" activation="linear"/>
<neuron id="52916" type="in" activation="linear"/>
<neuron id="52917" type="in" activation="linear"/>
<neuron id="52918" type="in" activation="linear"/>
<neuron id="52919" type="in" activation="linear"/>
<neuron id="52920" type="in" activation="linear"/>
<neuron id="52921" type="in" activation="linear"/>
<neuron id="52922" type="in" activation="linear"/>
<neuron id="52923" type="in" activation="linear"/>
<neuron id="52924" type="in" activation="linear"/>
<neuron id="52925" type="in" activation="linear"/>
<neuron id="52926" type="in" activation="linear"/>
<neuron id="52927" type="in" activation="linear"/>
<neuron id="52928" type="in" activation="linear"/>
<neuron id="52929" type="in" activation="linear"/>
<neuron id="52930" type="in" activation="linear"/>
<neuron id="52931" type="in" activation="linear"/>
<neuron id="52932" type="in" activation="linear"/>
<neuron id="52933" type="in" activation="linear"/>
<neuron id="52934" type="in" activation="linear"/>
<neuron id="52935" type="in" activation="linear"/>
<neuron id="52936" type="in" activation="linear"/>
<neuron id="52937" type="in" activation="linear"/>
<neuron id="52938" type="in" activation="linear"/>
<neuron id="52939" type="in" activation="linear"/>
<neuron id="52940" type="in" activation="linear"/>
<neuron id="52941" type="in" activation="linear"/>
<neuron id="52942" type="in" activation="linear"/>
<neuron id="52943" type="in" activation="linear"/>
<neuron id="52944" type="in" activation="linear"/>
<neuron id="52945" type="in" activation="linear"/>
<neuron id="52946" type="in" activation="linear"/>
<neuron id="52947" type="in" activation="linear"/>
<neuron id="52948" type="in" activation="linear"/>
<neuron id="52949" type="in" activation="linear"/>
<neuron id="52950" type="in" activation="linear"/>
<neuron id="52951" type="in" activation="linear"/>
<neuron id="52952" type="in" activation="linear"/>
<neuron id="52953" type="in" activation="linear"/>
<neuron id="52954" type="in" activation="linear"/>
<neuron id="52955" type="in" activation="linear"/>
<neuron id="52956" type="out" activation="linear"/>
<neuron id="52957" type="hid" activation="sigmoid"/>
<connection id="52958" src-id="52914" dest-id="52957" weight="0.6389786118266656"/>
<connection id="52959" src-id="52915" dest-id="52957" weight="-10.430622308251463"/>
<connection id="52963" src-id="52919" dest-id="52957" weight="-7.7854834863883084"/>
<connection id="52964" src-id="52920" dest-id="52957" weight="13.587638180839448"/>
<connection id="52965" src-id="52921" dest-id="52957" weight="-5.844707242129146"/>
<connection id="52966" src-id="52922" dest-id="52957" weight="14.519508934876349"/>
<connection id="52967" src-id="52923" dest-id="52957" weight="10.874069229000263"/>
<connection id="52968" src-id="52924" dest-id="52957" weight="18.71692528722557"/>
<connection id="52969" src-id="52925" dest-id="52957" weight="-3.1749885822417054"/>
<connection id="52970" src-id="52926" dest-id="52957" weight="2.381034242664498"/>
<connection id="52971" src-id="52927" dest-id="52957" weight="7.597766043321287"/>
<connection id="52972" src-id="52928" dest-id="52957" weight="-4.633449745626781"/>
<connection id="52974" src-id="52930" dest-id="52957" weight="7.007710774400488"/>
<connection id="52976" src-id="52932" dest-id="52957" weight="9.700009935290677"/>
<connection id="52978" src-id="52934" dest-id="52957" weight="-17.645499096514285"/>
<connection id="52979" src-id="52935" dest-id="52957" weight="-9.837607466250642"/>
<connection id="52980" src-id="52936" dest-id="52957" weight="-7.783886910957432"/>
<connection id="52982" src-id="52938" dest-id="52957" weight="29.516929245685013"/>
<connection id="52983" src-id="52939" dest-id="52957" weight="1.5682482449960262"/>
<connection id="52984" src-id="52940" dest-id="52957" weight="10.244177083175474"/>
<connection id="52985" src-id="52941" dest-id="52957" weight="-5.275491429465428"/>
<connection id="52986" src-id="52942" dest-id="52957" weight="-12.047162558260077"/>
<connection id="52987" src-id="52943" dest-id="52957" weight="2.251497612020146"/>
<connection id="52988" src-id="52944" dest-id="52957" weight="-3.3672871097047627"/>
<connection id="52989" src-id="52945" dest-id="52957" weight="-2.0027042200902985"/>
<connection id="52990" src-id="52946" dest-id="52957" weight="3.4825415039024605"/>
<connection id="52992" src-id="52948" dest-id="52957" weight="-7.152817297599266"/>
<connection id="52994" src-id="52950" dest-id="52957" weight="-15.65520383748872"/>
<connection id="52996" src-id="52952" dest-id="52957" weight="22.44721277318672"/>
<connection id="52997" src-id="52953" dest-id="52957" weight="11.739621273988316"/>
<connection id="53000" src-id="52957" dest-id="52956" weight="4.818672623110426"/>
<neuron id="53001" type="hid" activation="sigmoid"/>
<connection id="53002" src-id="52914" dest-id="53001" weight="-11.745439610074051"/>
<connection id="53005" src-id="52917" dest-id="53001" weight="7.406152414984192"/>
<connection id="53006" src-id="52918" dest-id="53001" weight="-3.4306871212128245"/>
<connection id="53007" src-id="52919" dest-id="53001" weight="-16.605839362366464"/>
<connection id="53010" src-id="52922" dest-id="53001" weight="-7.236267190705544"/>
<connection id="53011" src-id="52923" dest-id="53001" weight="-3.86187003069658"/>
<connection id="53013" src-id="52925" dest-id="53001" weight="-18.052037268722636"/>
<connection id="53014" src-id="52926" dest-id="53001" weight="16.051218733966213"/>
<connection id="53015" src-id="52927" dest-id="53001" weight="9.849622047046562"/>
<connection id="53016" src-id="52928" dest-id="53001" weight="-18.782783210829557"/>
<connection id="53017" src-id="52929" dest-id="53001" weight="4.4261601479977015"/>
<connection id="53019" src-id="52931" dest-id="53001" weight="5.696802555843024"/>
<connection id="53021" src-id="52933" dest-id="53001" weight="-31.639981435706414"/>
<connection id="53022" src-id="52934" dest-id="53001" weight="-28.10029033986473"/>
<connection id="53023" src-id="52935" dest-id="53001" weight="20.72596745675619"/>
<connection id="53025" src-id="52937" dest-id="53001" weight="4.561436838723736"/>
<connection id="53026" src-id="52938" dest-id="53001" weight="-25.56229554902128"/>
<connection id="53027" src-id="52939" dest-id="53001" weight="-13.123531871450211"/>
<connection id="53028" src-id="52940" dest-id="53001" weight="7.916847074845609"/>
<connection id="53031" src-id="52943" dest-id="53001" weight="9.260780232631664"/>
<connection id="53032" src-id="52944" dest-id="53001" weight="6.14047904647224"/>
<connection id="53033" src-id="52945" dest-id="53001" weight="-19.756759519901554"/>
<connection id="53034" src-id="52946" dest-id="53001" weight="-22.01935946742056"/>
<connection id="53036" src-id="52948" dest-id="53001" weight="-3.0589577296943764"/>
<connection id="53037" src-id="52949" dest-id="53001" weight="11.563910377218424"/>
<connection id="53038" src-id="52950" dest-id="53001" weight="11.140953109345116"/>
<connection id="53039" src-id="52951" dest-id="53001" weight="4.907778524006106"/>
<connection id="53040" src-id="52952" dest-id="53001" weight="-8.40921578980655"/>
<connection id="53041" src-id="52953" dest-id="53001" weight="-0.8261302703383331"/>
<connection id="53042" src-id="52954" dest-id="53001" weight="-3.902232761955557"/>
<connection id="53043" src-id="52955" dest-id="53001" weight="-9.195629323470367"/>
<connection id="53044" src-id="53001" dest-id="52956" weight="21.652591660790044"/>
<neuron id="53045" type="hid" activation="sigmoid"/>
<connection id="53046" src-id="52914" dest-id="53045" weight="-7.251561929291439"/>
<connection id="53049" src-id="52917" dest-id="53045" weight="7.5510838077763065"/>
<connection id="53050" src-id="52918" dest-id="53045" weight="-8.955060048895835"/>
<connection id="53051" src-id="52919" dest-id="53045" weight="14.345660715143916"/>
<connection id="53052" src-id="52920" dest-id="53045" weight="-24.994794532420567"/>
<connection id="53053" src-id="52921" dest-id="53045" weight="-0.41110105086646875"/>
<connection id="53056" src-id="52924" dest-id="53045" weight="3.1437872277950225"/>
<connection id="53058" src-id="52926" dest-id="53045" weight="-0.8200032923914544"/>
<connection id="53059" src-id="52927" dest-id="53045" weight="17.980972166174336"/>
<connection id="53060" src-id="52928" dest-id="53045" weight="7.409282091109738"/>
<connection id="53061" src-id="52929" dest-id="53045" weight="-31.465960323727522"/>
<connection id="53062" src-id="52930" dest-id="53045" weight="-2.8563976151750907"/>
<connection id="53063" src-id="52931" dest-id="53045" weight="-16.658836467771412"/>
<connection id="53064" src-id="52932" dest-id="53045" weight="25.398732934575637"/>
<connection id="53065" src-id="52933" dest-id="53045" weight="-14.316176717572363"/>
<connection id="53066" src-id="52934" dest-id="53045" weight="16.182793260858908"/>
<connection id="53067" src-id="52935" dest-id="53045" weight="-17.496705737934683"/>
<connection id="53069" src-id="52937" dest-id="53045" weight="-11.15804551448107"/>
<connection id="53070" src-id="52938" dest-id="53045" weight="-24.134434034457705"/>
<connection id="53071" src-id="52939" dest-id="53045" weight="-3.2000665099376624"/>
<connection id="53072" src-id="52940" dest-id="53045" weight="-2.068968343041375"/>
<connection id="53073" src-id="52941" dest-id="53045" weight="-15.257712548999942"/>
<connection id="53078" src-id="52946" dest-id="53045" weight="9.43902413609287"/>
<connection id="53079" src-id="52947" dest-id="53045" weight="-1.0631328215288778"/>
<connection id="53080" src-id="52948" dest-id="53045" weight="-3.4226214218170536"/>
<connection id="53081" src-id="52949" dest-id="53045" weight="-3.679007002511363"/>
<connection id="53082" src-id="52950" dest-id="53045" weight="-6.145217751943687"/>
<connection id="53083" src-id="52951" dest-id="53045" weight="3.9779693288327587"/>
<connection id="53084" src-id="52952" dest-id="53045" weight="22.076631711868213"/>
<connection id="53085" src-id="52953" dest-id="53045" weight="-2.3588430091189543"/>
<connection id="53086" src-id="52954" dest-id="53045" weight="8.920730484176508"/>
<connection id="53087" src-id="52955" dest-id="53045" weight="3.6856053472971952"/>
<connection id="53088" src-id="53045" dest-id="52956" weight="-4.315296199209994"/>
<neuron id="53089" type="hid" activation="sigmoid"/>
<connection id="53090" src-id="52914" dest-id="53089" weight="5.095524457830166"/>
<connection id="53091" src-id="52915" dest-id="53089" weight="-12.26304017519681"/>
<connection id="53094" src-id="52918" dest-id="53089" weight="16.75779337831024"/>
<connection id="53096" src-id="52920" dest-id="53089" weight="-1.1646518069440566"/>
<connection id="53097" src-id="52921" dest-id="53089" weight="-2.404013782080754"/>
<connection id="53098" src-id="52922" dest-id="53089" weight="-6.309569373253914"/>
<connection id="53099" src-id="52923" dest-id="53089" weight="-11.507863933055397"/>
<connection id="53100" src-id="52924" dest-id="53089" weight="1.8236243997657344"/>
<connection id="53101" src-id="52925" dest-id="53089" weight="-1.0262542326198212"/>
<connection id="53102" src-id="52926" dest-id="53089" weight="9.218623253784767"/>
<connection id="53103" src-id="52927" dest-id="53089" weight="0.1402968996410594"/>
<connection id="53104" src-id="52928" dest-id="53089" weight="-31.368342881619398"/>
<connection id="53105" src-id="52929" dest-id="53089" weight="9.466375652475442"/>
<connection id="53106" src-id="52930" dest-id="53089" weight="14.334822162089148"/>
<connection id="53107" src-id="52931" dest-id="53089" weight="-14.722448619361616"/>
<connection id="53108" src-id="52932" dest-id="53089" weight="-1.289007810237289"/>
<connection id="53109" src-id="52933" dest-id="53089" weight="3.8164079266631754"/>
<connection id="53110" src-id="52934" dest-id="53089" weight="6.29011646809319"/>
<connection id="53111" src-id="52935" dest-id="53089" weight="3.556588816593827"/>
<connection id="53112" src-id="52936" dest-id="53089" weight="3.32894963988322"/>
<connection id="53114" src-id="52938" dest-id="53089" weight="3.6590300345734286"/>
<connection id="53115" src-id="52939" dest-id="53089" weight="2.0303800730755914"/>
<connection id="53116" src-id="52940" dest-id="53089" weight="20.476274091398448"/>
<connection id="53117" src-id="52941" dest-id="53089" weight="8.621274790800268"/>
<connection id="53118" src-id="52942" dest-id="53089" weight="-10.647916253588122"/>
<connection id="53119" src-id="52943" dest-id="53089" weight="7.245749771681062"/>
<connection id="53121" src-id="52945" dest-id="53089" weight="-17.410516258302675"/>
<connection id="53122" src-id="52946" dest-id="53089" weight="-13.328725692361044"/>
<connection id="53124" src-id="52948" dest-id="53089" weight="0.5036786423233847"/>
<connection id="53128" src-id="52952" dest-id="53089" weight="-5.559051884398389"/>
<connection id="53129" src-id="52953" dest-id="53089" weight="2.3472179381229132"/>
<connection id="53130" src-id="52954" dest-id="53089" weight="0.4845243398118879"/>
<connection id="53131" src-id="52955" dest-id="53089" weight="2.81629598458919"/>
<connection id="53132" src-id="53089" dest-id="52956" weight="6.407435904764549"/>
<neuron id="53133" type="hid" activation="sigmoid"/>
<connection id="53134" src-id="52914" dest-id="53133" weight="-11.994665485298988"/>
<connection id="53135" src-id="52915" dest-id="53133" weight="-11.998999729894782"/>
<connection id="53137" src-id="52917" dest-id="53133" weight="-6.028872127912622"/>
<connection id="53138" src-id="52918" dest-id="53133" weight="-11.88569956168369"/>
<connection id="53139" src-id="52919" dest-id="53133" weight="-3.161365176162071"/>
<connection id="53140" src-id="52920" dest-id="53133" weight="-2.443071703699212"/>
<connection id="53141" src-id="52921" dest-id="53133" weight="11.105586148706733"/>
<connection id="53142" src-id="52922" dest-id="53133" weight="13.451785864275152"/>
<connection id="53144" src-id="52924" dest-id="53133" weight="-11.607859263972578"/>
<connection id="53145" src-id="52925" dest-id="53133" weight="9.57964175990892"/>
<connection id="53146" src-id="52926" dest-id="53133" weight="-7.698768430205767"/>
<connection id="53147" src-id="52927" dest-id="53133" weight="-1.7020668210242005"/>
<connection id="53148" src-id="52928" dest-id="53133" weight="-8.448304263192771"/>
<connection id="53149" src-id="52929" dest-id="53133" weight="-9.574746346787581"/>
<connection id="53150" src-id="52930" dest-id="53133" weight="5.7819455436077085"/>
<connection id="53153" src-id="52933" dest-id="53133" weight="15.362896194676534"/>
<connection id="53154" src-id="52934" dest-id="53133" weight="11.954343522602695"/>
<connection id="53155" src-id="52935" dest-id="53133" weight="-21.830652224991724"/>
<connection id="53156" src-id="52936" dest-id="53133" weight="30.633113171474754"/>
<connection id="53157" src-id="52937" dest-id="53133" weight="21.469313724790485"/>
<connection id="53158" src-id="52938" dest-id="53133" weight="-18.91735619929672"/>
<connection id="53159" src-id="52939" dest-id="53133" weight="-11.342165617181292"/>
<connection id="53162" src-id="52942" dest-id="53133" weight="0.724170358171776"/>
<connection id="53163" src-id="52943" dest-id="53133" weight="-12.826337483787096"/>
<connection id="53164" src-id="52944" dest-id="53133" weight="-3.4508537619963104"/>
<connection id="53165" src-id="52945" dest-id="53133" weight="-1.9853509363600534"/>
<connection id="53167" src-id="52947" dest-id="53133" weight="10.11211968989371"/>
<connection id="53168" src-id="52948" dest-id="53133" weight="10.368226774494063"/>
<connection id="53169" src-id="52949" dest-id="53133" weight="-1.8019682965797514"/>
<connection id="53170" src-id="52950" dest-id="53133" weight="8.467608221180317"/>
<connection id="53172" src-id="52952" dest-id="53133" weight="1.152148880346664"/>
<connection id="53173" src-id="52953" dest-id="53133" weight="-1.9838914182761598"/>
<connection id="53174" src-id="52954" dest-id="53133" weight="-22.628137246298753"/>
<connection id="53176" src-id="53133" dest-id="52956" weight="-12.885717523043096"/>
<connection id="53261" src-id="53089" dest-id="52957" weight="-19.295159995214124"/>
<connection id="53262" src-id="52945" dest-id="52956" weight="18.29719389276205"/>
<neuron id="53512" type="hid" activation="sigmoid"/>
<connection id="53513" src-id="52946" dest-id="53512" weight="-1.8944442580252128"/>
<neuron id="53518" type="hid" activation="sigmoid"/>
<connection id="53519" src-id="52932" dest-id="53518" weight="9.310374767316835"/>
<connection id="53520" src-id="53518" dest-id="53133" weight="-27.873214037855046"/>
<connection id="53670" src-id="52923" dest-id="52956" weight="5.919289732329887"/>
<connection id="53816" src-id="52935" dest-id="53512" weight="5.062368779628064"/>
<neuron id="53857" type="hid" activation="sigmoid"/>
<connection id="53859" src-id="53857" dest-id="53001" weight="3.603031163550566"/>
<neuron id="53869" type="hid" activation="sigmoid"/>
<connection id="53870" src-id="52931" dest-id="53869" weight="-16.398292346511354"/>
<connection id="53871" src-id="53869" dest-id="52957" weight="-4.38573660158294"/>
<connection id="53933" src-id="52934" dest-id="52956" weight="-1.6640734942963724"/>
<connection id="54043" src-id="52939" dest-id="52956" weight="-7.030350483844109"/>
<connection id="54061" src-id="52916" dest-id="52956" weight="0.6990506161454078"/>
<neuron id="54145" type="hid" activation="sigmoid"/>
<connection id="54146" src-id="52916" dest-id="54145" weight="-0.013690771044940986"/>
<connection id="54147" src-id="54145" dest-id="53089" weight="1.4080401889749399"/>
<connection id="54262" src-id="52936" dest-id="53857" weight="-15.78858061989247"/>
<neuron id="54421" type="hid" activation="sigmoid"/>
<connection id="54422" src-id="52947" dest-id="54421" weight="-15.229015698275381"/>
<connection id="54496" src-id="52947" dest-id="53857" weight="1.3184582576214585"/>
<neuron id="54641" type="hid" activation="sigmoid"/>
<connection id="54642" src-id="52919" dest-id="54641" weight="-29.32369857685513"/>
<neuron id="54644" type="hid" activation="sigmoid"/>
<connection id="54645" src-id="52933" dest-id="54644" weight="-0.6527416692683143"/>
<connection id="54646" src-id="54644" dest-id="52957" weight="-4.455715470654845"/>
<connection id="54771" src-id="53089" dest-id="53045" weight="8.82544531583275"/>
<connection id="54799" src-id="52928" dest-id="53512" weight="-4.944259091379181"/>
<neuron id="54876" type="hid" activation="sigmoid"/>
<connection id="54877" src-id="52942" dest-id="54876" weight="9.849801611640611"/>
<connection id="54878" src-id="54876" dest-id="53045" weight="-11.13019967548912"/>
<neuron id="54885" type="hid" activation="sigmoid"/>
<connection id="55065" src-id="52941" dest-id="53857" weight="-8.926749592412058"/>
<connection id="55071" src-id="52918" dest-id="52956" weight="10.104129621824988"/>
<connection id="55145" src-id="54885" dest-id="53045" weight="1.8060778220541733"/>
<connection id="55268" src-id="52917" dest-id="53857" weight="-3.1271696417550925"/>
<neuron id="55275" type="hid" activation="sigmoid"/>
<connection id="55276" src-id="52915" dest-id="55275" weight="-3.4476046895775734"/>
<connection id="55277" src-id="55275" dest-id="53001" weight="-5.468991922617817"/>
<neuron id="55281" type="hid" activation="sigmoid"/>
<connection id="55283" src-id="55281" dest-id="53089" weight="-6.308584353826349"/>
<connection id="55332" src-id="52955" dest-id="54885" weight="-1.702677224486762"/>
<connection id="55430" src-id="52936" dest-id="54641" weight="-0.3502925119478686"/>
<neuron id="55510" type="hid" activation="sigmoid"/>
<connection id="55512" src-id="55510" dest-id="52957" weight="-13.384362434408425"/>
<connection id="55548" src-id="52921" dest-id="53857" weight="-10.512693180067949"/>
<connection id="55575" src-id="52950" dest-id="52956" weight="11.054286046117847"/>
<connection id="55610" src-id="52937" dest-id="54641" weight="-3.8030951043370527"/>
<connection id="55618" src-id="52941" dest-id="54641" weight="-5.8465709774339665"/>
<neuron id="55667" type="hid" activation="sigmoid"/>
<connection id="55668" src-id="52918" dest-id="55667" weight="0.060015231187289686"/>
<connection id="55669" src-id="55667" dest-id="52957" weight="-5.678943928340933"/>
<connection id="55723" src-id="52944" dest-id="54641" weight="0.15481850237543232"/>
<connection id="55757" src-id="52944" dest-id="54885" weight="-2.8390356536269596"/>
<connection id="55780" src-id="52915" dest-id="52956" weight="-2.815427172192444"/>
<connection id="55808" src-id="52917" dest-id="54885" weight="-7.112731380897785"/>
<neuron id="55829" type="hid" activation="sigmoid"/>
<connection id="55830" src-id="52955" dest-id="55829" weight="4.211775729877747"/>
<connection id="55831" src-id="55829" dest-id="53133" weight="1.5206060343523589"/>
<connection id="55860" src-id="54641" dest-id="52956" weight="-15.619012499796892"/>
<connection id="55885" src-id="52915" dest-id="53857" weight="-1.3272486264681804"/>
<connection id="55888" src-id="52937" dest-id="54885" weight="-10.976480973653793"/>
<neuron id="55969" type="hid" activation="sigmoid"/>
<connection id="55971" src-id="55969" dest-id="53045" weight="12.51882344008451"/>
<connection id="56069" src-id="52921" dest-id="52956" weight="11.66134977625053"/>
<neuron id="56097" type="hid" activation="sigmoid"/>
<connection id="56098" src-id="52917" dest-id="56097" weight="6.950947317739113"/>
<neuron id="56106" type="hid" activation="sigmoid"/>
<connection id="56108" src-id="56106" dest-id="52957" weight="-1.857203273954601"/>
<connection id="56142" src-id="54641" dest-id="53133" weight="14.961171531942513"/>
<connection id="56217" src-id="54885" dest-id="53133" weight="-0.8265837514159404"/>
<connection id="56220" src-id="52923" dest-id="55969" weight="2.5431910841173324"/>
<connection id="56319" src-id="52940" dest-id="54641" weight="-20.35129420527209"/>
<connection id="56335" src-id="52928" dest-id="55969" weight="-2.8439044863143748"/>
<connection id="56338" src-id="52915" dest-id="54885" weight="-0.693824052810669"/>
<connection id="56344" src-id="52934" dest-id="54644" weight="-5.2324033912328645"/>
<connection id="56386" src-id="52927" dest-id="55969" weight="-9.58892641465065"/>
<connection id="56397" src-id="52929" dest-id="54641" weight="3.519059313388868"/>
<connection id="56422" src-id="52928" dest-id="54641" weight="-10.574663569931703"/>
<connection id="56423" src-id="52953" dest-id="54641" weight="-3.075285420942624"/>
<connection id="56454" src-id="52925" dest-id="54885" weight="-7.104587563554971"/>
<neuron id="56480" type="hid" activation="sigmoid"/>
<connection id="56481" src-id="52954" dest-id="56480" weight="0.26603145831911235"/>
<connection id="56482" src-id="56480" dest-id="52957" weight="3.666093981414007"/>
<neuron id="56483" type="hid" activation="sigmoid"/>
<connection id="56484" src-id="52932" dest-id="56483" weight="2.561588399540854"/>
<connection id="56485" src-id="56483" dest-id="53857" weight="-16.47250025697124"/>
<connection id="56534" src-id="52925" dest-id="55969" weight="-8.867563669708566"/>
<connection id="56543" src-id="52931" dest-id="54641" weight="4.182796968875699"/>
<connection id="56555" src-id="53857" dest-id="55969" weight="-11.785914941894795"/>
<connection id="56559" src-id="54885" dest-id="52956" weight="6.684917754746234"/>
<connection id="56566" src-id="52945" dest-id="55969" weight="0.9400118449523676"/>
<neuron id="56572" type="hid" activation="sigmoid"/>
<connection id="56573" src-id="52951" dest-id="56572" weight="-4.8974271692796245"/>
<connection id="56574" src-id="56572" dest-id="53089" weight="14.145671241565582"/>
<neuron id="56575" type="hid" activation="sigmoid"/>
<connection id="56576" src-id="54641" dest-id="56575" weight="-22.70080795078665"/>
<connection id="56577" src-id="56575" dest-id="53089" weight="-38.882684909141076"/>
<neuron id="56578" type="hid" activation="sigmoid"/>
<connection id="56579" src-id="52937" dest-id="56578" weight="9.589966573327771"/>
<connection id="56614" src-id="52920" dest-id="54885" weight="-2.08558491888098"/>
<connection id="56642" src-id="54644" dest-id="53089" weight="-7.523113403205135"/>
<connection id="56768" src-id="52914" dest-id="56575" weight="4.61151354581693"/>
<connection id="56769" src-id="54644" dest-id="53869" weight="9.927478945483026"/>
<connection id="56787" src-id="52955" dest-id="55969" weight="-1.9497063709490452"/>
<neuron id="56816" type="hid" activation="sigmoid"/>
<connection id="56817" src-id="52949" dest-id="56816" weight="3.1787534085200266"/>
<connection id="56818" src-id="56816" dest-id="52957" weight="1.2597250159747535"/>
<connection id="56848" src-id="52924" dest-id="53869" weight="0.7580822318545564"/>
<connection id="56875" src-id="53001" dest-id="55667" weight="6.653442846511804"/>
<connection id="56895" src-id="52939" dest-id="56578" weight="6.709333136573828"/>
<connection id="56964" src-id="52948" dest-id="53869" weight="9.287599883445761"/>
<connection id="56966" src-id="54641" dest-id="53512" weight="-2.3823616963207845"/>
<connection id="56971" src-id="52952" dest-id="54885" weight="7.739712700546934"/>
<connection id="57024" src-id="52930" dest-id="55667" weight="-3.020430394541115"/>
<connection id="57034" src-id="52939" dest-id="53869" weight="-4.831284517221979"/>
<connection id="57036" src-id="52950" dest-id="56575" weight="2.8997575108343385"/>
<neuron id="57084" type="hid" activation="sigmoid"/>
<connection id="57085" src-id="52941" dest-id="57084" weight="0.33161620930178937"/>
<connection id="57086" src-id="57084" dest-id="53001" weight="-0.977577608164176"/>
<connection id="57169" src-id="53512" dest-id="52956" weight="-4.4973064558534155"/>
<connection id="57170" src-id="52932" dest-id="55969" weight="7.830870656671913"/>
<connection id="57171" src-id="52919" dest-id="55667" weight="-11.120215632478205"/>
<connection id="57172" src-id="52924" dest-id="53512" weight="-1.2641115199187034"/>
<connection id="57173" src-id="56483" dest-id="54641" weight="-12.255370819320126"/>
<connection id="57198" src-id="52930" dest-id="54644" weight="-0.34100586542982514"/>
<neuron id="57231" type="hid" activation="sigmoid"/>
<connection id="57233" src-id="57231" dest-id="53089" weight="18.34298336360918"/>
<connection id="57272" src-id="56575" dest-id="53133" weight="1.734311323453746"/>
<connection id="57273" src-id="52937" dest-id="56575" weight="12.71176734644229"/>
<connection id="57274" src-id="53001" dest-id="53869" weight="-2.261291656084661"/>
<connection id="57275" src-id="52943" dest-id="55667" weight="-1.8554641353714898"/>
<connection id="57277" src-id="52925" dest-id="56575" weight="0.8037094040549992"/>
<connection id="57278" src-id="52947" dest-id="54644" weight="6.660375974208703"/>
<connection id="57313" src-id="52955" dest-id="54641" weight="4.859541680283137"/>
<connection id="57320" src-id="52948" dest-id="55667" weight="-0.43916273929170657"/>
<connection id="57381" src-id="52929" dest-id="53512" weight="3.91991083040777"/>
<connection id="57456" src-id="52925" dest-id="55667" weight="-2.9583923584364764"/>
<connection id="57511" src-id="53869" dest-id="53089" weight="-0.7215158589595072"/>
<connection id="57514" src-id="52952" dest-id="56578" weight="-15.32994116012265"/>
<connection id="57518" src-id="54421" dest-id="54641" weight="4.647586798666415"/>
<connection id="57519" src-id="56578" dest-id="54644" weight="-5.76778655470827"/>
<connection id="57520" src-id="52944" dest-id="56575" weight="12.511836785338174"/>
<connection id="57521" src-id="52942" dest-id="56483" weight="4.666504404596702"/>
<connection id="57522" src-id="52926" dest-id="53518" weight="3.293613766220627"/>
<connection id="57523" src-id="52937" dest-id="56483" weight="-13.2166292964499"/>
<connection id="57527" src-id="56575" dest-id="53518" weight="-7.134845495067559"/>
<neuron id="57562" type="hid" activation="sigmoid"/>
<connection id="57563" src-id="52952" dest-id="57562" weight="5.015080643119181"/>
<connection id="57564" src-id="57562" dest-id="54644" weight="15.33279489697803"/>
<connection id="57593" src-id="52948" dest-id="55969" weight="3.8218127364265255"/>
<connection id="57642" src-id="56575" dest-id="53512" weight="10.403898857646178"/>
<connection id="57643" src-id="52944" dest-id="56578" weight="5.0082083468153265"/>
<connection id="57644" src-id="52933" dest-id="56483" weight="-8.681381685057653"/>
<connection id="57646" src-id="52938" dest-id="57562" weight="-9.937174728608017"/>
<connection id="57650" src-id="52931" dest-id="54644" weight="-1.2453260664861614"/>
<connection id="57651" src-id="54885" dest-id="56578" weight="-5.959651724655863"/>
<connection id="57652" src-id="56578" dest-id="56575" weight="7.07326196948547"/>
<connection id="57653" src-id="52927" dest-id="54421" weight="-1.3558011640322891"/>
<connection id="57654" src-id="54145" dest-id="52957" weight="9.153870240185668"/>
<connection id="57655" src-id="52921" dest-id="54145" weight="-11.019149592532278"/>
<connection id="57656" src-id="52937" dest-id="53518" weight="-15.712436714038645"/>
<connection id="57659" src-id="52945" dest-id="53869" weight="16.741411277215583"/>
<connection id="57660" src-id="54644" dest-id="56575" weight="16.299708475289425"/>
<connection id="57661" src-id="52932" dest-id="54145" weight="7.012882773361753"/>
<connection id="57662" src-id="52925" dest-id="56483" weight="-6.399406591775186"/>
<neuron id="57703" type="hid" activation="sigmoid"/>
<connection id="57705" src-id="57703" dest-id="54885" weight="3.7086697877320596"/>
<connection id="57749" src-id="57703" dest-id="54644" weight="3.410465639207848"/>
<connection id="57763" src-id="56483" dest-id="55969" weight="-12.943148371940651"/>
<connection id="57780" src-id="52947" dest-id="56578" weight="4.860993978566186"/>
<connection id="57782" src-id="52942" dest-id="57703" weight="9.706633157512112"/>
<connection id="57807" src-id="52951" dest-id="53518" weight="-5.406407211211582"/>
<connection id="57808" src-id="56578" dest-id="53869" weight="-4.019177854184812"/>
<connection id="57811" src-id="57703" dest-id="54641" weight="9.179134992884054"/>
<connection id="57816" src-id="52940" dest-id="57703" weight="-3.547316735544311"/>
<connection id="57819" src-id="52943" dest-id="56578" weight="-11.12054243819206"/>
<connection id="57821" src-id="54145" dest-id="53001" weight="-1.7430453531971992"/>
<connection id="57823" src-id="53518" dest-id="52957" weight="3.1091595460750825"/>
<connection id="57877" src-id="52937" dest-id="53869" weight="7.469682922848154"/>
<connection id="57879" src-id="52920" dest-id="54644" weight="2.7976672372154465"/>
<neuron id="57889" type="hid" activation="sigmoid"/>
<connection id="57890" src-id="54145" dest-id="57889" weight="1.7356850728893867"/>
<connection id="57891" src-id="57889" dest-id="56483" weight="5.059265515916634"/>
<connection id="57929" src-id="55969" dest-id="53869" weight="-3.66571529486771"/>
<connection id="57931" src-id="52943" dest-id="57562" weight="-7.7175730296840515"/>
<connection id="57944" src-id="52922" dest-id="53869" weight="2.1236557943235375"/>
<connection id="57957" src-id="54885" dest-id="53089" weight="-7.237210866167765"/>
<connection id="58063" src-id="52955" dest-id="53518" weight="-0.853961617960648"/>
<connection id="58072" src-id="52949" dest-id="57562" weight="12.509557965856825"/>
<connection id="58078" src-id="52941" dest-id="56572" weight="11.625330263316064"/>
<connection id="58079" src-id="52920" dest-id="57231" weight="-1.7780937084011947"/>
<connection id="58080" src-id="57231" dest-id="54885" weight="1.6576831447064357"/>
<connection id="58081" src-id="52924" dest-id="57889" weight="3.670736867137312"/>
<connection id="58082" src-id="52941" dest-id="57703" weight="-12.06317966503406"/>
<neuron id="58105" type="hid" activation="sigmoid"/>
<connection id="58106" src-id="54421" dest-id="58105" weight="-2.414326501459563"/>
<connection id="58107" src-id="58105" dest-id="53089" weight="14.402827119354402"/>
<connection id="58156" src-id="52929" dest-id="56480" weight="-2.020964278259079"/>
<connection id="58230" src-id="52949" dest-id="56572" weight="1.0226218575405026"/>
<connection id="58241" src-id="53869" dest-id="52956" weight="-3.125891341806587"/>
<connection id="58243" src-id="57231" dest-id="55969" weight="-6.79140429846018"/>
<connection id="58309" src-id="52942" dest-id="56572" weight="2.5410556016813173"/>
<connection id="58310" src-id="54421" dest-id="56575" weight="0.06630462803849779"/>
<connection id="58311" src-id="52932" dest-id="56575" weight="3.511681721320528"/>
<connection id="58314" src-id="52922" dest-id="54145" weight="10.353412159983936"/>
<connection id="58315" src-id="55667" dest-id="57562" weight="-11.870329504820011"/>
<connection id="58316" src-id="57231" dest-id="56575" weight="5.96849709834146"/>
<connection id="58318" src-id="54885" dest-id="53512" weight="13.036828945064537"/>
<connection id="58319" src-id="56578" dest-id="56480" weight="-2.7186675548872326"/>
<connection id="58320" src-id="52945" dest-id="54641" weight="11.393068720468136"/>
<connection id="58321" src-id="52932" dest-id="56572" weight="2.394857239994387"/>
<connection id="58322" src-id="52914" dest-id="57562" weight="8.454406437114496"/>
<connection id="58323" src-id="52922" dest-id="57562" weight="4.077257707536855"/>
<connection id="58324" src-id="55510" dest-id="54641" weight="5.714901368538098"/>
<connection id="58325" src-id="52930" dest-id="58105" weight="-4.29606013866314"/>
<connection id="58326" src-id="52924" dest-id="55510" weight="-8.145338792931582"/>
<neuron id="58330" type="hid" activation="sigmoid"/>
<connection id="58331" src-id="52949" dest-id="58330" weight="5.918378174951486"/>
<connection id="58332" src-id="58330" dest-id="53089" weight="16.757036479969326"/>
<connection id="58393" src-id="54421" dest-id="55667" weight="-11.50063134353579"/>
<connection id="58394" src-id="52938" dest-id="54421" weight="-10.661523603222236"/>
<connection id="58395" src-id="55667" dest-id="56480" weight="-0.18507058570934176"/>
<connection id="58396" src-id="52951" dest-id="57231" weight="16.57500495095411"/>
<connection id="58404" src-id="52924" dest-id="55667" weight="4.425407921592624"/>
<connection id="58405" src-id="54145" dest-id="53869" weight="-8.948195616428123"/>
<connection id="58406" src-id="52951" dest-id="54145" weight="-4.593085736909319"/>
<connection id="58477" src-id="52923" dest-id="57703" weight="-0.11978795499138428"/>
<connection id="58501" src-id="52934" dest-id="57231" weight="5.914892956535119"/>
<connection id="58512" src-id="52955" dest-id="57562" weight="1.187350534297675"/>
<connection id="58568" src-id="52929" dest-id="58330" weight="-1.9934456448296398"/>
<neuron id="58612" type="hid" activation="sigmoid"/>
<connection id="58613" src-id="52927" dest-id="58612" weight="-5.251477355413105"/>
<connection id="58614" src-id="58612" dest-id="54885" weight="11.103945205292309"/>
<neuron id="58615" type="hid" activation="sigmoid"/>
<connection id="58617" src-id="58615" dest-id="56578" weight="-4.679693621771473"/>
<connection id="58677" src-id="55510" dest-id="53869" weight="-0.9547228007153984"/>
<connection id="58679" src-id="52923" dest-id="54145" weight="-5.889003766822492"/>
<connection id="58721" src-id="55667" dest-id="55281" weight="-2.868503942016467"/>
<connection id="58730" src-id="56572" dest-id="56575" weight="6.292524370264189"/>
<connection id="58766" src-id="52947" dest-id="56572" weight="0.4850467647466581"/>
<connection id="58768" src-id="52931" dest-id="53512" weight="1.1590314525948069"/>
<connection id="58806" src-id="58330" dest-id="57889" weight="1.6355528461447437"/>
<neuron id="58934" type="hid" activation="sigmoid"/>
<connection id="58935" src-id="53869" dest-id="58934" weight="1.0"/>
<connection id="58936" src-id="58934" dest-id="53512" weight="-2.333068136064812"/>
<connection id="59020" src-id="52922" dest-id="56572" weight="-6.443256685805936"/>
<connection id="59080" src-id="54145" dest-id="53857" weight="1.6599984463946893"/>
<connection id="59083" src-id="52918" dest-id="58615" weight="-4.328098308237007"/>
<connection id="59085" src-id="52942" dest-id="55510" weight="5.4720808867070705"/>
<connection id="59086" src-id="56480" dest-id="54644" weight="1.0309237873682275"/>
<connection id="59087" src-id="52916" dest-id="53869" weight="-7.230922970622907"/>
<connection id="59090" src-id="58615" dest-id="56483" weight="0.7789222412570526"/>
<connection id="59092" src-id="52926" dest-id="57703" weight="5.692824061104219"/>
<connection id="59093" src-id="58330" dest-id="57231" weight="3.49899397337431"/>
<connection id="59094" src-id="52916" dest-id="53518" weight="4.628751412222637"/>
<connection id="59095" src-id="52935" dest-id="58105" weight="-3.659832133234783"/>
<connection id="59109" src-id="52947" dest-id="57703" weight="3.4859787028670874"/>
<connection id="59157" src-id="52927" dest-id="53518" weight="1.341002159915008"/>
<neuron id="59286" type="hid" activation="sigmoid"/>
<connection id="59287" src-id="52940" dest-id="59286" weight="2.4556176782661834"/>
<connection id="59288" src-id="59286" dest-id="58615" weight="5.721934187834866"/>
<connection id="59334" src-id="58615" dest-id="54644" weight="-1.4546160194568638"/>
<connection id="59419" src-id="52945" dest-id="57703" weight="1.8857898147723233"/>
<connection id="59501" src-id="52920" dest-id="55510" weight="-1.9682747416799242"/>
<connection id="59521" src-id="53869" dest-id="56575" weight="-10.50913910522919"/>
<connection id="59526" src-id="54421" dest-id="54885" weight="0.5490103519600207"/>
<connection id="59527" src-id="59286" dest-id="57562" weight="-7.0699395057945145"/>
<connection id="59528" src-id="52949" dest-id="56483" weight="4.401897095127891"/>
<connection id="59529" src-id="54145" dest-id="54885" weight="4.086041095236097"/>
<connection id="59530" src-id="52937" dest-id="57703" weight="-18.60569086315065"/>
<connection id="59531" src-id="58612" dest-id="55969" weight="-3.2825451392477287"/>
<connection id="59533" src-id="53869" dest-id="54641" weight="5.108665525930758"/>
<connection id="59535" src-id="52914" dest-id="54145" weight="-7.382248576952158"/>
<connection id="59536" src-id="54145" dest-id="58105" weight="-1.3602570563034422"/>
<connection id="59537" src-id="52920" dest-id="59286" weight="11.554258941868284"/>
<connection id="59538" src-id="57703" dest-id="53857" weight="-0.45985095099272666"/>
<connection id="59540" src-id="52929" dest-id="58105" weight="0.6906582212025567"/>
<connection id="59542" src-id="52915" dest-id="54421" weight="-13.871151044535102"/>
<connection id="59546" src-id="58330" dest-id="56483" weight="-11.419077215596165"/>
<connection id="59547" src-id="52923" dest-id="58330" weight="0.6445564322816282"/>
<connection id="59552" src-id="52942" dest-id="56575" weight="3.6699453151395565"/>
<neuron id="59671" type="hid" activation="sigmoid"/>
<connection id="59672" src-id="52945" dest-id="59671" weight="-4.284659835641263"/>
<connection id="59673" src-id="59671" dest-id="52957" weight="2.0568353653527294"/>
<neuron id="59674" type="hid" activation="sigmoid"/>
<connection id="59675" src-id="54145" dest-id="59674" weight="-11.06749043743314"/>
<connection id="59798" src-id="58330" dest-id="56480" weight="-6.967039226692721"/>
<connection id="59800" src-id="52940" dest-id="57889" weight="-9.107079894068491"/>
<connection id="59826" src-id="57889" dest-id="53869" weight="-9.1738018260892"/>
<connection id="59828" src-id="52914" dest-id="55275" weight="-5.410349357073422"/>
<connection id="59829" src-id="52918" dest-id="58105" weight="-2.5886179398953653"/>
<connection id="59830" src-id="52935" dest-id="55275" weight="-2.0715798671605175"/>
<connection id="59831" src-id="59674" dest-id="55510" weight="1.2689364840059387"/>
<connection id="59833" src-id="52950" dest-id="55275" weight="4.9065791370887855"/>
<connection id="59835" src-id="59671" dest-id="55667" weight="1.3955853345652873"/>
<connection id="59836" src-id="57231" dest-id="56572" weight="6.151506852827291"/>
<connection id="59838" src-id="52946" dest-id="59286" weight="-4.965250296730851"/>
<connection id="59840" src-id="52950" dest-id="59286" weight="-1.801306583277273"/>
<connection id="59842" src-id="59286" dest-id="56097" weight="-0.2056545723370693"/>
<connection id="59843" src-id="56097" dest-id="56578" weight="-5.746219774965944"/>
<connection id="59844" src-id="52944" dest-id="58105" weight="-9.304844301661378"/>
<connection id="59845" src-id="58330" dest-id="57562" weight="-2.514424481765435"/>
<connection id="59846" src-id="52925" dest-id="59674" weight="3.817790625623202"/>
<connection id="59847" src-id="58615" dest-id="59674" weight="0.8550394958537901"/>
<connection id="59848" src-id="53045" dest-id="53518" weight="-1.2554128985599569"/>
<connection id="59849" src-id="54421" dest-id="53518" weight="-3.7814678680247065"/>
<connection id="59857" src-id="52945" dest-id="55510" weight="-1.6328500120950733"/>
<neuron id="60008" type="hid" activation="sigmoid"/>
<connection id="60009" src-id="53512" dest-id="60008" weight="4.121798419829144"/>
<connection id="60010" src-id="60008" dest-id="53133" weight="20.168979301510493"/>
<neuron id="60011" type="hid" activation="sigmoid"/>
<connection id="60012" src-id="52917" dest-id="60011" weight="-0.2835320508501369"/>
<connection id="60013" src-id="60011" dest-id="53518" weight="0.13590096862591317"/>
<connection id="60114" src-id="52923" dest-id="55510" weight="-0.6663321953213688"/>
<connection id="60131" src-id="52947" dest-id="60008" weight="-2.0049129213970773"/>
<connection id="60152" src-id="52918" dest-id="53869" weight="-2.8181358005560098"/>
<connection id="60184" src-id="52918" dest-id="57889" weight="7.9053896727955015"/>
<connection id="60342" src-id="52918" dest-id="59286" weight="-2.129107979331332"/>
<connection id="60501" src-id="53857" dest-id="53869" weight="-4.949615966896121"/>
<connection id="60512" src-id="52938" dest-id="60008" weight="0.9395444393157959"/>
<connection id="60532" src-id="52952" dest-id="55275" weight="0.7278187075398308"/>
<connection id="60549" src-id="52931" dest-id="53518" weight="4.847258208964005"/>
<connection id="60618" src-id="52938" dest-id="54145" weight="0.8730539083480835"/>
<connection id="60668" src-id="52950" dest-id="60011" weight="-4.407917100053061"/>
<connection id="60674" src-id="52955" dest-id="60011" weight="-9.026519574110463"/>
<connection id="60675" src-id="52935" dest-id="58612" weight="2.3286664069268364"/>
<connection id="60677" src-id="56816" dest-id="58612" weight="-1.8591375724653043"/>
<connection id="60679" src-id="52941" dest-id="59671" weight="0.13747176606517186"/>
<connection id="60680" src-id="52936" dest-id="54145" weight="3.411726359459713"/>
<connection id="60681" src-id="59674" dest-id="55275" weight="-2.538088315098073"/>
<connection id="60703" src-id="52918" dest-id="55510" weight="-0.8864197983824904"/>
<neuron id="60833" type="hid" activation="sigmoid"/>
<connection id="60834" src-id="55275" dest-id="60833" weight="-7.000799023598789"/>
<connection id="60835" src-id="60833" dest-id="55510" weight="6.406866916813351"/>
<neuron id="60836" type="hid" activation="sigmoid"/>
<connection id="60837" src-id="56097" dest-id="60836" weight="-0.13683547647588745"/>
<connection id="60838" src-id="60836" dest-id="53089" weight="-12.840990944938717"/>
<neuron id="60839" type="hid" activation="sigmoid"/>
<connection id="60840" src-id="54421" dest-id="60839" weight="-0.847002432029324"/>
<connection id="60841" src-id="60839" dest-id="53869" weight="-3.150313240194509"/>
<connection id="60875" src-id="56097" dest-id="56480" weight="2.033428910321368"/>
<connection id="60979" src-id="52914" dest-id="56480" weight="4.013574522230479"/>
<connection id="60980" src-id="58612" dest-id="59671" weight="1.640006421587414"/>
<connection id="61032" src-id="52953" dest-id="55275" weight="-2.880254098371721"/>
<connection id="61069" src-id="52951" dest-id="54876" weight="5.614420030294153"/>
<connection id="61070" src-id="52936" dest-id="56097" weight="-4.722927776056054"/>
<connection id="61071" src-id="52933" dest-id="54876" weight="-0.8014517019904801"/>
<connection id="61072" src-id="52934" dest-id="57084" weight="-6.688073434871599"/>
<connection id="61073" src-id="58330" dest-id="54145" weight="-0.1446698048391839"/>
<connection id="61074" src-id="52954" dest-id="57084" weight="2.01261734187949"/>
<connection id="61075" src-id="52928" dest-id="58615" weight="8.29075198747552"/>
<connection id="61077" src-id="52938" dest-id="56480" weight="-3.733028068885848"/>
<connection id="61078" src-id="52952" dest-id="56816" weight="-3.829064080752514"/>
<connection id="61079" src-id="52952" dest-id="53518" weight="-0.20054645983701302"/>
<connection id="61080" src-id="52951" dest-id="58105" weight="0.5342901255706463"/>
<connection id="61083" src-id="54885" dest-id="60008" weight="-2.095796935494463"/>
<connection id="61084" src-id="60839" dest-id="57562" weight="-2.3024306453778274"/>
<connection id="61085" src-id="52940" dest-id="56816" weight="4.378055593312678"/>
<connection id="61120" src-id="52914" dest-id="56572" weight="-0.7421753499139583"/>
<neuron id="61258" type="hid" activation="sigmoid"/>
<connection id="61259" src-id="57084" dest-id="61258" weight="-9.560986202293616"/>
<connection id="61260" src-id="61258" dest-id="57562" weight="3.0795296224818416"/>
<connection id="61296" src-id="52953" dest-id="56483" weight="-2.3291029955038436"/>
<connection id="61339" src-id="53518" dest-id="60008" weight="2.0512845888486613"/>
<connection id="61397" src-id="57084" dest-id="59671" weight="2.6781757231880468"/>
<connection id="61438" src-id="52944" dest-id="59674" weight="8.551729174253028"/>
<connection id="61516" src-id="60839" dest-id="53133" weight="8.22912761536764"/>
<connection id="61527" src-id="60839" dest-id="55510" weight="0.3822533369004293"/>
<connection id="61529" src-id="52951" dest-id="56816" weight="5.677938893618229"/>
<connection id="61531" src-id="56106" dest-id="60836" weight="4.962497803356333"/>
<connection id="61532" src-id="52953" dest-id="53512" weight="-0.5883309983604654"/>
<connection id="61533" src-id="56572" dest-id="56097" weight="1.5201884076608312"/>
<connection id="61536" src-id="52914" dest-id="60008" weight="4.485780676187484"/>
<connection id="61539" src-id="53857" dest-id="56106" weight="9.70001108067563"/>
<connection id="61540" src-id="55969" dest-id="53518" weight="-9.355060082471692"/>
<connection id="61541" src-id="58615" dest-id="53857" weight="-2.1663362091639544"/>
<connection id="61542" src-id="54145" dest-id="56575" weight="6.677043401405091"/>
<connection id="61543" src-id="52916" dest-id="54876" weight="0.4804954927842595"/>
<connection id="61545" src-id="52933" dest-id="60836" weight="1.3169189993224055"/>
<connection id="61546" src-id="52922" dest-id="55667" weight="5.375997337534119"/>
<connection id="61552" src-id="60836" dest-id="60833" weight="8.14198309122067"/>
<connection id="61553" src-id="57084" dest-id="55829" weight="3.9130338968474474"/>
<neuron id="61769" type="hid" activation="sigmoid"/>
<connection id="61770" src-id="54145" dest-id="61769" weight="-0.09361038288308055"/>
<connection id="61771" src-id="61769" dest-id="57889" weight="5.90337633200253"/>
<connection id="61944" src-id="57084" dest-id="56483" weight="5.935529579701224"/>
<connection id="61945" src-id="52925" dest-id="56816" weight="-6.484747942279907"/>
<connection id="61947" src-id="58330" dest-id="56106" weight="1.7853876206375614"/>
<connection id="61948" src-id="61769" dest-id="55275" weight="2.719733966399407"/>
<connection id="61949" src-id="57889" dest-id="59286" weight="-0.4124934673309326"/>
<connection id="61950" src-id="52919" dest-id="60011" weight="1.5930589000656918"/>
<connection id="61951" src-id="52917" dest-id="61258" weight="-3.887396422763466"/>
<connection id="61952" src-id="55275" dest-id="60008" weight="-2.4403749597061255"/>
<connection id="61953" src-id="61769" dest-id="55510" weight="-1.9320171149654555"/>
<connection id="61955" src-id="60839" dest-id="55969" weight="-2.5175056706220937"/>
<connection id="61957" src-id="54876" dest-id="55510" weight="-1.5408194803023043"/>
<connection id="61958" src-id="52925" dest-id="55829" weight="0.4903625057768439"/>
<connection id="61960" src-id="57084" dest-id="53512" weight="-2.928917411096256"/>
<connection id="61961" src-id="56816" dest-id="60008" weight="-0.40172724485656497"/>
<connection id="61962" src-id="52916" dest-id="56106" weight="-2.0346521390705217"/>
<connection id="61966" src-id="52934" dest-id="55275" weight="-0.49015920241456223"/>
<connection id="61967" src-id="52951" dest-id="60839" weight="-5.508887530120003"/>
<connection id="61968" src-id="54876" dest-id="60011" weight="1.1405866003678573"/>
<connection id="61969" src-id="55969" dest-id="61258" weight="-0.2881377883053912"/>
<connection id="61985" src-id="60011" dest-id="53045" weight="5.185709271066169"/>
<connection id="62169" src-id="57231" dest-id="56097" weight="-3.0789126207343527"/>
<neuron id="62265" type="hid" activation="sigmoid"/>
<connection id="62266" src-id="53001" dest-id="62265" weight="-5.889508142896809"/>
<connection id="62267" src-id="62265" dest-id="52957" weight="2.13197316687596"/>
<neuron id="62268" type="hid" activation="sigmoid"/>
<connection id="62269" src-id="53857" dest-id="62268" weight="1.4761492337705957"/>
<connection id="62270" src-id="62268" dest-id="58612" weight="8.911147552910027"/>
<neuron id="62271" type="hid" activation="sigmoid"/>
<connection id="62272" src-id="55281" dest-id="62271" weight="4.91192464977605"/>
<connection id="62273" src-id="62271" dest-id="57562" weight="1.142578863755373"/>
<connection id="62402" src-id="52951" dest-id="59674" weight="0.6179668085429466"/>
<connection id="62530" src-id="52937" dest-id="57084" weight="0.5747007131576538"/>
<connection id="62721" src-id="53857" dest-id="60008" weight="-1.412901433198338"/>
<connection id="62723" src-id="52923" dest-id="56575" weight="0.24562084674835205"/>
<connection id="62724" src-id="58612" dest-id="60008" weight="-1.8802587206212462"/>
<connection id="62725" src-id="60836" dest-id="55275" weight="-2.729972917262812"/>
<connection id="62727" src-id="56106" dest-id="52956" weight="0.8484697341918945"/>
<connection id="62729" src-id="57889" dest-id="58105" weight="3.8030186031181756"/>
<connection id="62730" src-id="52945" dest-id="60836" weight="1.3118165159064639"/>
<connection id="62732" src-id="52954" dest-id="57562" weight="3.765613314741611"/>
<connection id="62733" src-id="57703" dest-id="60839" weight="0.7256443003117423"/>
<connection id="62735" src-id="62265" dest-id="62271" weight="-1.8696036967795315"/>
<connection id="62738" src-id="56483" dest-id="58612" weight="-0.8960949182510376"/>
<connection id="62740" src-id="54876" dest-id="53518" weight="3.1001974301499793"/>
<connection id="62742" src-id="52940" dest-id="60833" weight="1.9572650340656246"/>
<connection id="62744" src-id="57084" dest-id="56106" weight="-2.5437539062920917"/>
<neuron id="62866" type="hid" activation="sigmoid"/>
<connection id="62867" src-id="52940" dest-id="62866" weight="1.0"/>
<connection id="62868" src-id="62866" dest-id="53133" weight="2.938263914553464"/>
<neuron id="62869" type="hid" activation="sigmoid"/>
<connection id="62870" src-id="52943" dest-id="62869" weight="5.01803145397798"/>
<connection id="62871" src-id="62869" dest-id="58612" weight="2.6394761343080013"/>
</chromosome>