<chromosome id="51159" primary-parent-id="50599"><neuron id="46664" type="in" activation="linear"/>
<neuron id="46665" type="in" activation="linear"/>
<neuron id="46666" type="in" activation="linear"/>
<neuron id="46667" type="in" activation="linear"/>
<neuron id="46668" type="in" activation="linear"/>
<neuron id="46669" type="in" activation="linear"/>
<neuron id="46670" type="in" activation="linear"/>
<neuron id="46671" type="in" activation="linear"/>
<neuron id="46672" type="in" activation="linear"/>
<neuron id="46673" type="in" activation="linear"/>
<neuron id="46674" type="in" activation="linear"/>
<neuron id="46675" type="in" activation="linear"/>
<neuron id="46676" type="in" activation="linear"/>
<neuron id="46677" type="in" activation="linear"/>
<neuron id="46678" type="in" activation="linear"/>
<neuron id="46679" type="in" activation="linear"/>
<neuron id="46680" type="in" activation="linear"/>
<neuron id="46681" type="in" activation="linear"/>
<neuron id="46682" type="in" activation="linear"/>
<neuron id="46683" type="in" activation="linear"/>
<neuron id="46684" type="in" activation="linear"/>
<neuron id="46685" type="in" activation="linear"/>
<neuron id="46686" type="in" activation="linear"/>
<neuron id="46687" type="in" activation="linear"/>
<neuron id="46688" type="in" activation="linear"/>
<neuron id="46689" type="in" activation="linear"/>
<neuron id="46690" type="in" activation="linear"/>
<neuron id="46691" type="in" activation="linear"/>
<neuron id="46692" type="in" activation="linear"/>
<neuron id="46693" type="in" activation="linear"/>
<neuron id="46694" type="in" activation="linear"/>
<neuron id="46695" type="in" activation="linear"/>
<neuron id="46696" type="in" activation="linear"/>
<neuron id="46697" type="in" activation="linear"/>
<neuron id="46698" type="in" activation="linear"/>
<neuron id="46699" type="in" activation="linear"/>
<neuron id="46700" type="in" activation="linear"/>
<neuron id="46701" type="in" activation="linear"/>
<neuron id="46702" type="in" activation="linear"/>
<neuron id="46703" type="in" activation="linear"/>
<neuron id="46704" type="in" activation="linear"/>
<neuron id="46705" type="in" activation="linear"/>
<neuron id="46706" type="out" activation="linear"/>
<neuron id="46707" type="hid" activation="sigmoid"/>
<connection id="46708" src-id="46664" dest-id="46707" weight="-2.7140446293708247"/>
<connection id="46709" src-id="46665" dest-id="46707" weight="10.031040904700776"/>
<connection id="46710" src-id="46666" dest-id="46707" weight="7.116749072254118"/>
<connection id="46712" src-id="46668" dest-id="46707" weight="-12.467408195858614"/>
<connection id="46713" src-id="46669" dest-id="46707" weight="-7.34674728660667"/>
<connection id="46714" src-id="46670" dest-id="46707" weight="10.472214121703656"/>
<connection id="46715" src-id="46671" dest-id="46707" weight="21.819723156193497"/>
<connection id="46717" src-id="46673" dest-id="46707" weight="10.461449816529122"/>
<connection id="46719" src-id="46675" dest-id="46707" weight="0.2028300936881653"/>
<connection id="46721" src-id="46677" dest-id="46707" weight="-6.6022411041561675"/>
<connection id="46722" src-id="46678" dest-id="46707" weight="6.084937656387922"/>
<connection id="46723" src-id="46679" dest-id="46707" weight="9.750958909068572"/>
<connection id="46724" src-id="46680" dest-id="46707" weight="-6.6514245748141345"/>
<connection id="46725" src-id="46681" dest-id="46707" weight="4.346678028818749"/>
<connection id="46727" src-id="46683" dest-id="46707" weight="-9.206956697044394"/>
<connection id="46728" src-id="46684" dest-id="46707" weight="-1.473895714291836"/>
<connection id="46729" src-id="46685" dest-id="46707" weight="4.1191792276536"/>
<connection id="46731" src-id="46687" dest-id="46707" weight="-2.7433032049420363"/>
<connection id="46732" src-id="46688" dest-id="46707" weight="0.6169104158219757"/>
<connection id="46733" src-id="46689" dest-id="46707" weight="-6.692464716376239"/>
<connection id="46734" src-id="46690" dest-id="46707" weight="-6.5046979148562265"/>
<connection id="46736" src-id="46692" dest-id="46707" weight="5.801946772954398"/>
<connection id="46737" src-id="46693" dest-id="46707" weight="5.555181523035591"/>
<connection id="46738" src-id="46694" dest-id="46707" weight="4.63550731234021"/>
<connection id="46739" src-id="46695" dest-id="46707" weight="2.618438583098965"/>
<connection id="46740" src-id="46696" dest-id="46707" weight="-12.507311923883197"/>
<connection id="46741" src-id="46697" dest-id="46707" weight="9.887150291049442"/>
<connection id="46742" src-id="46698" dest-id="46707" weight="-1.581163140566383"/>
<connection id="46744" src-id="46700" dest-id="46707" weight="-2.705846429026072"/>
<connection id="46745" src-id="46701" dest-id="46707" weight="7.8820708295716555"/>
<connection id="46746" src-id="46702" dest-id="46707" weight="17.066364801716823"/>
<connection id="46748" src-id="46704" dest-id="46707" weight="15.67490720768465"/>
<connection id="46749" src-id="46705" dest-id="46707" weight="-2.1259861362116292"/>
<neuron id="46751" type="hid" activation="sigmoid"/>
<connection id="46752" src-id="46664" dest-id="46751" weight="-4.078766104285281"/>
<connection id="46753" src-id="46665" dest-id="46751" weight="0.30131206914215336"/>
<connection id="46755" src-id="46667" dest-id="46751" weight="14.364938054658145"/>
<connection id="46756" src-id="46668" dest-id="46751" weight="4.173220911688501"/>
<connection id="46758" src-id="46670" dest-id="46751" weight="16.513799112992906"/>
<connection id="46759" src-id="46671" dest-id="46751" weight="-16.94537698955673"/>
<connection id="46760" src-id="46672" dest-id="46751" weight="7.156092162189141"/>
<connection id="46761" src-id="46673" dest-id="46751" weight="-5.640773960275138"/>
<connection id="46763" src-id="46675" dest-id="46751" weight="-12.793636844480151"/>
<connection id="46764" src-id="46676" dest-id="46751" weight="5.134167020192269"/>
<connection id="46765" src-id="46677" dest-id="46751" weight="12.384612042634224"/>
<connection id="46767" src-id="46679" dest-id="46751" weight="10.783964477149167"/>
<connection id="46770" src-id="46682" dest-id="46751" weight="0.7441498804935867"/>
<connection id="46771" src-id="46683" dest-id="46751" weight="-5.962425004177266"/>
<connection id="46772" src-id="46684" dest-id="46751" weight="-4.510335167792351"/>
<connection id="46773" src-id="46685" dest-id="46751" weight="-10.366627234793437"/>
<connection id="46774" src-id="46686" dest-id="46751" weight="-14.41550594633272"/>
<connection id="46775" src-id="46687" dest-id="46751" weight="3.120402922149841"/>
<connection id="46776" src-id="46688" dest-id="46751" weight="0.7285784895676108"/>
<connection id="46777" src-id="46689" dest-id="46751" weight="1.1249834157392316"/>
<connection id="46778" src-id="46690" dest-id="46751" weight="-12.188159518146142"/>
<connection id="46779" src-id="46691" dest-id="46751" weight="5.31835531156262"/>
<connection id="46780" src-id="46692" dest-id="46751" weight="-12.107597424235008"/>
<connection id="46781" src-id="46693" dest-id="46751" weight="-2.8506684526349892"/>
<connection id="46782" src-id="46694" dest-id="46751" weight="3.5119619168153764"/>
<connection id="46783" src-id="46695" dest-id="46751" weight="11.021473716257761"/>
<connection id="46786" src-id="46698" dest-id="46751" weight="1.873670693468061"/>
<connection id="46787" src-id="46699" dest-id="46751" weight="-7.3119511046979415"/>
<connection id="46788" src-id="46700" dest-id="46751" weight="-1.5166523194385837"/>
<connection id="46789" src-id="46701" dest-id="46751" weight="-5.07874269515042"/>
<connection id="46790" src-id="46702" dest-id="46751" weight="10.823187402690326"/>
<connection id="46792" src-id="46704" dest-id="46751" weight="9.723354510913556"/>
<connection id="46793" src-id="46705" dest-id="46751" weight="-0.5982968064326493"/>
<connection id="46794" src-id="46751" dest-id="46706" weight="1.2685934572434543"/>
<neuron id="46795" type="hid" activation="sigmoid"/>
<connection id="46796" src-id="46664" dest-id="46795" weight="5.021469599822871"/>
<connection id="46797" src-id="46665" dest-id="46795" weight="-7.816510991969512"/>
<connection id="46798" src-id="46666" dest-id="46795" weight="2.3617570825490954"/>
<connection id="46799" src-id="46667" dest-id="46795" weight="-10.553788475468366"/>
<connection id="46800" src-id="46668" dest-id="46795" weight="-2.900887979713036"/>
<connection id="46801" src-id="46669" dest-id="46795" weight="10.293748972534456"/>
<connection id="46802" src-id="46670" dest-id="46795" weight="-1.7894758150963892"/>
<connection id="46803" src-id="46671" dest-id="46795" weight="-12.238881957754735"/>
<connection id="46804" src-id="46672" dest-id="46795" weight="13.188765799572947"/>
<connection id="46805" src-id="46673" dest-id="46795" weight="8.566158282299941"/>
<connection id="46807" src-id="46675" dest-id="46795" weight="2.3508696586083224"/>
<connection id="46808" src-id="46676" dest-id="46795" weight="-3.388433001603235"/>
<connection id="46810" src-id="46678" dest-id="46795" weight="-1.3165565590200128"/>
<connection id="46811" src-id="46679" dest-id="46795" weight="4.075896321055561"/>
<connection id="46812" src-id="46680" dest-id="46795" weight="-8.800886271713141"/>
<connection id="46813" src-id="46681" dest-id="46795" weight="-9.538653966978615"/>
<connection id="46814" src-id="46682" dest-id="46795" weight="-10.054766607327032"/>
<connection id="46816" src-id="46684" dest-id="46795" weight="16.800395975527337"/>
<connection id="46817" src-id="46685" dest-id="46795" weight="5.159100096857473"/>
<connection id="46819" src-id="46687" dest-id="46795" weight="6.0951537711142265"/>
<connection id="46820" src-id="46688" dest-id="46795" weight="3.537562356737098"/>
<connection id="46821" src-id="46689" dest-id="46795" weight="-1.820212891519121"/>
<connection id="46822" src-id="46690" dest-id="46795" weight="4.496234270872703"/>
<connection id="46823" src-id="46691" dest-id="46795" weight="-8.131973846555335"/>
<connection id="46825" src-id="46693" dest-id="46795" weight="1.4115340851440001"/>
<connection id="46826" src-id="46694" dest-id="46795" weight="2.2933212430557655"/>
<connection id="46827" src-id="46695" dest-id="46795" weight="-8.659120377063887"/>
<connection id="46828" src-id="46696" dest-id="46795" weight="-6.991278677421366"/>
<connection id="46829" src-id="46697" dest-id="46795" weight="4.872535184941285"/>
<connection id="46830" src-id="46698" dest-id="46795" weight="-9.327214500363812"/>
<connection id="46831" src-id="46699" dest-id="46795" weight="9.661566798824234"/>
<connection id="46832" src-id="46700" dest-id="46795" weight="13.382290227853378"/>
<connection id="46833" src-id="46701" dest-id="46795" weight="8.761647237205581"/>
<connection id="46834" src-id="46702" dest-id="46795" weight="-13.35440791271995"/>
<connection id="46835" src-id="46703" dest-id="46795" weight="7.782789406229"/>
<connection id="46836" src-id="46704" dest-id="46795" weight="-3.7758620594735537"/>
<connection id="46837" src-id="46705" dest-id="46795" weight="-1.1988384257813332"/>
<connection id="46838" src-id="46795" dest-id="46706" weight="-2.6967682132929185"/>
<neuron id="46883" type="hid" activation="sigmoid"/>
<connection id="46884" src-id="46664" dest-id="46883" weight="7.4139777683188415"/>
<connection id="46885" src-id="46665" dest-id="46883" weight="-7.879096751912011"/>
<connection id="46886" src-id="46666" dest-id="46883" weight="1.0807526792167232"/>
<connection id="46887" src-id="46667" dest-id="46883" weight="-11.564794706776915"/>
<connection id="46889" src-id="46669" dest-id="46883" weight="0.5844896413665155"/>
<connection id="46890" src-id="46670" dest-id="46883" weight="-2.151141705506223"/>
<connection id="46891" src-id="46671" dest-id="46883" weight="-6.755865313155281"/>
<connection id="46892" src-id="46672" dest-id="46883" weight="15.419943821990008"/>
<connection id="46893" src-id="46673" dest-id="46883" weight="0.2035199118046246"/>
<connection id="46894" src-id="46674" dest-id="46883" weight="6.346257506908421"/>
<connection id="46895" src-id="46675" dest-id="46883" weight="-10.78839469555953"/>
<connection id="46897" src-id="46677" dest-id="46883" weight="-13.954337599418874"/>
<connection id="46898" src-id="46678" dest-id="46883" weight="-8.919555227962832"/>
<connection id="46899" src-id="46679" dest-id="46883" weight="-4.534177282944272"/>
<connection id="46900" src-id="46680" dest-id="46883" weight="-4.9871673448219855"/>
<connection id="46901" src-id="46681" dest-id="46883" weight="-9.542202899955655"/>
<connection id="46902" src-id="46682" dest-id="46883" weight="-4.363873802501367"/>
<connection id="46906" src-id="46686" dest-id="46883" weight="-0.2919129357171659"/>
<connection id="46908" src-id="46688" dest-id="46883" weight="2.509443395823398"/>
<connection id="46909" src-id="46689" dest-id="46883" weight="3.4832522707351146"/>
<connection id="46910" src-id="46690" dest-id="46883" weight="4.050917842288984"/>
<connection id="46911" src-id="46691" dest-id="46883" weight="0.250748059562917"/>
<connection id="46912" src-id="46692" dest-id="46883" weight="-1.7193631137403729"/>
<connection id="46913" src-id="46693" dest-id="46883" weight="-7.0663168498910345"/>
<connection id="46914" src-id="46694" dest-id="46883" weight="-0.29446654347707124"/>
<connection id="46917" src-id="46697" dest-id="46883" weight="1.8925788052804329"/>
<connection id="46918" src-id="46698" dest-id="46883" weight="-0.32491191834783373"/>
<connection id="46919" src-id="46699" dest-id="46883" weight="-2.8175813789245945"/>
<connection id="46920" src-id="46700" dest-id="46883" weight="8.368067477170133"/>
<connection id="46921" src-id="46701" dest-id="46883" weight="-3.9502278024566566"/>
<connection id="46922" src-id="46702" dest-id="46883" weight="-3.758839186666231"/>
<connection id="46923" src-id="46703" dest-id="46883" weight="-2.6075742269856734"/>
<connection id="46924" src-id="46704" dest-id="46883" weight="-11.926914419937537"/>
<connection id="46925" src-id="46705" dest-id="46883" weight="-19.22436760569595"/>
<connection id="46926" src-id="46883" dest-id="46706" weight="-16.565252005648908"/>
<connection id="47147" src-id="46674" dest-id="46706" weight="4.988943755220641"/>
<connection id="47245" src-id="46700" dest-id="46706" weight="3.658163183423568"/>
<neuron id="47329" type="hid" activation="sigmoid"/>
<connection id="47330" src-id="46685" dest-id="47329" weight="8.62684913878602"/>
<connection id="47331" src-id="47329" dest-id="46883" weight="-1.390153364665644"/>
<connection id="47393" src-id="46795" dest-id="46883" weight="-1.4495170223693146"/>
<connection id="47408" src-id="46696" dest-id="47329" weight="-8.246457499472042"/>
<connection id="47611" src-id="46672" dest-id="46706" weight="8.56700200337081"/>
<neuron id="47649" type="hid" activation="sigmoid"/>
<connection id="47650" src-id="46703" dest-id="47649" weight="0.4656616834305498"/>
<connection id="47651" src-id="47649" dest-id="46707" weight="-16.011947713266824"/>
<connection id="47914" src-id="46705" dest-id="46706" weight="0.37234632874018014"/>
<neuron id="47926" type="hid" activation="sigmoid"/>
<connection id="47927" src-id="46674" dest-id="47926" weight="-1.1174344563072398"/>
<connection id="47928" src-id="47926" dest-id="46751" weight="5.457635152398895"/>
<connection id="48005" src-id="46686" dest-id="47329" weight="-4.4796020592870205"/>
<connection id="48011" src-id="46687" dest-id="46706" weight="4.123357602815582"/>
<connection id="48012" src-id="46672" dest-id="47329" weight="-5.937028602765949"/>
<neuron id="48202" type="hid" activation="sigmoid"/>
<connection id="48203" src-id="46666" dest-id="48202" weight="-7.219173324526869"/>
<connection id="48204" src-id="48202" dest-id="46751" weight="7.404096325282956"/>
<neuron id="48205" type="hid" activation="sigmoid"/>
<connection id="48206" src-id="46678" dest-id="48205" weight="4.67298734220035"/>
<connection id="48207" src-id="48205" dest-id="46751" weight="-0.45107429781638"/>
<neuron id="48229" type="hid" activation="sigmoid"/>
<connection id="48230" src-id="46676" dest-id="48229" weight="-2.7013080359870454"/>
<connection id="48231" src-id="48229" dest-id="46707" weight="-2.320998144923318"/>
<connection id="48406" src-id="47329" dest-id="48202" weight="-6.5934428799892135"/>
<neuron id="48456" type="hid" activation="sigmoid"/>
<connection id="48457" src-id="46686" dest-id="48456" weight="1.2245457695165571"/>
<connection id="48458" src-id="48456" dest-id="46707" weight="1.9941384483077305"/>
<neuron id="48477" type="hid" activation="sigmoid"/>
<connection id="48478" src-id="46695" dest-id="48477" weight="-1.8399190977494855"/>
<connection id="48479" src-id="48477" dest-id="46883" weight="4.64084578709039"/>
<connection id="48644" src-id="46682" dest-id="48202" weight="6.1803837765422625"/>
<connection id="48650" src-id="48202" dest-id="48205" weight="11.96085911493055"/>
<connection id="48749" src-id="46681" dest-id="46706" weight="1.4583781093709947"/>
<connection id="48790" src-id="46694" dest-id="48205" weight="-9.752964664995917"/>
<connection id="48794" src-id="46695" dest-id="48205" weight="-8.657832042455375"/>
<neuron id="49134" type="hid" activation="sigmoid"/>
<connection id="49135" src-id="46699" dest-id="49134" weight="-9.01768028418449"/>
<connection id="49136" src-id="49134" dest-id="46707" weight="20.178674064040052"/>
<neuron id="49161" type="hid" activation="sigmoid"/>
<connection id="49162" src-id="46683" dest-id="49161" weight="-3.313321520928052"/>
<connection id="49163" src-id="49161" dest-id="46795" weight="3.7929825417999696"/>
<connection id="49334" src-id="46666" dest-id="47329" weight="0.8551171893500392"/>
<connection id="49509" src-id="46700" dest-id="47926" weight="-2.951506733262865"/>
<connection id="49749" src-id="46703" dest-id="48202" weight="-0.6606896979078671"/>
<connection id="49777" src-id="46667" dest-id="47926" weight="2.253001209938957"/>
<neuron id="49845" type="hid" activation="sigmoid"/>
<connection id="49846" src-id="46696" dest-id="49845" weight="-0.2996424596443683"/>
<connection id="49847" src-id="49845" dest-id="46883" weight="2.437884529322948"/>
<neuron id="49857" type="hid" activation="sigmoid"/>
<connection id="49858" src-id="46707" dest-id="49857" weight="4.981045828349073"/>
<connection id="49859" src-id="49857" dest-id="46706" weight="4.133343707889496"/>
<connection id="49925" src-id="46673" dest-id="47649" weight="-3.7845900351254382"/>
<connection id="49928" src-id="47329" dest-id="48477" weight="-8.399610928115079"/>
<connection id="49933" src-id="46687" dest-id="47649" weight="5.174721820077956"/>
<neuron id="50008" type="hid" activation="sigmoid"/>
<connection id="50009" src-id="46702" dest-id="50008" weight="9.526697686182677"/>
<connection id="50010" src-id="50008" dest-id="46706" weight="1.099697995389505"/>
<neuron id="50011" type="hid" activation="sigmoid"/>
<connection id="50012" src-id="46677" dest-id="50011" weight="-5.939936620084615"/>
<connection id="50013" src-id="50011" dest-id="46795" weight="3.6126664768049386"/>
<connection id="50063" src-id="46677" dest-id="48477" weight="-2.872343655280202"/>
<connection id="50169" src-id="46680" dest-id="48205" weight="-2.329534454228836"/>
<connection id="50191" src-id="47329" dest-id="49845" weight="2.5437848049071405"/>
<connection id="50192" src-id="49857" dest-id="47926" weight="1.8823913513935882"/>
<connection id="50193" src-id="46883" dest-id="46751" weight="7.765597260649585"/>
<connection id="50194" src-id="46703" dest-id="47329" weight="5.384370023098841"/>
<connection id="50196" src-id="46701" dest-id="47329" weight="0.6365083584680049"/>
<connection id="50197" src-id="46795" dest-id="50008" weight="2.963614064134286"/>
<connection id="50199" src-id="46684" dest-id="49845" weight="5.42771702362206"/>
<connection id="50307" src-id="46689" dest-id="48477" weight="0.7884542942047119"/>
<connection id="50335" src-id="46673" dest-id="48229" weight="-1.352898323481487"/>
<connection id="50469" src-id="46707" dest-id="47926" weight="3.27502670421682"/>
<connection id="50472" src-id="46675" dest-id="49161" weight="2.9220934328419763"/>
<connection id="50924" src-id="46678" dest-id="50008" weight="0.37139177322387695"/>
<connection id="51075" src-id="46702" dest-id="47649" weight="0.8606540595467398"/>
<connection id="51078" src-id="46697" dest-id="48202" weight="-0.48949704169205405"/>
<connection id="51079" src-id="49134" dest-id="49857" weight="-0.3522230386734009"/>
<connection id="51080" src-id="46688" dest-id="50011" weight="4.080661968689457"/>
<connection id="51081" src-id="46688" dest-id="49161" weight="0.9378620241425097"/>
<connection id="51083" src-id="46883" dest-id="48229" weight="0.2101600170135498"/>
</chromosome>