<chromosome id="46280" primary-parent-id="46129"><neuron id="44459" type="in" activation="linear"/>
<neuron id="44460" type="in" activation="linear"/>
<neuron id="44461" type="in" activation="linear"/>
<neuron id="44462" type="in" activation="linear"/>
<neuron id="44463" type="in" activation="linear"/>
<neuron id="44464" type="in" activation="linear"/>
<neuron id="44465" type="in" activation="linear"/>
<neuron id="44466" type="in" activation="linear"/>
<neuron id="44467" type="in" activation="linear"/>
<neuron id="44468" type="in" activation="linear"/>
<neuron id="44469" type="in" activation="linear"/>
<neuron id="44470" type="in" activation="linear"/>
<neuron id="44471" type="in" activation="linear"/>
<neuron id="44472" type="in" activation="linear"/>
<neuron id="44473" type="in" activation="linear"/>
<neuron id="44474" type="in" activation="linear"/>
<neuron id="44475" type="in" activation="linear"/>
<neuron id="44476" type="in" activation="linear"/>
<neuron id="44477" type="in" activation="linear"/>
<neuron id="44478" type="in" activation="linear"/>
<neuron id="44479" type="in" activation="linear"/>
<neuron id="44480" type="in" activation="linear"/>
<neuron id="44481" type="in" activation="linear"/>
<neuron id="44482" type="in" activation="linear"/>
<neuron id="44483" type="in" activation="linear"/>
<neuron id="44484" type="in" activation="linear"/>
<neuron id="44485" type="in" activation="linear"/>
<neuron id="44486" type="in" activation="linear"/>
<neuron id="44487" type="in" activation="linear"/>
<neuron id="44488" type="in" activation="linear"/>
<neuron id="44489" type="in" activation="linear"/>
<neuron id="44490" type="in" activation="linear"/>
<neuron id="44491" type="in" activation="linear"/>
<neuron id="44492" type="in" activation="linear"/>
<neuron id="44493" type="in" activation="linear"/>
<neuron id="44494" type="in" activation="linear"/>
<neuron id="44495" type="in" activation="linear"/>
<neuron id="44496" type="in" activation="linear"/>
<neuron id="44497" type="in" activation="linear"/>
<neuron id="44498" type="in" activation="linear"/>
<neuron id="44499" type="in" activation="linear"/>
<neuron id="44500" type="in" activation="linear"/>
<neuron id="44501" type="out" activation="linear"/>
<neuron id="44502" type="hid" activation="sigmoid"/>
<connection id="44503" src-id="44459" dest-id="44502" weight="2.435030219169834"/>
<connection id="44504" src-id="44460" dest-id="44502" weight="-5.9626373694757"/>
<connection id="44505" src-id="44461" dest-id="44502" weight="-3.696697908274761"/>
<connection id="44506" src-id="44462" dest-id="44502" weight="1.1705897849091116"/>
<connection id="44507" src-id="44463" dest-id="44502" weight="4.629024458548093"/>
<connection id="44508" src-id="44464" dest-id="44502" weight="-17.437058712081694"/>
<connection id="44509" src-id="44465" dest-id="44502" weight="0.7146624644800661"/>
<connection id="44510" src-id="44466" dest-id="44502" weight="0.6893613203844637"/>
<connection id="44511" src-id="44467" dest-id="44502" weight="-2.697908402057661"/>
<connection id="44512" src-id="44468" dest-id="44502" weight="5.862180001578837"/>
<connection id="44513" src-id="44469" dest-id="44502" weight="-6.225763926954372"/>
<connection id="44514" src-id="44470" dest-id="44502" weight="2.96660230924618"/>
<connection id="44516" src-id="44472" dest-id="44502" weight="-0.6920488502942921"/>
<connection id="44517" src-id="44473" dest-id="44502" weight="-8.100171009012096"/>
<connection id="44518" src-id="44474" dest-id="44502" weight="6.478555336310662"/>
<connection id="44519" src-id="44475" dest-id="44502" weight="6.550534438886157"/>
<connection id="44520" src-id="44476" dest-id="44502" weight="7.498398441126183"/>
<connection id="44521" src-id="44477" dest-id="44502" weight="13.155444025590208"/>
<connection id="44522" src-id="44478" dest-id="44502" weight="-6.218872563416818"/>
<connection id="44523" src-id="44479" dest-id="44502" weight="3.3224403261922903"/>
<connection id="44524" src-id="44480" dest-id="44502" weight="2.1065836340237847"/>
<connection id="44525" src-id="44481" dest-id="44502" weight="-0.30722003468744963"/>
<connection id="44526" src-id="44482" dest-id="44502" weight="6.292779778050651"/>
<connection id="44527" src-id="44483" dest-id="44502" weight="0.5800455077670212"/>
<connection id="44528" src-id="44484" dest-id="44502" weight="5.544338370076419"/>
<connection id="44529" src-id="44485" dest-id="44502" weight="-3.9856778869539364"/>
<connection id="44530" src-id="44486" dest-id="44502" weight="3.472601229411533"/>
<connection id="44532" src-id="44488" dest-id="44502" weight="8.911111189593402"/>
<connection id="44533" src-id="44489" dest-id="44502" weight="-2.746233353729245"/>
<connection id="44534" src-id="44490" dest-id="44502" weight="-1.8287804991049779"/>
<connection id="44535" src-id="44491" dest-id="44502" weight="-3.036312178178007"/>
<connection id="44536" src-id="44492" dest-id="44502" weight="10.188827395797745"/>
<connection id="44537" src-id="44493" dest-id="44502" weight="-9.16522161780798"/>
<connection id="44538" src-id="44494" dest-id="44502" weight="-1.0424255965795735"/>
<connection id="44539" src-id="44495" dest-id="44502" weight="-5.422055291545239"/>
<connection id="44540" src-id="44496" dest-id="44502" weight="3.189289744222175"/>
<connection id="44541" src-id="44497" dest-id="44502" weight="0.9113210144707891"/>
<connection id="44542" src-id="44498" dest-id="44502" weight="-1.7253085660156664"/>
<connection id="44543" src-id="44499" dest-id="44502" weight="0.6518289099082577"/>
<connection id="44544" src-id="44500" dest-id="44502" weight="2.169701735200939"/>
<connection id="44545" src-id="44502" dest-id="44501" weight="-7.074386607451425"/>
<neuron id="44590" type="hid" activation="sigmoid"/>
<connection id="44591" src-id="44459" dest-id="44590" weight="-2.5167862230821623"/>
<connection id="44592" src-id="44460" dest-id="44590" weight="-6.365765053879078"/>
<connection id="44593" src-id="44461" dest-id="44590" weight="14.083391802163835"/>
<connection id="44594" src-id="44462" dest-id="44590" weight="2.776883452479336"/>
<connection id="44595" src-id="44463" dest-id="44590" weight="3.7819780861205667"/>
<connection id="44596" src-id="44464" dest-id="44590" weight="-8.348042947027558"/>
<connection id="44597" src-id="44465" dest-id="44590" weight="-4.501827719880152"/>
<connection id="44599" src-id="44467" dest-id="44590" weight="1.2545895035102976"/>
<connection id="44600" src-id="44468" dest-id="44590" weight="-0.14249337762263714"/>
<connection id="44601" src-id="44469" dest-id="44590" weight="2.464029723575692"/>
<connection id="44602" src-id="44470" dest-id="44590" weight="0.49981321600916795"/>
<connection id="44603" src-id="44471" dest-id="44590" weight="-2.3446310253598543"/>
<connection id="44604" src-id="44472" dest-id="44590" weight="-5.726509175524817"/>
<connection id="44605" src-id="44473" dest-id="44590" weight="-5.703163167251513"/>
<connection id="44607" src-id="44475" dest-id="44590" weight="10.561184631935129"/>
<connection id="44608" src-id="44476" dest-id="44590" weight="-1.7354911881980337"/>
<connection id="44609" src-id="44477" dest-id="44590" weight="1.8735389107845646"/>
<connection id="44610" src-id="44478" dest-id="44590" weight="3.5070644337731243"/>
<connection id="44612" src-id="44480" dest-id="44590" weight="9.296852305548263"/>
<connection id="44613" src-id="44481" dest-id="44590" weight="-10.35460470585761"/>
<connection id="44614" src-id="44482" dest-id="44590" weight="0.16406872641231007"/>
<connection id="44615" src-id="44483" dest-id="44590" weight="1.7025860984211132"/>
<connection id="44616" src-id="44484" dest-id="44590" weight="12.817422391820958"/>
<connection id="44617" src-id="44485" dest-id="44590" weight="4.0058643492608725"/>
<connection id="44618" src-id="44486" dest-id="44590" weight="-10.131685622271874"/>
<connection id="44619" src-id="44487" dest-id="44590" weight="-0.6904883963427206"/>
<connection id="44620" src-id="44488" dest-id="44590" weight="-6.357698685277514"/>
<connection id="44621" src-id="44489" dest-id="44590" weight="-11.04418103780357"/>
<connection id="44622" src-id="44490" dest-id="44590" weight="3.8138585189710965"/>
<connection id="44623" src-id="44491" dest-id="44590" weight="6.9463521414177265"/>
<connection id="44624" src-id="44492" dest-id="44590" weight="4.799098583941114"/>
<connection id="44625" src-id="44493" dest-id="44590" weight="2.7812113194659362"/>
<connection id="44626" src-id="44494" dest-id="44590" weight="6.676661063971655"/>
<connection id="44627" src-id="44495" dest-id="44590" weight="-9.189762700770629"/>
<connection id="44628" src-id="44496" dest-id="44590" weight="4.833828887941463"/>
<connection id="44629" src-id="44497" dest-id="44590" weight="-0.09785345207686047"/>
<connection id="44630" src-id="44498" dest-id="44590" weight="-6.805596996640378"/>
<connection id="44631" src-id="44499" dest-id="44590" weight="11.037699969296627"/>
<connection id="44632" src-id="44500" dest-id="44590" weight="-1.5055940436079938"/>
<connection id="44633" src-id="44590" dest-id="44501" weight="-3.298930151622546"/>
<neuron id="44634" type="hid" activation="sigmoid"/>
<connection id="44635" src-id="44459" dest-id="44634" weight="-7.949398849560886"/>
<connection id="44636" src-id="44460" dest-id="44634" weight="12.666996127458306"/>
<connection id="44638" src-id="44462" dest-id="44634" weight="-1.2597504961258785"/>
<connection id="44639" src-id="44463" dest-id="44634" weight="2.3864600712732322"/>
<connection id="44640" src-id="44464" dest-id="44634" weight="-1.9211913572232318"/>
<connection id="44641" src-id="44465" dest-id="44634" weight="-0.7789878772810777"/>
<connection id="44642" src-id="44466" dest-id="44634" weight="-4.897342937303131"/>
<connection id="44643" src-id="44467" dest-id="44634" weight="3.4316782774733583"/>
<connection id="44644" src-id="44468" dest-id="44634" weight="-2.113476612008341"/>
<connection id="44645" src-id="44469" dest-id="44634" weight="-2.061105381594219"/>
<connection id="44646" src-id="44470" dest-id="44634" weight="4.900372490615316"/>
<connection id="44647" src-id="44471" dest-id="44634" weight="-5.362685741296035"/>
<connection id="44648" src-id="44472" dest-id="44634" weight="6.248072887719639"/>
<connection id="44649" src-id="44473" dest-id="44634" weight="6.944569117128652"/>
<connection id="44650" src-id="44474" dest-id="44634" weight="4.806034824776569"/>
<connection id="44651" src-id="44475" dest-id="44634" weight="-1.6124731494080757"/>
<connection id="44652" src-id="44476" dest-id="44634" weight="1.1032650008629719"/>
<connection id="44653" src-id="44477" dest-id="44634" weight="7.5880686477951835"/>
<connection id="44654" src-id="44478" dest-id="44634" weight="-13.032075467743578"/>
<connection id="44655" src-id="44479" dest-id="44634" weight="-5.587549849134083"/>
<connection id="44656" src-id="44480" dest-id="44634" weight="0.7786097112568207"/>
<connection id="44657" src-id="44481" dest-id="44634" weight="7.658977418146627"/>
<connection id="44658" src-id="44482" dest-id="44634" weight="1.1858672934574583"/>
<connection id="44659" src-id="44483" dest-id="44634" weight="-7.038532375341762"/>
<connection id="44660" src-id="44484" dest-id="44634" weight="-4.60743283846312"/>
<connection id="44661" src-id="44485" dest-id="44634" weight="-7.995895728168453"/>
<connection id="44662" src-id="44486" dest-id="44634" weight="-3.4454103459941323"/>
<connection id="44663" src-id="44487" dest-id="44634" weight="-7.747359369460038"/>
<connection id="44664" src-id="44488" dest-id="44634" weight="-7.4558212139505295"/>
<connection id="44665" src-id="44489" dest-id="44634" weight="0.7147787898698761"/>
<connection id="44666" src-id="44490" dest-id="44634" weight="-2.392997923398119"/>
<connection id="44667" src-id="44491" dest-id="44634" weight="2.315782066868128"/>
<connection id="44668" src-id="44492" dest-id="44634" weight="1.308482773718165"/>
<connection id="44669" src-id="44493" dest-id="44634" weight="7.333640310460033"/>
<connection id="44670" src-id="44494" dest-id="44634" weight="-2.60468892105538"/>
<connection id="44671" src-id="44495" dest-id="44634" weight="-7.512861477650485"/>
<connection id="44672" src-id="44496" dest-id="44634" weight="2.758389461819747"/>
<connection id="44673" src-id="44497" dest-id="44634" weight="1.3414481515706302"/>
<connection id="44674" src-id="44498" dest-id="44634" weight="13.258272354650142"/>
<connection id="44675" src-id="44499" dest-id="44634" weight="2.241349103233371"/>
<connection id="44676" src-id="44500" dest-id="44634" weight="-5.661371632666953"/>
<connection id="44677" src-id="44634" dest-id="44501" weight="-7.590729617849956"/>
<neuron id="44678" type="hid" activation="sigmoid"/>
<connection id="44681" src-id="44461" dest-id="44678" weight="-7.772514771461875"/>
<connection id="44682" src-id="44462" dest-id="44678" weight="0.1859439346509708"/>
<connection id="44683" src-id="44463" dest-id="44678" weight="-5.184315337995947"/>
<connection id="44684" src-id="44464" dest-id="44678" weight="1.2955710589637357"/>
<connection id="44685" src-id="44465" dest-id="44678" weight="4.13839375665703"/>
<connection id="44686" src-id="44466" dest-id="44678" weight="2.246170867207045"/>
<connection id="44687" src-id="44467" dest-id="44678" weight="-3.0849396144273578"/>
<connection id="44688" src-id="44468" dest-id="44678" weight="-6.294321470318235"/>
<connection id="44689" src-id="44469" dest-id="44678" weight="-0.40217502892855883"/>
<connection id="44690" src-id="44470" dest-id="44678" weight="4.053959809574581"/>
<connection id="44691" src-id="44471" dest-id="44678" weight="-5.5533841849967605"/>
<connection id="44692" src-id="44472" dest-id="44678" weight="-2.128301106673752"/>
<connection id="44694" src-id="44474" dest-id="44678" weight="1.2417627618017617"/>
<connection id="44695" src-id="44475" dest-id="44678" weight="-0.05227240591115234"/>
<connection id="44696" src-id="44476" dest-id="44678" weight="-0.6590451606348227"/>
<connection id="44698" src-id="44478" dest-id="44678" weight="8.616516076880842"/>
<connection id="44700" src-id="44480" dest-id="44678" weight="-8.623174351424897"/>
<connection id="44701" src-id="44481" dest-id="44678" weight="-2.523591788828421"/>
<connection id="44702" src-id="44482" dest-id="44678" weight="-0.33799670924451286"/>
<connection id="44703" src-id="44483" dest-id="44678" weight="-6.476019181698678"/>
<connection id="44704" src-id="44484" dest-id="44678" weight="6.121146278946788"/>
<connection id="44705" src-id="44485" dest-id="44678" weight="-0.09615442548662001"/>
<connection id="44706" src-id="44486" dest-id="44678" weight="2.5452035331966245"/>
<connection id="44708" src-id="44488" dest-id="44678" weight="-12.828559540222638"/>
<connection id="44709" src-id="44489" dest-id="44678" weight="9.23439120426699"/>
<connection id="44710" src-id="44490" dest-id="44678" weight="-1.9008622883667545"/>
<connection id="44711" src-id="44491" dest-id="44678" weight="-7.582165353256544"/>
<connection id="44712" src-id="44492" dest-id="44678" weight="3.5017771431041744"/>
<connection id="44713" src-id="44493" dest-id="44678" weight="-10.866843601762225"/>
<connection id="44714" src-id="44494" dest-id="44678" weight="10.397783069949881"/>
<connection id="44715" src-id="44495" dest-id="44678" weight="-8.459667643465096"/>
<connection id="44718" src-id="44498" dest-id="44678" weight="2.2773784112758833"/>
<connection id="44719" src-id="44499" dest-id="44678" weight="-6.975112717264732"/>
<connection id="44720" src-id="44500" dest-id="44678" weight="-7.2354547417632915"/>
<connection id="44721" src-id="44678" dest-id="44501" weight="-2.877277432355437"/>
<connection id="44878" src-id="44485" dest-id="44501" weight="3.438584572942913"/>
<neuron id="44918" type="hid" activation="sigmoid"/>
<connection id="44919" src-id="44479" dest-id="44918" weight="-4.476275772190238"/>
<connection id="44920" src-id="44918" dest-id="44678" weight="-16.387355828140173"/>
<neuron id="44921" type="hid" activation="sigmoid"/>
<connection id="44923" src-id="44921" dest-id="44502" weight="0.9600932472147343"/>
<neuron id="45102" type="hid" activation="sigmoid"/>
<connection id="45103" src-id="44471" dest-id="45102" weight="1.1426704702076576"/>
<connection id="45104" src-id="45102" dest-id="44502" weight="-2.2026187364527474"/>
<connection id="45241" src-id="44473" dest-id="44921" weight="0.9024858767664901"/>
<connection id="45246" src-id="44478" dest-id="44918" weight="-1.3039713331348488"/>
<neuron id="45289" type="hid" activation="sigmoid"/>
<connection id="45290" src-id="44487" dest-id="45289" weight="5.403364119799771"/>
<connection id="45291" src-id="45289" dest-id="44678" weight="0.8464136043432657"/>
<connection id="45325" src-id="44463" dest-id="44918" weight="-3.4534240649758976"/>
<connection id="45427" src-id="44484" dest-id="44921" weight="-3.7624400689979804"/>
<connection id="45435" src-id="44477" dest-id="44921" weight="4.234475906484963"/>
<connection id="45541" src-id="44491" dest-id="44918" weight="-6.608834661788956"/>
<neuron id="45624" type="hid" activation="sigmoid"/>
<connection id="45625" src-id="44497" dest-id="45624" weight="-0.48190497417457406"/>
<connection id="45626" src-id="45624" dest-id="44678" weight="7.041841683421438"/>
<connection id="45648" src-id="44634" dest-id="44921" weight="0.08102486730269765"/>
<connection id="46031" src-id="44502" dest-id="45289" weight="-0.14821215825196832"/>
<connection id="46032" src-id="44465" dest-id="44918" weight="-1.404380861068229"/>
<connection id="46033" src-id="44486" dest-id="45289" weight="-0.9808112366816706"/>
<connection id="46039" src-id="44918" dest-id="44634" weight="-5.639360489734955"/>
<connection id="46040" src-id="44485" dest-id="44918" weight="-0.5758101861978635"/>
<connection id="46041" src-id="44487" dest-id="45624" weight="-1.3862267651505729"/>
<neuron id="46117" type="hid" activation="sigmoid"/>
<connection id="46118" src-id="44460" dest-id="46117" weight="-3.6195019841769938"/>
<connection id="46119" src-id="46117" dest-id="44501" weight="0.7976300948334938"/>
<connection id="46161" src-id="45624" dest-id="46117" weight="-0.5001973375127184"/>
<neuron id="46256" type="hid" activation="sigmoid"/>
<connection id="46257" src-id="44485" dest-id="46256" weight="1.3269924460735156"/>
<connection id="46258" src-id="46256" dest-id="45624" weight="-0.5316134738287259"/>
<neuron id="46259" type="hid" activation="sigmoid"/>
<connection id="46260" src-id="44459" dest-id="46259" weight="-0.5002132562926436"/>
<connection id="46261" src-id="46259" dest-id="44678" weight="-4.636352457605268"/>
</chromosome>