<chromosome id="53368" primary-parent-id="52692"><neuron id="39470" type="in" activation="linear"/>
<neuron id="39471" type="in" activation="linear"/>
<neuron id="39472" type="in" activation="linear"/>
<neuron id="39473" type="in" activation="linear"/>
<neuron id="39474" type="in" activation="linear"/>
<neuron id="39475" type="in" activation="linear"/>
<neuron id="39476" type="in" activation="linear"/>
<neuron id="39477" type="in" activation="linear"/>
<neuron id="39478" type="in" activation="linear"/>
<neuron id="39479" type="in" activation="linear"/>
<neuron id="39480" type="in" activation="linear"/>
<neuron id="39481" type="in" activation="linear"/>
<neuron id="39482" type="in" activation="linear"/>
<neuron id="39483" type="in" activation="linear"/>
<neuron id="39484" type="in" activation="linear"/>
<neuron id="39485" type="in" activation="linear"/>
<neuron id="39486" type="in" activation="linear"/>
<neuron id="39487" type="in" activation="linear"/>
<neuron id="39488" type="in" activation="linear"/>
<neuron id="39489" type="in" activation="linear"/>
<neuron id="39490" type="in" activation="linear"/>
<neuron id="39491" type="in" activation="linear"/>
<neuron id="39492" type="in" activation="linear"/>
<neuron id="39493" type="in" activation="linear"/>
<neuron id="39494" type="in" activation="linear"/>
<neuron id="39495" type="in" activation="linear"/>
<neuron id="39496" type="in" activation="linear"/>
<neuron id="39497" type="in" activation="linear"/>
<neuron id="39498" type="in" activation="linear"/>
<neuron id="39499" type="in" activation="linear"/>
<neuron id="39500" type="in" activation="linear"/>
<neuron id="39501" type="in" activation="linear"/>
<neuron id="39502" type="in" activation="linear"/>
<neuron id="39503" type="in" activation="linear"/>
<neuron id="39504" type="in" activation="linear"/>
<neuron id="39505" type="in" activation="linear"/>
<neuron id="39506" type="in" activation="linear"/>
<neuron id="39507" type="in" activation="linear"/>
<neuron id="39508" type="in" activation="linear"/>
<neuron id="39509" type="in" activation="linear"/>
<neuron id="39510" type="in" activation="linear"/>
<neuron id="39511" type="in" activation="linear"/>
<neuron id="39512" type="out" activation="linear"/>
<neuron id="39513" type="hid" activation="sigmoid"/>
<connection id="39514" src-id="39470" dest-id="39513" weight="15.423919113062471"/>
<connection id="39515" src-id="39471" dest-id="39513" weight="-18.90624519510686"/>
<connection id="39516" src-id="39472" dest-id="39513" weight="-14.812539312977187"/>
<connection id="39517" src-id="39473" dest-id="39513" weight="11.797881664006693"/>
<connection id="39519" src-id="39475" dest-id="39513" weight="7.027912639594101"/>
<connection id="39520" src-id="39476" dest-id="39513" weight="-15.518601715694214"/>
<connection id="39521" src-id="39477" dest-id="39513" weight="8.059163946065706"/>
<connection id="39522" src-id="39478" dest-id="39513" weight="-12.017107320828375"/>
<connection id="39523" src-id="39479" dest-id="39513" weight="1.494035468563324"/>
<connection id="39525" src-id="39481" dest-id="39513" weight="6.764059573944197"/>
<connection id="39526" src-id="39482" dest-id="39513" weight="-17.57515862771413"/>
<connection id="39527" src-id="39483" dest-id="39513" weight="21.545203738080104"/>
<connection id="39529" src-id="39485" dest-id="39513" weight="-0.9207000653498079"/>
<connection id="39530" src-id="39486" dest-id="39513" weight="4.310801509777666"/>
<connection id="39532" src-id="39488" dest-id="39513" weight="-4.517367594571718"/>
<connection id="39533" src-id="39489" dest-id="39513" weight="5.0895779128332475"/>
<connection id="39534" src-id="39490" dest-id="39513" weight="-17.361952452432917"/>
<connection id="39536" src-id="39492" dest-id="39513" weight="-4.883396228812999"/>
<connection id="39538" src-id="39494" dest-id="39513" weight="-1.8341275905341616"/>
<connection id="39541" src-id="39497" dest-id="39513" weight="-8.334121412071953"/>
<connection id="39542" src-id="39498" dest-id="39513" weight="16.231186851185413"/>
<connection id="39543" src-id="39499" dest-id="39513" weight="14.119663125121612"/>
<connection id="39544" src-id="39500" dest-id="39513" weight="4.9551123205476815"/>
<connection id="39546" src-id="39502" dest-id="39513" weight="3.9337011845481022"/>
<connection id="39547" src-id="39503" dest-id="39513" weight="-0.4514455566158202"/>
<connection id="39550" src-id="39506" dest-id="39513" weight="1.3736444927875526"/>
<connection id="39552" src-id="39508" dest-id="39513" weight="21.023275658319353"/>
<connection id="39554" src-id="39510" dest-id="39513" weight="7.18415653760791"/>
<connection id="39555" src-id="39511" dest-id="39513" weight="9.076120021799593"/>
<neuron id="39557" type="hid" activation="sigmoid"/>
<connection id="39560" src-id="39472" dest-id="39557" weight="-14.855017742958168"/>
<connection id="39561" src-id="39473" dest-id="39557" weight="-1.4164184621405802"/>
<connection id="39562" src-id="39474" dest-id="39557" weight="-9.183392239515847"/>
<connection id="39563" src-id="39475" dest-id="39557" weight="-15.182507000194004"/>
<connection id="39565" src-id="39477" dest-id="39557" weight="-15.589312276015944"/>
<connection id="39566" src-id="39478" dest-id="39557" weight="15.947209231225187"/>
<connection id="39567" src-id="39479" dest-id="39557" weight="34.81491205097429"/>
<connection id="39569" src-id="39481" dest-id="39557" weight="2.1200156349359487"/>
<connection id="39572" src-id="39484" dest-id="39557" weight="2.002923699481589"/>
<connection id="39573" src-id="39485" dest-id="39557" weight="2.584859813848068"/>
<connection id="39575" src-id="39487" dest-id="39557" weight="12.353480786522624"/>
<connection id="39577" src-id="39489" dest-id="39557" weight="-3.185464651395547"/>
<connection id="39578" src-id="39490" dest-id="39557" weight="-26.148231622697175"/>
<connection id="39579" src-id="39491" dest-id="39557" weight="0.25140235465479455"/>
<connection id="39580" src-id="39492" dest-id="39557" weight="-13.55784267268858"/>
<connection id="39582" src-id="39494" dest-id="39557" weight="6.848594212621138"/>
<connection id="39583" src-id="39495" dest-id="39557" weight="-16.422133175360514"/>
<connection id="39586" src-id="39498" dest-id="39557" weight="0.09796499313597495"/>
<connection id="39589" src-id="39501" dest-id="39557" weight="-8.58867581139651"/>
<connection id="39590" src-id="39502" dest-id="39557" weight="-16.7741714827619"/>
<connection id="39591" src-id="39503" dest-id="39557" weight="18.175218076522295"/>
<connection id="39592" src-id="39504" dest-id="39557" weight="0.8117336526588064"/>
<connection id="39594" src-id="39506" dest-id="39557" weight="19.068985851669993"/>
<connection id="39595" src-id="39507" dest-id="39557" weight="-1.6151532330527907"/>
<connection id="39596" src-id="39508" dest-id="39557" weight="2.829703618499914"/>
<connection id="39597" src-id="39509" dest-id="39557" weight="-15.572588211145614"/>
<connection id="39598" src-id="39510" dest-id="39557" weight="-7.384418268447004"/>
<connection id="39599" src-id="39511" dest-id="39557" weight="0.9855152770497548"/>
<connection id="39600" src-id="39557" dest-id="39512" weight="6.216954140082344"/>
<neuron id="39601" type="hid" activation="sigmoid"/>
<connection id="39604" src-id="39472" dest-id="39601" weight="9.23629511651418"/>
<connection id="39605" src-id="39473" dest-id="39601" weight="16.68685043956552"/>
<connection id="39606" src-id="39474" dest-id="39601" weight="9.670940810258065"/>
<connection id="39608" src-id="39476" dest-id="39601" weight="-8.135190295818207"/>
<connection id="39610" src-id="39478" dest-id="39601" weight="6.456137269409948"/>
<connection id="39611" src-id="39479" dest-id="39601" weight="12.321034708808398"/>
<connection id="39612" src-id="39480" dest-id="39601" weight="-9.882067590422444"/>
<connection id="39613" src-id="39481" dest-id="39601" weight="23.367698775540436"/>
<connection id="39617" src-id="39485" dest-id="39601" weight="-10.466499261362523"/>
<connection id="39618" src-id="39486" dest-id="39601" weight="-18.120065406428054"/>
<connection id="39620" src-id="39488" dest-id="39601" weight="-1.6862723484100808"/>
<connection id="39621" src-id="39489" dest-id="39601" weight="-12.389248044402361"/>
<connection id="39622" src-id="39490" dest-id="39601" weight="0.775469710428331"/>
<connection id="39623" src-id="39491" dest-id="39601" weight="1.70660647070263"/>
<connection id="39625" src-id="39493" dest-id="39601" weight="1.2105170440239508"/>
<connection id="39626" src-id="39494" dest-id="39601" weight="3.3704674900185116"/>
<connection id="39627" src-id="39495" dest-id="39601" weight="-5.61826023001085"/>
<connection id="39628" src-id="39496" dest-id="39601" weight="-2.234411432313589"/>
<connection id="39629" src-id="39497" dest-id="39601" weight="-8.3580700534051"/>
<connection id="39630" src-id="39498" dest-id="39601" weight="-2.0076217562778997"/>
<connection id="39632" src-id="39500" dest-id="39601" weight="-3.8517700792378164"/>
<connection id="39633" src-id="39501" dest-id="39601" weight="-2.488523380521651"/>
<connection id="39634" src-id="39502" dest-id="39601" weight="-0.1997326335483971"/>
<connection id="39635" src-id="39503" dest-id="39601" weight="-0.7122686137491352"/>
<connection id="39637" src-id="39505" dest-id="39601" weight="8.969797445837209"/>
<connection id="39640" src-id="39508" dest-id="39601" weight="-3.4125091111739265"/>
<connection id="39641" src-id="39509" dest-id="39601" weight="-3.411237230030906"/>
<connection id="39643" src-id="39511" dest-id="39601" weight="-5.2855438899947425"/>
<connection id="39644" src-id="39601" dest-id="39512" weight="25.98954293511673"/>
<neuron id="39645" type="hid" activation="sigmoid"/>
<connection id="39646" src-id="39470" dest-id="39645" weight="-2.317660032835911"/>
<connection id="39648" src-id="39472" dest-id="39645" weight="-2.4459730607291865"/>
<connection id="39654" src-id="39478" dest-id="39645" weight="-4.625121393267178"/>
<connection id="39656" src-id="39480" dest-id="39645" weight="9.676759229067033"/>
<connection id="39657" src-id="39481" dest-id="39645" weight="11.478487822622323"/>
<connection id="39658" src-id="39482" dest-id="39645" weight="9.76829444095213"/>
<connection id="39659" src-id="39483" dest-id="39645" weight="-10.714265466596585"/>
<connection id="39660" src-id="39484" dest-id="39645" weight="3.388832793610411"/>
<connection id="39663" src-id="39487" dest-id="39645" weight="-9.088883070020012"/>
<connection id="39665" src-id="39489" dest-id="39645" weight="24.04262353344152"/>
<connection id="39666" src-id="39490" dest-id="39645" weight="-3.471780879135565"/>
<connection id="39667" src-id="39491" dest-id="39645" weight="5.239546025910789"/>
<connection id="39668" src-id="39492" dest-id="39645" weight="5.614712000444724"/>
<connection id="39669" src-id="39493" dest-id="39645" weight="3.7413711135567826"/>
<connection id="39670" src-id="39494" dest-id="39645" weight="-17.161280121772077"/>
<connection id="39671" src-id="39495" dest-id="39645" weight="-5.308767077812668"/>
<connection id="39674" src-id="39498" dest-id="39645" weight="-8.324794820985293"/>
<connection id="39675" src-id="39499" dest-id="39645" weight="-1.5537578377763546"/>
<connection id="39677" src-id="39501" dest-id="39645" weight="6.319791940964127"/>
<connection id="39679" src-id="39503" dest-id="39645" weight="-5.874243670092579"/>
<connection id="39680" src-id="39504" dest-id="39645" weight="9.729862154013619"/>
<connection id="39681" src-id="39505" dest-id="39645" weight="-7.48835690374189"/>
<connection id="39683" src-id="39507" dest-id="39645" weight="3.943023413311222"/>
<connection id="39687" src-id="39511" dest-id="39645" weight="10.176388360800654"/>
<connection id="39688" src-id="39645" dest-id="39512" weight="7.048113324166064"/>
<connection id="40249" src-id="39492" dest-id="39512" weight="14.852997711668182"/>
<connection id="40254" src-id="39475" dest-id="39512" weight="19.427298563779782"/>
<neuron id="40493" type="hid" activation="sigmoid"/>
<connection id="40494" src-id="39480" dest-id="40493" weight="-3.527992827597344"/>
<connection id="40495" src-id="40493" dest-id="39557" weight="-11.106732987699933"/>
<neuron id="40502" type="hid" activation="sigmoid"/>
<connection id="40503" src-id="39470" dest-id="40502" weight="-1.5795015901417966"/>
<neuron id="40505" type="hid" activation="sigmoid"/>
<connection id="40506" src-id="39496" dest-id="40505" weight="2.60789825464791"/>
<connection id="40507" src-id="40505" dest-id="39557" weight="15.330599408311365"/>
<connection id="40681" src-id="39477" dest-id="39512" weight="4.0406025907947845"/>
<connection id="40765" src-id="39498" dest-id="39512" weight="9.761219472003821"/>
<connection id="40962" src-id="39513" dest-id="39645" weight="1.3177687352481415"/>
<neuron id="41118" type="hid" activation="sigmoid"/>
<connection id="41120" src-id="41118" dest-id="39513" weight="-11.139088614964939"/>
<connection id="41392" src-id="39509" dest-id="39512" weight="11.69664871636053"/>
<neuron id="41520" type="hid" activation="sigmoid"/>
<connection id="41522" src-id="41520" dest-id="39557" weight="-13.179867473471733"/>
<neuron id="41523" type="hid" activation="sigmoid"/>
<connection id="41524" src-id="39509" dest-id="41523" weight="-0.8433141651051088"/>
<connection id="41525" src-id="41523" dest-id="39513" weight="15.868616425556212"/>
<neuron id="41538" type="hid" activation="sigmoid"/>
<connection id="41540" src-id="41538" dest-id="39557" weight="7.949635826324476"/>
<neuron id="41562" type="hid" activation="sigmoid"/>
<connection id="41563" src-id="39476" dest-id="41562" weight="2.666325988476197"/>
<connection id="41564" src-id="41562" dest-id="39645" weight="3.3344576085524618"/>
<neuron id="41565" type="hid" activation="sigmoid"/>
<connection id="41566" src-id="39471" dest-id="41565" weight="-1.6046221413425046"/>
<connection id="41567" src-id="41565" dest-id="39601" weight="-25.178481973357446"/>
<neuron id="41580" type="hid" activation="sigmoid"/>
<connection id="41581" src-id="39508" dest-id="41580" weight="16.405672029528827"/>
<connection id="41582" src-id="41580" dest-id="39645" weight="-2.7191727959067364"/>
<connection id="41669" src-id="39499" dest-id="39512" weight="8.065847484669558"/>
<neuron id="41858" type="hid" activation="sigmoid"/>
<connection id="41859" src-id="39509" dest-id="41858" weight="13.56308705087548"/>
<connection id="41860" src-id="41858" dest-id="39645" weight="-18.07128158972152"/>
<neuron id="41876" type="hid" activation="sigmoid"/>
<connection id="41877" src-id="39492" dest-id="41876" weight="10.789306636323218"/>
<connection id="41878" src-id="41876" dest-id="39601" weight="22.86283054454878"/>
<neuron id="41906" type="hid" activation="sigmoid"/>
<connection id="42036" src-id="39496" dest-id="41523" weight="9.113673144839158"/>
<connection id="42045" src-id="39484" dest-id="41520" weight="12.228590302178363"/>
<connection id="42051" src-id="39474" dest-id="41523" weight="1.3013170602983375"/>
<neuron id="42140" type="hid" activation="sigmoid"/>
<connection id="42141" src-id="39507" dest-id="42140" weight="2.0948266279714858"/>
<connection id="42142" src-id="42140" dest-id="39513" weight="-14.976277629216911"/>
<neuron id="42155" type="hid" activation="sigmoid"/>
<connection id="42157" src-id="42155" dest-id="39645" weight="-12.987399298874688"/>
<connection id="42213" src-id="41520" dest-id="39645" weight="-4.018512480197864"/>
<connection id="42252" src-id="39472" dest-id="41906" weight="6.3740547776493806"/>
<connection id="42255" src-id="39481" dest-id="41520" weight="-21.87839710324004"/>
<connection id="42269" src-id="39486" dest-id="41520" weight="-1.7889612422149574"/>
<connection id="42274" src-id="39483" dest-id="41523" weight="-0.08577192360863109"/>
<connection id="42277" src-id="39478" dest-id="41523" weight="-1.4120997697374484"/>
<connection id="42318" src-id="41520" dest-id="41523" weight="8.496355828691305"/>
<connection id="42339" src-id="39503" dest-id="41906" weight="5.774179687679882"/>
<connection id="42503" src-id="41523" dest-id="39645" weight="0.6342455041047598"/>
<connection id="42627" src-id="39482" dest-id="41906" weight="0.26532286145452644"/>
<connection id="42722" src-id="39473" dest-id="41520" weight="3.045412045415209"/>
<connection id="42763" src-id="39506" dest-id="41520" weight="2.971759406234523"/>
<connection id="42851" src-id="39473" dest-id="41538" weight="5.541766719587049"/>
<connection id="42853" src-id="39481" dest-id="41538" weight="-5.696855326757052"/>
<connection id="42862" src-id="39507" dest-id="41523" weight="15.03123518953738"/>
<neuron id="42880" type="hid" activation="sigmoid"/>
<connection id="42881" src-id="39491" dest-id="42880" weight="11.44900464142385"/>
<connection id="42882" src-id="42880" dest-id="39513" weight="-9.358239204950669"/>
<neuron id="42901" type="hid" activation="sigmoid"/>
<connection id="42902" src-id="39479" dest-id="42901" weight="1.6416253359742567"/>
<connection id="42903" src-id="42901" dest-id="39645" weight="-26.414536092306577"/>
<connection id="43035" src-id="39472" dest-id="41538" weight="-2.3039615217668006"/>
<connection id="43041" src-id="39475" dest-id="41906" weight="11.224679923683077"/>
<connection id="43063" src-id="39488" dest-id="41906" weight="3.9982516803200774"/>
<neuron id="43097" type="hid" activation="sigmoid"/>
<connection id="43098" src-id="39491" dest-id="43097" weight="0.5494542382975807"/>
<connection id="43099" src-id="43097" dest-id="39512" weight="1.0554166011102286"/>
<connection id="43208" src-id="39503" dest-id="41565" weight="-2.3653576371750114"/>
<connection id="43224" src-id="39486" dest-id="39512" weight="8.219007178435518"/>
<connection id="43230" src-id="39471" dest-id="39512" weight="-3.594569545813066"/>
<connection id="43269" src-id="39495" dest-id="41520" weight="9.228376531040114"/>
<connection id="43306" src-id="39504" dest-id="42901" weight="-6.931521089778434"/>
<connection id="43307" src-id="39601" dest-id="41538" weight="-11.215809202398493"/>
<connection id="43309" src-id="41565" dest-id="39645" weight="-0.7662031377030786"/>
<connection id="43314" src-id="39500" dest-id="41565" weight="-2.21807971644029"/>
<connection id="43315" src-id="39486" dest-id="42901" weight="-1.4924501176240654"/>
<connection id="43319" src-id="39491" dest-id="41538" weight="8.321241171424768"/>
<neuron id="43377" type="hid" activation="sigmoid"/>
<connection id="43378" src-id="39487" dest-id="43377" weight="-2.8073473972385417"/>
<connection id="43379" src-id="43377" dest-id="39513" weight="-15.548003074444402"/>
<connection id="43442" src-id="39484" dest-id="42901" weight="0.8835895454843343"/>
<neuron id="43588" type="hid" activation="sigmoid"/>
<connection id="43589" src-id="39475" dest-id="43588" weight="-7.899964029254453"/>
<connection id="43733" src-id="42901" dest-id="39512" weight="6.08829367343434"/>
<neuron id="43808" type="hid" activation="sigmoid"/>
<connection id="43809" src-id="39493" dest-id="43808" weight="-11.46064199666009"/>
<connection id="43810" src-id="43808" dest-id="39513" weight="-6.034119720079721"/>
<connection id="43952" src-id="39506" dest-id="41565" weight="15.39019817084386"/>
<neuron id="44023" type="hid" activation="sigmoid"/>
<connection id="44024" src-id="39497" dest-id="44023" weight="0.9058285492368474"/>
<connection id="44025" src-id="44023" dest-id="39512" weight="13.026164055690368"/>
<connection id="44103" src-id="39475" dest-id="41538" weight="-3.455085330983672"/>
<connection id="44212" src-id="39504" dest-id="41538" weight="7.892552941375428"/>
<neuron id="44247" type="hid" activation="sigmoid"/>
<connection id="44322" src-id="39487" dest-id="41523" weight="9.418351270487483"/>
<connection id="44351" src-id="39493" dest-id="41906" weight="-5.085896306865269"/>
<connection id="44374" src-id="39502" dest-id="41538" weight="13.136346700808186"/>
<connection id="44375" src-id="39491" dest-id="41565" weight="8.10003530810442"/>
<connection id="44376" src-id="41523" dest-id="42155" weight="-0.4246637147186501"/>
<connection id="44379" src-id="39474" dest-id="42155" weight="11.005840510423251"/>
<connection id="44482" src-id="39497" dest-id="41562" weight="-1.3139427059608493"/>
<connection id="44561" src-id="39489" dest-id="42155" weight="5.887371766554228"/>
<connection id="44621" src-id="39505" dest-id="41906" weight="12.184703912801439"/>
<connection id="44645" src-id="39475" dest-id="41876" weight="9.167295557310005"/>
<connection id="44690" src-id="42901" dest-id="39513" weight="-26.350135748362952"/>
<connection id="44691" src-id="39494" dest-id="41565" weight="-8.16326831738056"/>
<connection id="44693" src-id="41565" dest-id="41520" weight="-4.819017216884129"/>
<connection id="44703" src-id="40493" dest-id="41538" weight="10.308641937405914"/>
<connection id="44877" src-id="43588" dest-id="39645" weight="8.182524051610288"/>
<connection id="44990" src-id="39476" dest-id="41538" weight="-5.701554458847581"/>
<connection id="45021" src-id="43588" dest-id="42155" weight="4.1101937764798215"/>
<connection id="45038" src-id="39488" dest-id="41565" weight="-5.632673117991736"/>
<connection id="45041" src-id="40493" dest-id="43588" weight="-10.28567731653486"/>
<connection id="45042" src-id="39497" dest-id="40493" weight="9.137354134610682"/>
<connection id="45063" src-id="39493" dest-id="41565" weight="-0.36889398097991943"/>
<neuron id="45085" type="hid" activation="sigmoid"/>
<connection id="45086" src-id="41906" dest-id="45085" weight="2.4185932979480795"/>
<connection id="45087" src-id="45085" dest-id="39601" weight="-2.8398878288616647"/>
<connection id="45160" src-id="39495" dest-id="41565" weight="0.41212820846060183"/>
<connection id="45184" src-id="39482" dest-id="41565" weight="2.0417675735177525"/>
<connection id="45272" src-id="39478" dest-id="41565" weight="-13.523851757599124"/>
<connection id="45285" src-id="39481" dest-id="41906" weight="5.810996743216605"/>
<connection id="45286" src-id="39479" dest-id="41565" weight="-0.33055098522170034"/>
<connection id="45288" src-id="39471" dest-id="41538" weight="1.0846603606739982"/>
<connection id="45289" src-id="39480" dest-id="41580" weight="7.132839500566761"/>
<connection id="45477" src-id="40493" dest-id="39512" weight="-7.852569783195854"/>
<connection id="45481" src-id="39476" dest-id="40493" weight="10.60205776899767"/>
<connection id="45482" src-id="39601" dest-id="43097" weight="-0.05684916176795518"/>
<connection id="45485" src-id="39481" dest-id="43588" weight="9.163544372182539"/>
<connection id="45537" src-id="39490" dest-id="43588" weight="19.181338347569078"/>
<connection id="45540" src-id="39488" dest-id="43097" weight="-7.45266856870429"/>
<connection id="45548" src-id="39476" dest-id="43588" weight="-1.0739669367374614"/>
<connection id="45594" src-id="41523" dest-id="41906" weight="-1.43574739424842"/>
<connection id="45650" src-id="43588" dest-id="39557" weight="-4.487233557887894"/>
<connection id="45653" src-id="39471" dest-id="42901" weight="-1.5734640463362597"/>
<connection id="45658" src-id="39488" dest-id="41580" weight="8.030560679596867"/>
<neuron id="45675" type="hid" activation="sigmoid"/>
<connection id="45677" src-id="45675" dest-id="41538" weight="-7.03197608892814"/>
<connection id="45808" src-id="39510" dest-id="41538" weight="1.2133390862847921"/>
<connection id="45833" src-id="39479" dest-id="43588" weight="2.2021953311566222"/>
<neuron id="45917" type="hid" activation="sigmoid"/>
<connection id="45918" src-id="43588" dest-id="45917" weight="0.8589444623529672"/>
<connection id="45919" src-id="45917" dest-id="39601" weight="2.986713456596699"/>
<connection id="45992" src-id="39474" dest-id="41538" weight="-1.8772880917779378"/>
<connection id="46123" src-id="39491" dest-id="40493" weight="-23.216444093363048"/>
<connection id="46124" src-id="39477" dest-id="41565" weight="3.2793913583492538"/>
<connection id="46358" src-id="41520" dest-id="40493" weight="1.6879793892573534"/>
<connection id="46359" src-id="42155" dest-id="39601" weight="0.02989164184255344"/>
<connection id="46362" src-id="41565" dest-id="42140" weight="12.810592463199137"/>
<connection id="46363" src-id="39505" dest-id="41538" weight="-0.3129702991169738"/>
<connection id="46364" src-id="39510" dest-id="40493" weight="6.6579341120927396"/>
<connection id="46456" src-id="39481" dest-id="41565" weight="2.6749302508811477"/>
<connection id="46682" src-id="39499" dest-id="43097" weight="-2.9439975753241825"/>
<connection id="46810" src-id="43097" dest-id="42901" weight="0.6525412673934561"/>
<connection id="46849" src-id="43097" dest-id="41538" weight="0.5035884221085842"/>
<neuron id="46882" type="hid" activation="sigmoid"/>
<connection id="46883" src-id="39483" dest-id="46882" weight="-16.330151653004393"/>
<connection id="46884" src-id="46882" dest-id="43588" weight="14.303697516901924"/>
<connection id="46983" src-id="39485" dest-id="41580" weight="-0.8319864385191011"/>
<connection id="47085" src-id="42140" dest-id="39512" weight="-4.360047054758455"/>
<connection id="47140" src-id="39485" dest-id="42901" weight="9.571255714162898"/>
<connection id="47164" src-id="39510" dest-id="45675" weight="0.9705869836274994"/>
<connection id="47185" src-id="39498" dest-id="42140" weight="-23.994415065226796"/>
<connection id="47186" src-id="39474" dest-id="42880" weight="5.549473426254923"/>
<connection id="47187" src-id="40493" dest-id="43097" weight="-12.40735419311923"/>
<connection id="47188" src-id="39472" dest-id="43097" weight="-12.004362394639273"/>
<connection id="47189" src-id="39501" dest-id="41580" weight="1.7096276291781953"/>
<connection id="47190" src-id="39475" dest-id="41565" weight="-1.480005598747347"/>
<neuron id="47280" type="hid" activation="sigmoid"/>
<connection id="47281" src-id="39510" dest-id="47280" weight="-14.270647920686162"/>
<connection id="47282" src-id="47280" dest-id="41906" weight="7.894983377127913"/>
<neuron id="47283" type="hid" activation="sigmoid"/>
<connection id="47284" src-id="39493" dest-id="47283" weight="10.275926504872901"/>
<connection id="47285" src-id="47283" dest-id="39557" weight="23.18372064974415"/>
<connection id="47390" src-id="41876" dest-id="47280" weight="2.339392809142897"/>
<connection id="47411" src-id="39509" dest-id="42140" weight="4.389246236607675"/>
<connection id="47505" src-id="39501" dest-id="42880" weight="2.5448791906092256"/>
<connection id="47508" src-id="39490" dest-id="42901" weight="-1.163641342194185"/>
<connection id="47577" src-id="39483" dest-id="40493" weight="-15.102856523453788"/>
<connection id="47578" src-id="47280" dest-id="43097" weight="-7.263730930986198"/>
<connection id="47579" src-id="43588" dest-id="42140" weight="4.327457391553901"/>
<connection id="47580" src-id="41876" dest-id="43097" weight="-9.206518993767418"/>
<connection id="47581" src-id="39500" dest-id="45675" weight="-3.737291154719776"/>
<connection id="47582" src-id="39495" dest-id="41538" weight="-7.0758791795828"/>
<connection id="47619" src-id="39484" dest-id="43097" weight="-4.267037585705814"/>
<connection id="47630" src-id="39504" dest-id="42140" weight="-1.2238284972967732"/>
<connection id="47640" src-id="39474" dest-id="43588" weight="-1.7428960966246434"/>
<neuron id="47684" type="hid" activation="sigmoid"/>
<connection id="47796" src-id="39488" dest-id="46882" weight="3.141908967968006"/>
<connection id="47843" src-id="39498" dest-id="42155" weight="-0.4110279704169367"/>
<connection id="47867" src-id="41523" dest-id="42880" weight="-10.99325120772502"/>
<connection id="47893" src-id="39489" dest-id="42140" weight="-4.474987658673303"/>
<connection id="47895" src-id="39496" dest-id="42140" weight="-0.7598564624786377"/>
<connection id="47932" src-id="39485" dest-id="43588" weight="7.05697786029573"/>
<connection id="47972" src-id="39490" dest-id="41876" weight="3.3761024157650876"/>
<connection id="48211" src-id="39509" dest-id="41876" weight="4.499740689539049"/>
<connection id="48220" src-id="43377" dest-id="42901" weight="-7.509499843879997"/>
<connection id="48283" src-id="39496" dest-id="42880" weight="0.063203598129693"/>
<connection id="48334" src-id="44247" dest-id="43097" weight="-13.303773590569168"/>
<connection id="48335" src-id="43097" dest-id="43377" weight="-1.7682644041080984"/>
<connection id="48336" src-id="39475" dest-id="43097" weight="12.549981307537044"/>
<connection id="48338" src-id="47684" dest-id="45675" weight="-7.486130458686185"/>
<connection id="48413" src-id="41565" dest-id="39557" weight="6.038894386642259"/>
<neuron id="48590" type="hid" activation="sigmoid"/>
<connection id="48591" src-id="46882" dest-id="48590" weight="-8.572662554895809"/>
<connection id="48592" src-id="48590" dest-id="45675" weight="-2.0237862452699975"/>
<connection id="48752" src-id="39474" dest-id="44247" weight="1.0420827419584802"/>
<connection id="48753" src-id="39601" dest-id="43377" weight="1.8251798385618265"/>
<connection id="48755" src-id="39505" dest-id="43588" weight="-3.073570920614031"/>
<connection id="48757" src-id="39487" dest-id="42880" weight="3.280227334324381"/>
<connection id="48758" src-id="39499" dest-id="43377" weight="3.8875345401887724"/>
<connection id="48759" src-id="41523" dest-id="43377" weight="9.48222334403746"/>
<connection id="48805" src-id="40493" dest-id="42140" weight="-2.441714188255393"/>
<connection id="49006" src-id="39478" dest-id="41876" weight="5.382907366403956"/>
<connection id="49078" src-id="47280" dest-id="39513" weight="-0.3725339488881283"/>
<connection id="49090" src-id="39501" dest-id="41906" weight="3.444736634918126"/>
<neuron id="49112" type="hid" activation="sigmoid"/>
<connection id="49113" src-id="42901" dest-id="49112" weight="2.4429011991135954"/>
<connection id="49114" src-id="49112" dest-id="42140" weight="-1.596798060991575"/>
<connection id="49205" src-id="39483" dest-id="41580" weight="7.0771094852035645"/>
<connection id="49404" src-id="39474" dest-id="43377" weight="0.1324536174437836"/>
<connection id="49405" src-id="48590" dest-id="41538" weight="4.840731151848123"/>
<connection id="49406" src-id="46882" dest-id="39557" weight="1.720886571847072"/>
<connection id="49407" src-id="39470" dest-id="48590" weight="-4.6224617771390815"/>
<connection id="49408" src-id="39477" dest-id="46882" weight="0.793612931270112"/>
<connection id="49409" src-id="47280" dest-id="43588" weight="-14.708135675056944"/>
<connection id="49412" src-id="39479" dest-id="43377" weight="0.023219617651708546"/>
<connection id="49413" src-id="39496" dest-id="46882" weight="0.5837751261770179"/>
<connection id="49414" src-id="39489" dest-id="49112" weight="-7.566189019137704"/>
<connection id="49415" src-id="46882" dest-id="43377" weight="-2.0238036313397716"/>
<connection id="49416" src-id="42140" dest-id="42880" weight="5.235188637686218"/>
<neuron id="49582" type="hid" activation="sigmoid"/>
<connection id="49583" src-id="41580" dest-id="49582" weight="-2.7248457888820408"/>
<connection id="49926" src-id="39489" dest-id="48590" weight="5.421882982568784"/>
<connection id="49928" src-id="39493" dest-id="41118" weight="-0.8347373996403201"/>
<connection id="49929" src-id="41876" dest-id="43808" weight="3.2818356333593743"/>
<connection id="49930" src-id="47280" dest-id="47283" weight="4.281145131855851"/>
<connection id="49933" src-id="43808" dest-id="43097" weight="-7.668887871111629"/>
<connection id="49934" src-id="39506" dest-id="41580" weight="-6.320784313618604"/>
<connection id="49935" src-id="40493" dest-id="47283" weight="1.7216264820107348"/>
<connection id="49936" src-id="41858" dest-id="47280" weight="1.040730639922915"/>
<connection id="49948" src-id="41118" dest-id="41876" weight="1.345243426049099"/>
<connection id="49953" src-id="39481" dest-id="44247" weight="-2.922623037066315"/>
<connection id="49954" src-id="39485" dest-id="48590" weight="-4.75432320878518"/>
<connection id="50193" src-id="39472" dest-id="41858" weight="-1.9705479479399481"/>
<connection id="50273" src-id="46882" dest-id="42155" weight="-0.965050861075559"/>
<connection id="50293" src-id="39495" dest-id="47684" weight="-6.3412816673615"/>
<connection id="50294" src-id="39513" dest-id="48590" weight="5.507773188414602"/>
<connection id="50296" src-id="39494" dest-id="49582" weight="-3.3729020008175032"/>
<connection id="50298" src-id="39484" dest-id="42880" weight="4.7384287764912685"/>
<connection id="50321" src-id="41858" dest-id="43377" weight="-4.901420354818608"/>
<connection id="50752" src-id="39474" dest-id="41858" weight="-10.912678637617034"/>
<connection id="50754" src-id="39601" dest-id="44247" weight="8.656543820168846"/>
<connection id="50755" src-id="39480" dest-id="42880" weight="7.536485625809125"/>
<connection id="50756" src-id="39482" dest-id="47280" weight="-2.7411418160461234"/>
<connection id="50757" src-id="39484" dest-id="41118" weight="-1.2177822644394245"/>
<connection id="50759" src-id="41118" dest-id="40493" weight="-0.34569092416224745"/>
<connection id="50761" src-id="39471" dest-id="43588" weight="-0.14205811790142575"/>
<connection id="50785" src-id="39498" dest-id="43808" weight="-2.6220802809461015"/>
<connection id="50852" src-id="39503" dest-id="47283" weight="4.137575858281194"/>
<neuron id="50997" type="hid" activation="sigmoid"/>
<connection id="50998" src-id="39491" dest-id="50997" weight="1.5350095161382613"/>
<connection id="50999" src-id="50997" dest-id="42901" weight="-2.9652639357669583"/>
<connection id="51286" src-id="39491" dest-id="47684" weight="4.689404354501539"/>
<connection id="51391" src-id="39510" dest-id="42880" weight="-7.854445217936514"/>
<connection id="51394" src-id="49582" dest-id="39557" weight="0.44127880019699983"/>
<connection id="51395" src-id="39503" dest-id="43097" weight="-0.6244777660780292"/>
<connection id="51398" src-id="39484" dest-id="47684" weight="-3.1807576339340855"/>
<connection id="51399" src-id="49582" dest-id="47283" weight="-1.4413965738432033"/>
<connection id="51401" src-id="41858" dest-id="42155" weight="1.1762922422860553"/>
<connection id="51415" src-id="39493" dest-id="47684" weight="-1.6086060586825357"/>
<connection id="51422" src-id="44247" dest-id="43377" weight="-0.8394867993175628"/>
<connection id="51583" src-id="39490" dest-id="43377" weight="0.32456975537000576"/>
<connection id="51855" src-id="39511" dest-id="47283" weight="-0.21161505021093735"/>
<connection id="51896" src-id="44023" dest-id="42880" weight="-4.589333928733066"/>
<connection id="51898" src-id="47283" dest-id="41906" weight="11.933331424197487"/>
<connection id="51900" src-id="39478" dest-id="49112" weight="0.7079573640543533"/>
<connection id="51901" src-id="39490" dest-id="43808" weight="1.6741660431667316"/>
<connection id="51903" src-id="41906" dest-id="44023" weight="4.622938012716043"/>
<neuron id="52033" type="hid" activation="sigmoid"/>
<connection id="52034" src-id="39499" dest-id="52033" weight="5.563536976262393"/>
<connection id="52035" src-id="52033" dest-id="41580" weight="-8.731303980092603"/>
<connection id="52135" src-id="39504" dest-id="41118" weight="-3.2378425658508156"/>
<connection id="52138" src-id="50997" dest-id="49112" weight="-0.8804440496624317"/>
<connection id="52139" src-id="41858" dest-id="39513" weight="-2.2278010693139345"/>
<connection id="52140" src-id="44023" dest-id="49112" weight="-0.5561098085506193"/>
<connection id="52141" src-id="39489" dest-id="44247" weight="-2.7123437245058684"/>
<connection id="52142" src-id="41118" dest-id="41906" weight="0.5562103830895497"/>
<connection id="52146" src-id="49582" dest-id="47684" weight="0.03282296635282811"/>
<connection id="52147" src-id="39488" dest-id="49112" weight="0.5923138694076573"/>
<connection id="52148" src-id="39483" dest-id="45917" weight="4.333900388916192"/>
<connection id="52150" src-id="41876" dest-id="47283" weight="6.584408658290647"/>
<connection id="52151" src-id="41523" dest-id="48590" weight="-3.0245793025645304"/>
<connection id="52152" src-id="52033" dest-id="42880" weight="2.039553002385868"/>
<connection id="52153" src-id="47684" dest-id="39645" weight="-3.088959554181117"/>
<connection id="52154" src-id="39470" dest-id="50997" weight="0.5269236396513373"/>
<connection id="52155" src-id="47684" dest-id="44247" weight="0.8489287992914286"/>
<connection id="52156" src-id="47280" dest-id="48590" weight="3.190077841467799"/>
<connection id="52214" src-id="39485" dest-id="42880" weight="2.1222457713900296"/>
<connection id="52812" src-id="39490" dest-id="44023" weight="0.37369593179981236"/>
<connection id="52813" src-id="39486" dest-id="44023" weight="0.8746020793914795"/>
<connection id="52815" src-id="39473" dest-id="40505" weight="-0.9215391874313354"/>
<connection id="52816" src-id="41562" dest-id="42880" weight="-1.7257069074597164"/>
<connection id="52817" src-id="44247" dest-id="42880" weight="-1.0676436330410817"/>
<connection id="52818" src-id="39476" dest-id="48590" weight="2.265267377450031"/>
<connection id="52819" src-id="47684" dest-id="43588" weight="-1.595875208715708"/>
<connection id="52820" src-id="44023" dest-id="42901" weight="-3.1495438113919962"/>
<connection id="52821" src-id="39491" dest-id="45917" weight="-0.7299560308456421"/>
<connection id="52822" src-id="39478" dest-id="47280" weight="-0.11746978759765625"/>
<connection id="52823" src-id="47684" dest-id="42140" weight="-3.572608753877529"/>
<connection id="52825" src-id="42155" dest-id="44023" weight="-0.8148916978709959"/>
<connection id="52826" src-id="39504" dest-id="52033" weight="3.5230703250149755"/>
<neuron id="53272" type="hid" activation="sigmoid"/>
<connection id="53273" src-id="44247" dest-id="53272" weight="-3.477925640172689"/>
<connection id="53274" src-id="53272" dest-id="39512" weight="12.893939726854684"/>
<neuron id="53275" type="hid" activation="sigmoid"/>
<connection id="53276" src-id="40502" dest-id="53275" weight="2.284429286103806"/>
<connection id="53277" src-id="53275" dest-id="39601" weight="-5.084431681172363"/>
<neuron id="53278" type="hid" activation="sigmoid"/>
<connection id="53279" src-id="39484" dest-id="53278" weight="3.8804957044401087"/>
<connection id="53280" src-id="53278" dest-id="44247" weight="-3.2504026696425883"/>
<neuron id="53281" type="hid" activation="sigmoid"/>
<connection id="53282" src-id="43377" dest-id="53281" weight="-3.8621730664256892"/>
<connection id="53283" src-id="53281" dest-id="41562" weight="-0.6331986281667485"/>
</chromosome>