<chromosome id="45128" primary-parent-id="44311"><neuron id="39470" type="in" activation="linear"/>
<neuron id="39471" type="in" activation="linear"/>
<neuron id="39472" type="in" activation="linear"/>
<neuron id="39473" type="in" activation="linear"/>
<neuron id="39474" type="in" activation="linear"/>
<neuron id="39475" type="in" activation="linear"/>
<neuron id="39476" type="in" activation="linear"/>
<neuron id="39477" type="in" activation="linear"/>
<neuron id="39478" type="in" activation="linear"/>
<neuron id="39479" type="in" activation="linear"/>
<neuron id="39480" type="in" activation="linear"/>
<neuron id="39481" type="in" activation="linear"/>
<neuron id="39482" type="in" activation="linear"/>
<neuron id="39483" type="in" activation="linear"/>
<neuron id="39484" type="in" activation="linear"/>
<neuron id="39485" type="in" activation="linear"/>
<neuron id="39486" type="in" activation="linear"/>
<neuron id="39487" type="in" activation="linear"/>
<neuron id="39488" type="in" activation="linear"/>
<neuron id="39489" type="in" activation="linear"/>
<neuron id="39490" type="in" activation="linear"/>
<neuron id="39491" type="in" activation="linear"/>
<neuron id="39492" type="in" activation="linear"/>
<neuron id="39493" type="in" activation="linear"/>
<neuron id="39494" type="in" activation="linear"/>
<neuron id="39495" type="in" activation="linear"/>
<neuron id="39496" type="in" activation="linear"/>
<neuron id="39497" type="in" activation="linear"/>
<neuron id="39498" type="in" activation="linear"/>
<neuron id="39499" type="in" activation="linear"/>
<neuron id="39500" type="in" activation="linear"/>
<neuron id="39501" type="in" activation="linear"/>
<neuron id="39502" type="in" activation="linear"/>
<neuron id="39503" type="in" activation="linear"/>
<neuron id="39504" type="in" activation="linear"/>
<neuron id="39505" type="in" activation="linear"/>
<neuron id="39506" type="in" activation="linear"/>
<neuron id="39507" type="in" activation="linear"/>
<neuron id="39508" type="in" activation="linear"/>
<neuron id="39509" type="in" activation="linear"/>
<neuron id="39510" type="in" activation="linear"/>
<neuron id="39511" type="in" activation="linear"/>
<neuron id="39512" type="out" activation="linear"/>
<neuron id="39513" type="hid" activation="sigmoid"/>
<connection id="39515" src-id="39471" dest-id="39513" weight="3.618283101328527"/>
<connection id="39516" src-id="39472" dest-id="39513" weight="-0.48504258079197515"/>
<connection id="39517" src-id="39473" dest-id="39513" weight="2.0017117285825594"/>
<connection id="39518" src-id="39474" dest-id="39513" weight="-10.174668927960973"/>
<connection id="39519" src-id="39475" dest-id="39513" weight="9.345927694061011"/>
<connection id="39523" src-id="39479" dest-id="39513" weight="-7.38058170216441"/>
<connection id="39525" src-id="39481" dest-id="39513" weight="-3.474695263242646"/>
<connection id="39526" src-id="39482" dest-id="39513" weight="5.521663775509486"/>
<connection id="39527" src-id="39483" dest-id="39513" weight="2.439564594703436"/>
<connection id="39528" src-id="39484" dest-id="39513" weight="-4.035417144766434"/>
<connection id="39530" src-id="39486" dest-id="39513" weight="-2.989505529007502"/>
<connection id="39531" src-id="39487" dest-id="39513" weight="14.335033994840323"/>
<connection id="39532" src-id="39488" dest-id="39513" weight="-6.513403359163055"/>
<connection id="39534" src-id="39490" dest-id="39513" weight="2.055091963170703"/>
<connection id="39535" src-id="39491" dest-id="39513" weight="-3.645126471769364"/>
<connection id="39536" src-id="39492" dest-id="39513" weight="-10.568727793243578"/>
<connection id="39537" src-id="39493" dest-id="39513" weight="0.730792976138428"/>
<connection id="39538" src-id="39494" dest-id="39513" weight="4.355087999147026"/>
<connection id="39539" src-id="39495" dest-id="39513" weight="8.542500906974036"/>
<connection id="39540" src-id="39496" dest-id="39513" weight="-12.734675915745651"/>
<connection id="39541" src-id="39497" dest-id="39513" weight="0.5388784522071788"/>
<connection id="39542" src-id="39498" dest-id="39513" weight="6.893033770988336"/>
<connection id="39543" src-id="39499" dest-id="39513" weight="18.856069000366034"/>
<connection id="39544" src-id="39500" dest-id="39513" weight="1.8613924581231873"/>
<connection id="39547" src-id="39503" dest-id="39513" weight="4.773609443385126"/>
<connection id="39548" src-id="39504" dest-id="39513" weight="3.1816762548168174"/>
<connection id="39549" src-id="39505" dest-id="39513" weight="7.820937740706139"/>
<connection id="39550" src-id="39506" dest-id="39513" weight="-1.5918404125289893"/>
<connection id="39551" src-id="39507" dest-id="39513" weight="-1.7433421811100747"/>
<connection id="39552" src-id="39508" dest-id="39513" weight="-6.521536010880643"/>
<connection id="39553" src-id="39509" dest-id="39513" weight="12.466635196020105"/>
<connection id="39555" src-id="39511" dest-id="39513" weight="5.7688766899238075"/>
<neuron id="39601" type="hid" activation="sigmoid"/>
<connection id="39602" src-id="39470" dest-id="39601" weight="-9.28974640239835"/>
<connection id="39603" src-id="39471" dest-id="39601" weight="-2.1287453188096577"/>
<connection id="39604" src-id="39472" dest-id="39601" weight="0.04774923050629076"/>
<connection id="39605" src-id="39473" dest-id="39601" weight="2.788318303390422"/>
<connection id="39606" src-id="39474" dest-id="39601" weight="-0.8198856064469988"/>
<connection id="39607" src-id="39475" dest-id="39601" weight="2.2622893275911196"/>
<connection id="39608" src-id="39476" dest-id="39601" weight="-2.5041680664789725"/>
<connection id="39609" src-id="39477" dest-id="39601" weight="5.1453496725031656"/>
<connection id="39611" src-id="39479" dest-id="39601" weight="-5.456869131867632"/>
<connection id="39612" src-id="39480" dest-id="39601" weight="1.086852185728968"/>
<connection id="39614" src-id="39482" dest-id="39601" weight="-3.790338812299991"/>
<connection id="39615" src-id="39483" dest-id="39601" weight="8.69967135228637"/>
<connection id="39616" src-id="39484" dest-id="39601" weight="-1.8325629558789123"/>
<connection id="39617" src-id="39485" dest-id="39601" weight="-0.7095754408103272"/>
<connection id="39618" src-id="39486" dest-id="39601" weight="-3.7084057667577603"/>
<connection id="39619" src-id="39487" dest-id="39601" weight="-2.830259330913318"/>
<connection id="39620" src-id="39488" dest-id="39601" weight="-12.153485014277448"/>
<connection id="39621" src-id="39489" dest-id="39601" weight="-0.4602517543336251"/>
<connection id="39623" src-id="39491" dest-id="39601" weight="-4.909578479065297"/>
<connection id="39624" src-id="39492" dest-id="39601" weight="-6.013658717747882"/>
<connection id="39626" src-id="39494" dest-id="39601" weight="7.1871717758351235"/>
<connection id="39627" src-id="39495" dest-id="39601" weight="-7.576622060169388"/>
<connection id="39628" src-id="39496" dest-id="39601" weight="-0.942412987868462"/>
<connection id="39629" src-id="39497" dest-id="39601" weight="-12.597998991093286"/>
<connection id="39630" src-id="39498" dest-id="39601" weight="-4.128146024811844"/>
<connection id="39631" src-id="39499" dest-id="39601" weight="-0.6085499848919544"/>
<connection id="39632" src-id="39500" dest-id="39601" weight="6.498430573062957"/>
<connection id="39634" src-id="39502" dest-id="39601" weight="6.865470171903855"/>
<connection id="39635" src-id="39503" dest-id="39601" weight="0.4698421980270644"/>
<connection id="39636" src-id="39504" dest-id="39601" weight="-3.898400408108326"/>
<connection id="39637" src-id="39505" dest-id="39601" weight="-3.8352713412960777"/>
<connection id="39638" src-id="39506" dest-id="39601" weight="4.918497202179475"/>
<connection id="39639" src-id="39507" dest-id="39601" weight="2.3566286139237533"/>
<connection id="39640" src-id="39508" dest-id="39601" weight="-2.584037461031935"/>
<connection id="39641" src-id="39509" dest-id="39601" weight="-6.2432521685897875"/>
<connection id="39642" src-id="39510" dest-id="39601" weight="-2.5280141393963103"/>
<connection id="39643" src-id="39511" dest-id="39601" weight="-9.841660123296446"/>
<connection id="39644" src-id="39601" dest-id="39512" weight="-6.271214591168768"/>
<neuron id="39645" type="hid" activation="sigmoid"/>
<connection id="39646" src-id="39470" dest-id="39645" weight="-5.455491911838665"/>
<connection id="39647" src-id="39471" dest-id="39645" weight="4.691950064117134"/>
<connection id="39648" src-id="39472" dest-id="39645" weight="-3.8908337047537276"/>
<connection id="39650" src-id="39474" dest-id="39645" weight="-1.7802488055525565"/>
<connection id="39651" src-id="39475" dest-id="39645" weight="0.7549995047985337"/>
<connection id="39653" src-id="39477" dest-id="39645" weight="-8.613845245931447"/>
<connection id="39656" src-id="39480" dest-id="39645" weight="-3.491898714900985"/>
<connection id="39657" src-id="39481" dest-id="39645" weight="4.319681190196999"/>
<connection id="39658" src-id="39482" dest-id="39645" weight="-2.1744748788773984"/>
<connection id="39659" src-id="39483" dest-id="39645" weight="-2.939137932277888"/>
<connection id="39660" src-id="39484" dest-id="39645" weight="-12.110590069222317"/>
<connection id="39662" src-id="39486" dest-id="39645" weight="3.6401147789796915"/>
<connection id="39663" src-id="39487" dest-id="39645" weight="-1.3094795986745327"/>
<connection id="39664" src-id="39488" dest-id="39645" weight="-11.974704015384798"/>
<connection id="39665" src-id="39489" dest-id="39645" weight="-1.6495212764733864"/>
<connection id="39666" src-id="39490" dest-id="39645" weight="-1.2609368536373704"/>
<connection id="39668" src-id="39492" dest-id="39645" weight="-8.314575792630212"/>
<connection id="39670" src-id="39494" dest-id="39645" weight="2.5075361645514054"/>
<connection id="39671" src-id="39495" dest-id="39645" weight="0.6079515200187406"/>
<connection id="39672" src-id="39496" dest-id="39645" weight="-12.55050931506555"/>
<connection id="39673" src-id="39497" dest-id="39645" weight="-3.473607074411385"/>
<connection id="39674" src-id="39498" dest-id="39645" weight="-4.447264809619222"/>
<connection id="39675" src-id="39499" dest-id="39645" weight="8.057669105205127"/>
<connection id="39676" src-id="39500" dest-id="39645" weight="0.46715582304129266"/>
<connection id="39677" src-id="39501" dest-id="39645" weight="13.838565714004465"/>
<connection id="39678" src-id="39502" dest-id="39645" weight="-4.772424938785987"/>
<connection id="39679" src-id="39503" dest-id="39645" weight="5.4182244361848255"/>
<connection id="39680" src-id="39504" dest-id="39645" weight="-2.505384880172134"/>
<connection id="39681" src-id="39505" dest-id="39645" weight="3.151855262876842"/>
<connection id="39682" src-id="39506" dest-id="39645" weight="1.0008407102892964"/>
<connection id="39683" src-id="39507" dest-id="39645" weight="-3.663454667165732"/>
<connection id="39685" src-id="39509" dest-id="39645" weight="5.3721405777756015"/>
<connection id="39686" src-id="39510" dest-id="39645" weight="1.9209492510901995"/>
<connection id="39687" src-id="39511" dest-id="39645" weight="1.395598187872674"/>
<connection id="39688" src-id="39645" dest-id="39512" weight="-0.8337112205034747"/>
<connection id="40254" src-id="39475" dest-id="39512" weight="5.8888655888002"/>
<connection id="40361" src-id="39503" dest-id="39512" weight="10.26305432515029"/>
<neuron id="40571" type="hid" activation="sigmoid"/>
<connection id="40572" src-id="39489" dest-id="40571" weight="-4.3026503575613795"/>
<connection id="40961" src-id="39491" dest-id="39512" weight="6.158906528174896"/>
<connection id="40962" src-id="39513" dest-id="39645" weight="1.8991386797517043"/>
<neuron id="41169" type="hid" activation="sigmoid"/>
<connection id="41170" src-id="39500" dest-id="41169" weight="-2.340722646981528"/>
<connection id="41171" src-id="41169" dest-id="39513" weight="-5.093746985895428"/>
<connection id="41392" src-id="39509" dest-id="39512" weight="0.4152173958761274"/>
<neuron id="41556" type="hid" activation="sigmoid"/>
<connection id="41557" src-id="39480" dest-id="41556" weight="-4.512992514978244"/>
<connection id="41558" src-id="41556" dest-id="39513" weight="-0.11402643265306045"/>
<neuron id="41562" type="hid" activation="sigmoid"/>
<connection id="41563" src-id="39476" dest-id="41562" weight="5.6265912516947605"/>
<connection id="41564" src-id="41562" dest-id="39645" weight="-18.644997529708487"/>
<connection id="41842" src-id="39478" dest-id="41562" weight="5.580575623738269"/>
<connection id="41853" src-id="39504" dest-id="39512" weight="0.9773947124812237"/>
<connection id="42078" src-id="39490" dest-id="40571" weight="6.300665601811383"/>
<neuron id="42131" type="hid" activation="sigmoid"/>
<connection id="42132" src-id="39473" dest-id="42131" weight="-2.504622611311593"/>
<connection id="42133" src-id="42131" dest-id="39645" weight="3.9500723545415504"/>
<neuron id="42379" type="hid" activation="sigmoid"/>
<connection id="42380" src-id="39485" dest-id="42379" weight="3.6177801165564967"/>
<connection id="42381" src-id="42379" dest-id="39645" weight="7.814385915736481"/>
<connection id="42523" src-id="39510" dest-id="40571" weight="4.274163730457998"/>
<connection id="42788" src-id="39491" dest-id="41562" weight="0.48892285046315265"/>
<connection id="42953" src-id="39513" dest-id="41562" weight="0.10922262957777604"/>
<neuron id="43115" type="hid" activation="sigmoid"/>
<connection id="43116" src-id="39481" dest-id="43115" weight="0.001400058060140874"/>
<connection id="43117" src-id="43115" dest-id="39601" weight="-14.783020345465788"/>
<neuron id="43124" type="hid" activation="sigmoid"/>
<connection id="43125" src-id="39513" dest-id="43124" weight="-1.1321675194751484"/>
<connection id="43126" src-id="43124" dest-id="39512" weight="0.7155718775109771"/>
<connection id="43711" src-id="39506" dest-id="40571" weight="8.147393571306257"/>
<neuron id="44026" type="hid" activation="sigmoid"/>
<connection id="44027" src-id="39501" dest-id="44026" weight="-2.666761662699373"/>
<connection id="44028" src-id="44026" dest-id="39513" weight="8.768542045921626"/>
<connection id="44224" src-id="44026" dest-id="40571" weight="1.7285111431509332"/>
<connection id="44226" src-id="39492" dest-id="43115" weight="3.763373951856047"/>
<connection id="44227" src-id="39488" dest-id="41169" weight="-4.564021429708507"/>
<neuron id="44274" type="hid" activation="sigmoid"/>
<connection id="44275" src-id="40571" dest-id="44274" weight="0.4073217267879915"/>
<connection id="44276" src-id="44274" dest-id="39513" weight="-13.117434707407664"/>
<connection id="44742" src-id="39491" dest-id="40571" weight="0.10259640216827393"/>
<connection id="44867" src-id="39473" dest-id="41562" weight="-5.2704619400686274"/>
</chromosome>