<chromosome id="46594" primary-parent-id="46296"><neuron id="39470" type="in" activation="linear"/>
<neuron id="39471" type="in" activation="linear"/>
<neuron id="39472" type="in" activation="linear"/>
<neuron id="39473" type="in" activation="linear"/>
<neuron id="39474" type="in" activation="linear"/>
<neuron id="39475" type="in" activation="linear"/>
<neuron id="39476" type="in" activation="linear"/>
<neuron id="39477" type="in" activation="linear"/>
<neuron id="39478" type="in" activation="linear"/>
<neuron id="39479" type="in" activation="linear"/>
<neuron id="39480" type="in" activation="linear"/>
<neuron id="39481" type="in" activation="linear"/>
<neuron id="39482" type="in" activation="linear"/>
<neuron id="39483" type="in" activation="linear"/>
<neuron id="39484" type="in" activation="linear"/>
<neuron id="39485" type="in" activation="linear"/>
<neuron id="39486" type="in" activation="linear"/>
<neuron id="39487" type="in" activation="linear"/>
<neuron id="39488" type="in" activation="linear"/>
<neuron id="39489" type="in" activation="linear"/>
<neuron id="39490" type="in" activation="linear"/>
<neuron id="39491" type="in" activation="linear"/>
<neuron id="39492" type="in" activation="linear"/>
<neuron id="39493" type="in" activation="linear"/>
<neuron id="39494" type="in" activation="linear"/>
<neuron id="39495" type="in" activation="linear"/>
<neuron id="39496" type="in" activation="linear"/>
<neuron id="39497" type="in" activation="linear"/>
<neuron id="39498" type="in" activation="linear"/>
<neuron id="39499" type="in" activation="linear"/>
<neuron id="39500" type="in" activation="linear"/>
<neuron id="39501" type="in" activation="linear"/>
<neuron id="39502" type="in" activation="linear"/>
<neuron id="39503" type="in" activation="linear"/>
<neuron id="39504" type="in" activation="linear"/>
<neuron id="39505" type="in" activation="linear"/>
<neuron id="39506" type="in" activation="linear"/>
<neuron id="39507" type="in" activation="linear"/>
<neuron id="39508" type="in" activation="linear"/>
<neuron id="39509" type="in" activation="linear"/>
<neuron id="39510" type="in" activation="linear"/>
<neuron id="39511" type="in" activation="linear"/>
<neuron id="39512" type="out" activation="linear"/>
<neuron id="39513" type="hid" activation="sigmoid"/>
<connection id="39515" src-id="39471" dest-id="39513" weight="2.6942061466625264"/>
<connection id="39517" src-id="39473" dest-id="39513" weight="8.75100419098817"/>
<connection id="39518" src-id="39474" dest-id="39513" weight="-7.750848913505644"/>
<connection id="39519" src-id="39475" dest-id="39513" weight="15.921281559121418"/>
<connection id="39523" src-id="39479" dest-id="39513" weight="-11.600680168406218"/>
<connection id="39525" src-id="39481" dest-id="39513" weight="-3.5552325668249614"/>
<connection id="39526" src-id="39482" dest-id="39513" weight="7.4041766376942935"/>
<connection id="39527" src-id="39483" dest-id="39513" weight="-3.8924754667183756"/>
<connection id="39528" src-id="39484" dest-id="39513" weight="-9.476896909247571"/>
<connection id="39530" src-id="39486" dest-id="39513" weight="-4.850333152157305"/>
<connection id="39531" src-id="39487" dest-id="39513" weight="9.519352342484037"/>
<connection id="39532" src-id="39488" dest-id="39513" weight="-5.2022857876737945"/>
<connection id="39534" src-id="39490" dest-id="39513" weight="5.397887667682956"/>
<connection id="39535" src-id="39491" dest-id="39513" weight="5.685997802064027"/>
<connection id="39536" src-id="39492" dest-id="39513" weight="-9.838676003693624"/>
<connection id="39537" src-id="39493" dest-id="39513" weight="7.817781426211615"/>
<connection id="39538" src-id="39494" dest-id="39513" weight="2.8541995010392105"/>
<connection id="39539" src-id="39495" dest-id="39513" weight="9.184813335973898"/>
<connection id="39540" src-id="39496" dest-id="39513" weight="-13.147140668006319"/>
<connection id="39541" src-id="39497" dest-id="39513" weight="-11.528444636944723"/>
<connection id="39542" src-id="39498" dest-id="39513" weight="9.490594860833186"/>
<connection id="39543" src-id="39499" dest-id="39513" weight="21.72166967436277"/>
<connection id="39544" src-id="39500" dest-id="39513" weight="2.9118333652035906"/>
<connection id="39547" src-id="39503" dest-id="39513" weight="1.7156604236301911"/>
<connection id="39548" src-id="39504" dest-id="39513" weight="4.111556404565808"/>
<connection id="39549" src-id="39505" dest-id="39513" weight="5.919571455636495"/>
<connection id="39550" src-id="39506" dest-id="39513" weight="-7.621718994715101"/>
<connection id="39551" src-id="39507" dest-id="39513" weight="0.4875914965228061"/>
<connection id="39552" src-id="39508" dest-id="39513" weight="-18.730549381749995"/>
<connection id="39553" src-id="39509" dest-id="39513" weight="15.08093260511863"/>
<connection id="39555" src-id="39511" dest-id="39513" weight="5.462707423246688"/>
<neuron id="39601" type="hid" activation="sigmoid"/>
<connection id="39602" src-id="39470" dest-id="39601" weight="-13.324036565973607"/>
<connection id="39603" src-id="39471" dest-id="39601" weight="-10.042713431663397"/>
<connection id="39604" src-id="39472" dest-id="39601" weight="9.326519542349192"/>
<connection id="39605" src-id="39473" dest-id="39601" weight="4.286047564708377"/>
<connection id="39606" src-id="39474" dest-id="39601" weight="3.381682050560046"/>
<connection id="39607" src-id="39475" dest-id="39601" weight="4.357819917647882"/>
<connection id="39608" src-id="39476" dest-id="39601" weight="-2.4199978930100414"/>
<connection id="39609" src-id="39477" dest-id="39601" weight="5.564964652814561"/>
<connection id="39611" src-id="39479" dest-id="39601" weight="-7.573826335139561"/>
<connection id="39612" src-id="39480" dest-id="39601" weight="7.269175347318032"/>
<connection id="39614" src-id="39482" dest-id="39601" weight="-0.3708481420490706"/>
<connection id="39615" src-id="39483" dest-id="39601" weight="8.05141163442"/>
<connection id="39616" src-id="39484" dest-id="39601" weight="-2.8769290706811965"/>
<connection id="39617" src-id="39485" dest-id="39601" weight="1.0244688207396269"/>
<connection id="39618" src-id="39486" dest-id="39601" weight="-1.9328032848049617"/>
<connection id="39619" src-id="39487" dest-id="39601" weight="-0.28313043443871155"/>
<connection id="39620" src-id="39488" dest-id="39601" weight="-7.3788572467191695"/>
<connection id="39623" src-id="39491" dest-id="39601" weight="2.1459511011604087"/>
<connection id="39624" src-id="39492" dest-id="39601" weight="4.003321053491856"/>
<connection id="39626" src-id="39494" dest-id="39601" weight="-0.2731715095810485"/>
<connection id="39628" src-id="39496" dest-id="39601" weight="-1.1861755207883922"/>
<connection id="39630" src-id="39498" dest-id="39601" weight="-6.820946796243861"/>
<connection id="39631" src-id="39499" dest-id="39601" weight="-1.2688382405696093"/>
<connection id="39632" src-id="39500" dest-id="39601" weight="2.2335102101557363"/>
<connection id="39634" src-id="39502" dest-id="39601" weight="3.429080632939029"/>
<connection id="39635" src-id="39503" dest-id="39601" weight="4.05431626446886"/>
<connection id="39637" src-id="39505" dest-id="39601" weight="-9.762956028083318"/>
<connection id="39638" src-id="39506" dest-id="39601" weight="8.453276283704124"/>
<connection id="39639" src-id="39507" dest-id="39601" weight="7.765501474776005"/>
<connection id="39640" src-id="39508" dest-id="39601" weight="3.8350936912270215"/>
<connection id="39641" src-id="39509" dest-id="39601" weight="-11.807586771019329"/>
<connection id="39642" src-id="39510" dest-id="39601" weight="-6.89226454890915"/>
<connection id="39643" src-id="39511" dest-id="39601" weight="-9.577126194488482"/>
<connection id="39644" src-id="39601" dest-id="39512" weight="-4.189922799045974"/>
<neuron id="39645" type="hid" activation="sigmoid"/>
<connection id="39646" src-id="39470" dest-id="39645" weight="1.8109361376871456"/>
<connection id="39647" src-id="39471" dest-id="39645" weight="6.653958456539549"/>
<connection id="39648" src-id="39472" dest-id="39645" weight="-6.794298419969431"/>
<connection id="39650" src-id="39474" dest-id="39645" weight="0.6795052663152363"/>
<connection id="39651" src-id="39475" dest-id="39645" weight="4.591811902628695"/>
<connection id="39653" src-id="39477" dest-id="39645" weight="-12.514435112892196"/>
<connection id="39657" src-id="39481" dest-id="39645" weight="2.644571236332004"/>
<connection id="39658" src-id="39482" dest-id="39645" weight="-6.406990770705428"/>
<connection id="39659" src-id="39483" dest-id="39645" weight="3.304517268511547"/>
<connection id="39660" src-id="39484" dest-id="39645" weight="-16.336835151640454"/>
<connection id="39662" src-id="39486" dest-id="39645" weight="3.764551964731732"/>
<connection id="39663" src-id="39487" dest-id="39645" weight="3.975135356448096"/>
<connection id="39664" src-id="39488" dest-id="39645" weight="-13.84448880844518"/>
<connection id="39665" src-id="39489" dest-id="39645" weight="4.345022448004997"/>
<connection id="39666" src-id="39490" dest-id="39645" weight="-7.577924074358339"/>
<connection id="39668" src-id="39492" dest-id="39645" weight="-8.905017542892821"/>
<connection id="39670" src-id="39494" dest-id="39645" weight="-0.05677624974815232"/>
<connection id="39671" src-id="39495" dest-id="39645" weight="-0.9178265764142344"/>
<connection id="39672" src-id="39496" dest-id="39645" weight="-16.048996541406026"/>
<connection id="39673" src-id="39497" dest-id="39645" weight="3.4739053572113807"/>
<connection id="39674" src-id="39498" dest-id="39645" weight="-8.624182458674179"/>
<connection id="39675" src-id="39499" dest-id="39645" weight="8.354301812769114"/>
<connection id="39676" src-id="39500" dest-id="39645" weight="-4.080294650400517"/>
<connection id="39677" src-id="39501" dest-id="39645" weight="18.27321149886773"/>
<connection id="39678" src-id="39502" dest-id="39645" weight="-8.647362223346292"/>
<connection id="39679" src-id="39503" dest-id="39645" weight="-3.296859482094435"/>
<connection id="39680" src-id="39504" dest-id="39645" weight="-7.658370079146264"/>
<connection id="39681" src-id="39505" dest-id="39645" weight="2.6491426770486033"/>
<connection id="39682" src-id="39506" dest-id="39645" weight="2.327770793509819"/>
<connection id="39683" src-id="39507" dest-id="39645" weight="-3.208294896364892"/>
<connection id="39685" src-id="39509" dest-id="39645" weight="6.282303117596621"/>
<connection id="39686" src-id="39510" dest-id="39645" weight="-1.0824819782950494"/>
<connection id="39687" src-id="39511" dest-id="39645" weight="-0.7646593529185433"/>
<connection id="39688" src-id="39645" dest-id="39512" weight="-7.777304427823522"/>
<connection id="39943" src-id="39472" dest-id="39512" weight="0.37265729904174805"/>
<connection id="40254" src-id="39475" dest-id="39512" weight="0.3457206493777426"/>
<connection id="40361" src-id="39503" dest-id="39512" weight="14.928771740785802"/>
<neuron id="40571" type="hid" activation="sigmoid"/>
<connection id="40572" src-id="39489" dest-id="40571" weight="-8.190510824694378"/>
<connection id="40961" src-id="39491" dest-id="39512" weight="3.708624527481945"/>
<connection id="40962" src-id="39513" dest-id="39645" weight="1.6471093828664696"/>
<connection id="41027" src-id="39476" dest-id="39512" weight="2.255677541628607"/>
<neuron id="41163" type="hid" activation="sigmoid"/>
<connection id="41165" src-id="41163" dest-id="39601" weight="-3.2759595089322175"/>
<neuron id="41169" type="hid" activation="sigmoid"/>
<connection id="41170" src-id="39500" dest-id="41169" weight="-2.7222668120267093"/>
<connection id="41171" src-id="41169" dest-id="39513" weight="-7.862345086903561"/>
<neuron id="41175" type="hid" activation="sigmoid"/>
<connection id="41176" src-id="39480" dest-id="41175" weight="2.9631150794440058"/>
<connection id="41177" src-id="41175" dest-id="39645" weight="2.267646526604691"/>
<connection id="41392" src-id="39509" dest-id="39512" weight="3.953218938272883"/>
<neuron id="41535" type="hid" activation="sigmoid"/>
<connection id="41536" src-id="39504" dest-id="41535" weight="0.4617806617622833"/>
<connection id="41537" src-id="41535" dest-id="39601" weight="-3.3668985606548825"/>
<neuron id="41556" type="hid" activation="sigmoid"/>
<connection id="41557" src-id="39480" dest-id="41556" weight="-9.334182850408904"/>
<connection id="41558" src-id="41556" dest-id="39513" weight="-2.9926405607964415"/>
<neuron id="41562" type="hid" activation="sigmoid"/>
<connection id="41563" src-id="39476" dest-id="41562" weight="6.21998788647581"/>
<connection id="41564" src-id="41562" dest-id="39645" weight="-20.925730223805424"/>
<connection id="41842" src-id="39478" dest-id="41562" weight="13.567115044389848"/>
<connection id="41853" src-id="39504" dest-id="39512" weight="3.155327108523378"/>
<neuron id="41867" type="hid" activation="sigmoid"/>
<connection id="41868" src-id="39489" dest-id="41867" weight="1.3946837842957764"/>
<connection id="41869" src-id="41867" dest-id="39601" weight="-3.9566572612552307"/>
<connection id="42078" src-id="39490" dest-id="40571" weight="3.920681782597133"/>
<neuron id="42131" type="hid" activation="sigmoid"/>
<connection id="42132" src-id="39473" dest-id="42131" weight="-7.379935194742111"/>
<connection id="42133" src-id="42131" dest-id="39645" weight="9.542401521593805"/>
<neuron id="42379" type="hid" activation="sigmoid"/>
<connection id="42380" src-id="39485" dest-id="42379" weight="3.111890498296604"/>
<connection id="42381" src-id="42379" dest-id="39645" weight="7.576388007948432"/>
<connection id="42520" src-id="39510" dest-id="41562" weight="-0.6581038236618042"/>
<connection id="42523" src-id="39510" dest-id="40571" weight="12.600280169880579"/>
<connection id="42788" src-id="39491" dest-id="41562" weight="-2.451663115953509"/>
<connection id="42810" src-id="39502" dest-id="39512" weight="0.23457932472229004"/>
<connection id="42953" src-id="39513" dest-id="41562" weight="4.363971254162237"/>
<connection id="43057" src-id="39480" dest-id="41562" weight="-1.8929677650276049"/>
<neuron id="43115" type="hid" activation="sigmoid"/>
<connection id="43116" src-id="39481" dest-id="43115" weight="3.5934796738211854"/>
<connection id="43117" src-id="43115" dest-id="39601" weight="-11.339575969682304"/>
<neuron id="43124" type="hid" activation="sigmoid"/>
<connection id="43125" src-id="39513" dest-id="43124" weight="-8.77326603518274"/>
<connection id="43126" src-id="43124" dest-id="39512" weight="3.202997524356496"/>
<connection id="43711" src-id="39506" dest-id="40571" weight="7.1395189367614424"/>
<neuron id="43826" type="hid" activation="sigmoid"/>
<connection id="43827" src-id="39492" dest-id="43826" weight="-0.27164576027127363"/>
<connection id="43828" src-id="43826" dest-id="39512" weight="-2.7711858228666957"/>
<connection id="43913" src-id="39496" dest-id="40571" weight="0.9110493927410106"/>
<neuron id="44026" type="hid" activation="sigmoid"/>
<connection id="44027" src-id="39501" dest-id="44026" weight="-0.9189018068533392"/>
<connection id="44028" src-id="44026" dest-id="39513" weight="10.55343268405655"/>
<connection id="44224" src-id="44026" dest-id="40571" weight="6.401695306791918"/>
<connection id="44226" src-id="39492" dest-id="43115" weight="-0.7309291116752195"/>
<connection id="44227" src-id="39488" dest-id="41169" weight="-4.163551629410516"/>
<neuron id="44274" type="hid" activation="sigmoid"/>
<connection id="44275" src-id="40571" dest-id="44274" weight="0.26113952911558114"/>
<connection id="44276" src-id="44274" dest-id="39513" weight="-8.947516876195637"/>
<connection id="44443" src-id="39485" dest-id="41562" weight="-7.437839028715849"/>
<connection id="44560" src-id="39479" dest-id="42379" weight="1.994976306294093"/>
<connection id="44605" src-id="39482" dest-id="43124" weight="4.191911386552642"/>
<connection id="44742" src-id="39491" dest-id="40571" weight="5.105296465371623"/>
<connection id="44752" src-id="39502" dest-id="44026" weight="-1.4631800421209644"/>
<connection id="44763" src-id="39471" dest-id="44274" weight="-0.93516182204144"/>
<connection id="44867" src-id="39473" dest-id="41562" weight="-12.315591674447457"/>
<connection id="44978" src-id="39486" dest-id="44274" weight="1.8564390162244253"/>
<connection id="45068" src-id="39487" dest-id="42379" weight="0.6928164958953857"/>
<connection id="45243" src-id="39487" dest-id="44026" weight="3.095072178513164"/>
<connection id="45252" src-id="39485" dest-id="42131" weight="0.3975471763373526"/>
<connection id="45777" src-id="39477" dest-id="41556" weight="-8.66619561541295"/>
<connection id="45778" src-id="39472" dest-id="43124" weight="-0.4355274201021413"/>
<connection id="45869" src-id="43115" dest-id="44274" weight="1.6426930187405786"/>
<connection id="46243" src-id="39479" dest-id="44274" weight="3.9606514029633875"/>
<connection id="46245" src-id="39496" dest-id="44026" weight="2.13988411172098"/>
<connection id="46247" src-id="39601" dest-id="41556" weight="0.2527702355570882"/>
<connection id="46481" src-id="44026" dest-id="43115" weight="1.2703021533558183"/>
<connection id="46483" src-id="39474" dest-id="41163" weight="1.7781475060254963"/>
<connection id="46484" src-id="39474" dest-id="41867" weight="2.330433306477354"/>
<connection id="46485" src-id="43124" dest-id="42379" weight="1.9477205865507239"/>
<connection id="46486" src-id="39508" dest-id="42131" weight="-0.605476323858847"/>
<neuron id="46578" type="hid" activation="sigmoid"/>
<connection id="46579" src-id="39495" dest-id="46578" weight="1.0"/>
<connection id="46580" src-id="46578" dest-id="41163" weight="-0.37704715460950866"/>
</chromosome>