<chromosome id="48164" primary-parent-id="47741"><neuron id="39470" type="in" activation="linear"/>
<neuron id="39471" type="in" activation="linear"/>
<neuron id="39472" type="in" activation="linear"/>
<neuron id="39473" type="in" activation="linear"/>
<neuron id="39474" type="in" activation="linear"/>
<neuron id="39475" type="in" activation="linear"/>
<neuron id="39476" type="in" activation="linear"/>
<neuron id="39477" type="in" activation="linear"/>
<neuron id="39478" type="in" activation="linear"/>
<neuron id="39479" type="in" activation="linear"/>
<neuron id="39480" type="in" activation="linear"/>
<neuron id="39481" type="in" activation="linear"/>
<neuron id="39482" type="in" activation="linear"/>
<neuron id="39483" type="in" activation="linear"/>
<neuron id="39484" type="in" activation="linear"/>
<neuron id="39485" type="in" activation="linear"/>
<neuron id="39486" type="in" activation="linear"/>
<neuron id="39487" type="in" activation="linear"/>
<neuron id="39488" type="in" activation="linear"/>
<neuron id="39489" type="in" activation="linear"/>
<neuron id="39490" type="in" activation="linear"/>
<neuron id="39491" type="in" activation="linear"/>
<neuron id="39492" type="in" activation="linear"/>
<neuron id="39493" type="in" activation="linear"/>
<neuron id="39494" type="in" activation="linear"/>
<neuron id="39495" type="in" activation="linear"/>
<neuron id="39496" type="in" activation="linear"/>
<neuron id="39497" type="in" activation="linear"/>
<neuron id="39498" type="in" activation="linear"/>
<neuron id="39499" type="in" activation="linear"/>
<neuron id="39500" type="in" activation="linear"/>
<neuron id="39501" type="in" activation="linear"/>
<neuron id="39502" type="in" activation="linear"/>
<neuron id="39503" type="in" activation="linear"/>
<neuron id="39504" type="in" activation="linear"/>
<neuron id="39505" type="in" activation="linear"/>
<neuron id="39506" type="in" activation="linear"/>
<neuron id="39507" type="in" activation="linear"/>
<neuron id="39508" type="in" activation="linear"/>
<neuron id="39509" type="in" activation="linear"/>
<neuron id="39510" type="in" activation="linear"/>
<neuron id="39511" type="in" activation="linear"/>
<neuron id="39512" type="out" activation="linear"/>
<neuron id="39513" type="hid" activation="sigmoid"/>
<connection id="39514" src-id="39470" dest-id="39513" weight="6.0888464496248655"/>
<connection id="39515" src-id="39471" dest-id="39513" weight="7.324190976407323"/>
<connection id="39516" src-id="39472" dest-id="39513" weight="-10.641703411075607"/>
<connection id="39517" src-id="39473" dest-id="39513" weight="-3.7650437269829298"/>
<connection id="39519" src-id="39475" dest-id="39513" weight="14.193147745036264"/>
<connection id="39520" src-id="39476" dest-id="39513" weight="18.979493256877483"/>
<connection id="39522" src-id="39478" dest-id="39513" weight="1.215702690375715"/>
<connection id="39523" src-id="39479" dest-id="39513" weight="9.001686081900777"/>
<connection id="39525" src-id="39481" dest-id="39513" weight="1.6520114501105103"/>
<connection id="39526" src-id="39482" dest-id="39513" weight="-7.009766495474671"/>
<connection id="39527" src-id="39483" dest-id="39513" weight="3.276309015540802"/>
<connection id="39528" src-id="39484" dest-id="39513" weight="3.4788317088413776"/>
<connection id="39530" src-id="39486" dest-id="39513" weight="-1.948546103111379"/>
<connection id="39531" src-id="39487" dest-id="39513" weight="-8.714210136432508"/>
<connection id="39532" src-id="39488" dest-id="39513" weight="1.0436888269712252"/>
<connection id="39533" src-id="39489" dest-id="39513" weight="10.30378489948319"/>
<connection id="39534" src-id="39490" dest-id="39513" weight="-15.921857373497792"/>
<connection id="39535" src-id="39491" dest-id="39513" weight="-6.030045363170031"/>
<connection id="39536" src-id="39492" dest-id="39513" weight="5.344905294721767"/>
<connection id="39537" src-id="39493" dest-id="39513" weight="-13.958261180962674"/>
<connection id="39538" src-id="39494" dest-id="39513" weight="-3.024670074414068"/>
<connection id="39539" src-id="39495" dest-id="39513" weight="1.9978217192699235"/>
<connection id="39540" src-id="39496" dest-id="39513" weight="-22.77985478437735"/>
<connection id="39541" src-id="39497" dest-id="39513" weight="-0.44174944729675536"/>
<connection id="39542" src-id="39498" dest-id="39513" weight="-3.2404462623270556"/>
<connection id="39543" src-id="39499" dest-id="39513" weight="-6.7889969301939175"/>
<connection id="39545" src-id="39501" dest-id="39513" weight="-3.6785375483358647"/>
<connection id="39546" src-id="39502" dest-id="39513" weight="-0.6503509040568364"/>
<connection id="39547" src-id="39503" dest-id="39513" weight="-1.3330939937756905"/>
<connection id="39548" src-id="39504" dest-id="39513" weight="-9.658859394457034"/>
<connection id="39549" src-id="39505" dest-id="39513" weight="-6.548166463632236"/>
<connection id="39550" src-id="39506" dest-id="39513" weight="5.533136272596691"/>
<connection id="39551" src-id="39507" dest-id="39513" weight="-5.624821520465564"/>
<connection id="39552" src-id="39508" dest-id="39513" weight="3.005373695344073"/>
<connection id="39553" src-id="39509" dest-id="39513" weight="5.289594492113763"/>
<connection id="39555" src-id="39511" dest-id="39513" weight="-2.8630806364000145"/>
<connection id="39556" src-id="39513" dest-id="39512" weight="-2.3783663756696436"/>
<neuron id="39557" type="hid" activation="sigmoid"/>
<connection id="39558" src-id="39470" dest-id="39557" weight="-12.394646446303359"/>
<connection id="39560" src-id="39472" dest-id="39557" weight="-12.670317638127104"/>
<connection id="39561" src-id="39473" dest-id="39557" weight="1.8163617421090392"/>
<connection id="39562" src-id="39474" dest-id="39557" weight="-3.9390754175546867"/>
<connection id="39563" src-id="39475" dest-id="39557" weight="3.4918475703863177"/>
<connection id="39564" src-id="39476" dest-id="39557" weight="-0.10592852331218383"/>
<connection id="39565" src-id="39477" dest-id="39557" weight="-14.243965736360975"/>
<connection id="39567" src-id="39479" dest-id="39557" weight="-1.6597269088047248"/>
<connection id="39569" src-id="39481" dest-id="39557" weight="0.8497876481812912"/>
<connection id="39571" src-id="39483" dest-id="39557" weight="-6.053552178176087"/>
<connection id="39572" src-id="39484" dest-id="39557" weight="9.480295817867361"/>
<connection id="39573" src-id="39485" dest-id="39557" weight="18.718296282910657"/>
<connection id="39575" src-id="39487" dest-id="39557" weight="9.866801236424838"/>
<connection id="39576" src-id="39488" dest-id="39557" weight="-9.721628669968227"/>
<connection id="39577" src-id="39489" dest-id="39557" weight="-3.45112468435158"/>
<connection id="39578" src-id="39490" dest-id="39557" weight="-18.66955520549714"/>
<connection id="39579" src-id="39491" dest-id="39557" weight="7.593316079139709"/>
<connection id="39580" src-id="39492" dest-id="39557" weight="1.0198790317230715"/>
<connection id="39581" src-id="39493" dest-id="39557" weight="0.29997026273616134"/>
<connection id="39582" src-id="39494" dest-id="39557" weight="-7.332926290134282"/>
<connection id="39583" src-id="39495" dest-id="39557" weight="-9.67638841082322"/>
<connection id="39584" src-id="39496" dest-id="39557" weight="1.548741472463513"/>
<connection id="39586" src-id="39498" dest-id="39557" weight="-9.051714202057077"/>
<connection id="39587" src-id="39499" dest-id="39557" weight="0.27652918469028787"/>
<connection id="39588" src-id="39500" dest-id="39557" weight="-7.096967795337443"/>
<connection id="39589" src-id="39501" dest-id="39557" weight="7.674176824315163"/>
<connection id="39590" src-id="39502" dest-id="39557" weight="-8.326009028004902"/>
<connection id="39591" src-id="39503" dest-id="39557" weight="8.576803215190777"/>
<connection id="39592" src-id="39504" dest-id="39557" weight="8.97279989605582"/>
<connection id="39593" src-id="39505" dest-id="39557" weight="-1.4081200199388828"/>
<connection id="39595" src-id="39507" dest-id="39557" weight="1.5686988843546832"/>
<connection id="39596" src-id="39508" dest-id="39557" weight="9.066792456651463"/>
<connection id="39597" src-id="39509" dest-id="39557" weight="-4.8489561476667795"/>
<connection id="39600" src-id="39557" dest-id="39512" weight="-3.178459188002483"/>
<neuron id="39601" type="hid" activation="sigmoid"/>
<connection id="39602" src-id="39470" dest-id="39601" weight="-3.2748295442059696"/>
<connection id="39604" src-id="39472" dest-id="39601" weight="18.98566801540569"/>
<connection id="39606" src-id="39474" dest-id="39601" weight="4.943126198176381"/>
<connection id="39609" src-id="39477" dest-id="39601" weight="-4.9718308477721145"/>
<connection id="39610" src-id="39478" dest-id="39601" weight="-6.660422125801919"/>
<connection id="39611" src-id="39479" dest-id="39601" weight="7.009528455825021"/>
<connection id="39612" src-id="39480" dest-id="39601" weight="-13.313304931628386"/>
<connection id="39614" src-id="39482" dest-id="39601" weight="-14.537813390570527"/>
<connection id="39615" src-id="39483" dest-id="39601" weight="-4.78340577163043"/>
<connection id="39616" src-id="39484" dest-id="39601" weight="0.8350030310248839"/>
<connection id="39617" src-id="39485" dest-id="39601" weight="-2.0422972746452"/>
<connection id="39618" src-id="39486" dest-id="39601" weight="-24.389879320027216"/>
<connection id="39620" src-id="39488" dest-id="39601" weight="-4.561391839429582"/>
<connection id="39621" src-id="39489" dest-id="39601" weight="-5.5645211913062536"/>
<connection id="39622" src-id="39490" dest-id="39601" weight="-7.894406400627285"/>
<connection id="39623" src-id="39491" dest-id="39601" weight="0.8570643195706626"/>
<connection id="39624" src-id="39492" dest-id="39601" weight="8.210321184072265"/>
<connection id="39625" src-id="39493" dest-id="39601" weight="2.9114390606813827"/>
<connection id="39626" src-id="39494" dest-id="39601" weight="9.582759749127012"/>
<connection id="39627" src-id="39495" dest-id="39601" weight="9.74567953242358"/>
<connection id="39629" src-id="39497" dest-id="39601" weight="-0.1688778572437757"/>
<connection id="39630" src-id="39498" dest-id="39601" weight="0.4336820755860562"/>
<connection id="39632" src-id="39500" dest-id="39601" weight="17.00537056074026"/>
<connection id="39633" src-id="39501" dest-id="39601" weight="-14.573388012837821"/>
<connection id="39635" src-id="39503" dest-id="39601" weight="2.86015499775866"/>
<connection id="39638" src-id="39506" dest-id="39601" weight="1.6722783852538583"/>
<connection id="39640" src-id="39508" dest-id="39601" weight="-2.0494299664501083"/>
<connection id="39641" src-id="39509" dest-id="39601" weight="8.222043032389614"/>
<connection id="39643" src-id="39511" dest-id="39601" weight="-4.707554460869255"/>
<connection id="39644" src-id="39601" dest-id="39512" weight="1.1535169117918378"/>
<neuron id="39645" type="hid" activation="sigmoid"/>
<connection id="39646" src-id="39470" dest-id="39645" weight="7.977966820053713"/>
<connection id="39648" src-id="39472" dest-id="39645" weight="17.856251441742796"/>
<connection id="39652" src-id="39476" dest-id="39645" weight="9.991234114947048"/>
<connection id="39656" src-id="39480" dest-id="39645" weight="8.349577157014053"/>
<connection id="39657" src-id="39481" dest-id="39645" weight="12.193500915845608"/>
<connection id="39658" src-id="39482" dest-id="39645" weight="5.697528220186044"/>
<connection id="39659" src-id="39483" dest-id="39645" weight="0.273652140834995"/>
<connection id="39660" src-id="39484" dest-id="39645" weight="4.357412573877408"/>
<connection id="39661" src-id="39485" dest-id="39645" weight="-4.454174276654939"/>
<connection id="39662" src-id="39486" dest-id="39645" weight="0.33342761581018265"/>
<connection id="39663" src-id="39487" dest-id="39645" weight="-14.193222227959716"/>
<connection id="39665" src-id="39489" dest-id="39645" weight="11.617391016865069"/>
<connection id="39667" src-id="39491" dest-id="39645" weight="-3.5196770233020036"/>
<connection id="39668" src-id="39492" dest-id="39645" weight="-17.190710453154942"/>
<connection id="39669" src-id="39493" dest-id="39645" weight="-8.4815045604333"/>
<connection id="39670" src-id="39494" dest-id="39645" weight="-2.903239732519566"/>
<connection id="39671" src-id="39495" dest-id="39645" weight="1.8754791923974494"/>
<connection id="39673" src-id="39497" dest-id="39645" weight="9.481971170995006"/>
<connection id="39674" src-id="39498" dest-id="39645" weight="14.294267855630531"/>
<connection id="39677" src-id="39501" dest-id="39645" weight="15.362599310013794"/>
<connection id="39679" src-id="39503" dest-id="39645" weight="-1.0705596891416982"/>
<connection id="39681" src-id="39505" dest-id="39645" weight="-4.110204296598664"/>
<connection id="39682" src-id="39506" dest-id="39645" weight="16.616538718415242"/>
<connection id="39683" src-id="39507" dest-id="39645" weight="-0.29820097973240367"/>
<connection id="39685" src-id="39509" dest-id="39645" weight="-4.751437435176614"/>
<connection id="39688" src-id="39645" dest-id="39512" weight="12.84356246158573"/>
<connection id="40249" src-id="39492" dest-id="39512" weight="15.096875373854196"/>
<connection id="40254" src-id="39475" dest-id="39512" weight="2.263555139361451"/>
<neuron id="40493" type="hid" activation="sigmoid"/>
<connection id="40495" src-id="40493" dest-id="39557" weight="-5.358590966668495"/>
<neuron id="41115" type="hid" activation="sigmoid"/>
<connection id="41116" src-id="39473" dest-id="41115" weight="1.9974844714245603"/>
<connection id="41117" src-id="41115" dest-id="39601" weight="9.65827570645725"/>
<connection id="41245" src-id="39484" dest-id="39512" weight="0.404819853594625"/>
<neuron id="41520" type="hid" activation="sigmoid"/>
<connection id="41521" src-id="39511" dest-id="41520" weight="1.838657797526683"/>
<connection id="41522" src-id="41520" dest-id="39557" weight="13.339554863322828"/>
<neuron id="41523" type="hid" activation="sigmoid"/>
<connection id="41524" src-id="39509" dest-id="41523" weight="-3.2275561718012042"/>
<connection id="41525" src-id="41523" dest-id="39513" weight="15.875633354631624"/>
<neuron id="41535" type="hid" activation="sigmoid"/>
<connection id="41536" src-id="39504" dest-id="41535" weight="10.965360529291367"/>
<connection id="41537" src-id="41535" dest-id="39601" weight="0.5501017804743455"/>
<neuron id="41538" type="hid" activation="sigmoid"/>
<connection id="41540" src-id="41538" dest-id="39557" weight="4.1253556132119895"/>
<neuron id="41565" type="hid" activation="sigmoid"/>
<connection id="41566" src-id="39471" dest-id="41565" weight="5.777562012725071"/>
<connection id="41567" src-id="41565" dest-id="39601" weight="0.3995314663794147"/>
<neuron id="41580" type="hid" activation="sigmoid"/>
<connection id="41581" src-id="39508" dest-id="41580" weight="-3.50111521031803"/>
<connection id="41582" src-id="41580" dest-id="39645" weight="12.034844987512805"/>
<connection id="41733" src-id="39509" dest-id="41520" weight="7.381142836213252"/>
<connection id="41800" src-id="39645" dest-id="39601" weight="-2.1108533463994785"/>
<neuron id="41906" type="hid" activation="sigmoid"/>
<connection id="41907" src-id="39510" dest-id="41906" weight="6.9791649703254945"/>
<connection id="41908" src-id="41906" dest-id="39601" weight="2.195971114178914"/>
<connection id="42007" src-id="39497" dest-id="39512" weight="8.437791065497374"/>
<connection id="42044" src-id="39502" dest-id="41523" weight="0.16728263951303599"/>
<connection id="42045" src-id="39484" dest-id="41520" weight="-7.874154853018066"/>
<connection id="42087" src-id="39470" dest-id="41520" weight="-2.1180938221544827"/>
<neuron id="42134" type="hid" activation="sigmoid"/>
<connection id="42135" src-id="39502" dest-id="42134" weight="-13.58950699926581"/>
<connection id="42136" src-id="42134" dest-id="39601" weight="21.255673585805965"/>
<neuron id="42155" type="hid" activation="sigmoid"/>
<connection id="42156" src-id="39488" dest-id="42155" weight="16.329354359015724"/>
<connection id="42157" src-id="42155" dest-id="39645" weight="-3.1690986475414875"/>
<connection id="42252" src-id="39472" dest-id="41906" weight="13.527020763776841"/>
<connection id="42255" src-id="39481" dest-id="41520" weight="-4.436925975517249"/>
<connection id="42274" src-id="39483" dest-id="41523" weight="-2.094526250660275"/>
<connection id="42318" src-id="41520" dest-id="41523" weight="-1.7248874039337778"/>
<connection id="42339" src-id="39503" dest-id="41906" weight="-4.207442788088628"/>
<neuron id="42400" type="hid" activation="sigmoid"/>
<connection id="42402" src-id="42400" dest-id="39601" weight="-6.315698940962212"/>
<connection id="42453" src-id="39491" dest-id="41520" weight="3.2758213018806615"/>
<connection id="42466" src-id="39478" dest-id="41520" weight="-6.384101576236904"/>
<connection id="42627" src-id="39482" dest-id="41906" weight="0.38785276795433"/>
<connection id="42628" src-id="39490" dest-id="41523" weight="-9.722029699253348"/>
<connection id="42631" src-id="39483" dest-id="41520" weight="-1.4130058986783758"/>
<neuron id="42640" type="hid" activation="sigmoid"/>
<connection id="42641" src-id="39478" dest-id="42640" weight="6.880911369457362"/>
<connection id="42642" src-id="42640" dest-id="39557" weight="17.531417815842115"/>
<connection id="42850" src-id="39473" dest-id="42134" weight="10.809962085767966"/>
<connection id="42856" src-id="41520" dest-id="39513" weight="2.927712125256517"/>
<connection id="42862" src-id="39507" dest-id="41523" weight="8.179207270485517"/>
<neuron id="42901" type="hid" activation="sigmoid"/>
<connection id="42903" src-id="42901" dest-id="39645" weight="-7.216390398462671"/>
<connection id="42975" src-id="39510" dest-id="41520" weight="-8.736211441936065"/>
<neuron id="43097" type="hid" activation="sigmoid"/>
<connection id="43098" src-id="39491" dest-id="43097" weight="-3.911388998573579"/>
<connection id="43099" src-id="43097" dest-id="39512" weight="0.6235323490693341"/>
<neuron id="43115" type="hid" activation="sigmoid"/>
<connection id="43116" src-id="39481" dest-id="43115" weight="3.6597194081791504"/>
<connection id="43117" src-id="43115" dest-id="39601" weight="9.893841454725553"/>
<connection id="43230" src-id="39471" dest-id="39512" weight="3.745991816388493"/>
<connection id="43269" src-id="39495" dest-id="41520" weight="-9.724842607316933"/>
<connection id="43314" src-id="39500" dest-id="41565" weight="-2.7805075669416857"/>
<connection id="43318" src-id="39509" dest-id="42155" weight="-1.676158885349678"/>
<connection id="43342" src-id="39499" dest-id="42134" weight="-7.648056027993689"/>
<neuron id="43362" type="hid" activation="sigmoid"/>
<connection id="43363" src-id="39475" dest-id="43362" weight="5.1160682625449985"/>
<connection id="43364" src-id="43362" dest-id="39645" weight="-0.4912155661488966"/>
<neuron id="43365" type="hid" activation="sigmoid"/>
<connection id="43366" src-id="39477" dest-id="43365" weight="5.041680881696928"/>
<connection id="43367" src-id="43365" dest-id="39513" weight="-12.914006761043378"/>
<connection id="43442" src-id="39484" dest-id="42901" weight="3.848735629120243"/>
<connection id="43501" src-id="39489" dest-id="41520" weight="5.250699570890097"/>
<connection id="43521" src-id="39511" dest-id="41565" weight="3.3865007611358737"/>
<connection id="43523" src-id="39471" dest-id="42134" weight="3.2462756435180564"/>
<connection id="43533" src-id="42134" dest-id="41906" weight="0.4061838101633368"/>
<neuron id="43588" type="hid" activation="sigmoid"/>
<connection id="43589" src-id="39475" dest-id="43588" weight="-4.254555321381828"/>
<connection id="43590" src-id="43588" dest-id="39601" weight="-6.323787619441831"/>
<connection id="43724" src-id="39513" dest-id="42134" weight="-9.012541762366581"/>
<connection id="43726" src-id="39497" dest-id="42901" weight="2.5792075089154114"/>
<connection id="43748" src-id="39502" dest-id="41535" weight="0.9043234349583065"/>
<connection id="43940" src-id="39509" dest-id="41565" weight="1.3561276904613433"/>
<connection id="43952" src-id="39506" dest-id="41565" weight="-6.226159406653934"/>
<connection id="44085" src-id="39501" dest-id="41538" weight="0.6821908139186132"/>
<connection id="44088" src-id="39494" dest-id="41538" weight="-8.244907669227619"/>
<connection id="44143" src-id="41538" dest-id="39513" weight="15.106721029674807"/>
<connection id="44165" src-id="39500" dest-id="41535" weight="4.098187247775692"/>
<connection id="44183" src-id="39495" dest-id="41115" weight="-1.891903408598191"/>
<connection id="44229" src-id="39478" dest-id="43115" weight="-1.1398207650124181"/>
<connection id="44374" src-id="39502" dest-id="41538" weight="22.541020274794302"/>
<connection id="44375" src-id="39491" dest-id="41565" weight="-0.7575017607791237"/>
<connection id="44376" src-id="41523" dest-id="42155" weight="13.65881127868522"/>
<connection id="44377" src-id="39645" dest-id="41535" weight="5.4990804883385955"/>
<connection id="44387" src-id="39488" dest-id="42134" weight="6.332854225444338"/>
<connection id="44431" src-id="39495" dest-id="42901" weight="-0.6778783656087828"/>
<connection id="44685" src-id="42155" dest-id="42134" weight="2.7364600966543886"/>
<connection id="44688" src-id="43588" dest-id="39512" weight="9.63543094343375"/>
<connection id="44690" src-id="42901" dest-id="39513" weight="-6.828563578772225"/>
<connection id="44691" src-id="39494" dest-id="41565" weight="-4.336492336798907"/>
<connection id="44693" src-id="41565" dest-id="41520" weight="1.4551080043021578"/>
<connection id="45038" src-id="39488" dest-id="41565" weight="6.3623124087534375"/>
<connection id="45041" src-id="40493" dest-id="43588" weight="9.786043200943011"/>
<connection id="45042" src-id="39497" dest-id="40493" weight="-1.046922337924812"/>
<connection id="45058" src-id="41520" dest-id="41906" weight="8.397247860132019"/>
<connection id="45171" src-id="41565" dest-id="39513" weight="3.1755368339692955"/>
<connection id="45188" src-id="39485" dest-id="41538" weight="-3.7543511327443833"/>
<connection id="45272" src-id="39478" dest-id="41565" weight="-1.6875811226987079"/>
<connection id="45274" src-id="39509" dest-id="41580" weight="13.514951462798473"/>
<connection id="45275" src-id="39470" dest-id="42155" weight="3.220948207670202"/>
<connection id="45276" src-id="39478" dest-id="42901" weight="4.722922105744038"/>
<connection id="45278" src-id="39500" dest-id="40493" weight="-4.0932022868181015"/>
<connection id="45286" src-id="39479" dest-id="41565" weight="4.786689345664462"/>
<connection id="45422" src-id="39490" dest-id="41535" weight="5.1501046698386865"/>
<connection id="45482" src-id="39601" dest-id="43097" weight="-4.767320116240471"/>
<connection id="45534" src-id="41565" dest-id="41535" weight="-2.6896329158056558"/>
<connection id="45536" src-id="39484" dest-id="41906" weight="0.47466982168917315"/>
<connection id="45537" src-id="39490" dest-id="43588" weight="-2.1801811139406944"/>
<connection id="45538" src-id="41538" dest-id="41906" weight="-10.370424206103989"/>
<connection id="45540" src-id="39488" dest-id="43097" weight="-0.7266293956686396"/>
<connection id="45542" src-id="39493" dest-id="42155" weight="-8.146860587744845"/>
<neuron id="45672" type="hid" activation="sigmoid"/>
<connection id="45673" src-id="43097" dest-id="45672" weight="3.0297252674594977"/>
<connection id="45674" src-id="45672" dest-id="39512" weight="-16.22693419530464"/>
<neuron id="45675" type="hid" activation="sigmoid"/>
<connection id="45676" src-id="39497" dest-id="45675" weight="-0.679329541681166"/>
<connection id="45677" src-id="45675" dest-id="41538" weight="-16.90682964929752"/>
<connection id="45845" src-id="41538" dest-id="41580" weight="-3.76605000308524"/>
<connection id="45846" src-id="41580" dest-id="42134" weight="5.301038026489397"/>
<connection id="45847" src-id="40493" dest-id="42134" weight="4.634049009327006"/>
<neuron id="45914" type="hid" activation="sigmoid"/>
<connection id="45915" src-id="39480" dest-id="45914" weight="5.019815420970115"/>
<connection id="45916" src-id="45914" dest-id="40493" weight="-8.662213859435383"/>
<neuron id="45935" type="hid" activation="sigmoid"/>
<connection id="45936" src-id="39513" dest-id="45935" weight="-5.340095665710544"/>
<connection id="45937" src-id="45935" dest-id="39645" weight="-2.123542323894333"/>
<connection id="46012" src-id="39494" dest-id="41535" weight="2.0224204408990403"/>
<connection id="46151" src-id="39508" dest-id="45675" weight="5.154339690620168"/>
<connection id="46153" src-id="39473" dest-id="45672" weight="1.3474836319087045"/>
<connection id="46154" src-id="39493" dest-id="42400" weight="0.8944722345226581"/>
<connection id="46156" src-id="39490" dest-id="41115" weight="7.500493641929186"/>
<connection id="46157" src-id="39471" dest-id="45675" weight="-5.371837139300025"/>
<connection id="46158" src-id="41535" dest-id="40493" weight="3.7191496028039133"/>
<connection id="46159" src-id="39510" dest-id="43097" weight="6.4548767493532395"/>
<connection id="46162" src-id="39491" dest-id="42400" weight="-8.501850196750775"/>
<connection id="46163" src-id="39494" dest-id="40493" weight="-2.8830815439938844"/>
<connection id="46164" src-id="41520" dest-id="43097" weight="-7.925721747582026"/>
<connection id="46165" src-id="42155" dest-id="39513" weight="-5.666065619300622"/>
<connection id="46166" src-id="39488" dest-id="41523" weight="-4.356690576937834"/>
<connection id="46167" src-id="42400" dest-id="41523" weight="-0.05587046250714289"/>
<connection id="46188" src-id="39493" dest-id="42901" weight="-4.495328694373305"/>
<connection id="46363" src-id="39505" dest-id="41538" weight="-0.2646592870170069"/>
<connection id="46374" src-id="39487" dest-id="41115" weight="-4.004861656428358"/>
<connection id="46555" src-id="43362" dest-id="43588" weight="-3.091754537892692"/>
<connection id="46688" src-id="45675" dest-id="42640" weight="3.561616791228067"/>
<connection id="46834" src-id="39491" dest-id="41535" weight="0.340293886539087"/>
<connection id="46835" src-id="39511" dest-id="41115" weight="3.6606260934112647"/>
<connection id="46837" src-id="39499" dest-id="43362" weight="-5.84900662959864"/>
<connection id="46839" src-id="39507" dest-id="42400" weight="0.33965591301339026"/>
<connection id="46844" src-id="41538" dest-id="42901" weight="2.457826133853154"/>
<neuron id="46885" type="hid" activation="sigmoid"/>
<connection id="46886" src-id="39482" dest-id="46885" weight="5.680036783336894"/>
<connection id="46887" src-id="46885" dest-id="40493" weight="2.2682500026933194"/>
<connection id="47345" src-id="41565" dest-id="42640" weight="-3.860211122574581"/>
<connection id="47347" src-id="39497" dest-id="46885" weight="-0.5026943248664332"/>
<connection id="47351" src-id="39557" dest-id="43097" weight="-2.477279859545724"/>
<connection id="47352" src-id="39496" dest-id="46885" weight="-6.610813424991018"/>
<connection id="47353" src-id="40493" dest-id="41115" weight="-0.6694466812815156"/>
<connection id="47355" src-id="39494" dest-id="43362" weight="-1.8791740541884296"/>
<connection id="47388" src-id="39501" dest-id="40493" weight="2.4431348319673942"/>
<connection id="47777" src-id="39488" dest-id="46885" weight="-2.3367971054088588"/>
<connection id="47778" src-id="43365" dest-id="41538" weight="-2.137742721791951"/>
<connection id="47783" src-id="42400" dest-id="39512" weight="-3.4555653924316934"/>
<connection id="47784" src-id="39478" dest-id="45672" weight="-0.8732421398162842"/>
<connection id="47785" src-id="45675" dest-id="41906" weight="-0.2924751043319702"/>
<connection id="47786" src-id="46885" dest-id="39645" weight="0.5397950017952"/>
<connection id="47787" src-id="39492" dest-id="41580" weight="-4.512436273122299"/>
<connection id="47788" src-id="43365" dest-id="43362" weight="0.2648679984294722"/>
<neuron id="48109" type="hid" activation="sigmoid"/>
<connection id="48110" src-id="39501" dest-id="48109" weight="4.895068549542584"/>
<connection id="48111" src-id="48109" dest-id="41523" weight="9.693457843741884"/>
<neuron id="48112" type="hid" activation="sigmoid"/>
<connection id="48113" src-id="41523" dest-id="48112" weight="-2.4642970860497457"/>
<connection id="48114" src-id="48112" dest-id="39645" weight="-2.3682665800206486"/>
</chromosome>