<chromosome id="47944" primary-parent-id="47690" secondary-parent-id="47339"><neuron id="46664" type="in" activation="linear"/>
<neuron id="46665" type="in" activation="linear"/>
<neuron id="46666" type="in" activation="linear"/>
<neuron id="46667" type="in" activation="linear"/>
<neuron id="46668" type="in" activation="linear"/>
<neuron id="46669" type="in" activation="linear"/>
<neuron id="46670" type="in" activation="linear"/>
<neuron id="46671" type="in" activation="linear"/>
<neuron id="46672" type="in" activation="linear"/>
<neuron id="46673" type="in" activation="linear"/>
<neuron id="46674" type="in" activation="linear"/>
<neuron id="46675" type="in" activation="linear"/>
<neuron id="46676" type="in" activation="linear"/>
<neuron id="46677" type="in" activation="linear"/>
<neuron id="46678" type="in" activation="linear"/>
<neuron id="46679" type="in" activation="linear"/>
<neuron id="46680" type="in" activation="linear"/>
<neuron id="46681" type="in" activation="linear"/>
<neuron id="46682" type="in" activation="linear"/>
<neuron id="46683" type="in" activation="linear"/>
<neuron id="46684" type="in" activation="linear"/>
<neuron id="46685" type="in" activation="linear"/>
<neuron id="46686" type="in" activation="linear"/>
<neuron id="46687" type="in" activation="linear"/>
<neuron id="46688" type="in" activation="linear"/>
<neuron id="46689" type="in" activation="linear"/>
<neuron id="46690" type="in" activation="linear"/>
<neuron id="46691" type="in" activation="linear"/>
<neuron id="46692" type="in" activation="linear"/>
<neuron id="46693" type="in" activation="linear"/>
<neuron id="46694" type="in" activation="linear"/>
<neuron id="46695" type="in" activation="linear"/>
<neuron id="46696" type="in" activation="linear"/>
<neuron id="46697" type="in" activation="linear"/>
<neuron id="46698" type="in" activation="linear"/>
<neuron id="46699" type="in" activation="linear"/>
<neuron id="46700" type="in" activation="linear"/>
<neuron id="46701" type="in" activation="linear"/>
<neuron id="46702" type="in" activation="linear"/>
<neuron id="46703" type="in" activation="linear"/>
<neuron id="46704" type="in" activation="linear"/>
<neuron id="46705" type="in" activation="linear"/>
<neuron id="46706" type="out" activation="linear"/>
<neuron id="46707" type="hid" activation="sigmoid"/>
<connection id="46708" src-id="46664" dest-id="46707" weight="-0.9734746846862569"/>
<connection id="46709" src-id="46665" dest-id="46707" weight="-1.8259172184447294"/>
<connection id="46710" src-id="46666" dest-id="46707" weight="-0.33093954343535464"/>
<connection id="46711" src-id="46667" dest-id="46707" weight="-3.154589421839142"/>
<connection id="46712" src-id="46668" dest-id="46707" weight="-1.51886919254639"/>
<connection id="46713" src-id="46669" dest-id="46707" weight="-4.88046551957634"/>
<connection id="46714" src-id="46670" dest-id="46707" weight="4.627507099589791"/>
<connection id="46715" src-id="46671" dest-id="46707" weight="-0.054189773382887996"/>
<connection id="46716" src-id="46672" dest-id="46707" weight="-4.82773442877531"/>
<connection id="46717" src-id="46673" dest-id="46707" weight="1.2104099453014951"/>
<connection id="46718" src-id="46674" dest-id="46707" weight="1.8503534034703657"/>
<connection id="46719" src-id="46675" dest-id="46707" weight="6.552236106672846"/>
<connection id="46720" src-id="46676" dest-id="46707" weight="1.193267422418132"/>
<connection id="46721" src-id="46677" dest-id="46707" weight="-3.1069853584234375"/>
<connection id="46722" src-id="46678" dest-id="46707" weight="2.215435148040461"/>
<connection id="46723" src-id="46679" dest-id="46707" weight="-1.859801606876123"/>
<connection id="46724" src-id="46680" dest-id="46707" weight="1.486661383794516"/>
<connection id="46725" src-id="46681" dest-id="46707" weight="-2.3950126859625436"/>
<connection id="46726" src-id="46682" dest-id="46707" weight="3.630087422001653"/>
<connection id="46727" src-id="46683" dest-id="46707" weight="-0.34875407640606304"/>
<connection id="46728" src-id="46684" dest-id="46707" weight="-3.8717431318036324"/>
<connection id="46729" src-id="46685" dest-id="46707" weight="0.25544799916563876"/>
<connection id="46730" src-id="46686" dest-id="46707" weight="1.4094602019982352"/>
<connection id="46731" src-id="46687" dest-id="46707" weight="2.535609072340936"/>
<connection id="46732" src-id="46688" dest-id="46707" weight="-2.78231513251317"/>
<connection id="46733" src-id="46689" dest-id="46707" weight="-4.803682816196445"/>
<connection id="46734" src-id="46690" dest-id="46707" weight="-3.8184025942499766"/>
<connection id="46735" src-id="46691" dest-id="46707" weight="-0.5348810740435809"/>
<connection id="46736" src-id="46692" dest-id="46707" weight="-5.402630838974904"/>
<connection id="46737" src-id="46693" dest-id="46707" weight="-3.305159183545906"/>
<connection id="46738" src-id="46694" dest-id="46707" weight="2.50734214954619"/>
<connection id="46739" src-id="46695" dest-id="46707" weight="5.22989047605228"/>
<connection id="46740" src-id="46696" dest-id="46707" weight="2.1619925277883087"/>
<connection id="46741" src-id="46697" dest-id="46707" weight="1.140086184459402"/>
<connection id="46742" src-id="46698" dest-id="46707" weight="-0.11644720381747464"/>
<connection id="46743" src-id="46699" dest-id="46707" weight="-1.812664098564559"/>
<connection id="46744" src-id="46700" dest-id="46707" weight="-4.08091552297003"/>
<connection id="46745" src-id="46701" dest-id="46707" weight="-3.3045936150880477"/>
<connection id="46746" src-id="46702" dest-id="46707" weight="7.538166650579039"/>
<connection id="46747" src-id="46703" dest-id="46707" weight="-5.393128676833677"/>
<connection id="46748" src-id="46704" dest-id="46707" weight="-1.1116837245169342"/>
<connection id="46749" src-id="46705" dest-id="46707" weight="-1.6001233252381377"/>
<connection id="46750" src-id="46707" dest-id="46706" weight="2.591268382815269"/>
<neuron id="46751" type="hid" activation="sigmoid"/>
<connection id="46752" src-id="46664" dest-id="46751" weight="-2.7379419080567913"/>
<connection id="46753" src-id="46665" dest-id="46751" weight="-0.49822119866417935"/>
<connection id="46754" src-id="46666" dest-id="46751" weight="4.854107013399341"/>
<connection id="46755" src-id="46667" dest-id="46751" weight="-2.9804721306726085"/>
<connection id="46756" src-id="46668" dest-id="46751" weight="0.28646050868778583"/>
<connection id="46758" src-id="46670" dest-id="46751" weight="-2.1037343198067897"/>
<connection id="46759" src-id="46671" dest-id="46751" weight="-6.521561594530633"/>
<connection id="46760" src-id="46672" dest-id="46751" weight="6.474061384361401"/>
<connection id="46761" src-id="46673" dest-id="46751" weight="2.200000596303171"/>
<connection id="46762" src-id="46674" dest-id="46751" weight="2.80979385541346"/>
<connection id="46763" src-id="46675" dest-id="46751" weight="-4.047005872386142"/>
<connection id="46764" src-id="46676" dest-id="46751" weight="4.717149030295802"/>
<connection id="46765" src-id="46677" dest-id="46751" weight="1.6540687624966202"/>
<connection id="46766" src-id="46678" dest-id="46751" weight="-0.6115892985067808"/>
<connection id="46767" src-id="46679" dest-id="46751" weight="4.008305307511128"/>
<connection id="46768" src-id="46680" dest-id="46751" weight="-3.354238655812135"/>
<connection id="46769" src-id="46681" dest-id="46751" weight="1.8281920605877309"/>
<connection id="46770" src-id="46682" dest-id="46751" weight="2.605364030701076"/>
<connection id="46771" src-id="46683" dest-id="46751" weight="-2.16121060217567"/>
<connection id="46772" src-id="46684" dest-id="46751" weight="6.62554812022206"/>
<connection id="46773" src-id="46685" dest-id="46751" weight="-6.002423389804395"/>
<connection id="46774" src-id="46686" dest-id="46751" weight="-4.174098114801714"/>
<connection id="46775" src-id="46687" dest-id="46751" weight="5.420134572407006"/>
<connection id="46776" src-id="46688" dest-id="46751" weight="4.1565781253682275"/>
<connection id="46777" src-id="46689" dest-id="46751" weight="-2.7546328838047347"/>
<connection id="46778" src-id="46690" dest-id="46751" weight="1.2403219353294186"/>
<connection id="46779" src-id="46691" dest-id="46751" weight="7.487774926864031"/>
<connection id="46780" src-id="46692" dest-id="46751" weight="-0.7399738077710627"/>
<connection id="46781" src-id="46693" dest-id="46751" weight="1.3526762251876294"/>
<connection id="46782" src-id="46694" dest-id="46751" weight="1.5081808299519661"/>
<connection id="46783" src-id="46695" dest-id="46751" weight="9.220247155679381"/>
<connection id="46785" src-id="46697" dest-id="46751" weight="-2.940002482450504"/>
<connection id="46786" src-id="46698" dest-id="46751" weight="-1.8649210165226584"/>
<connection id="46787" src-id="46699" dest-id="46751" weight="-1.5888572054909105"/>
<connection id="46788" src-id="46700" dest-id="46751" weight="0.43792437774979087"/>
<connection id="46789" src-id="46701" dest-id="46751" weight="-2.401009159538543"/>
<connection id="46790" src-id="46702" dest-id="46751" weight="-1.0255988493593482"/>
<connection id="46792" src-id="46704" dest-id="46751" weight="-4.394102897366195"/>
<connection id="46793" src-id="46705" dest-id="46751" weight="0.250144470994746"/>
<connection id="46794" src-id="46751" dest-id="46706" weight="0.9609027212182996"/>
<neuron id="46795" type="hid" activation="sigmoid"/>
<connection id="46796" src-id="46664" dest-id="46795" weight="4.0798703978997715"/>
<connection id="46797" src-id="46665" dest-id="46795" weight="-2.298496751385965"/>
<connection id="46798" src-id="46666" dest-id="46795" weight="0.8001478018359798"/>
<connection id="46799" src-id="46667" dest-id="46795" weight="5.427343369460317"/>
<connection id="46800" src-id="46668" dest-id="46795" weight="-1.4675004815867283"/>
<connection id="46801" src-id="46669" dest-id="46795" weight="1.4521765592257172"/>
<connection id="46802" src-id="46670" dest-id="46795" weight="4.553646129852741"/>
<connection id="46803" src-id="46671" dest-id="46795" weight="-5.4025845445283025"/>
<connection id="46804" src-id="46672" dest-id="46795" weight="0.5647565591233272"/>
<connection id="46805" src-id="46673" dest-id="46795" weight="1.5858251414310842"/>
<connection id="46807" src-id="46675" dest-id="46795" weight="-0.2972804458527396"/>
<connection id="46808" src-id="46676" dest-id="46795" weight="4.477413236309002"/>
<connection id="46809" src-id="46677" dest-id="46795" weight="-4.354756006782545"/>
<connection id="46810" src-id="46678" dest-id="46795" weight="-5.233280513427443"/>
<connection id="46811" src-id="46679" dest-id="46795" weight="-1.5275932642751013"/>
<connection id="46812" src-id="46680" dest-id="46795" weight="-3.711198364815898"/>
<connection id="46813" src-id="46681" dest-id="46795" weight="-1.721327964698296"/>
<connection id="46814" src-id="46682" dest-id="46795" weight="1.4829814401982864"/>
<connection id="46815" src-id="46683" dest-id="46795" weight="0.021940528446315888"/>
<connection id="46816" src-id="46684" dest-id="46795" weight="2.4111187344947425"/>
<connection id="46817" src-id="46685" dest-id="46795" weight="4.0248367329186525"/>
<connection id="46818" src-id="46686" dest-id="46795" weight="0.5835677029788976"/>
<connection id="46819" src-id="46687" dest-id="46795" weight="0.9716116952163629"/>
<connection id="46820" src-id="46688" dest-id="46795" weight="-0.40774263492236695"/>
<connection id="46821" src-id="46689" dest-id="46795" weight="1.5607242613131005"/>
<connection id="46822" src-id="46690" dest-id="46795" weight="-2.348766453790658"/>
<connection id="46823" src-id="46691" dest-id="46795" weight="-6.558996716390405"/>
<connection id="46824" src-id="46692" dest-id="46795" weight="-4.300863329094379"/>
<connection id="46825" src-id="46693" dest-id="46795" weight="0.9914894727804082"/>
<connection id="46826" src-id="46694" dest-id="46795" weight="1.4221085625294108"/>
<connection id="46827" src-id="46695" dest-id="46795" weight="-3.0776223844934405"/>
<connection id="46828" src-id="46696" dest-id="46795" weight="-1.8652490241306707"/>
<connection id="46829" src-id="46697" dest-id="46795" weight="3.050875777580389"/>
<connection id="46830" src-id="46698" dest-id="46795" weight="0.34747231006622314"/>
<connection id="46831" src-id="46699" dest-id="46795" weight="-1.4958345466588967"/>
<connection id="46832" src-id="46700" dest-id="46795" weight="2.5717200385186922"/>
<connection id="46833" src-id="46701" dest-id="46795" weight="3.944735766588847"/>
<connection id="46834" src-id="46702" dest-id="46795" weight="-2.3503769522315876"/>
<connection id="46835" src-id="46703" dest-id="46795" weight="-0.04323872210095969"/>
<connection id="46836" src-id="46704" dest-id="46795" weight="0.3771127761083798"/>
<connection id="46837" src-id="46705" dest-id="46795" weight="-0.041733193999070384"/>
<connection id="46838" src-id="46795" dest-id="46706" weight="1.7456517383956633"/>
<neuron id="46883" type="hid" activation="sigmoid"/>
<connection id="46884" src-id="46664" dest-id="46883" weight="3.170529366043495"/>
<connection id="46885" src-id="46665" dest-id="46883" weight="-2.8412509283916565"/>
<connection id="46886" src-id="46666" dest-id="46883" weight="-1.5390365807971067"/>
<connection id="46887" src-id="46667" dest-id="46883" weight="-5.996543724598408"/>
<connection id="46889" src-id="46669" dest-id="46883" weight="-1.6684986532256363"/>
<connection id="46890" src-id="46670" dest-id="46883" weight="-0.56677281380985"/>
<connection id="46891" src-id="46671" dest-id="46883" weight="-3.4892860096680782"/>
<connection id="46892" src-id="46672" dest-id="46883" weight="-0.0730187536353295"/>
<connection id="46893" src-id="46673" dest-id="46883" weight="-1.2766195987962217"/>
<connection id="46894" src-id="46674" dest-id="46883" weight="4.423549918158884"/>
<connection id="46895" src-id="46675" dest-id="46883" weight="-1.135121036941671"/>
<connection id="46896" src-id="46676" dest-id="46883" weight="-2.271353621165152"/>
<connection id="46897" src-id="46677" dest-id="46883" weight="-8.115176218898933"/>
<connection id="46898" src-id="46678" dest-id="46883" weight="-1.0330485681812203"/>
<connection id="46899" src-id="46679" dest-id="46883" weight="-6.735790296177262"/>
<connection id="46900" src-id="46680" dest-id="46883" weight="1.043455349581945"/>
<connection id="46901" src-id="46681" dest-id="46883" weight="-0.973951079200958"/>
<connection id="46902" src-id="46682" dest-id="46883" weight="2.959832254794545"/>
<connection id="46903" src-id="46683" dest-id="46883" weight="-7.264202183173323"/>
<connection id="46904" src-id="46684" dest-id="46883" weight="-2.9459428089460555"/>
<connection id="46906" src-id="46686" dest-id="46883" weight="-0.9954929971632218"/>
<connection id="46908" src-id="46688" dest-id="46883" weight="1.7465036730198311"/>
<connection id="46909" src-id="46689" dest-id="46883" weight="4.555777282059105"/>
<connection id="46910" src-id="46690" dest-id="46883" weight="2.3343106946251218"/>
<connection id="46911" src-id="46691" dest-id="46883" weight="2.73682328577419"/>
<connection id="46912" src-id="46692" dest-id="46883" weight="-5.8293642987242436"/>
<connection id="46913" src-id="46693" dest-id="46883" weight="-1.9524459764506414"/>
<connection id="46914" src-id="46694" dest-id="46883" weight="1.099485832817568"/>
<connection id="46915" src-id="46695" dest-id="46883" weight="0.03346192362021244"/>
<connection id="46916" src-id="46696" dest-id="46883" weight="8.923114959675967"/>
<connection id="46917" src-id="46697" dest-id="46883" weight="3.3024406207627326"/>
<connection id="46918" src-id="46698" dest-id="46883" weight="3.110920036399886"/>
<connection id="46919" src-id="46699" dest-id="46883" weight="-2.8972332667455403"/>
<connection id="46920" src-id="46700" dest-id="46883" weight="-0.6917617097741899"/>
<connection id="46921" src-id="46701" dest-id="46883" weight="0.8437845771485732"/>
<connection id="46922" src-id="46702" dest-id="46883" weight="-1.8683306079292512"/>
<connection id="46923" src-id="46703" dest-id="46883" weight="-1.6028267025475496"/>
<connection id="46924" src-id="46704" dest-id="46883" weight="-4.216835660937718"/>
<connection id="46925" src-id="46705" dest-id="46883" weight="-2.365865004538754"/>
<connection id="46926" src-id="46883" dest-id="46706" weight="-3.9251917582701794"/>
<connection id="47245" src-id="46700" dest-id="46706" weight="-2.0945752866124945"/>
<neuron id="47329" type="hid" activation="sigmoid"/>
<connection id="47330" src-id="46685" dest-id="47329" weight="1.3448141480741052"/>
<connection id="47331" src-id="47329" dest-id="46883" weight="-2.961783246823904"/>
<connection id="47611" src-id="46672" dest-id="46706" weight="3.3113137092987106"/>
<connection id="47866" src-id="46795" dest-id="46751" weight="0.2950005357580061"/>
<connection id="47876" src-id="46702" dest-id="46706" weight="0.018417954444885254"/>
</chromosome>