<chromosome id="54163" primary-parent-id="53883"><neuron id="52914" type="in" activation="linear"/>
<neuron id="52915" type="in" activation="linear"/>
<neuron id="52916" type="in" activation="linear"/>
<neuron id="52917" type="in" activation="linear"/>
<neuron id="52918" type="in" activation="linear"/>
<neuron id="52919" type="in" activation="linear"/>
<neuron id="52920" type="in" activation="linear"/>
<neuron id="52921" type="in" activation="linear"/>
<neuron id="52922" type="in" activation="linear"/>
<neuron id="52923" type="in" activation="linear"/>
<neuron id="52924" type="in" activation="linear"/>
<neuron id="52925" type="in" activation="linear"/>
<neuron id="52926" type="in" activation="linear"/>
<neuron id="52927" type="in" activation="linear"/>
<neuron id="52928" type="in" activation="linear"/>
<neuron id="52929" type="in" activation="linear"/>
<neuron id="52930" type="in" activation="linear"/>
<neuron id="52931" type="in" activation="linear"/>
<neuron id="52932" type="in" activation="linear"/>
<neuron id="52933" type="in" activation="linear"/>
<neuron id="52934" type="in" activation="linear"/>
<neuron id="52935" type="in" activation="linear"/>
<neuron id="52936" type="in" activation="linear"/>
<neuron id="52937" type="in" activation="linear"/>
<neuron id="52938" type="in" activation="linear"/>
<neuron id="52939" type="in" activation="linear"/>
<neuron id="52940" type="in" activation="linear"/>
<neuron id="52941" type="in" activation="linear"/>
<neuron id="52942" type="in" activation="linear"/>
<neuron id="52943" type="in" activation="linear"/>
<neuron id="52944" type="in" activation="linear"/>
<neuron id="52945" type="in" activation="linear"/>
<neuron id="52946" type="in" activation="linear"/>
<neuron id="52947" type="in" activation="linear"/>
<neuron id="52948" type="in" activation="linear"/>
<neuron id="52949" type="in" activation="linear"/>
<neuron id="52950" type="in" activation="linear"/>
<neuron id="52951" type="in" activation="linear"/>
<neuron id="52952" type="in" activation="linear"/>
<neuron id="52953" type="in" activation="linear"/>
<neuron id="52954" type="in" activation="linear"/>
<neuron id="52955" type="in" activation="linear"/>
<neuron id="52956" type="out" activation="linear"/>
<neuron id="52957" type="hid" activation="sigmoid"/>
<connection id="52958" src-id="52914" dest-id="52957" weight="2.9493344085168873"/>
<connection id="52959" src-id="52915" dest-id="52957" weight="10.194006944902092"/>
<connection id="52960" src-id="52916" dest-id="52957" weight="5.642525318663908"/>
<connection id="52961" src-id="52917" dest-id="52957" weight="3.410580361932648"/>
<connection id="52962" src-id="52918" dest-id="52957" weight="-4.080962892089613"/>
<connection id="52963" src-id="52919" dest-id="52957" weight="4.640730236850743"/>
<connection id="52964" src-id="52920" dest-id="52957" weight="-0.005573985969691719"/>
<connection id="52965" src-id="52921" dest-id="52957" weight="-6.916762467090881"/>
<connection id="52966" src-id="52922" dest-id="52957" weight="-2.629651673403111"/>
<connection id="52967" src-id="52923" dest-id="52957" weight="5.033211588604633"/>
<connection id="52968" src-id="52924" dest-id="52957" weight="-2.729762347431338"/>
<connection id="52969" src-id="52925" dest-id="52957" weight="1.8473315133275892"/>
<connection id="52970" src-id="52926" dest-id="52957" weight="0.1025240566939023"/>
<connection id="52971" src-id="52927" dest-id="52957" weight="-1.885860412875653"/>
<connection id="52972" src-id="52928" dest-id="52957" weight="1.2473335729686759"/>
<connection id="52973" src-id="52929" dest-id="52957" weight="-6.66813113751769"/>
<connection id="52974" src-id="52930" dest-id="52957" weight="4.906720886760027"/>
<connection id="52975" src-id="52931" dest-id="52957" weight="3.480472548265085"/>
<connection id="52976" src-id="52932" dest-id="52957" weight="1.0694498689693854"/>
<connection id="52977" src-id="52933" dest-id="52957" weight="0.7669346987442025"/>
<connection id="52978" src-id="52934" dest-id="52957" weight="0.34144771153434217"/>
<connection id="52980" src-id="52936" dest-id="52957" weight="-1.929479321481097"/>
<connection id="52981" src-id="52937" dest-id="52957" weight="-2.1156626020357723"/>
<connection id="52982" src-id="52938" dest-id="52957" weight="1.460935056152458"/>
<connection id="52983" src-id="52939" dest-id="52957" weight="-0.23978417022971232"/>
<connection id="52984" src-id="52940" dest-id="52957" weight="-3.1992744081617612"/>
<connection id="52985" src-id="52941" dest-id="52957" weight="1.876133476191348"/>
<connection id="52986" src-id="52942" dest-id="52957" weight="0.3788733626080458"/>
<connection id="52987" src-id="52943" dest-id="52957" weight="-0.9816771062009593"/>
<connection id="52988" src-id="52944" dest-id="52957" weight="-0.6404358753592889"/>
<connection id="52989" src-id="52945" dest-id="52957" weight="-2.3231706825470275"/>
<connection id="52991" src-id="52947" dest-id="52957" weight="-2.315181301533025"/>
<connection id="52992" src-id="52948" dest-id="52957" weight="0.9593444872782853"/>
<connection id="52993" src-id="52949" dest-id="52957" weight="-9.324491717215647"/>
<connection id="52994" src-id="52950" dest-id="52957" weight="-4.204139780024609"/>
<connection id="52995" src-id="52951" dest-id="52957" weight="1.0048004969289788"/>
<connection id="52996" src-id="52952" dest-id="52957" weight="2.1651094011744556"/>
<connection id="52997" src-id="52953" dest-id="52957" weight="-1.1355969169303766"/>
<connection id="52998" src-id="52954" dest-id="52957" weight="6.94762466115454"/>
<connection id="52999" src-id="52955" dest-id="52957" weight="-0.5102433816473231"/>
<connection id="53000" src-id="52957" dest-id="52956" weight="9.325901458858398"/>
<neuron id="53001" type="hid" activation="sigmoid"/>
<connection id="53002" src-id="52914" dest-id="53001" weight="-1.596767629452414"/>
<connection id="53003" src-id="52915" dest-id="53001" weight="-0.8586902814484354"/>
<connection id="53004" src-id="52916" dest-id="53001" weight="-2.6149096709649817"/>
<connection id="53005" src-id="52917" dest-id="53001" weight="-0.457877950094527"/>
<connection id="53006" src-id="52918" dest-id="53001" weight="-0.8241251900113287"/>
<connection id="53007" src-id="52919" dest-id="53001" weight="1.7331645359040124"/>
<connection id="53008" src-id="52920" dest-id="53001" weight="-6.303538940383498"/>
<connection id="53009" src-id="52921" dest-id="53001" weight="1.3698066773934816"/>
<connection id="53011" src-id="52923" dest-id="53001" weight="-2.9312873587198345"/>
<connection id="53012" src-id="52924" dest-id="53001" weight="4.653771473244298"/>
<connection id="53013" src-id="52925" dest-id="53001" weight="-4.649866838642263"/>
<connection id="53014" src-id="52926" dest-id="53001" weight="5.3569538463698425"/>
<connection id="53015" src-id="52927" dest-id="53001" weight="7.422310585002373"/>
<connection id="53016" src-id="52928" dest-id="53001" weight="1.4877990093996978"/>
<connection id="53017" src-id="52929" dest-id="53001" weight="3.6810649902379398"/>
<connection id="53018" src-id="52930" dest-id="53001" weight="-1.209455174735163"/>
<connection id="53019" src-id="52931" dest-id="53001" weight="0.2704905038358387"/>
<connection id="53020" src-id="52932" dest-id="53001" weight="0.03924702580782524"/>
<connection id="53021" src-id="52933" dest-id="53001" weight="-2.645943691509831"/>
<connection id="53022" src-id="52934" dest-id="53001" weight="-7.589453954293449"/>
<connection id="53023" src-id="52935" dest-id="53001" weight="7.828398479750833"/>
<connection id="53024" src-id="52936" dest-id="53001" weight="-3.2231706325263056"/>
<connection id="53025" src-id="52937" dest-id="53001" weight="0.19654202387342945"/>
<connection id="53026" src-id="52938" dest-id="53001" weight="-0.12494313491846121"/>
<connection id="53027" src-id="52939" dest-id="53001" weight="6.488220426553807"/>
<connection id="53029" src-id="52941" dest-id="53001" weight="4.673356454967375"/>
<connection id="53030" src-id="52942" dest-id="53001" weight="-5.43423108258347"/>
<connection id="53031" src-id="52943" dest-id="53001" weight="3.8062166452953163"/>
<connection id="53032" src-id="52944" dest-id="53001" weight="0.21773393355328574"/>
<connection id="53033" src-id="52945" dest-id="53001" weight="-3.8757333565917595"/>
<connection id="53034" src-id="52946" dest-id="53001" weight="7.771456932898712"/>
<connection id="53035" src-id="52947" dest-id="53001" weight="4.83816158857209"/>
<connection id="53036" src-id="52948" dest-id="53001" weight="-2.560998237333262"/>
<connection id="53037" src-id="52949" dest-id="53001" weight="-3.281279765596775"/>
<connection id="53038" src-id="52950" dest-id="53001" weight="-2.331588544561912"/>
<connection id="53039" src-id="52951" dest-id="53001" weight="2.098300965749423"/>
<connection id="53040" src-id="52952" dest-id="53001" weight="1.5320501702090457"/>
<connection id="53041" src-id="52953" dest-id="53001" weight="-5.400912616430988"/>
<connection id="53042" src-id="52954" dest-id="53001" weight="-0.10364188963261367"/>
<connection id="53043" src-id="52955" dest-id="53001" weight="0.8135788872318299"/>
<connection id="53044" src-id="53001" dest-id="52956" weight="0.20593040052936734"/>
<neuron id="53045" type="hid" activation="sigmoid"/>
<connection id="53046" src-id="52914" dest-id="53045" weight="2.0840852635449325"/>
<connection id="53047" src-id="52915" dest-id="53045" weight="-2.008379441640928"/>
<connection id="53048" src-id="52916" dest-id="53045" weight="-1.4912878064284547"/>
<connection id="53049" src-id="52917" dest-id="53045" weight="2.3365691241499116"/>
<connection id="53050" src-id="52918" dest-id="53045" weight="-2.1683174184961906"/>
<connection id="53051" src-id="52919" dest-id="53045" weight="1.0266350389390437"/>
<connection id="53052" src-id="52920" dest-id="53045" weight="-2.983668896149309"/>
<connection id="53053" src-id="52921" dest-id="53045" weight="-5.618789132179458"/>
<connection id="53054" src-id="52922" dest-id="53045" weight="0.6416207281153095"/>
<connection id="53055" src-id="52923" dest-id="53045" weight="2.727837858531761"/>
<connection id="53056" src-id="52924" dest-id="53045" weight="-0.6430476357021865"/>
<connection id="53057" src-id="52925" dest-id="53045" weight="4.144037339323926"/>
<connection id="53058" src-id="52926" dest-id="53045" weight="1.272702117662556"/>
<connection id="53059" src-id="52927" dest-id="53045" weight="7.9613461114756845"/>
<connection id="53060" src-id="52928" dest-id="53045" weight="8.305668409441173"/>
<connection id="53061" src-id="52929" dest-id="53045" weight="-1.6395698181494067"/>
<connection id="53062" src-id="52930" dest-id="53045" weight="0.15800150748138542"/>
<connection id="53063" src-id="52931" dest-id="53045" weight="-2.6847745347787653"/>
<connection id="53064" src-id="52932" dest-id="53045" weight="-1.9825469466678163"/>
<connection id="53065" src-id="52933" dest-id="53045" weight="0.1644378749683405"/>
<connection id="53066" src-id="52934" dest-id="53045" weight="4.598529986445323"/>
<connection id="53067" src-id="52935" dest-id="53045" weight="-2.466056466708544"/>
<connection id="53068" src-id="52936" dest-id="53045" weight="-3.399236061936532"/>
<connection id="53069" src-id="52937" dest-id="53045" weight="-2.040687025320019"/>
<connection id="53070" src-id="52938" dest-id="53045" weight="-3.9811675657057934"/>
<connection id="53071" src-id="52939" dest-id="53045" weight="-2.301083564880195"/>
<connection id="53072" src-id="52940" dest-id="53045" weight="11.285382148038597"/>
<connection id="53073" src-id="52941" dest-id="53045" weight="-6.4817132371198625"/>
<connection id="53074" src-id="52942" dest-id="53045" weight="2.1181648285574557"/>
<connection id="53075" src-id="52943" dest-id="53045" weight="-2.6580421510052683"/>
<connection id="53076" src-id="52944" dest-id="53045" weight="2.9327939260978395"/>
<connection id="53077" src-id="52945" dest-id="53045" weight="6.603421225090447"/>
<connection id="53078" src-id="52946" dest-id="53045" weight="0.18889714350377074"/>
<connection id="53079" src-id="52947" dest-id="53045" weight="1.8469074053688919"/>
<connection id="53080" src-id="52948" dest-id="53045" weight="2.763199135557157"/>
<connection id="53081" src-id="52949" dest-id="53045" weight="-4.7293134491388304"/>
<connection id="53082" src-id="52950" dest-id="53045" weight="1.3810609084025665"/>
<connection id="53083" src-id="52951" dest-id="53045" weight="4.114418585051862"/>
<connection id="53084" src-id="52952" dest-id="53045" weight="0.7780029153631056"/>
<connection id="53085" src-id="52953" dest-id="53045" weight="-0.001999560631883668"/>
<connection id="53086" src-id="52954" dest-id="53045" weight="-2.889413629869443"/>
<connection id="53087" src-id="52955" dest-id="53045" weight="-0.4294157075706351"/>
<connection id="53088" src-id="53045" dest-id="52956" weight="3.763823314216576"/>
<neuron id="53089" type="hid" activation="sigmoid"/>
<connection id="53090" src-id="52914" dest-id="53089" weight="-3.818319885843875"/>
<connection id="53091" src-id="52915" dest-id="53089" weight="6.584490540605552"/>
<connection id="53092" src-id="52916" dest-id="53089" weight="4.864267190554606"/>
<connection id="53093" src-id="52917" dest-id="53089" weight="-2.5627923364586973"/>
<connection id="53094" src-id="52918" dest-id="53089" weight="9.115420298522832"/>
<connection id="53095" src-id="52919" dest-id="53089" weight="-3.084913733962323"/>
<connection id="53096" src-id="52920" dest-id="53089" weight="-1.498244482303622"/>
<connection id="53097" src-id="52921" dest-id="53089" weight="-2.890273990592106"/>
<connection id="53098" src-id="52922" dest-id="53089" weight="0.6267716515930277"/>
<connection id="53099" src-id="52923" dest-id="53089" weight="1.671449094916576"/>
<connection id="53100" src-id="52924" dest-id="53089" weight="0.2426046691906225"/>
<connection id="53101" src-id="52925" dest-id="53089" weight="5.173510543181633"/>
<connection id="53103" src-id="52927" dest-id="53089" weight="3.3980588774864224"/>
<connection id="53104" src-id="52928" dest-id="53089" weight="2.526967751543157"/>
<connection id="53105" src-id="52929" dest-id="53089" weight="-1.7142566663483318"/>
<connection id="53106" src-id="52930" dest-id="53089" weight="-2.578704922742616"/>
<connection id="53107" src-id="52931" dest-id="53089" weight="-0.6474448632422392"/>
<connection id="53108" src-id="52932" dest-id="53089" weight="1.0981726001837568"/>
<connection id="53109" src-id="52933" dest-id="53089" weight="-2.5786005566367445"/>
<connection id="53110" src-id="52934" dest-id="53089" weight="9.173496910131687"/>
<connection id="53111" src-id="52935" dest-id="53089" weight="2.699363576015851"/>
<connection id="53112" src-id="52936" dest-id="53089" weight="-2.37235002781937"/>
<connection id="53113" src-id="52937" dest-id="53089" weight="-1.3095222341551114"/>
<connection id="53114" src-id="52938" dest-id="53089" weight="0.9123979340891454"/>
<connection id="53115" src-id="52939" dest-id="53089" weight="0.8551599770632944"/>
<connection id="53116" src-id="52940" dest-id="53089" weight="0.3902536231571956"/>
<connection id="53117" src-id="52941" dest-id="53089" weight="-9.670691041210318"/>
<connection id="53118" src-id="52942" dest-id="53089" weight="-3.2497082524941914"/>
<connection id="53119" src-id="52943" dest-id="53089" weight="-8.907231986804447"/>
<connection id="53120" src-id="52944" dest-id="53089" weight="-3.2715212494169017"/>
<connection id="53121" src-id="52945" dest-id="53089" weight="-3.3253324321027993"/>
<connection id="53122" src-id="52946" dest-id="53089" weight="-2.6048440541349303"/>
<connection id="53123" src-id="52947" dest-id="53089" weight="0.5265188981030207"/>
<connection id="53124" src-id="52948" dest-id="53089" weight="-3.2038007245422517"/>
<connection id="53125" src-id="52949" dest-id="53089" weight="1.6306338288823343"/>
<connection id="53126" src-id="52950" dest-id="53089" weight="5.299859939388753"/>
<connection id="53127" src-id="52951" dest-id="53089" weight="-1.6401557115531666"/>
<connection id="53128" src-id="52952" dest-id="53089" weight="5.547121851922704"/>
<connection id="53129" src-id="52953" dest-id="53089" weight="2.058615814540443"/>
<connection id="53130" src-id="52954" dest-id="53089" weight="5.3654351077203115"/>
<connection id="53131" src-id="52955" dest-id="53089" weight="-4.123372555856205"/>
<connection id="53132" src-id="53089" dest-id="52956" weight="-6.362156598533751"/>
<connection id="53261" src-id="53089" dest-id="52957" weight="1.8588647877085558"/>
<connection id="53262" src-id="52945" dest-id="52956" weight="1.2188399542619948"/>
<connection id="54061" src-id="52916" dest-id="52956" weight="0.2143191773672114"/>
<neuron id="54136" type="hid" activation="sigmoid"/>
<connection id="54137" src-id="52935" dest-id="54136" weight="-2.7879311128283746"/>
<connection id="54138" src-id="54136" dest-id="52957" weight="-2.423822282287459"/>
<neuron id="54151" type="hid" activation="sigmoid"/>
<connection id="54152" src-id="52922" dest-id="54151" weight="3.1038062666428523"/>
<connection id="54153" src-id="54151" dest-id="53001" weight="4.19453658956221"/>
</chromosome>