<chromosome id="67640" primary-parent-id="66082"><neuron id="39470" type="in" activation="linear"/>
<neuron id="39471" type="in" activation="linear"/>
<neuron id="39472" type="in" activation="linear"/>
<neuron id="39473" type="in" activation="linear"/>
<neuron id="39474" type="in" activation="linear"/>
<neuron id="39475" type="in" activation="linear"/>
<neuron id="39476" type="in" activation="linear"/>
<neuron id="39477" type="in" activation="linear"/>
<neuron id="39478" type="in" activation="linear"/>
<neuron id="39479" type="in" activation="linear"/>
<neuron id="39480" type="in" activation="linear"/>
<neuron id="39481" type="in" activation="linear"/>
<neuron id="39482" type="in" activation="linear"/>
<neuron id="39483" type="in" activation="linear"/>
<neuron id="39484" type="in" activation="linear"/>
<neuron id="39485" type="in" activation="linear"/>
<neuron id="39486" type="in" activation="linear"/>
<neuron id="39487" type="in" activation="linear"/>
<neuron id="39488" type="in" activation="linear"/>
<neuron id="39489" type="in" activation="linear"/>
<neuron id="39490" type="in" activation="linear"/>
<neuron id="39491" type="in" activation="linear"/>
<neuron id="39492" type="in" activation="linear"/>
<neuron id="39493" type="in" activation="linear"/>
<neuron id="39494" type="in" activation="linear"/>
<neuron id="39495" type="in" activation="linear"/>
<neuron id="39496" type="in" activation="linear"/>
<neuron id="39497" type="in" activation="linear"/>
<neuron id="39498" type="in" activation="linear"/>
<neuron id="39499" type="in" activation="linear"/>
<neuron id="39500" type="in" activation="linear"/>
<neuron id="39501" type="in" activation="linear"/>
<neuron id="39502" type="in" activation="linear"/>
<neuron id="39503" type="in" activation="linear"/>
<neuron id="39504" type="in" activation="linear"/>
<neuron id="39505" type="in" activation="linear"/>
<neuron id="39506" type="in" activation="linear"/>
<neuron id="39507" type="in" activation="linear"/>
<neuron id="39508" type="in" activation="linear"/>
<neuron id="39509" type="in" activation="linear"/>
<neuron id="39510" type="in" activation="linear"/>
<neuron id="39511" type="in" activation="linear"/>
<neuron id="39512" type="out" activation="linear"/>
<neuron id="39513" type="hid" activation="sigmoid"/>
<connection id="39514" src-id="39470" dest-id="39513" weight="19.630774069596402"/>
<connection id="39515" src-id="39471" dest-id="39513" weight="-20.39735352249663"/>
<connection id="39517" src-id="39473" dest-id="39513" weight="18.95942604253859"/>
<connection id="39519" src-id="39475" dest-id="39513" weight="2.9952038142721156"/>
<connection id="39521" src-id="39477" dest-id="39513" weight="-7.154499615976879"/>
<connection id="39522" src-id="39478" dest-id="39513" weight="-18.148164171112946"/>
<connection id="39523" src-id="39479" dest-id="39513" weight="-9.669777884262944"/>
<connection id="39525" src-id="39481" dest-id="39513" weight="-10.189594761223775"/>
<connection id="39526" src-id="39482" dest-id="39513" weight="-13.343030924765893"/>
<connection id="39527" src-id="39483" dest-id="39513" weight="29.018570607806147"/>
<connection id="39529" src-id="39485" dest-id="39513" weight="10.836441545106876"/>
<connection id="39530" src-id="39486" dest-id="39513" weight="11.208858841780724"/>
<connection id="39532" src-id="39488" dest-id="39513" weight="-13.785457541561144"/>
<connection id="39534" src-id="39490" dest-id="39513" weight="-11.766010746697374"/>
<connection id="39536" src-id="39492" dest-id="39513" weight="5.782920319250819"/>
<connection id="39538" src-id="39494" dest-id="39513" weight="1.3235954780610228"/>
<connection id="39544" src-id="39500" dest-id="39513" weight="8.053689026599871"/>
<connection id="39545" src-id="39501" dest-id="39513" weight="-9.246899302624572"/>
<connection id="39546" src-id="39502" dest-id="39513" weight="7.6509364353013725"/>
<connection id="39547" src-id="39503" dest-id="39513" weight="-0.299903427827485"/>
<connection id="39550" src-id="39506" dest-id="39513" weight="-4.9313037810995155"/>
<connection id="39552" src-id="39508" dest-id="39513" weight="25.114287586629743"/>
<connection id="39555" src-id="39511" dest-id="39513" weight="12.651699901924427"/>
<neuron id="39557" type="hid" activation="sigmoid"/>
<connection id="39559" src-id="39471" dest-id="39557" weight="-17.534289717153847"/>
<connection id="39560" src-id="39472" dest-id="39557" weight="-19.65817170236972"/>
<connection id="39561" src-id="39473" dest-id="39557" weight="8.03333392687084"/>
<connection id="39562" src-id="39474" dest-id="39557" weight="-6.7582757136231555"/>
<connection id="39563" src-id="39475" dest-id="39557" weight="-2.241356565319465"/>
<connection id="39565" src-id="39477" dest-id="39557" weight="-3.026273514423412"/>
<connection id="39566" src-id="39478" dest-id="39557" weight="12.673234576208289"/>
<connection id="39567" src-id="39479" dest-id="39557" weight="16.40817701434826"/>
<connection id="39569" src-id="39481" dest-id="39557" weight="-6.704654721610406"/>
<connection id="39572" src-id="39484" dest-id="39557" weight="-7.765644342962159"/>
<connection id="39573" src-id="39485" dest-id="39557" weight="7.754493977741856"/>
<connection id="39575" src-id="39487" dest-id="39557" weight="10.184176852946704"/>
<connection id="39577" src-id="39489" dest-id="39557" weight="-8.006240956392656"/>
<connection id="39578" src-id="39490" dest-id="39557" weight="-25.45013065370757"/>
<connection id="39579" src-id="39491" dest-id="39557" weight="20.29152066994199"/>
<connection id="39580" src-id="39492" dest-id="39557" weight="-4.580742746318643"/>
<connection id="39582" src-id="39494" dest-id="39557" weight="10.219631405974393"/>
<connection id="39583" src-id="39495" dest-id="39557" weight="-17.062895492663795"/>
<connection id="39586" src-id="39498" dest-id="39557" weight="-4.994776300340382"/>
<connection id="39590" src-id="39502" dest-id="39557" weight="-11.516838122141248"/>
<connection id="39591" src-id="39503" dest-id="39557" weight="28.68510583905529"/>
<connection id="39592" src-id="39504" dest-id="39557" weight="7.84087157982748"/>
<connection id="39594" src-id="39506" dest-id="39557" weight="12.467171691534212"/>
<connection id="39595" src-id="39507" dest-id="39557" weight="-5.7935095323165875"/>
<connection id="39596" src-id="39508" dest-id="39557" weight="11.158305482284998"/>
<connection id="39597" src-id="39509" dest-id="39557" weight="-18.795202132426112"/>
<connection id="39598" src-id="39510" dest-id="39557" weight="0.4914495468276066"/>
<connection id="39599" src-id="39511" dest-id="39557" weight="-1.0364512939073842"/>
<connection id="39600" src-id="39557" dest-id="39512" weight="10.838045137052646"/>
<neuron id="39601" type="hid" activation="sigmoid"/>
<connection id="39604" src-id="39472" dest-id="39601" weight="3.0722324634453475"/>
<connection id="39605" src-id="39473" dest-id="39601" weight="23.52827506120588"/>
<connection id="39606" src-id="39474" dest-id="39601" weight="3.3280593694892637"/>
<connection id="39610" src-id="39478" dest-id="39601" weight="11.297325164247447"/>
<connection id="39611" src-id="39479" dest-id="39601" weight="11.005563655584808"/>
<connection id="39612" src-id="39480" dest-id="39601" weight="-14.453320717871463"/>
<connection id="39613" src-id="39481" dest-id="39601" weight="7.649525071894672"/>
<connection id="39617" src-id="39485" dest-id="39601" weight="3.784554358190099"/>
<connection id="39618" src-id="39486" dest-id="39601" weight="-11.358075727153206"/>
<connection id="39620" src-id="39488" dest-id="39601" weight="11.765096227627849"/>
<connection id="39621" src-id="39489" dest-id="39601" weight="-9.729715546011608"/>
<connection id="39623" src-id="39491" dest-id="39601" weight="2.5206125565515802"/>
<connection id="39624" src-id="39492" dest-id="39601" weight="8.65478084513962"/>
<connection id="39627" src-id="39495" dest-id="39601" weight="-8.333076469143966"/>
<connection id="39628" src-id="39496" dest-id="39601" weight="-7.069375152595853"/>
<connection id="39629" src-id="39497" dest-id="39601" weight="-13.681660858497022"/>
<connection id="39632" src-id="39500" dest-id="39601" weight="3.880623915099265"/>
<connection id="39637" src-id="39505" dest-id="39601" weight="7.289715200164504"/>
<connection id="39638" src-id="39506" dest-id="39601" weight="-0.7563926961333773"/>
<connection id="39640" src-id="39508" dest-id="39601" weight="-0.015295239357211443"/>
<connection id="39641" src-id="39509" dest-id="39601" weight="-8.448096229688433"/>
<connection id="39643" src-id="39511" dest-id="39601" weight="-4.2938839781982505"/>
<connection id="39644" src-id="39601" dest-id="39512" weight="31.03679237767339"/>
<neuron id="39645" type="hid" activation="sigmoid"/>
<connection id="39646" src-id="39470" dest-id="39645" weight="4.115156299150673"/>
<connection id="39648" src-id="39472" dest-id="39645" weight="-21.75638225094334"/>
<connection id="39656" src-id="39480" dest-id="39645" weight="-12.531072836830301"/>
<connection id="39657" src-id="39481" dest-id="39645" weight="1.312485923742765"/>
<connection id="39658" src-id="39482" dest-id="39645" weight="16.43320822952184"/>
<connection id="39659" src-id="39483" dest-id="39645" weight="-18.92725628132332"/>
<connection id="39660" src-id="39484" dest-id="39645" weight="-13.817626897847152"/>
<connection id="39662" src-id="39486" dest-id="39645" weight="5.270617390993476"/>
<connection id="39663" src-id="39487" dest-id="39645" weight="-15.365973942849116"/>
<connection id="39665" src-id="39489" dest-id="39645" weight="28.61543508365222"/>
<connection id="39666" src-id="39490" dest-id="39645" weight="-14.677123576286482"/>
<connection id="39668" src-id="39492" dest-id="39645" weight="8.640282944396795"/>
<connection id="39670" src-id="39494" dest-id="39645" weight="-15.402707430611642"/>
<connection id="39675" src-id="39499" dest-id="39645" weight="3.7698981346994045"/>
<connection id="39677" src-id="39501" dest-id="39645" weight="10.729264990816706"/>
<connection id="39680" src-id="39504" dest-id="39645" weight="16.371536515799406"/>
<connection id="39681" src-id="39505" dest-id="39645" weight="3.3788534270956614"/>
<connection id="39683" src-id="39507" dest-id="39645" weight="-7.269570327195199"/>
<connection id="39687" src-id="39511" dest-id="39645" weight="4.297768634868982"/>
<connection id="39688" src-id="39645" dest-id="39512" weight="15.259118071842654"/>
<connection id="39977" src-id="39485" dest-id="39512" weight="10.968130078718701"/>
<connection id="40249" src-id="39492" dest-id="39512" weight="14.636353450874491"/>
<connection id="40254" src-id="39475" dest-id="39512" weight="8.542942973576942"/>
<neuron id="40493" type="hid" activation="sigmoid"/>
<connection id="40494" src-id="39480" dest-id="40493" weight="6.143482476846348"/>
<connection id="40495" src-id="40493" dest-id="39557" weight="-7.359660627548261"/>
<neuron id="40502" type="hid" activation="sigmoid"/>
<connection id="40503" src-id="39470" dest-id="40502" weight="3.4998092031026147"/>
<connection id="40504" src-id="40502" dest-id="39601" weight="-8.533620590097984"/>
<neuron id="40505" type="hid" activation="sigmoid"/>
<connection id="40506" src-id="39496" dest-id="40505" weight="-5.067189724365203"/>
<connection id="40507" src-id="40505" dest-id="39557" weight="14.164548389263313"/>
<neuron id="40553" type="hid" activation="sigmoid"/>
<connection id="40554" src-id="39478" dest-id="40553" weight="-1.5745259341173061"/>
<connection id="40555" src-id="40553" dest-id="39645" weight="-2.474690168030911"/>
<neuron id="40571" type="hid" activation="sigmoid"/>
<connection id="40572" src-id="39489" dest-id="40571" weight="-0.22611280969056446"/>
<connection id="40573" src-id="40571" dest-id="39513" weight="24.067402890034366"/>
<connection id="40681" src-id="39477" dest-id="39512" weight="4.37843314891057"/>
<connection id="40765" src-id="39498" dest-id="39512" weight="8.68569495396148"/>
<connection id="40962" src-id="39513" dest-id="39645" weight="8.64545162087965"/>
<neuron id="41118" type="hid" activation="sigmoid"/>
<connection id="41392" src-id="39509" dest-id="39512" weight="12.078350732375947"/>
<neuron id="41520" type="hid" activation="sigmoid"/>
<connection id="41522" src-id="41520" dest-id="39557" weight="0.19944994474205657"/>
<neuron id="41523" type="hid" activation="sigmoid"/>
<connection id="41524" src-id="39509" dest-id="41523" weight="-2.5353784634295904"/>
<connection id="41525" src-id="41523" dest-id="39513" weight="18.332929302320515"/>
<neuron id="41526" type="hid" activation="sigmoid"/>
<connection id="41528" src-id="41526" dest-id="39513" weight="11.964251921396235"/>
<neuron id="41538" type="hid" activation="sigmoid"/>
<neuron id="41562" type="hid" activation="sigmoid"/>
<connection id="41564" src-id="41562" dest-id="39645" weight="24.317402210533924"/>
<neuron id="41565" type="hid" activation="sigmoid"/>
<connection id="41566" src-id="39471" dest-id="41565" weight="-7.59778085449161"/>
<connection id="41567" src-id="41565" dest-id="39601" weight="-27.408143417061215"/>
<neuron id="41580" type="hid" activation="sigmoid"/>
<connection id="41581" src-id="39508" dest-id="41580" weight="9.054576626572668"/>
<connection id="41582" src-id="41580" dest-id="39645" weight="-5.427359848908008"/>
<connection id="41669" src-id="39499" dest-id="39512" weight="-0.412798680568947"/>
<connection id="41743" src-id="39479" dest-id="41523" weight="0.6293502652976339"/>
<neuron id="41858" type="hid" activation="sigmoid"/>
<connection id="41859" src-id="39509" dest-id="41858" weight="7.652102563100806"/>
<connection id="41860" src-id="41858" dest-id="39645" weight="-10.092844710235498"/>
<neuron id="41876" type="hid" activation="sigmoid"/>
<connection id="41877" src-id="39492" dest-id="41876" weight="19.465107024960044"/>
<neuron id="41906" type="hid" activation="sigmoid"/>
<connection id="41907" src-id="39510" dest-id="41906" weight="7.390892339659823"/>
<connection id="41908" src-id="41906" dest-id="39601" weight="7.904951670560564"/>
<connection id="42009" src-id="39494" dest-id="41876" weight="-6.340549660418649"/>
<connection id="42036" src-id="39496" dest-id="41523" weight="18.597354640815325"/>
<connection id="42045" src-id="39484" dest-id="41520" weight="5.2738279061034685"/>
<neuron id="42140" type="hid" activation="sigmoid"/>
<connection id="42141" src-id="39507" dest-id="42140" weight="-5.4535634021271395"/>
<connection id="42142" src-id="42140" dest-id="39513" weight="-10.526464160147132"/>
<neuron id="42155" type="hid" activation="sigmoid"/>
<connection id="42157" src-id="42155" dest-id="39645" weight="-19.445454633365074"/>
<connection id="42213" src-id="41520" dest-id="39645" weight="-0.7189458228397887"/>
<connection id="42252" src-id="39472" dest-id="41906" weight="11.89686858816737"/>
<connection id="42266" src-id="39494" dest-id="41523" weight="-9.843637597352735"/>
<connection id="42274" src-id="39483" dest-id="41523" weight="-4.012189143350254"/>
<connection id="42277" src-id="39478" dest-id="41523" weight="-0.6915667837783286"/>
<connection id="42339" src-id="39503" dest-id="41906" weight="11.697578405875475"/>
<connection id="42453" src-id="39491" dest-id="41520" weight="11.978569021641238"/>
<connection id="42496" src-id="39507" dest-id="41538" weight="4.920883916728643"/>
<connection id="42503" src-id="41523" dest-id="39645" weight="-1.2971303430783694"/>
<connection id="42627" src-id="39482" dest-id="41906" weight="-18.98432013656675"/>
<connection id="42628" src-id="39490" dest-id="41523" weight="1.7644743953073085"/>
<connection id="42722" src-id="39473" dest-id="41520" weight="2.9878135685211626"/>
<connection id="42731" src-id="39511" dest-id="41523" weight="4.188920125492657"/>
<connection id="42757" src-id="39471" dest-id="41562" weight="-3.7025975549220904"/>
<connection id="42763" src-id="39506" dest-id="41520" weight="-8.671701711086016"/>
<connection id="42797" src-id="39507" dest-id="41876" weight="3.5144189662157777"/>
<connection id="42851" src-id="39473" dest-id="41538" weight="-2.0217743463487867"/>
<connection id="42856" src-id="41520" dest-id="39513" weight="-4.907521701724775"/>
<connection id="42862" src-id="39507" dest-id="41523" weight="27.571601014190406"/>
<neuron id="42880" type="hid" activation="sigmoid"/>
<connection id="42881" src-id="39491" dest-id="42880" weight="14.548834057683958"/>
<connection id="42882" src-id="42880" dest-id="39513" weight="-8.818195014085552"/>
<neuron id="42901" type="hid" activation="sigmoid"/>
<connection id="42902" src-id="39479" dest-id="42901" weight="-8.70786211113126"/>
<connection id="42903" src-id="42901" dest-id="39645" weight="-43.40368538579532"/>
<connection id="42986" src-id="39480" dest-id="41565" weight="-11.542344195492515"/>
<connection id="43035" src-id="39472" dest-id="41538" weight="-19.51606755569425"/>
<connection id="43041" src-id="39475" dest-id="41906" weight="2.3956821682334226"/>
<connection id="43063" src-id="39488" dest-id="41906" weight="-4.108580272077271"/>
<connection id="43064" src-id="39480" dest-id="41523" weight="1.742478285190613"/>
<neuron id="43097" type="hid" activation="sigmoid"/>
<connection id="43098" src-id="39491" dest-id="43097" weight="-8.502637715905754"/>
<connection id="43099" src-id="43097" dest-id="39512" weight="-4.805321419864519"/>
<neuron id="43100" type="hid" activation="sigmoid"/>
<connection id="43101" src-id="41538" dest-id="43100" weight="-4.437487974025225"/>
<connection id="43102" src-id="43100" dest-id="39557" weight="4.34413174653194"/>
<connection id="43208" src-id="39503" dest-id="41565" weight="-5.7436975816301485"/>
<connection id="43210" src-id="39470" dest-id="42901" weight="-0.5257556868215458"/>
<connection id="43224" src-id="39486" dest-id="39512" weight="12.47236527473666"/>
<connection id="43230" src-id="39471" dest-id="39512" weight="3.443688420405652"/>
<connection id="43265" src-id="39473" dest-id="41523" weight="1.669642126910252"/>
<connection id="43269" src-id="39495" dest-id="41520" weight="31.87860087351408"/>
<connection id="43277" src-id="39492" dest-id="41520" weight="-4.29461963437211"/>
<connection id="43306" src-id="39504" dest-id="42901" weight="-1.754388191184618"/>
<connection id="43307" src-id="39601" dest-id="41538" weight="-5.938937681665924"/>
<connection id="43308" src-id="39476" dest-id="41906" weight="5.6845539047246945"/>
<connection id="43309" src-id="41565" dest-id="39645" weight="5.022140593018621"/>
<connection id="43314" src-id="39500" dest-id="41565" weight="5.134745480869282"/>
<connection id="43315" src-id="39486" dest-id="42901" weight="4.059278892997072"/>
<connection id="43319" src-id="39491" dest-id="41538" weight="4.938343686134633"/>
<connection id="43338" src-id="39509" dest-id="41562" weight="-2.226217025976376"/>
<neuron id="43368" type="hid" activation="sigmoid"/>
<connection id="43369" src-id="41876" dest-id="43368" weight="9.90795500159204"/>
<connection id="43370" src-id="43368" dest-id="39601" weight="8.574787578174634"/>
<neuron id="43377" type="hid" activation="sigmoid"/>
<connection id="43379" src-id="43377" dest-id="39513" weight="-35.13686836714097"/>
<connection id="43432" src-id="39503" dest-id="41523" weight="1.0751060310798324"/>
<connection id="43442" src-id="39484" dest-id="42901" weight="-1.2880397526810714"/>
<connection id="43457" src-id="39507" dest-id="40502" weight="1.4113605107407465"/>
<connection id="43471" src-id="39487" dest-id="41876" weight="10.07407571307256"/>
<connection id="43535" src-id="41565" dest-id="41906" weight="5.125123011519003"/>
<connection id="43562" src-id="39487" dest-id="41906" weight="-14.097037114514023"/>
<connection id="43567" src-id="41523" dest-id="39512" weight="-3.1684491109345663"/>
<connection id="43574" src-id="41520" dest-id="39601" weight="-0.5063066781968208"/>
<neuron id="43588" type="hid" activation="sigmoid"/>
<connection id="43589" src-id="39475" dest-id="43588" weight="-2.450996186788355"/>
<neuron id="43603" type="hid" activation="sigmoid"/>
<connection id="43604" src-id="39495" dest-id="43603" weight="0.9773600892330621"/>
<connection id="43605" src-id="43603" dest-id="39645" weight="-11.819838929931715"/>
<connection id="43659" src-id="39474" dest-id="41565" weight="8.211617893094095"/>
<connection id="43672" src-id="41562" dest-id="39601" weight="-0.8225879015103263"/>
<connection id="43726" src-id="39497" dest-id="42901" weight="-2.334231679425975"/>
<connection id="43733" src-id="42901" dest-id="39512" weight="5.941013495278465"/>
<neuron id="43808" type="hid" activation="sigmoid"/>
<connection id="43809" src-id="39493" dest-id="43808" weight="-24.9062351087872"/>
<connection id="43906" src-id="39470" dest-id="41538" weight="-3.9511227963693516"/>
<connection id="43952" src-id="39506" dest-id="41565" weight="-5.246850498884002"/>
<connection id="43999" src-id="41906" dest-id="41538" weight="-1.8858997089256277"/>
<neuron id="44023" type="hid" activation="sigmoid"/>
<connection id="44024" src-id="39497" dest-id="44023" weight="2.012339101326018"/>
<connection id="44025" src-id="44023" dest-id="39512" weight="21.759022772300693"/>
<neuron id="44032" type="hid" activation="sigmoid"/>
<connection id="44033" src-id="39497" dest-id="44032" weight="-2.363067179316376"/>
<connection id="44034" src-id="44032" dest-id="39513" weight="-6.105019113586091"/>
<connection id="44080" src-id="39601" dest-id="42901" weight="-0.8114820759207002"/>
<connection id="44095" src-id="39508" dest-id="41906" weight="6.021677119412929"/>
<connection id="44147" src-id="39473" dest-id="42155" weight="-11.753016448986166"/>
<connection id="44150" src-id="39471" dest-id="41906" weight="-0.03933530966880885"/>
<connection id="44151" src-id="39490" dest-id="41520" weight="-1.4360489943149997"/>
<connection id="44157" src-id="39488" dest-id="42901" weight="0.21029860218203078"/>
<connection id="44166" src-id="39472" dest-id="41565" weight="-0.6652712327049158"/>
<connection id="44212" src-id="39504" dest-id="41538" weight="5.158731805404737"/>
<neuron id="44238" type="hid" activation="sigmoid"/>
<connection id="44239" src-id="39491" dest-id="44238" weight="-1.9080743964496705"/>
<connection id="44240" src-id="44238" dest-id="39645" weight="-1.7492138287150043"/>
<neuron id="44247" type="hid" activation="sigmoid"/>
<connection id="44248" src-id="39484" dest-id="44247" weight="11.309712089599659"/>
<connection id="44322" src-id="39487" dest-id="41523" weight="4.277790711372054"/>
<connection id="44351" src-id="39493" dest-id="41906" weight="-31.077661824552003"/>
<connection id="44374" src-id="39502" dest-id="41538" weight="-1.6534943514777212"/>
<connection id="44375" src-id="39491" dest-id="41565" weight="12.69367509738244"/>
<connection id="44379" src-id="39474" dest-id="42155" weight="19.26913101958886"/>
<connection id="44424" src-id="39479" dest-id="41538" weight="12.874240643068488"/>
<connection id="44432" src-id="39481" dest-id="42155" weight="-4.756075327702728"/>
<connection id="44437" src-id="39498" dest-id="42901" weight="-5.384466523851655"/>
<connection id="44561" src-id="39489" dest-id="42155" weight="-0.3095458092897232"/>
<connection id="44621" src-id="39505" dest-id="41906" weight="5.980402097889706"/>
<connection id="44688" src-id="43588" dest-id="39512" weight="0.5542373657226562"/>
<connection id="44690" src-id="42901" dest-id="39513" weight="-12.4251297097609"/>
<connection id="44691" src-id="39494" dest-id="41565" weight="8.376523619029113"/>
<connection id="44693" src-id="41565" dest-id="41520" weight="-5.287625819846862"/>
<connection id="44703" src-id="40493" dest-id="41538" weight="-10.452372372266833"/>
<connection id="44704" src-id="39480" dest-id="43588" weight="4.559734062942947"/>
<connection id="44705" src-id="41520" dest-id="41538" weight="8.589436383882388"/>
<connection id="45038" src-id="39488" dest-id="41565" weight="2.0542529247949073"/>
<connection id="45041" src-id="40493" dest-id="43588" weight="2.9800957794006937"/>
<connection id="45042" src-id="39497" dest-id="40493" weight="-3.022988439483747"/>
<connection id="45058" src-id="41520" dest-id="41906" weight="-6.953590631761843"/>
<neuron id="45073" type="hid" activation="sigmoid"/>
<connection id="45074" src-id="39503" dest-id="45073" weight="10.260246420463051"/>
<connection id="45075" src-id="45073" dest-id="39601" weight="0.006133113212319685"/>
<connection id="45160" src-id="39495" dest-id="41565" weight="-21.88962629323101"/>
<connection id="45265" src-id="39481" dest-id="40493" weight="4.235213827688972"/>
<connection id="45272" src-id="39478" dest-id="41565" weight="-15.296477325720906"/>
<connection id="45274" src-id="39509" dest-id="41580" weight="-6.8364059732586915"/>
<connection id="45286" src-id="39479" dest-id="41565" weight="8.307157206625561"/>
<connection id="45288" src-id="39471" dest-id="41538" weight="4.963200371310375"/>
<connection id="45289" src-id="39480" dest-id="41580" weight="0.10779621355400626"/>
<connection id="45314" src-id="39483" dest-id="42155" weight="-2.0358428810061278"/>
<connection id="45428" src-id="39487" dest-id="41580" weight="6.5492691204106706"/>
<connection id="45436" src-id="39501" dest-id="41565" weight="-4.534920192735842"/>
<connection id="45477" src-id="40493" dest-id="39512" weight="-13.573352835236056"/>
<connection id="45479" src-id="39483" dest-id="43588" weight="-3.6064714894746297"/>
<connection id="45482" src-id="39601" dest-id="43097" weight="-6.3436871749664485"/>
<connection id="45485" src-id="39481" dest-id="43588" weight="19.062477805655465"/>
<connection id="45537" src-id="39490" dest-id="43588" weight="29.452949608678423"/>
<connection id="45540" src-id="39488" dest-id="43097" weight="5.2099777412611346"/>
<connection id="45548" src-id="39476" dest-id="43588" weight="9.692424468157771"/>
<connection id="45594" src-id="41523" dest-id="41906" weight="0.660383946693305"/>
<connection id="45653" src-id="39471" dest-id="42901" weight="-3.552586682650392"/>
<connection id="45658" src-id="39488" dest-id="41580" weight="-7.297036286613758"/>
<neuron id="45675" type="hid" activation="sigmoid"/>
<connection id="45677" src-id="45675" dest-id="41538" weight="-9.382884658825816"/>
<connection id="45740" src-id="39507" dest-id="42155" weight="-3.4721695899128546"/>
<connection id="45750" src-id="39502" dest-id="41906" weight="5.2624188363023086"/>
<connection id="45813" src-id="39487" dest-id="41538" weight="-5.143390112764653"/>
<connection id="45826" src-id="41906" dest-id="39513" weight="-2.0471383510104952"/>
<connection id="45833" src-id="39479" dest-id="43588" weight="-3.2755706748857003"/>
<connection id="45836" src-id="39507" dest-id="40493" weight="-1.5397266314085993"/>
<connection id="45852" src-id="39497" dest-id="43097" weight="-13.100032338223631"/>
<connection id="45857" src-id="39496" dest-id="40493" weight="-0.2113039689421708"/>
<connection id="45897" src-id="39499" dest-id="41538" weight="-10.44583284115588"/>
<neuron id="45917" type="hid" activation="sigmoid"/>
<connection id="45918" src-id="43588" dest-id="45917" weight="0.18486552355047792"/>
<connection id="45919" src-id="45917" dest-id="39601" weight="-6.1606902106047094"/>
<connection id="45990" src-id="39504" dest-id="42155" weight="-0.5696756620078218"/>
<connection id="45992" src-id="39474" dest-id="41538" weight="-1.8423768399667544"/>
<connection id="46015" src-id="39477" dest-id="43097" weight="-4.179731171759141"/>
<connection id="46121" src-id="39491" dest-id="42901" weight="2.620960602326865"/>
<connection id="46123" src-id="39491" dest-id="40493" weight="-5.553719481161086"/>
<connection id="46124" src-id="39477" dest-id="41565" weight="-6.337299741371373"/>
<connection id="46126" src-id="39508" dest-id="41520" weight="3.5241414294544575"/>
<connection id="46151" src-id="39508" dest-id="45675" weight="0.9299013614654541"/>
<connection id="46358" src-id="41520" dest-id="40493" weight="-3.097498395686895"/>
<connection id="46359" src-id="42155" dest-id="39601" weight="-6.9933078594860465"/>
<connection id="46362" src-id="41565" dest-id="42140" weight="22.020223635912885"/>
<connection id="46364" src-id="39510" dest-id="40493" weight="6.027964369179647"/>
<connection id="46456" src-id="39481" dest-id="41565" weight="-5.644025474775852"/>
<connection id="46520" src-id="41580" dest-id="39557" weight="3.04227697633488"/>
<connection id="46525" src-id="39471" dest-id="43097" weight="5.404973738310511"/>
<connection id="46668" src-id="39471" dest-id="41520" weight="-3.173983861524863"/>
<connection id="46776" src-id="39474" dest-id="42140" weight="-4.632006222187861"/>
<connection id="46808" src-id="42901" dest-id="42140" weight="-15.461733024709986"/>
<connection id="46810" src-id="43097" dest-id="42901" weight="11.729865109055034"/>
<connection id="46859" src-id="39488" dest-id="45675" weight="8.159113488348689"/>
<neuron id="46882" type="hid" activation="sigmoid"/>
<connection id="46883" src-id="39483" dest-id="46882" weight="-2.9870285357433906"/>
<connection id="46884" src-id="46882" dest-id="43588" weight="17.83347315742292"/>
<connection id="46942" src-id="39480" dest-id="42901" weight="1.6937821866688387"/>
<connection id="46973" src-id="39503" dest-id="43588" weight="1.8001599014383163"/>
<connection id="46983" src-id="39485" dest-id="41580" weight="-3.3473678887369114"/>
<connection id="47085" src-id="42140" dest-id="39512" weight="-4.161424585128371"/>
<connection id="47139" src-id="39509" dest-id="42901" weight="2.1446130212680803"/>
<connection id="47140" src-id="39485" dest-id="42901" weight="-8.78071098198054"/>
<connection id="47160" src-id="39489" dest-id="43097" weight="-11.331248793038739"/>
<connection id="47168" src-id="39472" dest-id="45675" weight="-6.250079725877382"/>
<connection id="47178" src-id="39508" dest-id="46882" weight="0.529507316343256"/>
<connection id="47185" src-id="39498" dest-id="42140" weight="-18.521191632613938"/>
<connection id="47186" src-id="39474" dest-id="42880" weight="7.262156023060463"/>
<connection id="47187" src-id="40493" dest-id="43097" weight="-2.197854197398552"/>
<connection id="47188" src-id="39472" dest-id="43097" weight="-18.89109842797302"/>
<connection id="47190" src-id="39475" dest-id="41565" weight="-9.371522287834974"/>
<neuron id="47280" type="hid" activation="sigmoid"/>
<connection id="47281" src-id="39510" dest-id="47280" weight="-14.603111544206751"/>
<connection id="47282" src-id="47280" dest-id="41906" weight="6.541420709506014"/>
<neuron id="47283" type="hid" activation="sigmoid"/>
<connection id="47284" src-id="39493" dest-id="47283" weight="2.576350670414111"/>
<connection id="47285" src-id="47283" dest-id="39557" weight="26.14095226864037"/>
<connection id="47390" src-id="41876" dest-id="47280" weight="-5.752603819240962"/>
<connection id="47411" src-id="39509" dest-id="42140" weight="7.345122358194866"/>
<connection id="47511" src-id="39508" dest-id="43097" weight="-5.231197740526973"/>
<connection id="47518" src-id="39486" dest-id="41538" weight="3.9319429343297903"/>
<connection id="47577" src-id="39483" dest-id="40493" weight="-8.48010238237754"/>
<connection id="47578" src-id="47280" dest-id="43097" weight="-0.15051204376797545"/>
<connection id="47580" src-id="41876" dest-id="43097" weight="-28.439431000117654"/>
<connection id="47581" src-id="39500" dest-id="45675" weight="-11.845042109515985"/>
<connection id="47582" src-id="39495" dest-id="41538" weight="-17.302492849069314"/>
<connection id="47613" src-id="39497" dest-id="41520" weight="1.121012165690384"/>
<connection id="47636" src-id="39511" dest-id="41876" weight="11.556076947675058"/>
<connection id="47640" src-id="39474" dest-id="43588" weight="7.0423434559840805"/>
<neuron id="47684" type="hid" activation="sigmoid"/>
<connection id="47685" src-id="39490" dest-id="47684" weight="10.561440411075449"/>
<connection id="47755" src-id="39479" dest-id="46882" weight="2.00781064320186"/>
<connection id="47774" src-id="39497" dest-id="42140" weight="-3.8875474315611034"/>
<connection id="47796" src-id="39488" dest-id="46882" weight="4.52033935458563"/>
<connection id="47802" src-id="39489" dest-id="46882" weight="2.30885004503212"/>
<connection id="47836" src-id="39504" dest-id="43097" weight="-3.907635765958421"/>
<connection id="47843" src-id="39498" dest-id="42155" weight="-8.868699631636856"/>
<connection id="47867" src-id="41523" dest-id="42880" weight="-2.275630599728032"/>
<connection id="47870" src-id="39477" dest-id="42880" weight="-3.1839974295966567"/>
<connection id="47879" src-id="39486" dest-id="40493" weight="0.3014345169067383"/>
<connection id="47892" src-id="39474" dest-id="46882" weight="2.3120379386800733"/>
<connection id="47895" src-id="39496" dest-id="42140" weight="-2.919381878414838"/>
<connection id="47972" src-id="39490" dest-id="41876" weight="-4.692147692850426"/>
<connection id="48084" src-id="39480" dest-id="42155" weight="-2.9264352172808987"/>
<neuron id="48133" type="hid" activation="sigmoid"/>
<connection id="48134" src-id="39481" dest-id="48133" weight="-1.0207917386980827"/>
<connection id="48135" src-id="48133" dest-id="41520" weight="-32.3815958728774"/>
<connection id="48206" src-id="42155" dest-id="42140" weight="-1.2715467450046656"/>
<connection id="48209" src-id="42880" dest-id="41580" weight="1.2952390640526432"/>
<connection id="48211" src-id="39509" dest-id="41876" weight="-5.830414331179803"/>
<connection id="48220" src-id="43377" dest-id="42901" weight="-6.976463187551159"/>
<connection id="48283" src-id="39496" dest-id="42880" weight="-5.270843870714843"/>
<connection id="48288" src-id="39501" dest-id="47684" weight="-0.27513432979140695"/>
<connection id="48312" src-id="39493" dest-id="46882" weight="10.74591879212495"/>
<connection id="48334" src-id="44247" dest-id="43097" weight="-16.690758069076622"/>
<connection id="48335" src-id="43097" dest-id="43377" weight="-4.28575814145232"/>
<connection id="48336" src-id="39475" dest-id="43097" weight="0.8510071205886747"/>
<connection id="48342" src-id="47684" dest-id="41538" weight="-1.016053031416201"/>
<connection id="48366" src-id="39476" dest-id="43377" weight="5.243273216242627"/>
<connection id="48470" src-id="41520" dest-id="42155" weight="-2.569058049336137"/>
<connection id="48493" src-id="39503" dest-id="41580" weight="-0.22119543820404508"/>
<connection id="48557" src-id="39510" dest-id="41580" weight="-2.378899593274039"/>
<neuron id="48590" type="hid" activation="sigmoid"/>
<connection id="48591" src-id="46882" dest-id="48590" weight="-7.989369022576779"/>
<connection id="48592" src-id="48590" dest-id="45675" weight="-2.5884322932234527"/>
<neuron id="48602" type="hid" activation="sigmoid"/>
<connection id="48603" src-id="41520" dest-id="48602" weight="-7.555222008240825"/>
<connection id="48604" src-id="48602" dest-id="41523" weight="7.592273426659425"/>
<neuron id="48629" type="hid" activation="sigmoid"/>
<connection id="48630" src-id="39481" dest-id="48629" weight="1.0"/>
<connection id="48631" src-id="48629" dest-id="41906" weight="-2.6552335074007782"/>
<connection id="48752" src-id="39474" dest-id="44247" weight="8.823387651624994"/>
<connection id="48755" src-id="39505" dest-id="43588" weight="14.172632068951188"/>
<connection id="48757" src-id="39487" dest-id="42880" weight="9.324089916559151"/>
<connection id="48758" src-id="39499" dest-id="43377" weight="-2.486621842222693"/>
<connection id="48784" src-id="46882" dest-id="41906" weight="-14.72976699969211"/>
<connection id="48988" src-id="41523" dest-id="43588" weight="4.094524202347479"/>
<connection id="48989" src-id="39473" dest-id="47283" weight="-1.1090161008744266"/>
<connection id="48999" src-id="39501" dest-id="44247" weight="0.23290003440829032"/>
<connection id="49003" src-id="39499" dest-id="42140" weight="0.26065576633517623"/>
<connection id="49006" src-id="39478" dest-id="41876" weight="3.1909735200511284"/>
<connection id="49010" src-id="39488" dest-id="47280" weight="2.7672795735028064"/>
<connection id="49012" src-id="39494" dest-id="43097" weight="6.819327857460753"/>
<connection id="49075" src-id="39475" dest-id="44247" weight="10.62035765496748"/>
<connection id="49078" src-id="47280" dest-id="39513" weight="-6.3982664819574815"/>
<connection id="49090" src-id="39501" dest-id="41906" weight="-2.174677611209543"/>
<neuron id="49112" type="hid" activation="sigmoid"/>
<connection id="49113" src-id="42901" dest-id="49112" weight="2.2717095056083316"/>
<connection id="49114" src-id="49112" dest-id="42140" weight="5.018289320648663"/>
<connection id="49247" src-id="39478" dest-id="47283" weight="-0.24001474481265117"/>
<connection id="49251" src-id="39507" dest-id="47283" weight="-6.915403411889823"/>
<connection id="49282" src-id="39506" dest-id="40493" weight="3.969323537119728"/>
<connection id="49286" src-id="39491" dest-id="43808" weight="-0.6463361096004272"/>
<connection id="49404" src-id="39474" dest-id="43377" weight="8.554094207052769"/>
<connection id="49405" src-id="48590" dest-id="41538" weight="4.847287268947281"/>
<connection id="49406" src-id="46882" dest-id="39557" weight="6.956387427602735"/>
<connection id="49407" src-id="39470" dest-id="48590" weight="-8.498294692781435"/>
<connection id="49408" src-id="39477" dest-id="46882" weight="-0.2773576652059353"/>
<connection id="49412" src-id="39479" dest-id="43377" weight="2.244479555054455"/>
<connection id="49414" src-id="39489" dest-id="49112" weight="2.1670335745038036"/>
<connection id="49415" src-id="46882" dest-id="43377" weight="12.794263222855072"/>
<connection id="49416" src-id="42140" dest-id="42880" weight="11.729819588995923"/>
<connection id="49466" src-id="41565" dest-id="43588" weight="3.480957229771022"/>
<neuron id="49582" type="hid" activation="sigmoid"/>
<connection id="49584" src-id="49582" dest-id="39513" weight="5.933297373375632"/>
<connection id="49677" src-id="39498" dest-id="42880" weight="3.2631367513484673"/>
<connection id="49732" src-id="41118" dest-id="44247" weight="-1.995883646311483"/>
<connection id="49749" src-id="39484" dest-id="47280" weight="-1.7769479611860386"/>
<connection id="49769" src-id="39490" dest-id="45675" weight="5.334334606890807"/>
<connection id="49818" src-id="39503" dest-id="42140" weight="0.29490378242866117"/>
<connection id="49926" src-id="39489" dest-id="48590" weight="-2.569373011183189"/>
<connection id="49928" src-id="39493" dest-id="41118" weight="-3.5884616210907647"/>
<connection id="49930" src-id="47280" dest-id="47283" weight="4.103694130101028"/>
<connection id="49933" src-id="43808" dest-id="43097" weight="-7.252652672526002"/>
<connection id="49934" src-id="39506" dest-id="41580" weight="4.303525155145621"/>
<connection id="49935" src-id="40493" dest-id="47283" weight="-3.7652593709545727"/>
<connection id="49936" src-id="41858" dest-id="47280" weight="-0.92309543489951"/>
<connection id="49949" src-id="49582" dest-id="45675" weight="1.1907467027138567"/>
<connection id="50002" src-id="39491" dest-id="41876" weight="5.591728135249451"/>
<connection id="50006" src-id="45675" dest-id="39512" weight="2.5554852924431533"/>
<connection id="50048" src-id="39501" dest-id="42140" weight="-3.849958190825937"/>
<connection id="50190" src-id="46882" dest-id="49112" weight="2.8979837646996542"/>
<connection id="50202" src-id="39477" dest-id="47283" weight="7.939647325102328"/>
<connection id="50220" src-id="39485" dest-id="44247" weight="-3.118929254658296"/>
<connection id="50225" src-id="41858" dest-id="46882" weight="4.969076451040693"/>
<connection id="50273" src-id="46882" dest-id="42155" weight="-12.08010701202645"/>
<connection id="50293" src-id="39495" dest-id="47684" weight="-6.74978691638776"/>
<connection id="50294" src-id="39513" dest-id="48590" weight="4.021933918080094"/>
<connection id="50296" src-id="39494" dest-id="49582" weight="9.574066031704067"/>
<connection id="50308" src-id="39505" dest-id="48590" weight="-9.653078012331726"/>
<connection id="50314" src-id="39505" dest-id="44247" weight="-0.7512527704238892"/>
<connection id="50321" src-id="41858" dest-id="43377" weight="-3.586455447534029"/>
<connection id="50431" src-id="39502" dest-id="45675" weight="-1.2390133458917765"/>
<connection id="50496" src-id="39511" dest-id="45675" weight="2.177416630526621"/>
<connection id="50537" src-id="39504" dest-id="43588" weight="11.113409153332466"/>
<connection id="50737" src-id="39493" dest-id="45675" weight="-5.984819043167"/>
<connection id="50752" src-id="39474" dest-id="41858" weight="2.5831874909792556"/>
<connection id="50754" src-id="39601" dest-id="44247" weight="-3.2799145469926754"/>
<connection id="50755" src-id="39480" dest-id="42880" weight="-7.451969749873355"/>
<connection id="50756" src-id="39482" dest-id="47280" weight="2.5598289891620105"/>
<connection id="50759" src-id="41118" dest-id="40493" weight="12.165618434531924"/>
<connection id="50780" src-id="39495" dest-id="48590" weight="0.9621191118441657"/>
<connection id="50786" src-id="42140" dest-id="39557" weight="7.074792080002728"/>
<connection id="50828" src-id="41523" dest-id="46882" weight="0.7870404720306396"/>
<connection id="50852" src-id="39503" dest-id="47283" weight="-2.11172848756202"/>
<neuron id="50997" type="hid" activation="sigmoid"/>
<connection id="50998" src-id="39491" dest-id="50997" weight="1.5959534114665326"/>
<connection id="50999" src-id="50997" dest-id="42901" weight="11.880460932989553"/>
<neuron id="51012" type="hid" activation="sigmoid"/>
<connection id="51014" src-id="51012" dest-id="40493" weight="16.41622631906943"/>
<connection id="51177" src-id="39477" dest-id="44023" weight="-8.820214979956392"/>
<connection id="51208" src-id="39476" dest-id="45675" weight="-6.503265653056854"/>
<connection id="51232" src-id="39494" dest-id="48590" weight="1.2365394761552886"/>
<connection id="51259" src-id="39496" dest-id="48590" weight="-4.9575467040665036"/>
<connection id="51261" src-id="39488" dest-id="47684" weight="3.0812599373150737"/>
<connection id="51265" src-id="39481" dest-id="51012" weight="2.173676487219943"/>
<connection id="51282" src-id="39494" dest-id="46882" weight="-0.8388796309249169"/>
<connection id="51286" src-id="39491" dest-id="47684" weight="-1.6821842031696437"/>
<connection id="51391" src-id="39510" dest-id="42880" weight="-4.943747973694225"/>
<connection id="51394" src-id="49582" dest-id="39557" weight="2.4429451698978015"/>
<connection id="51395" src-id="39503" dest-id="43097" weight="-4.431359487260946"/>
<connection id="51398" src-id="39484" dest-id="47684" weight="-16.112282823799323"/>
<connection id="51404" src-id="39509" dest-id="43808" weight="-5.865660442795236"/>
<connection id="51584" src-id="41858" dest-id="39512" weight="-5.164521064755795"/>
<connection id="51654" src-id="39499" dest-id="48590" weight="10.216071394607885"/>
<connection id="51655" src-id="41118" dest-id="41523" weight="-1.0235629908454587"/>
<connection id="51659" src-id="39502" dest-id="50997" weight="-8.57612744870146"/>
<connection id="51676" src-id="39501" dest-id="41118" weight="5.139290287901655"/>
<connection id="51745" src-id="39492" dest-id="45675" weight="-5.785215149856244"/>
<connection id="51747" src-id="39498" dest-id="45675" weight="-0.6759180863371885"/>
<connection id="51855" src-id="39511" dest-id="47283" weight="-2.5609257150521616"/>
<connection id="51896" src-id="44023" dest-id="42880" weight="6.0822190291846"/>
<connection id="51898" src-id="47283" dest-id="41906" weight="9.546086285009642"/>
<connection id="51900" src-id="39478" dest-id="49112" weight="19.524221819465566"/>
<connection id="51901" src-id="39490" dest-id="43808" weight="8.85468356108949"/>
<connection id="51903" src-id="41906" dest-id="44023" weight="6.098178087059322"/>
<connection id="51906" src-id="39491" dest-id="47280" weight="6.159590124099243"/>
<connection id="51910" src-id="39482" dest-id="41858" weight="1.7457967563141066"/>
<neuron id="52033" type="hid" activation="sigmoid"/>
<connection id="52034" src-id="39499" dest-id="52033" weight="2.004907781788762"/>
<connection id="52138" src-id="50997" dest-id="49112" weight="-11.95798103207341"/>
<connection id="52139" src-id="41858" dest-id="39513" weight="2.2817498943943706"/>
<connection id="52178" src-id="42140" dest-id="48590" weight="7.453499199612154"/>
<connection id="52186" src-id="39496" dest-id="41118" weight="4.035306827520997"/>
<connection id="52196" src-id="39500" dest-id="41118" weight="-3.0505107343149453"/>
<connection id="52198" src-id="41523" dest-id="41858" weight="15.545783116753073"/>
<connection id="52219" src-id="39490" dest-id="48590" weight="-2.7406356975008785"/>
<connection id="52330" src-id="39486" dest-id="43377" weight="-7.740196033765172"/>
<connection id="52340" src-id="39483" dest-id="48590" weight="5.071243793423227"/>
<connection id="52346" src-id="48590" dest-id="39557" weight="-5.465773068774366"/>
<connection id="52370" src-id="44247" dest-id="49112" weight="-9.440284334223419"/>
<connection id="52411" src-id="39477" dest-id="40502" weight="1.7481075796948056"/>
<connection id="52413" src-id="49582" dest-id="41858" weight="-0.6737273644018416"/>
<connection id="52414" src-id="41562" dest-id="41565" weight="1.678926954430021"/>
<connection id="52415" src-id="47283" dest-id="43097" weight="7.19219122708419"/>
<connection id="52418" src-id="47684" dest-id="41562" weight="3.970053960819658"/>
<connection id="52419" src-id="39473" dest-id="46882" weight="1.2257387163616267"/>
<connection id="52420" src-id="45917" dest-id="50997" weight="-2.2426000885771975"/>
<connection id="52488" src-id="46882" dest-id="40493" weight="1.8018083277385935"/>
<connection id="52506" src-id="39490" dest-id="49582" weight="2.0558956225292215"/>
<connection id="52516" src-id="39503" dest-id="49112" weight="-7.005982660863703"/>
<connection id="52566" src-id="41118" dest-id="39557" weight="-3.9852519347002047"/>
<neuron id="52618" type="hid" activation="sigmoid"/>
<connection id="52619" src-id="39484" dest-id="52618" weight="4.686143628914186"/>
<connection id="52620" src-id="52618" dest-id="42880" weight="4.847630263842538"/>
<connection id="52729" src-id="41118" dest-id="42155" weight="15.356711948063985"/>
<connection id="52732" src-id="39508" dest-id="49112" weight="-1.151111472440379"/>
<connection id="52762" src-id="41520" dest-id="49582" weight="-6.4319887022828"/>
<connection id="52783" src-id="39472" dest-id="49582" weight="7.655287461484694"/>
<connection id="52797" src-id="40502" dest-id="44247" weight="-1.198180479215044"/>
<connection id="52879" src-id="45675" dest-id="39645" weight="-10.21228821901401"/>
<connection id="52976" src-id="39487" dest-id="47283" weight="4.258067563052217"/>
<connection id="52985" src-id="39488" dest-id="43808" weight="1.183757828394709"/>
<connection id="52998" src-id="39477" dest-id="41118" weight="-4.597497401272777"/>
<connection id="53039" src-id="39510" dest-id="43808" weight="4.089905791047719"/>
<connection id="53049" src-id="39504" dest-id="40505" weight="-4.635889485598572"/>
<connection id="53128" src-id="39475" dest-id="41118" weight="7.64202187644308"/>
<connection id="53137" src-id="46882" dest-id="52033" weight="4.000380673880169"/>
<connection id="53199" src-id="44238" dest-id="43377" weight="1.2460324354683925"/>
<connection id="53203" src-id="39507" dest-id="52033" weight="-4.654888549038216"/>
<connection id="53212" src-id="47684" dest-id="39557" weight="-0.6727863913783425"/>
<connection id="53213" src-id="39470" dest-id="41858" weight="0.8850509458161842"/>
<connection id="53214" src-id="39490" dest-id="40505" weight="12.642461646990393"/>
<connection id="53218" src-id="45917" dest-id="39513" weight="0.8794529074535318"/>
<connection id="53220" src-id="41565" dest-id="50997" weight="-1.8517341340283004"/>
<connection id="53221" src-id="49112" dest-id="39512" weight="-5.15897522684006"/>
<connection id="53223" src-id="39507" dest-id="43100" weight="-3.4630176236158277"/>
<connection id="53236" src-id="39492" dest-id="50997" weight="15.734667298557081"/>
<connection id="53245" src-id="39493" dest-id="44238" weight="1.31314460303768"/>
<neuron id="53326" type="hid" activation="sigmoid"/>
<connection id="53327" src-id="43588" dest-id="53326" weight="0.8772688563332585"/>
<connection id="53328" src-id="53326" dest-id="42155" weight="-13.256734907076066"/>
<neuron id="53329" type="hid" activation="sigmoid"/>
<connection id="53330" src-id="43588" dest-id="53329" weight="-9.029277650224651"/>
<connection id="53331" src-id="53329" dest-id="39645" weight="11.767541739690024"/>
<neuron id="53350" type="hid" activation="sigmoid"/>
<connection id="53351" src-id="39488" dest-id="53350" weight="3.3617635550393477"/>
<connection id="53352" src-id="53350" dest-id="42880" weight="-11.747286991795715"/>
<connection id="53457" src-id="53350" dest-id="45675" weight="-1.244985903727873"/>
<connection id="53459" src-id="41858" dest-id="53350" weight="-0.5522328444554774"/>
<connection id="53460" src-id="39500" dest-id="43100" weight="-2.6506927440232757"/>
<connection id="53461" src-id="45917" dest-id="44247" weight="0.8514828422700254"/>
<connection id="53463" src-id="39481" dest-id="41858" weight="7.092409310348712"/>
<connection id="53465" src-id="39498" dest-id="43100" weight="-0.2980308540580517"/>
<connection id="53466" src-id="39473" dest-id="47684" weight="-0.7500456430882492"/>
<connection id="53467" src-id="53350" dest-id="47280" weight="-4.862902066341814"/>
<connection id="53468" src-id="39486" dest-id="43808" weight="-9.05315032014909"/>
<connection id="53470" src-id="40493" dest-id="44238" weight="-10.136529503041755"/>
<connection id="53472" src-id="39488" dest-id="44238" weight="-6.749274800802431"/>
<connection id="53549" src-id="39482" dest-id="48590" weight="-0.25629947572251416"/>
<connection id="53604" src-id="39485" dest-id="47283" weight="-4.156047179255053"/>
<connection id="53613" src-id="39480" dest-id="49582" weight="5.341867493678393"/>
<connection id="53658" src-id="46882" dest-id="44023" weight="-4.6061740741758275"/>
<connection id="53665" src-id="39476" dest-id="50997" weight="0.02039495669181801"/>
<connection id="53720" src-id="39504" dest-id="41858" weight="-1.223151923815415"/>
<connection id="53731" src-id="39505" dest-id="40502" weight="-2.9197094919474726"/>
<connection id="53732" src-id="39479" dest-id="44247" weight="-1.229397415133301"/>
<connection id="53733" src-id="39506" dest-id="40505" weight="-2.8376130738930505"/>
<connection id="53764" src-id="39507" dest-id="49582" weight="1.0764645752487887"/>
<connection id="53790" src-id="41523" dest-id="49582" weight="-0.6026632785797119"/>
<connection id="53792" src-id="39485" dest-id="40505" weight="9.89378319470903"/>
<connection id="53797" src-id="47283" dest-id="53329" weight="1.351557319970546"/>
<connection id="53936" src-id="39479" dest-id="49112" weight="-0.666984743840632"/>
<connection id="53955" src-id="52033" dest-id="48590" weight="-0.9565774175972375"/>
<connection id="53965" src-id="39497" dest-id="48590" weight="2.901385589861333"/>
<neuron id="53983" type="hid" activation="sigmoid"/>
<connection id="53984" src-id="39490" dest-id="53983" weight="-3.769205291046991"/>
<connection id="53985" src-id="53983" dest-id="42901" weight="1.3812150064826965"/>
<neuron id="54016" type="hid" activation="sigmoid"/>
<connection id="54017" src-id="39505" dest-id="54016" weight="-2.184709029378221"/>
<connection id="54018" src-id="54016" dest-id="41538" weight="-2.6589855699161493"/>
<neuron id="54037" type="hid" activation="sigmoid"/>
<connection id="54038" src-id="43097" dest-id="54037" weight="7.256661809164559"/>
<connection id="54039" src-id="54037" dest-id="41538" weight="9.483313301790018"/>
<connection id="54146" src-id="39497" dest-id="41526" weight="2.0277228189769545"/>
<connection id="54291" src-id="39500" dest-id="52033" weight="-7.377181630255059"/>
<connection id="54292" src-id="39496" dest-id="45917" weight="-1.6547565372555715"/>
<connection id="54294" src-id="39500" dest-id="43377" weight="0.6450742725813757"/>
<connection id="54296" src-id="39510" dest-id="43100" weight="-6.6523952610745685"/>
<connection id="54297" src-id="39510" dest-id="44032" weight="3.748124033832172"/>
<connection id="54299" src-id="39479" dest-id="40505" weight="-14.03872504007017"/>
<connection id="54301" src-id="39496" dest-id="49582" weight="13.16861216232052"/>
<connection id="54303" src-id="44238" dest-id="39601" weight="-5.0735880166019305"/>
<connection id="54304" src-id="44023" dest-id="43588" weight="0.40246332450189914"/>
<connection id="54305" src-id="40505" dest-id="42155" weight="-6.436244690435332"/>
<connection id="54313" src-id="39507" dest-id="48590" weight="7.0207454113972645"/>
<connection id="54317" src-id="39493" dest-id="41858" weight="0.1437886313389382"/>
<connection id="54326" src-id="47280" dest-id="43808" weight="-4.07848766687964"/>
<connection id="54344" src-id="39509" dest-id="50997" weight="-0.7088591642061914"/>
<connection id="54357" src-id="39473" dest-id="49582" weight="7.733592342189687"/>
<connection id="54363" src-id="41526" dest-id="48590" weight="2.618735190407499"/>
<connection id="54406" src-id="39499" dest-id="45675" weight="-12.689840231080364"/>
<connection id="54408" src-id="41562" dest-id="47280" weight="-3.707843003269252"/>
<connection id="54409" src-id="39475" dest-id="52033" weight="-2.422380739228795"/>
<connection id="54413" src-id="40502" dest-id="47684" weight="-3.2765881307435736"/>
<connection id="54565" src-id="47684" dest-id="41876" weight="4.719565785270416"/>
<connection id="54636" src-id="41526" dest-id="41118" weight="1.7664205032408524"/>
<connection id="54696" src-id="39487" dest-id="41118" weight="-6.62062483851367"/>
<connection id="54725" src-id="53350" dest-id="50997" weight="-3.1513307196587386"/>
<connection id="54731" src-id="41876" dest-id="41562" weight="-9.63513347155028"/>
<connection id="54756" src-id="44238" dest-id="43588" weight="-3.6854202644199185"/>
<neuron id="54795" type="hid" activation="sigmoid"/>
<connection id="54796" src-id="39490" dest-id="54795" weight="-2.4572948169698776"/>
<connection id="54797" src-id="54795" dest-id="42880" weight="-0.3958469603852618"/>
<connection id="55009" src-id="39475" dest-id="42880" weight="0.7829198213195205"/>
<connection id="55053" src-id="49582" dest-id="41538" weight="-3.2995338828905356"/>
<connection id="55112" src-id="49582" dest-id="46882" weight="-3.304161225497669"/>
<connection id="55291" src-id="41526" dest-id="47283" weight="1.131751735297943"/>
<connection id="55385" src-id="41526" dest-id="41565" weight="-5.0918018633818"/>
<connection id="55387" src-id="43588" dest-id="44032" weight="-6.476512446641394"/>
<connection id="55389" src-id="53350" dest-id="40493" weight="8.883982628383343"/>
<connection id="55392" src-id="43368" dest-id="47280" weight="2.0074323025819987"/>
<connection id="55393" src-id="39486" dest-id="40502" weight="0.5394019887705985"/>
<connection id="55394" src-id="39485" dest-id="40502" weight="-3.203876648181394"/>
<connection id="55395" src-id="41562" dest-id="53350" weight="-4.644354643429329"/>
<connection id="55396" src-id="46882" dest-id="40505" weight="7.853600464002234"/>
<connection id="55399" src-id="43368" dest-id="40493" weight="-7.914554658500734"/>
<connection id="55401" src-id="40505" dest-id="43100" weight="-10.215091592654504"/>
<connection id="55402" src-id="39484" dest-id="41526" weight="-8.413224155997938"/>
<connection id="55418" src-id="39476" dest-id="53350" weight="-2.0047238325010017"/>
<connection id="55419" src-id="53350" dest-id="54795" weight="1.1621715548219285"/>
<connection id="55520" src-id="44023" dest-id="44247" weight="7.1120146037763945"/>
<neuron id="55616" type="hid" activation="sigmoid"/>
<connection id="55617" src-id="41523" dest-id="55616" weight="12.207780922556339"/>
<connection id="55618" src-id="55616" dest-id="43377" weight="3.687305082190748"/>
<neuron id="55646" type="hid" activation="sigmoid"/>
<connection id="55647" src-id="43808" dest-id="55646" weight="-3.9243866569573633"/>
<connection id="55648" src-id="55646" dest-id="44238" weight="9.447998441134406"/>
<connection id="55734" src-id="43808" dest-id="39645" weight="-11.624498466921368"/>
<connection id="55854" src-id="39490" dest-id="53350" weight="1.0399811426324206"/>
<connection id="56052" src-id="39503" dest-id="44023" weight="-7.047070439691143"/>
<connection id="56062" src-id="45917" dest-id="39645" weight="-1.8296170648237822"/>
<connection id="56085" src-id="40502" dest-id="41562" weight="5.719584121417229"/>
<connection id="56125" src-id="39508" dest-id="41118" weight="-5.607806283753879"/>
<connection id="56140" src-id="40502" dest-id="43100" weight="5.3074408530135555"/>
<connection id="56171" src-id="49582" dest-id="44032" weight="0.8964792253800391"/>
<connection id="56172" src-id="40502" dest-id="41118" weight="-11.129727230607507"/>
<connection id="56173" src-id="41858" dest-id="50997" weight="-9.174861820284097"/>
<connection id="56177" src-id="43368" dest-id="43588" weight="-0.5600232141042751"/>
<connection id="56179" src-id="41858" dest-id="53983" weight="-5.354743257587753"/>
<connection id="56180" src-id="39477" dest-id="44238" weight="-4.412717814879957"/>
<connection id="56181" src-id="43368" dest-id="49582" weight="-5.4709990108591455"/>
<connection id="56182" src-id="41520" dest-id="45917" weight="3.7253704177256672"/>
<connection id="56187" src-id="54795" dest-id="40505" weight="4.730948758235954"/>
<connection id="56346" src-id="44238" dest-id="42140" weight="-5.782904279621992"/>
<neuron id="56656" type="hid" activation="sigmoid"/>
<connection id="56657" src-id="39505" dest-id="56656" weight="4.219208148214206"/>
<connection id="56658" src-id="56656" dest-id="40505" weight="4.203621131967565"/>
<connection id="56805" src-id="44238" dest-id="40505" weight="-5.89150905637202"/>
<connection id="56806" src-id="53983" dest-id="44023" weight="2.7233805408348952"/>
<connection id="56886" src-id="39489" dest-id="45917" weight="9.435947836554313"/>
<connection id="56974" src-id="39481" dest-id="44023" weight="5.047641722956513"/>
<connection id="56977" src-id="45917" dest-id="49112" weight="9.40029865489794"/>
<connection id="56978" src-id="44238" dest-id="50997" weight="-17.88137568752683"/>
<connection id="56981" src-id="39488" dest-id="45073" weight="9.80038797401431"/>
<connection id="56982" src-id="53983" dest-id="39645" weight="0.7117327283208783"/>
<connection id="56983" src-id="40493" dest-id="55616" weight="-7.459536523769229"/>
<connection id="56987" src-id="39498" dest-id="54795" weight="8.61531728520712"/>
<connection id="56991" src-id="39486" dest-id="53329" weight="-2.4543167997645137"/>
<connection id="57106" src-id="55646" dest-id="41580" weight="-2.9875761691302882"/>
<connection id="57122" src-id="39504" dest-id="45073" weight="1.1112397811213957"/>
<connection id="57241" src-id="39485" dest-id="43377" weight="0.5749746785083478"/>
<connection id="57386" src-id="40493" dest-id="43377" weight="3.524085880389627"/>
<neuron id="57514" type="hid" activation="sigmoid"/>
<connection id="57515" src-id="39494" dest-id="57514" weight="16.373363766966378"/>
<connection id="57516" src-id="57514" dest-id="43377" weight="-6.119482553213699"/>
<neuron id="57517" type="hid" activation="sigmoid"/>
<connection id="57518" src-id="50997" dest-id="57517" weight="1.8979440520316881"/>
<neuron id="57520" type="hid" activation="sigmoid"/>
<connection id="57521" src-id="39500" dest-id="57520" weight="3.11489213966074"/>
<connection id="57522" src-id="57520" dest-id="43588" weight="8.984615552012631"/>
<connection id="57764" src-id="39494" dest-id="45073" weight="-2.2673975605152603"/>
<connection id="57848" src-id="39508" dest-id="44023" weight="2.707461053733215"/>
<connection id="57885" src-id="53350" dest-id="41538" weight="-4.6233872293001435"/>
<connection id="57950" src-id="44023" dest-id="48590" weight="-1.3433515966115612"/>
<connection id="57970" src-id="39495" dest-id="45073" weight="0.6108064569882786"/>
<connection id="58061" src-id="39508" dest-id="41526" weight="0.23921898823094995"/>
<connection id="58200" src-id="39499" dest-id="43368" weight="-1.424581234967747"/>
<connection id="58297" src-id="45917" dest-id="55616" weight="-1.4276593140015608"/>
<connection id="58299" src-id="39494" dest-id="55616" weight="-9.425076342179"/>
<connection id="58300" src-id="39491" dest-id="54795" weight="4.850828956161155"/>
<connection id="58302" src-id="39509" dest-id="53329" weight="-3.5257187363839995"/>
<connection id="58303" src-id="39471" dest-id="54795" weight="7.301496752640054"/>
<connection id="58304" src-id="42901" dest-id="53329" weight="-4.130974329485825"/>
<connection id="58305" src-id="54795" dest-id="40493" weight="2.8915478928526195E-4"/>
<connection id="58308" src-id="53983" dest-id="44032" weight="2.915730021685861"/>
<connection id="58309" src-id="39475" dest-id="53329" weight="-5.776945604905655"/>
<connection id="58310" src-id="44238" dest-id="57517" weight="-7.04564922424901"/>
<connection id="58311" src-id="39490" dest-id="57520" weight="-3.6220088455032595"/>
<connection id="58312" src-id="41565" dest-id="57517" weight="-5.659810190426389"/>
<connection id="58314" src-id="39484" dest-id="53329" weight="2.253353560412268"/>
<connection id="58315" src-id="39494" dest-id="52033" weight="1.4844494358455946"/>
<connection id="58317" src-id="39507" dest-id="53983" weight="3.9737189280417144"/>
<connection id="58318" src-id="39492" dest-id="52033" weight="3.9522193970076307"/>
<connection id="58320" src-id="39506" dest-id="44023" weight="0.18954403563343392"/>
<connection id="58321" src-id="53350" dest-id="45073" weight="3.6055497784381316"/>
<connection id="58324" src-id="39496" dest-id="53350" weight="1.752859084900698"/>
<connection id="58387" src-id="39508" dest-id="53350" weight="1.1701872076654667"/>
<connection id="58416" src-id="39489" dest-id="43100" weight="-1.0400204942943234"/>
<connection id="58452" src-id="44238" dest-id="39512" weight="-6.858647208013459"/>
<connection id="58775" src-id="43368" dest-id="41565" weight="2.5350646573461217"/>
<connection id="58860" src-id="49582" dest-id="40505" weight="3.72985214163565"/>
<connection id="58864" src-id="39486" dest-id="54795" weight="-3.2272776960231244"/>
<connection id="58881" src-id="55616" dest-id="41580" weight="-2.997491198377169"/>
<connection id="59019" src-id="39486" dest-id="43100" weight="4.608797816635213"/>
<connection id="59138" src-id="40493" dest-id="57514" weight="10.241228456293467"/>
<connection id="59139" src-id="49112" dest-id="57517" weight="-1.9451982327399109"/>
<connection id="59141" src-id="41118" dest-id="45073" weight="0.8486103881491118"/>
<connection id="59150" src-id="53350" dest-id="49112" weight="1.3450022134238675"/>
<connection id="59221" src-id="52033" dest-id="45073" weight="3.681190973702443"/>
<connection id="59231" src-id="53983" dest-id="50997" weight="-1.649125634246192"/>
<connection id="59302" src-id="39511" dest-id="41118" weight="-1.0137522359112094"/>
<connection id="59348" src-id="39473" dest-id="43368" weight="2.23886675685813"/>
<connection id="59351" src-id="39502" dest-id="41526" weight="8.37006794193532"/>
<connection id="59366" src-id="39470" dest-id="54795" weight="1.041241075623463"/>
<neuron id="59570" type="hid" activation="sigmoid"/>
<connection id="59571" src-id="39476" dest-id="59570" weight="5.755766004171479"/>
<connection id="59572" src-id="59570" dest-id="41538" weight="-6.409425752622497"/>
<neuron id="59576" type="hid" activation="sigmoid"/>
<connection id="59577" src-id="39497" dest-id="59576" weight="3.032097457091019"/>
<connection id="59578" src-id="59576" dest-id="41562" weight="0.8372914303602275"/>
<neuron id="59588" type="hid" activation="sigmoid"/>
<connection id="59589" src-id="39489" dest-id="59588" weight="-0.7581410436683371"/>
<connection id="59590" src-id="59588" dest-id="42140" weight="-6.22197040459966"/>
<connection id="59720" src-id="39497" dest-id="53983" weight="5.597267640963839"/>
<connection id="59880" src-id="52033" dest-id="54795" weight="-0.745891606698516"/>
<connection id="59886" src-id="39500" dest-id="57517" weight="-1.7668334861636306"/>
<connection id="59899" src-id="39496" dest-id="57517" weight="-0.9885677099227905"/>
<connection id="59941" src-id="50997" dest-id="39557" weight="-8.498173605949631"/>
<connection id="59991" src-id="55616" dest-id="39645" weight="-11.709812301956703"/>
<connection id="59993" src-id="44247" dest-id="53329" weight="-4.379913150476771"/>
<connection id="59994" src-id="49582" dest-id="55616" weight="4.454911809734937"/>
<connection id="59997" src-id="41538" dest-id="57517" weight="3.448021471974711"/>
<connection id="59998" src-id="41526" dest-id="39645" weight="-3.095798118665426"/>
<connection id="59999" src-id="47684" dest-id="55616" weight="2.7942707092050454"/>
<connection id="60001" src-id="41876" dest-id="41526" weight="1.3715469150279762"/>
<connection id="60002" src-id="40502" dest-id="57520" weight="-6.181938550809965"/>
<connection id="60004" src-id="57520" dest-id="46882" weight="-2.7926272670437022"/>
<connection id="60005" src-id="39496" dest-id="40502" weight="-0.5180619397313069"/>
<connection id="60006" src-id="42155" dest-id="43377" weight="-5.973202008727819"/>
<connection id="60008" src-id="54795" dest-id="57517" weight="-3.0784303332363923"/>
<connection id="60009" src-id="48133" dest-id="41580" weight="3.2232317270656345"/>
<connection id="60206" src-id="53983" dest-id="44247" weight="1.7267365870792353"/>
<connection id="60258" src-id="43368" dest-id="44032" weight="-3.51595660730472"/>
<connection id="60292" src-id="39498" dest-id="44247" weight="4.216480216895848"/>
<connection id="60335" src-id="46882" dest-id="53983" weight="-4.128996981033048"/>
<connection id="60350" src-id="57520" dest-id="42880" weight="-4.6620610273476935"/>
<connection id="60398" src-id="40502" dest-id="53983" weight="-7.701745577620357"/>
<connection id="60412" src-id="39481" dest-id="53350" weight="8.62883636041927"/>
<connection id="60438" src-id="43368" dest-id="39557" weight="-3.1119878692197807"/>
<connection id="60458" src-id="45073" dest-id="55616" weight="0.3152632713317871"/>
<neuron id="60601" type="hid" activation="sigmoid"/>
<connection id="60602" src-id="39496" dest-id="60601" weight="3.676073059960767"/>
<connection id="60603" src-id="60601" dest-id="41906" weight="2.3399804154050368"/>
<neuron id="60652" type="hid" activation="sigmoid"/>
<connection id="60653" src-id="49582" dest-id="60652" weight="11.046214059485584"/>
<connection id="60654" src-id="60652" dest-id="47283" weight="11.201000671728464"/>
<connection id="60863" src-id="39503" dest-id="53329" weight="4.0986170644041575"/>
<connection id="60951" src-id="43368" dest-id="57517" weight="-3.3141011203351436"/>
<connection id="60952" src-id="39506" dest-id="40502" weight="6.087599548234763"/>
<connection id="60955" src-id="39474" dest-id="44032" weight="4.42169208057523"/>
<connection id="61081" src-id="39503" dest-id="53983" weight="-3.713300108468373"/>
<connection id="61329" src-id="41876" dest-id="53350" weight="-2.019841522129595"/>
<connection id="61331" src-id="39489" dest-id="57517" weight="-0.34693193435668945"/>
<connection id="61422" src-id="44247" dest-id="55616" weight="4.169125111534037"/>
<connection id="61564" src-id="39488" dest-id="57517" weight="0.08153242751087486"/>
<neuron id="61699" type="hid" activation="sigmoid"/>
<connection id="61700" src-id="55616" dest-id="61699" weight="-2.069233443833933"/>
<connection id="61701" src-id="61699" dest-id="43377" weight="18.609086714171625"/>
<neuron id="61702" type="hid" activation="sigmoid"/>
<connection id="61703" src-id="39482" dest-id="61702" weight="-2.070021426911299"/>
<connection id="61704" src-id="61702" dest-id="43377" weight="-2.2932192440905723"/>
<neuron id="61708" type="hid" activation="sigmoid"/>
<connection id="61709" src-id="40493" dest-id="61708" weight="2.5629249063349655"/>
<connection id="61710" src-id="61708" dest-id="42140" weight="-12.635483566491512"/>
<neuron id="61768" type="hid" activation="sigmoid"/>
<connection id="61769" src-id="57517" dest-id="61768" weight="2.7422467092597467"/>
<connection id="61770" src-id="61768" dest-id="39512" weight="0.5908447307600841"/>
<neuron id="61795" type="hid" activation="sigmoid"/>
<connection id="61796" src-id="52033" dest-id="61795" weight="-0.9841910242733731"/>
<connection id="61797" src-id="61795" dest-id="41580" weight="-15.932796747619541"/>
<connection id="62004" src-id="39510" dest-id="60652" weight="-2.1551971126357543"/>
<connection id="62134" src-id="39470" dest-id="51012" weight="-2.0215710902984316"/>
<connection id="62462" src-id="60601" dest-id="42140" weight="1.163134306942117"/>
<connection id="62463" src-id="40553" dest-id="42880" weight="4.957437453102436"/>
<connection id="62464" src-id="61702" dest-id="53329" weight="-1.0001432865263271"/>
<connection id="62468" src-id="39472" dest-id="60601" weight="0.7339720790200421"/>
<connection id="62471" src-id="55646" dest-id="45073" weight="-0.6086425554025681"/>
<connection id="62472" src-id="40553" dest-id="43100" weight="4.075444806280365"/>
<connection id="62477" src-id="39497" dest-id="55646" weight="-3.855745431437526"/>
<connection id="62479" src-id="43588" dest-id="61708" weight="-7.621672008930593"/>
<connection id="62481" src-id="39497" dest-id="45073" weight="1.6822393955903618"/>
<connection id="62482" src-id="49112" dest-id="43100" weight="7.1047165864038195"/>
<connection id="62483" src-id="61708" dest-id="39557" weight="9.313464707609311"/>
<connection id="62485" src-id="57520" dest-id="55616" weight="4.354710579957146"/>
<connection id="62487" src-id="61702" dest-id="39512" weight="7.5458254450973765"/>
<connection id="62491" src-id="60652" dest-id="40553" weight="-4.439042416854956"/>
<connection id="62492" src-id="41520" dest-id="57514" weight="2.9451136520284305"/>
<connection id="62494" src-id="39480" dest-id="54795" weight="-1.45376929897117"/>
<connection id="62495" src-id="39498" dest-id="61699" weight="-2.0779407055810726"/>
<neuron id="63104" type="hid" activation="sigmoid"/>
<connection id="63105" src-id="39499" dest-id="63104" weight="-5.600075472888081"/>
<connection id="63106" src-id="63104" dest-id="46882" weight="6.740338392455338"/>
<connection id="63407" src-id="39476" dest-id="61699" weight="3.0657276709775814"/>
<connection id="63417" src-id="60652" dest-id="43097" weight="-2.515130681850311"/>
<connection id="63643" src-id="39511" dest-id="61702" weight="5.629595589359539"/>
<connection id="63672" src-id="39470" dest-id="43603" weight="1.1567547459931604"/>
<connection id="63704" src-id="53983" dest-id="43588" weight="0.8003453852386215"/>
<connection id="63784" src-id="57520" dest-id="45073" weight="3.041480919449938"/>
<connection id="64044" src-id="61702" dest-id="44032" weight="-0.8319970678420161"/>
<connection id="64199" src-id="39495" dest-id="53326" weight="0.9255541322558141"/>
<connection id="64200" src-id="39502" dest-id="57517" weight="-0.9658708935850258"/>
<connection id="64201" src-id="44023" dest-id="54037" weight="2.704342692999469"/>
<connection id="64202" src-id="41526" dest-id="49112" weight="5.512436896829271"/>
<connection id="64203" src-id="43603" dest-id="48590" weight="0.4996309424776595"/>
<connection id="64204" src-id="43808" dest-id="61699" weight="3.688105340064954"/>
<connection id="64206" src-id="40553" dest-id="61708" weight="5.763553080979616"/>
<connection id="64207" src-id="39499" dest-id="43603" weight="-0.3872794510880495"/>
<connection id="64208" src-id="44238" dest-id="60601" weight="1.1845353911751078"/>
<connection id="64209" src-id="43368" dest-id="56656" weight="1.2802731858968774"/>
<connection id="64210" src-id="39500" dest-id="61699" weight="-4.097788216197523"/>
<connection id="64211" src-id="45917" dest-id="61699" weight="1.2506626332046078"/>
<connection id="64213" src-id="39503" dest-id="57520" weight="0.576646089553833"/>
<connection id="64215" src-id="41565" dest-id="57514" weight="-0.4705293739888635"/>
<connection id="64216" src-id="39471" dest-id="54037" weight="2.0272255586753083"/>
<connection id="64218" src-id="40553" dest-id="55646" weight="2.515397885712871"/>
<connection id="64221" src-id="39496" dest-id="57514" weight="1.2747181228075943"/>
<connection id="64222" src-id="54037" dest-id="39557" weight="-6.25736090908667"/>
<connection id="64224" src-id="39496" dest-id="54037" weight="-3.1096115089283805"/>
<connection id="64225" src-id="48133" dest-id="47684" weight="3.9731745616016454"/>
<connection id="64226" src-id="39508" dest-id="61699" weight="-3.6223653950273826"/>
<connection id="64227" src-id="44247" dest-id="54037" weight="7.92689273799886"/>
<connection id="64230" src-id="39505" dest-id="51012" weight="-4.5226997170834675"/>
<connection id="64231" src-id="39510" dest-id="56656" weight="-1.4234383453964856"/>
<neuron id="64440" type="hid" activation="sigmoid"/>
<connection id="64441" src-id="39476" dest-id="64440" weight="-0.5115623034255545"/>
<connection id="64442" src-id="64440" dest-id="49582" weight="0.2109986852352157"/>
<connection id="64515" src-id="41538" dest-id="53329" weight="-4.811815806087791"/>
<connection id="64610" src-id="63104" dest-id="44238" weight="-1.1169969689335368"/>
<connection id="65273" src-id="64440" dest-id="42140" weight="6.52650023830413"/>
<connection id="65276" src-id="39498" dest-id="45073" weight="-0.2333392629488515"/>
<connection id="65282" src-id="56656" dest-id="46882" weight="3.3096876612596575"/>
<connection id="65283" src-id="61702" dest-id="60601" weight="2.453349871059273"/>
<connection id="65286" src-id="41906" dest-id="61708" weight="0.024382185324242134"/>
<connection id="65287" src-id="40502" dest-id="53326" weight="0.44983951565794733"/>
<connection id="65289" src-id="39503" dest-id="63104" weight="-3.4968652765672434"/>
<connection id="65290" src-id="39500" dest-id="63104" weight="1.8832144266831905"/>
<connection id="65294" src-id="55646" dest-id="39513" weight="-2.2253372733672214"/>
<connection id="65299" src-id="41526" dest-id="41906" weight="2.0034077271899076"/>
<connection id="65300" src-id="48602" dest-id="61708" weight="-2.723226640953535"/>
<connection id="65301" src-id="39476" dest-id="63104" weight="1.3547855433313942"/>
<connection id="65302" src-id="39499" dest-id="57520" weight="-2.391543392662292"/>
<connection id="65303" src-id="39503" dest-id="61768" weight="-1.9169332650313853"/>
<connection id="65304" src-id="43603" dest-id="44023" weight="0.4180817420271127"/>
<connection id="65305" src-id="41565" dest-id="56656" weight="0.21425867080688477"/>
<connection id="65306" src-id="54795" dest-id="61768" weight="1.1424560204932455"/>
<connection id="65307" src-id="51012" dest-id="43368" weight="-1.3320087550694386"/>
<connection id="65308" src-id="53983" dest-id="53350" weight="-0.11353599917885421"/>
<connection id="65309" src-id="41565" dest-id="60601" weight="1.0994605979768948"/>
<connection id="65310" src-id="39475" dest-id="54037" weight="3.019530506931635"/>
<connection id="65315" src-id="56656" dest-id="39512" weight="-0.7703745375792999"/>
<connection id="65317" src-id="40553" dest-id="45675" weight="0.06591486930847168"/>
<neuron id="66004" type="hid" activation="sigmoid"/>
<connection id="66005" src-id="39499" dest-id="66004" weight="8.348815431414453"/>
<connection id="66006" src-id="66004" dest-id="47684" weight="-10.199729055158919"/>
<connection id="67073" src-id="40502" dest-id="63104" weight="5.384797511201795"/>
<connection id="67074" src-id="39484" dest-id="43603" weight="0.2357735583726293"/>
<connection id="67076" src-id="66004" dest-id="55616" weight="0.9390737102887396"/>
<connection id="67079" src-id="39497" dest-id="64440" weight="-0.7028765678405762"/>
<connection id="67080" src-id="45675" dest-id="53329" weight="0.7263691841176221"/>
<connection id="67081" src-id="49112" dest-id="54037" weight="2.2370098180749722"/>
<connection id="67083" src-id="47283" dest-id="52618" weight="0.7715177536010742"/>
<connection id="67084" src-id="39481" dest-id="61702" weight="1.547916995913241"/>
<connection id="67086" src-id="59576" dest-id="40493" weight="0.3655291795730591"/>
<connection id="67087" src-id="66004" dest-id="54795" weight="-1.3922824997424876"/>
<connection id="67090" src-id="59588" dest-id="41876" weight="0.01801058677998335"/>
<connection id="67091" src-id="41118" dest-id="61795" weight="-3.4457420774091014"/>
<connection id="67092" src-id="52618" dest-id="44238" weight="1.125711144002"/>
<connection id="67093" src-id="41562" dest-id="61702" weight="-6.013623249580569"/>
<connection id="67095" src-id="39506" dest-id="40553" weight="-0.6852415316766465"/>
<connection id="67096" src-id="39504" dest-id="61702" weight="-5.3049066820659165"/>
<connection id="67097" src-id="59576" dest-id="54795" weight="-0.9508443135122897"/>
<connection id="67100" src-id="39479" dest-id="57517" weight="-0.7638975425442556"/>
<neuron id="67435" type="hid" activation="sigmoid"/>
<connection id="67436" src-id="43368" dest-id="67435" weight="3.393465676185122"/>
<connection id="67437" src-id="67435" dest-id="39512" weight="5.355378985555253"/>
<neuron id="67558" type="hid" activation="sigmoid"/>
<connection id="67559" src-id="39482" dest-id="67558" weight="1.6500137449422172"/>
<connection id="67560" src-id="67558" dest-id="41562" weight="0.08890541977916033"/>
<neuron id="67561" type="hid" activation="sigmoid"/>
<connection id="67562" src-id="39472" dest-id="67561" weight="-1.1952268990456396"/>
<connection id="67563" src-id="67561" dest-id="43377" weight="6.933386920213013"/>
<neuron id="67564" type="hid" activation="sigmoid"/>
<connection id="67565" src-id="39503" dest-id="67564" weight="2.3407331528923234"/>
<connection id="67566" src-id="67564" dest-id="60601" weight="-1.1653727268387637"/>
</chromosome>