<chromosome id="57267" primary-parent-id="57108"><neuron id="52914" type="in" activation="linear"/>
<neuron id="52915" type="in" activation="linear"/>
<neuron id="52916" type="in" activation="linear"/>
<neuron id="52917" type="in" activation="linear"/>
<neuron id="52918" type="in" activation="linear"/>
<neuron id="52919" type="in" activation="linear"/>
<neuron id="52920" type="in" activation="linear"/>
<neuron id="52921" type="in" activation="linear"/>
<neuron id="52922" type="in" activation="linear"/>
<neuron id="52923" type="in" activation="linear"/>
<neuron id="52924" type="in" activation="linear"/>
<neuron id="52925" type="in" activation="linear"/>
<neuron id="52926" type="in" activation="linear"/>
<neuron id="52927" type="in" activation="linear"/>
<neuron id="52928" type="in" activation="linear"/>
<neuron id="52929" type="in" activation="linear"/>
<neuron id="52930" type="in" activation="linear"/>
<neuron id="52931" type="in" activation="linear"/>
<neuron id="52932" type="in" activation="linear"/>
<neuron id="52933" type="in" activation="linear"/>
<neuron id="52934" type="in" activation="linear"/>
<neuron id="52935" type="in" activation="linear"/>
<neuron id="52936" type="in" activation="linear"/>
<neuron id="52937" type="in" activation="linear"/>
<neuron id="52938" type="in" activation="linear"/>
<neuron id="52939" type="in" activation="linear"/>
<neuron id="52940" type="in" activation="linear"/>
<neuron id="52941" type="in" activation="linear"/>
<neuron id="52942" type="in" activation="linear"/>
<neuron id="52943" type="in" activation="linear"/>
<neuron id="52944" type="in" activation="linear"/>
<neuron id="52945" type="in" activation="linear"/>
<neuron id="52946" type="in" activation="linear"/>
<neuron id="52947" type="in" activation="linear"/>
<neuron id="52948" type="in" activation="linear"/>
<neuron id="52949" type="in" activation="linear"/>
<neuron id="52950" type="in" activation="linear"/>
<neuron id="52951" type="in" activation="linear"/>
<neuron id="52952" type="in" activation="linear"/>
<neuron id="52953" type="in" activation="linear"/>
<neuron id="52954" type="in" activation="linear"/>
<neuron id="52955" type="in" activation="linear"/>
<neuron id="52956" type="out" activation="linear"/>
<neuron id="52957" type="hid" activation="sigmoid"/>
<connection id="52958" src-id="52914" dest-id="52957" weight="7.117105872737128"/>
<connection id="52959" src-id="52915" dest-id="52957" weight="-7.91624648960974"/>
<connection id="52960" src-id="52916" dest-id="52957" weight="3.695445807203991"/>
<connection id="52963" src-id="52919" dest-id="52957" weight="-10.981701480649669"/>
<connection id="52964" src-id="52920" dest-id="52957" weight="-2.635757357398078"/>
<connection id="52965" src-id="52921" dest-id="52957" weight="-6.847174207670388"/>
<connection id="52966" src-id="52922" dest-id="52957" weight="-5.446782498128604"/>
<connection id="52967" src-id="52923" dest-id="52957" weight="-0.07705854540174462"/>
<connection id="52968" src-id="52924" dest-id="52957" weight="12.459112011046576"/>
<connection id="52969" src-id="52925" dest-id="52957" weight="0.29352727208236873"/>
<connection id="52970" src-id="52926" dest-id="52957" weight="5.267486475896825"/>
<connection id="52971" src-id="52927" dest-id="52957" weight="0.9673912334196548"/>
<connection id="52972" src-id="52928" dest-id="52957" weight="-7.949909396980238"/>
<connection id="52973" src-id="52929" dest-id="52957" weight="-5.70764896872502"/>
<connection id="52974" src-id="52930" dest-id="52957" weight="6.83296629111851"/>
<connection id="52976" src-id="52932" dest-id="52957" weight="-1.2283628512972058"/>
<connection id="52978" src-id="52934" dest-id="52957" weight="-13.653240576018241"/>
<connection id="52979" src-id="52935" dest-id="52957" weight="-3.791825561801639"/>
<connection id="52980" src-id="52936" dest-id="52957" weight="-2.19818579326936"/>
<connection id="52982" src-id="52938" dest-id="52957" weight="6.549403070713952"/>
<connection id="52983" src-id="52939" dest-id="52957" weight="-1.5667857344945626"/>
<connection id="52984" src-id="52940" dest-id="52957" weight="1.0967437402844042"/>
<connection id="52985" src-id="52941" dest-id="52957" weight="-3.869620917333126"/>
<connection id="52986" src-id="52942" dest-id="52957" weight="-6.7262517961495405"/>
<connection id="52987" src-id="52943" dest-id="52957" weight="-1.4420493254809106"/>
<connection id="52988" src-id="52944" dest-id="52957" weight="1.1920717643939849"/>
<connection id="52989" src-id="52945" dest-id="52957" weight="0.16047589259455197"/>
<connection id="52990" src-id="52946" dest-id="52957" weight="3.142468703548292"/>
<connection id="52991" src-id="52947" dest-id="52957" weight="2.017564987383018"/>
<connection id="52992" src-id="52948" dest-id="52957" weight="-6.321560369111845"/>
<connection id="52993" src-id="52949" dest-id="52957" weight="-2.8514998253373767"/>
<connection id="52994" src-id="52950" dest-id="52957" weight="-20.583268722968235"/>
<connection id="52996" src-id="52952" dest-id="52957" weight="20.7614495818051"/>
<connection id="52997" src-id="52953" dest-id="52957" weight="17.034693650093097"/>
<connection id="52998" src-id="52954" dest-id="52957" weight="4.8419549872782115"/>
<connection id="53000" src-id="52957" dest-id="52956" weight="9.134173908800205"/>
<neuron id="53001" type="hid" activation="sigmoid"/>
<connection id="53002" src-id="52914" dest-id="53001" weight="-10.26666294226512"/>
<connection id="53003" src-id="52915" dest-id="53001" weight="7.712935945368063"/>
<connection id="53004" src-id="52916" dest-id="53001" weight="0.39048597478673996"/>
<connection id="53006" src-id="52918" dest-id="53001" weight="-2.8760012855679524"/>
<connection id="53007" src-id="52919" dest-id="53001" weight="-7.114082666398142"/>
<connection id="53010" src-id="52922" dest-id="53001" weight="-1.908293074343093"/>
<connection id="53011" src-id="52923" dest-id="53001" weight="-5.71188460035535"/>
<connection id="53012" src-id="52924" dest-id="53001" weight="-2.367609143686293"/>
<connection id="53013" src-id="52925" dest-id="53001" weight="-14.695826322793668"/>
<connection id="53014" src-id="52926" dest-id="53001" weight="4.440178858164242"/>
<connection id="53015" src-id="52927" dest-id="53001" weight="2.508382879156171"/>
<connection id="53016" src-id="52928" dest-id="53001" weight="-13.654796600789183"/>
<connection id="53017" src-id="52929" dest-id="53001" weight="-3.1498845388757153"/>
<connection id="53018" src-id="52930" dest-id="53001" weight="6.872923443843276"/>
<connection id="53019" src-id="52931" dest-id="53001" weight="-4.922312249095998"/>
<connection id="53021" src-id="52933" dest-id="53001" weight="-22.894709197058877"/>
<connection id="53022" src-id="52934" dest-id="53001" weight="-1.5370478808110297"/>
<connection id="53023" src-id="52935" dest-id="53001" weight="13.29379662864817"/>
<connection id="53025" src-id="52937" dest-id="53001" weight="-3.2674384181565927"/>
<connection id="53026" src-id="52938" dest-id="53001" weight="-10.816397990429577"/>
<connection id="53027" src-id="52939" dest-id="53001" weight="-13.76374497919179"/>
<connection id="53028" src-id="52940" dest-id="53001" weight="8.707643984998752"/>
<connection id="53029" src-id="52941" dest-id="53001" weight="-4.206730500687084"/>
<connection id="53031" src-id="52943" dest-id="53001" weight="5.00205831872168"/>
<connection id="53032" src-id="52944" dest-id="53001" weight="-2.8942685733444797"/>
<connection id="53033" src-id="52945" dest-id="53001" weight="-11.58078750604057"/>
<connection id="53034" src-id="52946" dest-id="53001" weight="-11.045383360935308"/>
<connection id="53036" src-id="52948" dest-id="53001" weight="-7.646610120954949"/>
<connection id="53037" src-id="52949" dest-id="53001" weight="13.544865754497046"/>
<connection id="53038" src-id="52950" dest-id="53001" weight="0.7316381367543068"/>
<connection id="53039" src-id="52951" dest-id="53001" weight="0.5136021001979079"/>
<connection id="53040" src-id="52952" dest-id="53001" weight="0.6259072425869828"/>
<connection id="53041" src-id="52953" dest-id="53001" weight="-4.209239512894181"/>
<connection id="53042" src-id="52954" dest-id="53001" weight="7.442833051865111"/>
<connection id="53043" src-id="52955" dest-id="53001" weight="-7.245252604986401"/>
<connection id="53044" src-id="53001" dest-id="52956" weight="16.364119506057822"/>
<neuron id="53045" type="hid" activation="sigmoid"/>
<connection id="53046" src-id="52914" dest-id="53045" weight="-7.630249487892374"/>
<connection id="53050" src-id="52918" dest-id="53045" weight="-21.447733656132264"/>
<connection id="53051" src-id="52919" dest-id="53045" weight="0.7443620216301865"/>
<connection id="53052" src-id="52920" dest-id="53045" weight="-5.041847577652962"/>
<connection id="53053" src-id="52921" dest-id="53045" weight="-1.3710416990437393"/>
<connection id="53054" src-id="52922" dest-id="53045" weight="-11.048294942912278"/>
<connection id="53056" src-id="52924" dest-id="53045" weight="1.5031998858372095"/>
<connection id="53058" src-id="52926" dest-id="53045" weight="4.69396866035251"/>
<connection id="53059" src-id="52927" dest-id="53045" weight="9.48946710146964"/>
<connection id="53060" src-id="52928" dest-id="53045" weight="1.8871151795568162"/>
<connection id="53061" src-id="52929" dest-id="53045" weight="-20.698361019981288"/>
<connection id="53063" src-id="52931" dest-id="53045" weight="0.5290571171619467"/>
<connection id="53064" src-id="52932" dest-id="53045" weight="22.23689898949554"/>
<connection id="53065" src-id="52933" dest-id="53045" weight="-2.697794645935329"/>
<connection id="53066" src-id="52934" dest-id="53045" weight="11.630263194542817"/>
<connection id="53067" src-id="52935" dest-id="53045" weight="-15.385720520060454"/>
<connection id="53069" src-id="52937" dest-id="53045" weight="-8.591439911934012"/>
<connection id="53070" src-id="52938" dest-id="53045" weight="-22.7989284566101"/>
<connection id="53071" src-id="52939" dest-id="53045" weight="-3.042138002734702"/>
<connection id="53072" src-id="52940" dest-id="53045" weight="10.303965834639836"/>
<connection id="53073" src-id="52941" dest-id="53045" weight="-10.596316246657482"/>
<connection id="53074" src-id="52942" dest-id="53045" weight="-9.290958815344368"/>
<connection id="53075" src-id="52943" dest-id="53045" weight="-6.663720347565666"/>
<connection id="53078" src-id="52946" dest-id="53045" weight="7.435909001760368"/>
<connection id="53079" src-id="52947" dest-id="53045" weight="5.23343123167946"/>
<connection id="53080" src-id="52948" dest-id="53045" weight="1.114111945974116"/>
<connection id="53081" src-id="52949" dest-id="53045" weight="-10.641372881556503"/>
<connection id="53082" src-id="52950" dest-id="53045" weight="8.618853822150067"/>
<connection id="53083" src-id="52951" dest-id="53045" weight="6.531289816847268"/>
<connection id="53084" src-id="52952" dest-id="53045" weight="10.254418656743185"/>
<connection id="53085" src-id="52953" dest-id="53045" weight="-1.4357220492250067"/>
<connection id="53087" src-id="52955" dest-id="53045" weight="2.071547323903002"/>
<connection id="53088" src-id="53045" dest-id="52956" weight="2.5901268730504325"/>
<neuron id="53089" type="hid" activation="sigmoid"/>
<connection id="53090" src-id="52914" dest-id="53089" weight="3.083333370951974"/>
<connection id="53091" src-id="52915" dest-id="53089" weight="2.085871261791064"/>
<connection id="53092" src-id="52916" dest-id="53089" weight="13.274830889639103"/>
<connection id="53093" src-id="52917" dest-id="53089" weight="4.915443355843584"/>
<connection id="53094" src-id="52918" dest-id="53089" weight="10.967594119352604"/>
<connection id="53096" src-id="52920" dest-id="53089" weight="11.577434280145276"/>
<connection id="53097" src-id="52921" dest-id="53089" weight="5.0137870319938695"/>
<connection id="53098" src-id="52922" dest-id="53089" weight="-7.242987349405863"/>
<connection id="53099" src-id="52923" dest-id="53089" weight="3.598620780485544"/>
<connection id="53100" src-id="52924" dest-id="53089" weight="-6.096140679619151"/>
<connection id="53101" src-id="52925" dest-id="53089" weight="-2.6155101180118736"/>
<connection id="53102" src-id="52926" dest-id="53089" weight="10.081434273256654"/>
<connection id="53103" src-id="52927" dest-id="53089" weight="3.8063002202711083"/>
<connection id="53104" src-id="52928" dest-id="53089" weight="-3.914422659083748"/>
<connection id="53105" src-id="52929" dest-id="53089" weight="2.5786371931721783"/>
<connection id="53106" src-id="52930" dest-id="53089" weight="10.504961049392808"/>
<connection id="53107" src-id="52931" dest-id="53089" weight="-12.626030984052495"/>
<connection id="53108" src-id="52932" dest-id="53089" weight="-4.226120898214351"/>
<connection id="53109" src-id="52933" dest-id="53089" weight="-0.6945473378954121"/>
<connection id="53110" src-id="52934" dest-id="53089" weight="-0.22988705015428423"/>
<connection id="53111" src-id="52935" dest-id="53089" weight="2.5999496549185572"/>
<connection id="53112" src-id="52936" dest-id="53089" weight="2.356199093889564"/>
<connection id="53113" src-id="52937" dest-id="53089" weight="5.990444396026968"/>
<connection id="53114" src-id="52938" dest-id="53089" weight="5.733825214675857"/>
<connection id="53115" src-id="52939" dest-id="53089" weight="-1.0775201699138428"/>
<connection id="53116" src-id="52940" dest-id="53089" weight="5.362524618229985"/>
<connection id="53117" src-id="52941" dest-id="53089" weight="7.9673773268541925"/>
<connection id="53118" src-id="52942" dest-id="53089" weight="-6.674559462325411"/>
<connection id="53119" src-id="52943" dest-id="53089" weight="1.993089438272448"/>
<connection id="53120" src-id="52944" dest-id="53089" weight="-4.274002854693014"/>
<connection id="53121" src-id="52945" dest-id="53089" weight="-9.639474803715952"/>
<connection id="53122" src-id="52946" dest-id="53089" weight="-13.651376574220652"/>
<connection id="53123" src-id="52947" dest-id="53089" weight="-0.4185818385717869"/>
<connection id="53124" src-id="52948" dest-id="53089" weight="4.738515062915463"/>
<connection id="53125" src-id="52949" dest-id="53089" weight="11.99444611219052"/>
<connection id="53126" src-id="52950" dest-id="53089" weight="-14.02298338314802"/>
<connection id="53127" src-id="52951" dest-id="53089" weight="18.721446294589033"/>
<connection id="53128" src-id="52952" dest-id="53089" weight="-0.3644579552566296"/>
<connection id="53129" src-id="52953" dest-id="53089" weight="1.5469498303910147"/>
<connection id="53130" src-id="52954" dest-id="53089" weight="0.09722346349835753"/>
<connection id="53131" src-id="52955" dest-id="53089" weight="3.739953859229441"/>
<connection id="53132" src-id="53089" dest-id="52956" weight="7.317724826944045"/>
<neuron id="53133" type="hid" activation="sigmoid"/>
<connection id="53134" src-id="52914" dest-id="53133" weight="-6.029567323012245"/>
<connection id="53135" src-id="52915" dest-id="53133" weight="-0.22628195778420346"/>
<connection id="53137" src-id="52917" dest-id="53133" weight="-2.17770481877094"/>
<connection id="53138" src-id="52918" dest-id="53133" weight="-0.9108071532073619"/>
<connection id="53139" src-id="52919" dest-id="53133" weight="6.288632279369478"/>
<connection id="53140" src-id="52920" dest-id="53133" weight="-1.161679756335568"/>
<connection id="53141" src-id="52921" dest-id="53133" weight="2.0343083673977267"/>
<connection id="53142" src-id="52922" dest-id="53133" weight="-2.9212929432026287"/>
<connection id="53144" src-id="52924" dest-id="53133" weight="2.4748433456025314"/>
<connection id="53145" src-id="52925" dest-id="53133" weight="2.4839301353983148"/>
<connection id="53146" src-id="52926" dest-id="53133" weight="-6.130172962864845"/>
<connection id="53147" src-id="52927" dest-id="53133" weight="1.7672074381429805"/>
<connection id="53148" src-id="52928" dest-id="53133" weight="1.037560335233517"/>
<connection id="53149" src-id="52929" dest-id="53133" weight="-3.7929260683309263"/>
<connection id="53150" src-id="52930" dest-id="53133" weight="-12.131493608339435"/>
<connection id="53151" src-id="52931" dest-id="53133" weight="-1.4458391331670786"/>
<connection id="53152" src-id="52932" dest-id="53133" weight="-3.311198534360204"/>
<connection id="53153" src-id="52933" dest-id="53133" weight="-0.0425194943997802"/>
<connection id="53154" src-id="52934" dest-id="53133" weight="6.204426599930137"/>
<connection id="53155" src-id="52935" dest-id="53133" weight="-10.154474186432756"/>
<connection id="53156" src-id="52936" dest-id="53133" weight="15.228049776145207"/>
<connection id="53157" src-id="52937" dest-id="53133" weight="13.660140328424742"/>
<connection id="53158" src-id="52938" dest-id="53133" weight="-3.5622314751537236"/>
<connection id="53159" src-id="52939" dest-id="53133" weight="-1.8429791401037023"/>
<connection id="53160" src-id="52940" dest-id="53133" weight="3.4030824156121895"/>
<connection id="53161" src-id="52941" dest-id="53133" weight="-0.7368620068538521"/>
<connection id="53162" src-id="52942" dest-id="53133" weight="-0.6561611862412744"/>
<connection id="53163" src-id="52943" dest-id="53133" weight="-5.448573563429924"/>
<connection id="53164" src-id="52944" dest-id="53133" weight="1.0169205600933569"/>
<connection id="53167" src-id="52947" dest-id="53133" weight="-1.5951161522259323"/>
<connection id="53168" src-id="52948" dest-id="53133" weight="-0.8527903169883393"/>
<connection id="53169" src-id="52949" dest-id="53133" weight="-0.5487673224722971"/>
<connection id="53170" src-id="52950" dest-id="53133" weight="11.3074071270547"/>
<connection id="53172" src-id="52952" dest-id="53133" weight="5.4280674834542175"/>
<connection id="53173" src-id="52953" dest-id="53133" weight="-8.30185248475754"/>
<connection id="53174" src-id="52954" dest-id="53133" weight="-15.159304625287337"/>
<connection id="53175" src-id="52955" dest-id="53133" weight="-10.001144946453458"/>
<connection id="53176" src-id="53133" dest-id="52956" weight="9.653576031263878"/>
<connection id="53261" src-id="53089" dest-id="52957" weight="-6.23031112201436"/>
<connection id="53262" src-id="52945" dest-id="52956" weight="18.60675503040653"/>
<neuron id="53512" type="hid" activation="sigmoid"/>
<connection id="53513" src-id="52946" dest-id="53512" weight="6.400041020837402"/>
<connection id="53514" src-id="53512" dest-id="53133" weight="12.025453042463905"/>
<connection id="53670" src-id="52923" dest-id="52956" weight="13.140361395559218"/>
<neuron id="53857" type="hid" activation="sigmoid"/>
<connection id="53859" src-id="53857" dest-id="53001" weight="8.109277054475498"/>
<neuron id="53869" type="hid" activation="sigmoid"/>
<connection id="53870" src-id="52931" dest-id="53869" weight="-3.2397952585998366"/>
<connection id="53871" src-id="53869" dest-id="52957" weight="-12.830288657169787"/>
<connection id="53914" src-id="52918" dest-id="53857" weight="3.1608116843180913"/>
<connection id="53933" src-id="52934" dest-id="52956" weight="8.90835553729044"/>
<connection id="54061" src-id="52916" dest-id="52956" weight="8.089633572263969"/>
<neuron id="54641" type="hid" activation="sigmoid"/>
<connection id="54642" src-id="52919" dest-id="54641" weight="-10.758909604605783"/>
<neuron id="54644" type="hid" activation="sigmoid"/>
<connection id="54645" src-id="52933" dest-id="54644" weight="-5.990579358078097"/>
<connection id="54646" src-id="54644" dest-id="52957" weight="4.1299019852497105"/>
<connection id="54771" src-id="53089" dest-id="53045" weight="-1.489472680108725"/>
<neuron id="54885" type="hid" activation="sigmoid"/>
<connection id="54886" src-id="52927" dest-id="54885" weight="3.61159241305497"/>
<connection id="54887" src-id="54885" dest-id="53001" weight="5.509849951380868"/>
<connection id="55065" src-id="52941" dest-id="53857" weight="-0.9242641442239035"/>
<connection id="55071" src-id="52918" dest-id="52956" weight="4.799370464716761"/>
<connection id="55268" src-id="52917" dest-id="53857" weight="-4.724222883573304"/>
<neuron id="55290" type="hid" activation="sigmoid"/>
<connection id="55291" src-id="52951" dest-id="55290" weight="1.0"/>
<connection id="55292" src-id="55290" dest-id="52957" weight="-0.9085268203934114"/>
<connection id="55424" src-id="52952" dest-id="54644" weight="13.945993160691392"/>
<connection id="55477" src-id="52923" dest-id="53857" weight="0.4942774772644043"/>
<connection id="55610" src-id="52937" dest-id="54641" weight="-3.5997932867066202"/>
<connection id="55613" src-id="53001" dest-id="53133" weight="-3.3160427244451975"/>
<neuron id="55667" type="hid" activation="sigmoid"/>
<connection id="55668" src-id="52918" dest-id="55667" weight="5.19207639581745"/>
<connection id="55669" src-id="55667" dest-id="52957" weight="-7.313093242037484"/>
<connection id="55795" src-id="52935" dest-id="54885" weight="5.6913846834100745"/>
<connection id="55860" src-id="54641" dest-id="52956" weight="-0.9915885015392261"/>
<connection id="55888" src-id="52937" dest-id="54885" weight="-9.811050595905593"/>
<neuron id="55969" type="hid" activation="sigmoid"/>
<connection id="55971" src-id="55969" dest-id="53045" weight="-0.9335400962980112"/>
<connection id="56069" src-id="52921" dest-id="52956" weight="2.6388022276701735"/>
<connection id="56168" src-id="52952" dest-id="54641" weight="1.5589237781510976"/>
<connection id="56192" src-id="54641" dest-id="53045" weight="4.1006361354025795"/>
<connection id="56335" src-id="52928" dest-id="55969" weight="1.293774338737484"/>
<connection id="56344" src-id="52934" dest-id="54644" weight="0.8237672735286504"/>
<connection id="56422" src-id="52928" dest-id="54641" weight="3.3279329837973948"/>
<connection id="56423" src-id="52953" dest-id="54641" weight="4.13586759428223"/>
<neuron id="56471" type="hid" activation="sigmoid"/>
<connection id="56472" src-id="52917" dest-id="56471" weight="-5.600431941370086"/>
<connection id="56473" src-id="56471" dest-id="53001" weight="5.120268350650423"/>
<neuron id="56474" type="hid" activation="sigmoid"/>
<connection id="56475" src-id="52920" dest-id="56474" weight="-1.8020773351465258"/>
<connection id="56476" src-id="56474" dest-id="53001" weight="-1.7006925263665253"/>
<neuron id="56483" type="hid" activation="sigmoid"/>
<connection id="56484" src-id="52932" dest-id="56483" weight="-2.2048887868317406"/>
<connection id="56485" src-id="56483" dest-id="53857" weight="-12.678921418205412"/>
<connection id="56555" src-id="53857" dest-id="55969" weight="-4.101565159806833"/>
<connection id="56559" src-id="54885" dest-id="52956" weight="2.7915675623064935"/>
<neuron id="56575" type="hid" activation="sigmoid"/>
<connection id="56576" src-id="54641" dest-id="56575" weight="-3.06359018771061"/>
<connection id="56577" src-id="56575" dest-id="53089" weight="-22.82417078980921"/>
<neuron id="56578" type="hid" activation="sigmoid"/>
<connection id="56579" src-id="52937" dest-id="56578" weight="-1.016457063843197"/>
<connection id="56580" src-id="56578" dest-id="52957" weight="-3.674825920234814"/>
<connection id="56767" src-id="53869" dest-id="53512" weight="-5.713092475815281"/>
<connection id="56768" src-id="52914" dest-id="56575" weight="0.04397634610179768"/>
<connection id="56769" src-id="54644" dest-id="53869" weight="4.587584618363824"/>
<connection id="56772" src-id="52925" dest-id="56474" weight="-1.113272050055273"/>
<connection id="56844" src-id="52932" dest-id="53869" weight="2.2741003445018357"/>
<connection id="56847" src-id="56578" dest-id="53857" weight="-0.1668872287562264"/>
<connection id="56848" src-id="52924" dest-id="53869" weight="1.3956948048206246"/>
<connection id="56964" src-id="52948" dest-id="53869" weight="1.8279768004689518"/>
<connection id="56965" src-id="52941" dest-id="54644" weight="-5.449149574926518"/>
<connection id="56966" src-id="54641" dest-id="53512" weight="0.8877394136523117"/>
<connection id="56971" src-id="52952" dest-id="54885" weight="0.2571090552209587"/>
<connection id="57152" src-id="53133" dest-id="55667" weight="0.9633749723434448"/>
<connection id="57154" src-id="52915" dest-id="53869" weight="0.06562792475215612"/>
<connection id="57156" src-id="52936" dest-id="53869" weight="-2.941736217294772"/>
<connection id="57162" src-id="52921" dest-id="56483" weight="1.166793157641948"/>
<connection id="57163" src-id="52943" dest-id="53869" weight="0.6303931474685669"/>
<connection id="57165" src-id="56483" dest-id="53045" weight="-4.882270785615736"/>
<connection id="57166" src-id="52921" dest-id="53512" weight="0.832920135170418"/>
<connection id="57168" src-id="52924" dest-id="56483" weight="-2.048079398735158"/>
<connection id="57169" src-id="53512" dest-id="52956" weight="2.574920654296875E-5"/>
<connection id="57170" src-id="52932" dest-id="55969" weight="-1.4696548203500943"/>
<neuron id="57228" type="hid" activation="sigmoid"/>
<connection id="57229" src-id="52946" dest-id="57228" weight="3.222925643349229"/>
<connection id="57230" src-id="57228" dest-id="54644" weight="-0.5482689045855829"/>
</chromosome>