<chromosome id="67646" primary-parent-id="66100"><neuron id="39470" type="in" activation="linear"/>
<neuron id="39471" type="in" activation="linear"/>
<neuron id="39472" type="in" activation="linear"/>
<neuron id="39473" type="in" activation="linear"/>
<neuron id="39474" type="in" activation="linear"/>
<neuron id="39475" type="in" activation="linear"/>
<neuron id="39476" type="in" activation="linear"/>
<neuron id="39477" type="in" activation="linear"/>
<neuron id="39478" type="in" activation="linear"/>
<neuron id="39479" type="in" activation="linear"/>
<neuron id="39480" type="in" activation="linear"/>
<neuron id="39481" type="in" activation="linear"/>
<neuron id="39482" type="in" activation="linear"/>
<neuron id="39483" type="in" activation="linear"/>
<neuron id="39484" type="in" activation="linear"/>
<neuron id="39485" type="in" activation="linear"/>
<neuron id="39486" type="in" activation="linear"/>
<neuron id="39487" type="in" activation="linear"/>
<neuron id="39488" type="in" activation="linear"/>
<neuron id="39489" type="in" activation="linear"/>
<neuron id="39490" type="in" activation="linear"/>
<neuron id="39491" type="in" activation="linear"/>
<neuron id="39492" type="in" activation="linear"/>
<neuron id="39493" type="in" activation="linear"/>
<neuron id="39494" type="in" activation="linear"/>
<neuron id="39495" type="in" activation="linear"/>
<neuron id="39496" type="in" activation="linear"/>
<neuron id="39497" type="in" activation="linear"/>
<neuron id="39498" type="in" activation="linear"/>
<neuron id="39499" type="in" activation="linear"/>
<neuron id="39500" type="in" activation="linear"/>
<neuron id="39501" type="in" activation="linear"/>
<neuron id="39502" type="in" activation="linear"/>
<neuron id="39503" type="in" activation="linear"/>
<neuron id="39504" type="in" activation="linear"/>
<neuron id="39505" type="in" activation="linear"/>
<neuron id="39506" type="in" activation="linear"/>
<neuron id="39507" type="in" activation="linear"/>
<neuron id="39508" type="in" activation="linear"/>
<neuron id="39509" type="in" activation="linear"/>
<neuron id="39510" type="in" activation="linear"/>
<neuron id="39511" type="in" activation="linear"/>
<neuron id="39512" type="out" activation="linear"/>
<neuron id="39513" type="hid" activation="sigmoid"/>
<connection id="39514" src-id="39470" dest-id="39513" weight="24.800619404931812"/>
<connection id="39515" src-id="39471" dest-id="39513" weight="-18.875331910584848"/>
<connection id="39517" src-id="39473" dest-id="39513" weight="11.966015237138123"/>
<connection id="39519" src-id="39475" dest-id="39513" weight="10.741282482557892"/>
<connection id="39520" src-id="39476" dest-id="39513" weight="-9.29353954166402"/>
<connection id="39521" src-id="39477" dest-id="39513" weight="10.844436658225469"/>
<connection id="39522" src-id="39478" dest-id="39513" weight="-13.276754010391901"/>
<connection id="39523" src-id="39479" dest-id="39513" weight="-10.747980901361576"/>
<connection id="39525" src-id="39481" dest-id="39513" weight="8.027489829290374"/>
<connection id="39526" src-id="39482" dest-id="39513" weight="-3.1854618221426225"/>
<connection id="39527" src-id="39483" dest-id="39513" weight="27.211235747641673"/>
<connection id="39529" src-id="39485" dest-id="39513" weight="7.709250539616752"/>
<connection id="39530" src-id="39486" dest-id="39513" weight="9.384553476413226"/>
<connection id="39532" src-id="39488" dest-id="39513" weight="-19.422089646265317"/>
<connection id="39533" src-id="39489" dest-id="39513" weight="17.3726858817303"/>
<connection id="39534" src-id="39490" dest-id="39513" weight="-12.463302765553706"/>
<connection id="39536" src-id="39492" dest-id="39513" weight="4.530123651021887"/>
<connection id="39538" src-id="39494" dest-id="39513" weight="5.496627031998997"/>
<connection id="39544" src-id="39500" dest-id="39513" weight="7.5672151840351365"/>
<connection id="39545" src-id="39501" dest-id="39513" weight="-7.667700251316491"/>
<connection id="39546" src-id="39502" dest-id="39513" weight="7.321674445060007"/>
<connection id="39547" src-id="39503" dest-id="39513" weight="12.156901947894685"/>
<connection id="39550" src-id="39506" dest-id="39513" weight="0.7254875910219445"/>
<connection id="39551" src-id="39507" dest-id="39513" weight="3.4767662092871685"/>
<connection id="39552" src-id="39508" dest-id="39513" weight="19.95169908717842"/>
<connection id="39555" src-id="39511" dest-id="39513" weight="2.0244528457198436"/>
<neuron id="39557" type="hid" activation="sigmoid"/>
<connection id="39559" src-id="39471" dest-id="39557" weight="-12.384360763786098"/>
<connection id="39560" src-id="39472" dest-id="39557" weight="-10.912317301924299"/>
<connection id="39561" src-id="39473" dest-id="39557" weight="-1.7233754296680155"/>
<connection id="39562" src-id="39474" dest-id="39557" weight="-5.53788720025084"/>
<connection id="39563" src-id="39475" dest-id="39557" weight="-0.1576060551887477"/>
<connection id="39565" src-id="39477" dest-id="39557" weight="4.873537893075672"/>
<connection id="39566" src-id="39478" dest-id="39557" weight="15.259501961361151"/>
<connection id="39567" src-id="39479" dest-id="39557" weight="17.013967418457852"/>
<connection id="39569" src-id="39481" dest-id="39557" weight="-11.523517947572026"/>
<connection id="39572" src-id="39484" dest-id="39557" weight="2.6200116434469716"/>
<connection id="39573" src-id="39485" dest-id="39557" weight="5.545083960520349"/>
<connection id="39575" src-id="39487" dest-id="39557" weight="5.08319089740127"/>
<connection id="39577" src-id="39489" dest-id="39557" weight="-6.6878556198727335"/>
<connection id="39578" src-id="39490" dest-id="39557" weight="-25.947482112119662"/>
<connection id="39579" src-id="39491" dest-id="39557" weight="10.521843014102778"/>
<connection id="39580" src-id="39492" dest-id="39557" weight="-7.509680009448319"/>
<connection id="39582" src-id="39494" dest-id="39557" weight="11.523802651537185"/>
<connection id="39586" src-id="39498" dest-id="39557" weight="-4.185078473865115"/>
<connection id="39590" src-id="39502" dest-id="39557" weight="-17.997873850676932"/>
<connection id="39591" src-id="39503" dest-id="39557" weight="28.781251818675386"/>
<connection id="39592" src-id="39504" dest-id="39557" weight="15.433501247420152"/>
<connection id="39594" src-id="39506" dest-id="39557" weight="16.782099996717903"/>
<connection id="39595" src-id="39507" dest-id="39557" weight="-0.6895254874569066"/>
<connection id="39596" src-id="39508" dest-id="39557" weight="6.415041797419753"/>
<connection id="39597" src-id="39509" dest-id="39557" weight="-6.972953321565998"/>
<connection id="39599" src-id="39511" dest-id="39557" weight="3.519571358154295"/>
<connection id="39600" src-id="39557" dest-id="39512" weight="11.798896524186638"/>
<neuron id="39601" type="hid" activation="sigmoid"/>
<connection id="39604" src-id="39472" dest-id="39601" weight="6.767849581241091"/>
<connection id="39605" src-id="39473" dest-id="39601" weight="29.25450557312746"/>
<connection id="39606" src-id="39474" dest-id="39601" weight="4.583454277845362"/>
<connection id="39608" src-id="39476" dest-id="39601" weight="-3.008437206550986"/>
<connection id="39610" src-id="39478" dest-id="39601" weight="6.171043463001385"/>
<connection id="39611" src-id="39479" dest-id="39601" weight="9.809748029980334"/>
<connection id="39612" src-id="39480" dest-id="39601" weight="-3.7495360905960595"/>
<connection id="39616" src-id="39484" dest-id="39601" weight="1.8829589393728905"/>
<connection id="39617" src-id="39485" dest-id="39601" weight="2.6784445765631277"/>
<connection id="39618" src-id="39486" dest-id="39601" weight="-19.607115788730177"/>
<connection id="39620" src-id="39488" dest-id="39601" weight="-12.779052190078776"/>
<connection id="39621" src-id="39489" dest-id="39601" weight="-11.920941373976653"/>
<connection id="39623" src-id="39491" dest-id="39601" weight="-1.5474481309039216"/>
<connection id="39625" src-id="39493" dest-id="39601" weight="5.7624703560756405"/>
<connection id="39626" src-id="39494" dest-id="39601" weight="9.696086683509268"/>
<connection id="39627" src-id="39495" dest-id="39601" weight="-4.485245289527176"/>
<connection id="39628" src-id="39496" dest-id="39601" weight="-1.5499746310303721"/>
<connection id="39632" src-id="39500" dest-id="39601" weight="-7.079217129900842"/>
<connection id="39633" src-id="39501" dest-id="39601" weight="8.448690608655951"/>
<connection id="39637" src-id="39505" dest-id="39601" weight="13.829559001426267"/>
<connection id="39638" src-id="39506" dest-id="39601" weight="-12.079243474678078"/>
<connection id="39639" src-id="39507" dest-id="39601" weight="3.3356100938809905"/>
<connection id="39641" src-id="39509" dest-id="39601" weight="-5.786991974706654"/>
<connection id="39643" src-id="39511" dest-id="39601" weight="-3.464312716899665"/>
<neuron id="39645" type="hid" activation="sigmoid"/>
<connection id="39646" src-id="39470" dest-id="39645" weight="12.803380807109416"/>
<connection id="39648" src-id="39472" dest-id="39645" weight="-4.368884314504339"/>
<connection id="39654" src-id="39478" dest-id="39645" weight="-16.70545298363688"/>
<connection id="39656" src-id="39480" dest-id="39645" weight="-3.516305372950891"/>
<connection id="39657" src-id="39481" dest-id="39645" weight="1.5168538485846232"/>
<connection id="39658" src-id="39482" dest-id="39645" weight="26.25316118302212"/>
<connection id="39659" src-id="39483" dest-id="39645" weight="-8.652715896010793"/>
<connection id="39662" src-id="39486" dest-id="39645" weight="1.1595394764604197"/>
<connection id="39665" src-id="39489" dest-id="39645" weight="27.161893221039474"/>
<connection id="39666" src-id="39490" dest-id="39645" weight="-7.272304787076228"/>
<connection id="39668" src-id="39492" dest-id="39645" weight="-2.5009622114070194"/>
<connection id="39670" src-id="39494" dest-id="39645" weight="-17.430299810202232"/>
<connection id="39671" src-id="39495" dest-id="39645" weight="6.102186263021579"/>
<connection id="39674" src-id="39498" dest-id="39645" weight="-17.769012635733603"/>
<connection id="39675" src-id="39499" dest-id="39645" weight="1.066612670596065"/>
<connection id="39678" src-id="39502" dest-id="39645" weight="-0.5698341473556292"/>
<connection id="39680" src-id="39504" dest-id="39645" weight="17.479840810854316"/>
<connection id="39681" src-id="39505" dest-id="39645" weight="1.2427997329332625"/>
<connection id="39682" src-id="39506" dest-id="39645" weight="11.25502698386376"/>
<connection id="39683" src-id="39507" dest-id="39645" weight="-4.796624964385767"/>
<connection id="39687" src-id="39511" dest-id="39645" weight="11.859619401935696"/>
<connection id="39688" src-id="39645" dest-id="39512" weight="8.799583335508759"/>
<connection id="39977" src-id="39485" dest-id="39512" weight="1.222596781059761"/>
<connection id="40249" src-id="39492" dest-id="39512" weight="8.216699645035069"/>
<connection id="40254" src-id="39475" dest-id="39512" weight="-1.0304251133606173"/>
<connection id="40354" src-id="39474" dest-id="39512" weight="4.846044123861778"/>
<neuron id="40481" type="hid" activation="sigmoid"/>
<connection id="40482" src-id="39484" dest-id="40481" weight="-3.5690261610089706"/>
<connection id="40483" src-id="40481" dest-id="39645" weight="-11.878144317255506"/>
<neuron id="40493" type="hid" activation="sigmoid"/>
<connection id="40494" src-id="39480" dest-id="40493" weight="2.3369187995516665"/>
<connection id="40495" src-id="40493" dest-id="39557" weight="-19.440220258879656"/>
<neuron id="40502" type="hid" activation="sigmoid"/>
<connection id="40503" src-id="39470" dest-id="40502" weight="-0.09800577896066873"/>
<connection id="40504" src-id="40502" dest-id="39601" weight="-7.162718596601174"/>
<neuron id="40505" type="hid" activation="sigmoid"/>
<connection id="40506" src-id="39496" dest-id="40505" weight="-0.6293525159879305"/>
<connection id="40507" src-id="40505" dest-id="39557" weight="14.551319433433033"/>
<neuron id="40523" type="hid" activation="sigmoid"/>
<connection id="40524" src-id="39501" dest-id="40523" weight="-1.6859737294995845"/>
<connection id="40525" src-id="40523" dest-id="39645" weight="13.532712198369996"/>
<neuron id="40532" type="hid" activation="sigmoid"/>
<connection id="40533" src-id="39510" dest-id="40532" weight="4.145535104892016"/>
<connection id="40534" src-id="40532" dest-id="39557" weight="-1.671160951236625"/>
<neuron id="40583" type="hid" activation="sigmoid"/>
<connection id="40584" src-id="39495" dest-id="40583" weight="2.8370329450156904"/>
<connection id="40585" src-id="40583" dest-id="39557" weight="-14.65287218809966"/>
<connection id="40681" src-id="39477" dest-id="39512" weight="8.03516470161176"/>
<connection id="40765" src-id="39498" dest-id="39512" weight="7.991685841530095"/>
<connection id="40962" src-id="39513" dest-id="39645" weight="0.3798606773805203"/>
<neuron id="41118" type="hid" activation="sigmoid"/>
<connection id="41120" src-id="41118" dest-id="39513" weight="4.100259202491165"/>
<neuron id="41124" type="hid" activation="sigmoid"/>
<connection id="41125" src-id="39601" dest-id="41124" weight="-1.1597637684129611"/>
<connection id="41126" src-id="41124" dest-id="39512" weight="39.327491666543715"/>
<connection id="41392" src-id="39509" dest-id="39512" weight="12.06660286189635"/>
<neuron id="41520" type="hid" activation="sigmoid"/>
<connection id="41522" src-id="41520" dest-id="39557" weight="-3.076776664763019"/>
<neuron id="41523" type="hid" activation="sigmoid"/>
<connection id="41524" src-id="39509" dest-id="41523" weight="-11.61853503870032"/>
<connection id="41525" src-id="41523" dest-id="39513" weight="6.367537435582977"/>
<neuron id="41526" type="hid" activation="sigmoid"/>
<connection id="41528" src-id="41526" dest-id="39513" weight="9.731931110190091"/>
<neuron id="41562" type="hid" activation="sigmoid"/>
<connection id="41563" src-id="39476" dest-id="41562" weight="-6.965450175328529"/>
<connection id="41564" src-id="41562" dest-id="39645" weight="14.629449556808494"/>
<neuron id="41565" type="hid" activation="sigmoid"/>
<connection id="41566" src-id="39471" dest-id="41565" weight="2.8931842259342186"/>
<connection id="41567" src-id="41565" dest-id="39601" weight="-27.817439702043586"/>
<neuron id="41580" type="hid" activation="sigmoid"/>
<connection id="41581" src-id="39508" dest-id="41580" weight="14.776434506014185"/>
<connection id="41582" src-id="41580" dest-id="39645" weight="-8.988450813370232"/>
<neuron id="41586" type="hid" activation="sigmoid"/>
<connection id="41587" src-id="39497" dest-id="41586" weight="7.255995576512796"/>
<connection id="41588" src-id="41586" dest-id="39601" weight="-0.3915327049292434"/>
<connection id="41669" src-id="39499" dest-id="39512" weight="-2.3698954138238757"/>
<neuron id="41858" type="hid" activation="sigmoid"/>
<connection id="41859" src-id="39509" dest-id="41858" weight="21.965570231091526"/>
<connection id="41860" src-id="41858" dest-id="39645" weight="-12.392556135519076"/>
<neuron id="41876" type="hid" activation="sigmoid"/>
<connection id="41877" src-id="39492" dest-id="41876" weight="10.481673681249582"/>
<connection id="42036" src-id="39496" dest-id="41523" weight="15.905014721172673"/>
<connection id="42045" src-id="39484" dest-id="41520" weight="11.087679504373519"/>
<neuron id="42140" type="hid" activation="sigmoid"/>
<connection id="42141" src-id="39507" dest-id="42140" weight="-14.072134073058752"/>
<connection id="42142" src-id="42140" dest-id="39513" weight="-15.084694581022703"/>
<neuron id="42155" type="hid" activation="sigmoid"/>
<connection id="42157" src-id="42155" dest-id="39645" weight="-18.644653322481208"/>
<connection id="42213" src-id="41520" dest-id="39645" weight="-4.581253213436952"/>
<connection id="42266" src-id="39494" dest-id="41523" weight="-8.370861289983015"/>
<connection id="42269" src-id="39486" dest-id="41520" weight="1.5024204410824518"/>
<connection id="42274" src-id="39483" dest-id="41523" weight="0.20693534227591392"/>
<connection id="42277" src-id="39478" dest-id="41523" weight="-3.7713813563457905"/>
<connection id="42297" src-id="39482" dest-id="41562" weight="-16.922274019104016"/>
<connection id="42318" src-id="41520" dest-id="41523" weight="-3.459036352907952"/>
<connection id="42453" src-id="39491" dest-id="41520" weight="11.691183024848941"/>
<connection id="42503" src-id="41523" dest-id="39645" weight="11.33908642928042"/>
<connection id="42522" src-id="39511" dest-id="41562" weight="-5.025771990876763"/>
<connection id="42628" src-id="39490" dest-id="41523" weight="-2.635593622560589"/>
<connection id="42722" src-id="39473" dest-id="41520" weight="17.427386472514858"/>
<connection id="42731" src-id="39511" dest-id="41523" weight="5.640699712754108"/>
<connection id="42732" src-id="39506" dest-id="41876" weight="1.6341580040854526"/>
<connection id="42757" src-id="39471" dest-id="41562" weight="1.8791810480936033"/>
<connection id="42763" src-id="39506" dest-id="41520" weight="-8.254456187746525"/>
<connection id="42797" src-id="39507" dest-id="41876" weight="2.793250371655609"/>
<connection id="42862" src-id="39507" dest-id="41523" weight="25.49176634723876"/>
<neuron id="42880" type="hid" activation="sigmoid"/>
<connection id="42881" src-id="39491" dest-id="42880" weight="23.045990765033327"/>
<connection id="42882" src-id="42880" dest-id="39513" weight="-0.5824594867762791"/>
<neuron id="42901" type="hid" activation="sigmoid"/>
<connection id="42902" src-id="39479" dest-id="42901" weight="-18.67200122370421"/>
<connection id="42903" src-id="42901" dest-id="39645" weight="-28.857473812238897"/>
<connection id="42973" src-id="39503" dest-id="40502" weight="-2.8086864732016963"/>
<connection id="42984" src-id="39502" dest-id="42901" weight="-3.7197051240824113"/>
<connection id="42986" src-id="39480" dest-id="41565" weight="-1.6083682393630836"/>
<neuron id="43097" type="hid" activation="sigmoid"/>
<connection id="43098" src-id="39491" dest-id="43097" weight="-10.57533376831553"/>
<connection id="43099" src-id="43097" dest-id="39512" weight="3.323989056941909"/>
<neuron id="43130" type="hid" activation="sigmoid"/>
<connection id="43131" src-id="39508" dest-id="43130" weight="1.742162058611504"/>
<connection id="43132" src-id="43130" dest-id="39601" weight="-8.794424576036747"/>
<connection id="43208" src-id="39503" dest-id="41565" weight="-14.239405984234441"/>
<connection id="43224" src-id="39486" dest-id="39512" weight="16.524241766841232"/>
<connection id="43230" src-id="39471" dest-id="39512" weight="-1.028761490098287"/>
<connection id="43266" src-id="39487" dest-id="41520" weight="-2.339124102205833"/>
<connection id="43269" src-id="39495" dest-id="41520" weight="33.406676260710036"/>
<connection id="43277" src-id="39492" dest-id="41520" weight="-17.272017316963563"/>
<connection id="43306" src-id="39504" dest-id="42901" weight="-8.37447447543531"/>
<connection id="43309" src-id="41565" dest-id="39645" weight="7.312982764115155"/>
<connection id="43314" src-id="39500" dest-id="41565" weight="12.131025790325594"/>
<connection id="43315" src-id="39486" dest-id="42901" weight="-0.24462300622361832"/>
<connection id="43338" src-id="39509" dest-id="41562" weight="5.083139725830353"/>
<neuron id="43368" type="hid" activation="sigmoid"/>
<connection id="43369" src-id="41876" dest-id="43368" weight="0.9751656735082608"/>
<connection id="43370" src-id="43368" dest-id="39601" weight="15.037219226738046"/>
<neuron id="43377" type="hid" activation="sigmoid"/>
<connection id="43379" src-id="43377" dest-id="39513" weight="-30.31113913406456"/>
<connection id="43432" src-id="39503" dest-id="41523" weight="5.98447766961481"/>
<connection id="43442" src-id="39484" dest-id="42901" weight="12.504274187627683"/>
<connection id="43457" src-id="39507" dest-id="40502" weight="-10.330088452710145"/>
<connection id="43471" src-id="39487" dest-id="41876" weight="11.209925383564682"/>
<connection id="43517" src-id="39504" dest-id="41562" weight="-1.2512501840809342"/>
<connection id="43567" src-id="41523" dest-id="39512" weight="3.89324838854481"/>
<neuron id="43588" type="hid" activation="sigmoid"/>
<connection id="43589" src-id="39475" dest-id="43588" weight="-9.76484080272025"/>
<connection id="43659" src-id="39474" dest-id="41565" weight="6.6709036939626545"/>
<connection id="43672" src-id="41562" dest-id="39601" weight="-3.0623231046628048"/>
<connection id="43726" src-id="39497" dest-id="42901" weight="4.080900842419441"/>
<connection id="43733" src-id="42901" dest-id="39512" weight="-0.05272684808302722"/>
<neuron id="43808" type="hid" activation="sigmoid"/>
<connection id="43809" src-id="39493" dest-id="43808" weight="-18.658739770712902"/>
<connection id="43943" src-id="39472" dest-id="42901" weight="0.6426468886403738"/>
<connection id="43951" src-id="39496" dest-id="42155" weight="1.6905238978384014"/>
<connection id="43952" src-id="39506" dest-id="41565" weight="0.11410128548216214"/>
<neuron id="44023" type="hid" activation="sigmoid"/>
<connection id="44024" src-id="39497" dest-id="44023" weight="-6.7847682763165"/>
<connection id="44025" src-id="44023" dest-id="39512" weight="24.34613344512809"/>
<neuron id="44032" type="hid" activation="sigmoid"/>
<connection id="44033" src-id="39497" dest-id="44032" weight="3.5161959100479443"/>
<connection id="44034" src-id="44032" dest-id="39513" weight="-9.861889781014028"/>
<connection id="44080" src-id="39601" dest-id="42901" weight="-10.446762744453196"/>
<connection id="44147" src-id="39473" dest-id="42155" weight="-13.780118843229094"/>
<connection id="44166" src-id="39472" dest-id="41565" weight="-2.4045851657623944"/>
<neuron id="44238" type="hid" activation="sigmoid"/>
<connection id="44239" src-id="39491" dest-id="44238" weight="-5.8354854980940685"/>
<connection id="44240" src-id="44238" dest-id="39645" weight="-1.4421240281503023"/>
<neuron id="44247" type="hid" activation="sigmoid"/>
<connection id="44248" src-id="39484" dest-id="44247" weight="21.758135349435904"/>
<connection id="44322" src-id="39487" dest-id="41523" weight="15.529273873323602"/>
<connection id="44375" src-id="39491" dest-id="41565" weight="11.457386310029314"/>
<connection id="44376" src-id="41523" dest-id="42155" weight="-1.3250184042809128"/>
<connection id="44379" src-id="39474" dest-id="42155" weight="24.114109255359566"/>
<connection id="44431" src-id="39495" dest-id="42901" weight="-4.659765549786716"/>
<connection id="44437" src-id="39498" dest-id="42901" weight="-8.759056366965005"/>
<connection id="44482" src-id="39497" dest-id="41562" weight="-1.6497753467306433"/>
<connection id="44561" src-id="39489" dest-id="42155" weight="-11.250295046252981"/>
<connection id="44693" src-id="41565" dest-id="41520" weight="-6.2944941765467055"/>
<connection id="45021" src-id="43588" dest-id="42155" weight="-8.261944344095262"/>
<connection id="45038" src-id="39488" dest-id="41565" weight="2.323479805964187"/>
<connection id="45041" src-id="40493" dest-id="43588" weight="-1.307250688842667"/>
<connection id="45042" src-id="39497" dest-id="40493" weight="16.73502811158097"/>
<neuron id="45073" type="hid" activation="sigmoid"/>
<connection id="45074" src-id="39503" dest-id="45073" weight="-0.8680053427081553"/>
<connection id="45075" src-id="45073" dest-id="39601" weight="-5.267266853817085"/>
<connection id="45160" src-id="39495" dest-id="41565" weight="-15.912401115308022"/>
<connection id="45267" src-id="39471" dest-id="40493" weight="-5.288757262058421"/>
<connection id="45272" src-id="39478" dest-id="41565" weight="-12.810264270212388"/>
<connection id="45274" src-id="39509" dest-id="41580" weight="0.096286395907557"/>
<connection id="45289" src-id="39480" dest-id="41580" weight="5.282667626093988"/>
<connection id="45436" src-id="39501" dest-id="41565" weight="-1.2486293670905366"/>
<connection id="45477" src-id="40493" dest-id="39512" weight="0.5847312135986198"/>
<connection id="45481" src-id="39476" dest-id="40493" weight="22.396190660509145"/>
<connection id="45482" src-id="39601" dest-id="43097" weight="-0.9956583971573494"/>
<connection id="45485" src-id="39481" dest-id="43588" weight="18.7095778198128"/>
<connection id="45537" src-id="39490" dest-id="43588" weight="32.71359895737019"/>
<connection id="45540" src-id="39488" dest-id="43097" weight="9.436679874890178"/>
<connection id="45548" src-id="39476" dest-id="43588" weight="12.298318002463876"/>
<connection id="45565" src-id="39502" dest-id="41565" weight="-2.534841974471033"/>
<connection id="45653" src-id="39471" dest-id="42901" weight="6.592530566253604"/>
<connection id="45658" src-id="39488" dest-id="41580" weight="-0.07664616608053443"/>
<neuron id="45675" type="hid" activation="sigmoid"/>
<connection id="45833" src-id="39479" dest-id="43588" weight="0.4803833709467228"/>
<connection id="45836" src-id="39507" dest-id="40493" weight="-3.48943483008879"/>
<connection id="45852" src-id="39497" dest-id="43097" weight="-5.959347845637383"/>
<neuron id="45917" type="hid" activation="sigmoid"/>
<connection id="45918" src-id="43588" dest-id="45917" weight="6.6958697363312005"/>
<connection id="45919" src-id="45917" dest-id="39601" weight="-11.75538775936123"/>
<connection id="46015" src-id="39477" dest-id="43097" weight="-3.497203185070492"/>
<connection id="46123" src-id="39491" dest-id="40493" weight="-11.597423726235885"/>
<connection id="46124" src-id="39477" dest-id="41565" weight="-3.673991310085089"/>
<connection id="46128" src-id="43588" dest-id="41580" weight="0.2752037048339844"/>
<connection id="46145" src-id="39509" dest-id="40493" weight="-2.060072846199155"/>
<connection id="46358" src-id="41520" dest-id="40493" weight="3.620083667231436"/>
<connection id="46359" src-id="42155" dest-id="39601" weight="0.273133227317474"/>
<connection id="46362" src-id="41565" dest-id="42140" weight="26.286333915285546"/>
<connection id="46456" src-id="39481" dest-id="41565" weight="-9.365960904144146"/>
<connection id="46520" src-id="41580" dest-id="39557" weight="16.450869175172368"/>
<connection id="46525" src-id="39471" dest-id="43097" weight="-2.6635033001542876"/>
<connection id="46668" src-id="39471" dest-id="41520" weight="-2.8164622886240984"/>
<connection id="46775" src-id="41523" dest-id="42140" weight="3.1095394525110573"/>
<connection id="46776" src-id="39474" dest-id="42140" weight="2.795321464714144"/>
<connection id="46808" src-id="42901" dest-id="42140" weight="-5.993360041855056"/>
<connection id="46810" src-id="43097" dest-id="42901" weight="12.593930522243525"/>
<connection id="46859" src-id="39488" dest-id="45675" weight="15.521192804569985"/>
<neuron id="46882" type="hid" activation="sigmoid"/>
<connection id="46883" src-id="39483" dest-id="46882" weight="-10.642578394191544"/>
<connection id="46884" src-id="46882" dest-id="43588" weight="22.040879319803363"/>
<connection id="46966" src-id="39476" dest-id="41580" weight="-2.7526613778810023"/>
<connection id="46983" src-id="39485" dest-id="41580" weight="8.5065104339035"/>
<connection id="46984" src-id="39511" dest-id="42880" weight="4.816583763203983"/>
<connection id="47085" src-id="42140" dest-id="39512" weight="-0.3328696340103622"/>
<connection id="47140" src-id="39485" dest-id="42901" weight="-11.798717884539542"/>
<connection id="47160" src-id="39489" dest-id="43097" weight="2.8492061675884672"/>
<connection id="47185" src-id="39498" dest-id="42140" weight="-25.69690510133567"/>
<connection id="47186" src-id="39474" dest-id="42880" weight="1.4923623447554588"/>
<connection id="47187" src-id="40493" dest-id="43097" weight="1.7570688098385012"/>
<connection id="47188" src-id="39472" dest-id="43097" weight="-27.308348805312537"/>
<connection id="47190" src-id="39475" dest-id="41565" weight="-7.6074161740545305"/>
<neuron id="47280" type="hid" activation="sigmoid"/>
<connection id="47281" src-id="39510" dest-id="47280" weight="-12.663170538792077"/>
<neuron id="47283" type="hid" activation="sigmoid"/>
<connection id="47284" src-id="39493" dest-id="47283" weight="-4.1730631793692385"/>
<connection id="47285" src-id="47283" dest-id="39557" weight="25.97971462248023"/>
<connection id="47390" src-id="41876" dest-id="47280" weight="-8.49970762165842"/>
<connection id="47397" src-id="39498" dest-id="41580" weight="-6.107853324345955"/>
<connection id="47411" src-id="39509" dest-id="42140" weight="5.922453580998965"/>
<connection id="47511" src-id="39508" dest-id="43097" weight="6.476059443971791"/>
<connection id="47577" src-id="39483" dest-id="40493" weight="-10.95586632267523"/>
<connection id="47578" src-id="47280" dest-id="43097" weight="-19.940791256595944"/>
<connection id="47580" src-id="41876" dest-id="43097" weight="-15.73572023165714"/>
<connection id="47581" src-id="39500" dest-id="45675" weight="-9.315145244732822"/>
<connection id="47619" src-id="39484" dest-id="43097" weight="-4.8667786467116265"/>
<connection id="47640" src-id="39474" dest-id="43588" weight="5.648687445217558"/>
<neuron id="47684" type="hid" activation="sigmoid"/>
<connection id="47685" src-id="39490" dest-id="47684" weight="7.13638226686559"/>
<connection id="47774" src-id="39497" dest-id="42140" weight="-15.595695539505575"/>
<connection id="47796" src-id="39488" dest-id="46882" weight="-2.426305348666072"/>
<connection id="47797" src-id="39478" dest-id="42880" weight="0.24991003891038233"/>
<connection id="47802" src-id="39489" dest-id="46882" weight="12.084951425798911"/>
<connection id="47843" src-id="39498" dest-id="42155" weight="3.307335595778234"/>
<connection id="47867" src-id="41523" dest-id="42880" weight="-6.722018297540662"/>
<connection id="47886" src-id="39499" dest-id="46882" weight="-3.9165328571160307"/>
<connection id="47892" src-id="39474" dest-id="46882" weight="5.723582791384059"/>
<connection id="47893" src-id="39489" dest-id="42140" weight="-5.537956828320896"/>
<connection id="47895" src-id="39496" dest-id="42140" weight="0.06192519524787521"/>
<connection id="47972" src-id="39490" dest-id="41876" weight="4.295368766111864"/>
<connection id="48084" src-id="39480" dest-id="42155" weight="-10.716335828197192"/>
<neuron id="48133" type="hid" activation="sigmoid"/>
<connection id="48134" src-id="39481" dest-id="48133" weight="-3.638888074120351"/>
<connection id="48135" src-id="48133" dest-id="41520" weight="-32.1957916392374"/>
<connection id="48211" src-id="39509" dest-id="41876" weight="-14.218439899960021"/>
<connection id="48220" src-id="43377" dest-id="42901" weight="0.533589328575363"/>
<connection id="48283" src-id="39496" dest-id="42880" weight="0.6059796184700421"/>
<connection id="48288" src-id="39501" dest-id="47684" weight="7.586826277175577"/>
<connection id="48312" src-id="39493" dest-id="46882" weight="0.15468230421863438"/>
<connection id="48334" src-id="44247" dest-id="43097" weight="-15.82397175130932"/>
<connection id="48335" src-id="43097" dest-id="43377" weight="-16.8040519403429"/>
<connection id="48336" src-id="39475" dest-id="43097" weight="-1.5333573563565823"/>
<connection id="48413" src-id="41565" dest-id="39557" weight="1.3732042332324572"/>
<connection id="48470" src-id="41520" dest-id="42155" weight="-0.08111890018724122"/>
<connection id="48493" src-id="39503" dest-id="41580" weight="1.1867865742839538"/>
<connection id="48557" src-id="39510" dest-id="41580" weight="-4.141559608053649"/>
<neuron id="48590" type="hid" activation="sigmoid"/>
<connection id="48591" src-id="46882" dest-id="48590" weight="-11.688361290726258"/>
<connection id="48592" src-id="48590" dest-id="45675" weight="5.73213993258861"/>
<connection id="48708" src-id="39502" dest-id="41580" weight="3.8657670117972938"/>
<connection id="48752" src-id="39474" dest-id="44247" weight="10.335200109010628"/>
<connection id="48755" src-id="39505" dest-id="43588" weight="20.415431321524466"/>
<connection id="48757" src-id="39487" dest-id="42880" weight="13.214618687477746"/>
<connection id="48758" src-id="39499" dest-id="43377" weight="5.149221057257401"/>
<connection id="48804" src-id="39488" dest-id="42140" weight="-0.6978000539389473"/>
<connection id="48805" src-id="40493" dest-id="42140" weight="-1.7742610252717408"/>
<connection id="48806" src-id="39504" dest-id="42880" weight="2.0049991092034563"/>
<connection id="48989" src-id="39473" dest-id="47283" weight="8.807630993737968"/>
<connection id="48999" src-id="39501" dest-id="44247" weight="3.223746332561106"/>
<connection id="49006" src-id="39478" dest-id="41876" weight="-3.209170012841967"/>
<connection id="49013" src-id="43377" dest-id="39645" weight="-0.13563610839215423"/>
<connection id="49078" src-id="47280" dest-id="39513" weight="-3.99369621359474"/>
<connection id="49101" src-id="39472" dest-id="44247" weight="-4.1139232520415066"/>
<neuron id="49112" type="hid" activation="sigmoid"/>
<connection id="49113" src-id="42901" dest-id="49112" weight="0.7859288294839151"/>
<connection id="49114" src-id="49112" dest-id="42140" weight="-7.031344333877642"/>
<neuron id="49127" type="hid" activation="sigmoid"/>
<connection id="49128" src-id="41520" dest-id="49127" weight="1.200130630921514"/>
<connection id="49129" src-id="49127" dest-id="39512" weight="1.2137885525443366"/>
<connection id="49205" src-id="39483" dest-id="41580" weight="-1.1910182832911718"/>
<connection id="49251" src-id="39507" dest-id="47283" weight="-2.5228647858784625"/>
<connection id="49254" src-id="39496" dest-id="49112" weight="4.586050160324182"/>
<connection id="49282" src-id="39506" dest-id="40493" weight="-3.1927229744462453"/>
<connection id="49404" src-id="39474" dest-id="43377" weight="5.984691193699199"/>
<connection id="49406" src-id="46882" dest-id="39557" weight="2.881423198774129"/>
<connection id="49407" src-id="39470" dest-id="48590" weight="-10.07637649949855"/>
<connection id="49408" src-id="39477" dest-id="46882" weight="-7.843559251833764"/>
<connection id="49412" src-id="39479" dest-id="43377" weight="-3.341097807594739"/>
<connection id="49414" src-id="39489" dest-id="49112" weight="-4.07421534046577"/>
<connection id="49415" src-id="46882" dest-id="43377" weight="5.963056739247348"/>
<connection id="49416" src-id="42140" dest-id="42880" weight="4.28069205836073"/>
<connection id="49423" src-id="39508" dest-id="42140" weight="7.069639922633603"/>
<connection id="49427" src-id="39471" dest-id="41876" weight="-3.633348962934236"/>
<connection id="49441" src-id="39479" dest-id="40493" weight="-4.129402066319803"/>
<neuron id="49582" type="hid" activation="sigmoid"/>
<connection id="49584" src-id="49582" dest-id="39513" weight="9.148320458408394"/>
<connection id="49732" src-id="41118" dest-id="44247" weight="5.443119692027153"/>
<connection id="49769" src-id="39490" dest-id="45675" weight="20.612454461033394"/>
<connection id="49854" src-id="39473" dest-id="43808" weight="-0.8458813944481891"/>
<connection id="49926" src-id="39489" dest-id="48590" weight="9.733457085513677"/>
<connection id="49928" src-id="39493" dest-id="41118" weight="-12.820345079948547"/>
<connection id="49930" src-id="47280" dest-id="47283" weight="12.392017893027157"/>
<connection id="49931" src-id="41565" dest-id="49582" weight="1.5956121992088288"/>
<connection id="49933" src-id="43808" dest-id="43097" weight="-7.141051518042465"/>
<connection id="49935" src-id="40493" dest-id="47283" weight="3.9799530845501403"/>
<connection id="49936" src-id="41858" dest-id="47280" weight="-14.666676906723772"/>
<connection id="49954" src-id="39485" dest-id="48590" weight="-14.01303105620262"/>
<connection id="49956" src-id="39494" dest-id="41858" weight="1.0126293012845295"/>
<connection id="50002" src-id="39491" dest-id="41876" weight="-0.9197048516503927"/>
<connection id="50048" src-id="39501" dest-id="42140" weight="-1.1518578775115715"/>
<neuron id="50101" type="hid" activation="sigmoid"/>
<neuron id="50119" type="hid" activation="sigmoid"/>
<connection id="50120" src-id="39510" dest-id="50119" weight="1.8233814738906429"/>
<connection id="50121" src-id="50119" dest-id="40493" weight="20.17758685460117"/>
<connection id="50190" src-id="46882" dest-id="49112" weight="0.8620312924793037"/>
<connection id="50202" src-id="39477" dest-id="47283" weight="4.414505692425585"/>
<connection id="50225" src-id="41858" dest-id="46882" weight="1.565095264719297"/>
<connection id="50226" src-id="39503" dest-id="41858" weight="1.2273884359175795"/>
<connection id="50238" src-id="39513" dest-id="45675" weight="-1.970246512793138"/>
<connection id="50293" src-id="39495" dest-id="47684" weight="-2.913389019489335"/>
<connection id="50294" src-id="39513" dest-id="48590" weight="-6.684040901699313"/>
<connection id="50296" src-id="39494" dest-id="49582" weight="13.593332671364461"/>
<connection id="50298" src-id="39484" dest-id="42880" weight="5.496182734676286"/>
<connection id="50308" src-id="39505" dest-id="48590" weight="4.8772375722138115"/>
<connection id="50323" src-id="39502" dest-id="41858" weight="-3.5115199358574474"/>
<connection id="50431" src-id="39502" dest-id="45675" weight="-2.168315619941894"/>
<connection id="50496" src-id="39511" dest-id="45675" weight="-11.700052986339294"/>
<connection id="50537" src-id="39504" dest-id="43588" weight="-2.7595606890372366"/>
<connection id="50650" src-id="42140" dest-id="39645" weight="4.889454764450311"/>
<connection id="50737" src-id="39493" dest-id="45675" weight="1.4037988664321384"/>
<connection id="50752" src-id="39474" dest-id="41858" weight="-8.117586116189788"/>
<connection id="50754" src-id="39601" dest-id="44247" weight="3.5908766682536184"/>
<connection id="50755" src-id="39480" dest-id="42880" weight="-2.9521579143249568"/>
<connection id="50756" src-id="39482" dest-id="47280" weight="3.8744928441436715"/>
<connection id="50758" src-id="47684" dest-id="43097" weight="4.7689488926571695"/>
<connection id="50759" src-id="41118" dest-id="40493" weight="3.430813270510087"/>
<connection id="50761" src-id="39471" dest-id="43588" weight="1.222709753492028"/>
<connection id="50773" src-id="39503" dest-id="43377" weight="5.263954003933472"/>
<connection id="50824" src-id="39486" dest-id="44247" weight="-0.4284889437790522"/>
<connection id="50852" src-id="39503" dest-id="47283" weight="-5.186510755351589"/>
<neuron id="50997" type="hid" activation="sigmoid"/>
<connection id="50998" src-id="39491" dest-id="50997" weight="3.3329540011593473"/>
<connection id="50999" src-id="50997" dest-id="42901" weight="10.724859762323604"/>
<connection id="51098" src-id="39500" dest-id="48590" weight="-2.8481300204033944"/>
<connection id="51165" src-id="39475" dest-id="47283" weight="-4.104008472546461"/>
<connection id="51170" src-id="39492" dest-id="49112" weight="1.0011078556437296"/>
<connection id="51177" src-id="39477" dest-id="44023" weight="-2.589600325014749"/>
<connection id="51208" src-id="39476" dest-id="45675" weight="3.0968209825921384"/>
<connection id="51231" src-id="42155" dest-id="47280" weight="4.332167705148841"/>
<connection id="51232" src-id="39494" dest-id="48590" weight="-9.748548643495331"/>
<connection id="51233" src-id="39499" dest-id="47684" weight="4.560747589957764"/>
<connection id="51236" src-id="47684" dest-id="48590" weight="-6.208930146700395"/>
<connection id="51282" src-id="39494" dest-id="46882" weight="4.9613605925871305"/>
<connection id="51391" src-id="39510" dest-id="42880" weight="11.564036513711796"/>
<connection id="51394" src-id="49582" dest-id="39557" weight="-10.806800922637404"/>
<connection id="51395" src-id="39503" dest-id="43097" weight="-7.923784873622609"/>
<connection id="51398" src-id="39484" dest-id="47684" weight="-12.292625467544848"/>
<connection id="51399" src-id="49582" dest-id="47283" weight="21.926427622190744"/>
<connection id="51405" src-id="46882" dest-id="50997" weight="0.39072077035510655"/>
<connection id="51419" src-id="39510" dest-id="41858" weight="-4.987010469432234"/>
<neuron id="51472" type="hid" activation="sigmoid"/>
<connection id="51473" src-id="41523" dest-id="51472" weight="-1.6969096058681814"/>
<connection id="51584" src-id="41858" dest-id="39512" weight="-2.655845737154431"/>
<connection id="51654" src-id="39499" dest-id="48590" weight="1.3257465462937303"/>
<connection id="51655" src-id="41118" dest-id="41523" weight="4.236739851303761"/>
<connection id="51659" src-id="39502" dest-id="50997" weight="2.476615458211852"/>
<connection id="51664" src-id="39486" dest-id="48590" weight="-0.07000639527094421"/>
<connection id="51676" src-id="39501" dest-id="41118" weight="-6.085643192254361"/>
<connection id="51713" src-id="39494" dest-id="47280" weight="-2.6881264802041516"/>
<connection id="51745" src-id="39492" dest-id="45675" weight="-7.26081199727525"/>
<connection id="51747" src-id="39498" dest-id="45675" weight="-6.571122009407506"/>
<connection id="51855" src-id="39511" dest-id="47283" weight="9.834014417912547"/>
<connection id="51896" src-id="44023" dest-id="42880" weight="14.906742511307591"/>
<connection id="51900" src-id="39478" dest-id="49112" weight="11.304291509005298"/>
<connection id="51901" src-id="39490" dest-id="43808" weight="-0.5865408071208122"/>
<connection id="51906" src-id="39491" dest-id="47280" weight="5.644818380962825"/>
<connection id="51916" src-id="50997" dest-id="39513" weight="0.3862348794937134"/>
<neuron id="52033" type="hid" activation="sigmoid"/>
<connection id="52034" src-id="39499" dest-id="52033" weight="-5.711677380342763"/>
<connection id="52035" src-id="52033" dest-id="41580" weight="-8.83019660030386"/>
<connection id="52088" src-id="43377" dest-id="39557" weight="-0.7763124704360962"/>
<connection id="52123" src-id="39479" dest-id="47684" weight="-2.234502779706348"/>
<connection id="52138" src-id="50997" dest-id="49112" weight="-15.029241408815203"/>
<connection id="52139" src-id="41858" dest-id="39513" weight="3.320985199478361"/>
<connection id="52141" src-id="39489" dest-id="44247" weight="-1.5624784298575414"/>
<connection id="52154" src-id="39470" dest-id="50997" weight="-4.036988911101114"/>
<connection id="52177" src-id="39507" dest-id="49112" weight="-2.8387206061359826"/>
<connection id="52178" src-id="42140" dest-id="48590" weight="-0.9394351308964668"/>
<connection id="52186" src-id="39496" dest-id="41118" weight="-1.715723270342607"/>
<connection id="52198" src-id="41523" dest-id="41858" weight="6.7114807086710035"/>
<connection id="52219" src-id="39490" dest-id="48590" weight="7.628184942339707"/>
<connection id="52330" src-id="39486" dest-id="43377" weight="9.736376344923482"/>
<connection id="52340" src-id="39483" dest-id="48590" weight="-12.488875656007115"/>
<connection id="52370" src-id="44247" dest-id="49112" weight="-7.860755360792057"/>
<connection id="52371" src-id="39483" dest-id="49112" weight="0.0749967098236084"/>
<connection id="52385" src-id="40502" dest-id="42155" weight="-6.696929071818078"/>
<connection id="52397" src-id="39494" dest-id="42140" weight="2.0887121555683845"/>
<connection id="52405" src-id="39505" dest-id="47280" weight="-1.9539415684473198"/>
<connection id="52411" src-id="39477" dest-id="40502" weight="8.491794075988363"/>
<connection id="52413" src-id="49582" dest-id="41858" weight="3.176093984143924"/>
<connection id="52414" src-id="41562" dest-id="41565" weight="-2.642957873655667"/>
<connection id="52415" src-id="47283" dest-id="43097" weight="7.818468687414828"/>
<connection id="52418" src-id="47684" dest-id="41562" weight="9.719465750690862"/>
<connection id="52419" src-id="39473" dest-id="46882" weight="1.8260198823686102"/>
<connection id="52496" src-id="49582" dest-id="40493" weight="-10.474681861886062"/>
<connection id="52502" src-id="39481" dest-id="47684" weight="2.942153489846184"/>
<connection id="52515" src-id="39481" dest-id="48590" weight="5.652468844596672"/>
<connection id="52516" src-id="39503" dest-id="49112" weight="-11.758971949821492"/>
<connection id="52519" src-id="39482" dest-id="47283" weight="3.558534881306329"/>
<connection id="52593" src-id="39492" dest-id="44247" weight="1.1932136051663829"/>
<connection id="52729" src-id="41118" dest-id="42155" weight="22.90287259867827"/>
<connection id="52783" src-id="39472" dest-id="49582" weight="8.249136147170084"/>
<connection id="52791" src-id="39509" dest-id="41118" weight="-2.6362603052064477"/>
<connection id="52849" src-id="39492" dest-id="45917" weight="5.301491417703174"/>
<connection id="52851" src-id="39481" dest-id="49582" weight="-1.774924414945545"/>
<connection id="52879" src-id="45675" dest-id="39645" weight="-6.0310555195168085"/>
<connection id="52985" src-id="39488" dest-id="43808" weight="-2.1368216623529155"/>
<connection id="52991" src-id="41118" dest-id="43808" weight="-3.3293212597043995"/>
<connection id="52993" src-id="49582" dest-id="49112" weight="2.3087614791770195"/>
<connection id="52998" src-id="39477" dest-id="41118" weight="-4.470857283494048"/>
<connection id="53038" src-id="39507" dest-id="41858" weight="-6.299361907865556"/>
<connection id="53047" src-id="39501" dest-id="45917" weight="0.38819734631157177"/>
<connection id="53049" src-id="39504" dest-id="40505" weight="-2.3282201256709247"/>
<connection id="53117" src-id="41565" dest-id="40505" weight="-2.124225624919512"/>
<connection id="53128" src-id="39475" dest-id="41118" weight="5.910099858237766"/>
<connection id="53190" src-id="39510" dest-id="48590" weight="0.08757450410953926"/>
<connection id="53199" src-id="44238" dest-id="43377" weight="2.723270478589288"/>
<connection id="53203" src-id="39507" dest-id="52033" weight="-10.941105044138721"/>
<connection id="53212" src-id="47684" dest-id="39557" weight="-3.3873509291748305"/>
<connection id="53213" src-id="39470" dest-id="41858" weight="13.895624028492684"/>
<connection id="53214" src-id="39490" dest-id="40505" weight="4.066887667651463"/>
<connection id="53215" src-id="50997" dest-id="39512" weight="0.6344647794721104"/>
<connection id="53218" src-id="45917" dest-id="39513" weight="-9.996674544167435"/>
<connection id="53221" src-id="49112" dest-id="39512" weight="1.5848858939854449"/>
<connection id="53236" src-id="39492" dest-id="50997" weight="1.2811565645064074"/>
<neuron id="53329" type="hid" activation="sigmoid"/>
<connection id="53330" src-id="43588" dest-id="53329" weight="-5.668104688686789"/>
<connection id="53331" src-id="53329" dest-id="39645" weight="10.016958216349302"/>
<neuron id="53350" type="hid" activation="sigmoid"/>
<connection id="53351" src-id="39488" dest-id="53350" weight="6.5556795360353926"/>
<connection id="53352" src-id="53350" dest-id="42880" weight="-1.7842770002565667"/>
<connection id="53404" src-id="39497" dest-id="49582" weight="4.781404367687725"/>
<connection id="53430" src-id="39498" dest-id="40505" weight="4.669464463567255"/>
<connection id="53457" src-id="53350" dest-id="45675" weight="-11.575449385754897"/>
<connection id="53459" src-id="41858" dest-id="53350" weight="-7.199653369264235"/>
<connection id="53461" src-id="45917" dest-id="44247" weight="3.140691805380628"/>
<connection id="53466" src-id="39473" dest-id="47684" weight="1.8029992374701809"/>
<connection id="53467" src-id="53350" dest-id="47280" weight="1.7202474310911522"/>
<connection id="53468" src-id="39486" dest-id="43808" weight="2.313065134158733"/>
<connection id="53470" src-id="40493" dest-id="44238" weight="-9.58504539583322"/>
<connection id="53472" src-id="39488" dest-id="44238" weight="10.945739020310704"/>
<connection id="53478" src-id="41876" dest-id="40493" weight="3.7336892066742706"/>
<connection id="53549" src-id="39482" dest-id="48590" weight="-1.720454247994808"/>
<connection id="53577" src-id="42880" dest-id="39512" weight="8.915981282411659"/>
<connection id="53591" src-id="49582" dest-id="42140" weight="-1.6778866691412322"/>
<connection id="53616" src-id="39505" dest-id="40505" weight="1.7000381656505974"/>
<connection id="53656" src-id="39481" dest-id="43808" weight="5.876219867046549"/>
<connection id="53658" src-id="46882" dest-id="44023" weight="-9.207328601758235"/>
<connection id="53665" src-id="39476" dest-id="50997" weight="2.2750043498353185"/>
<connection id="53737" src-id="39508" dest-id="45917" weight="-5.382103596325476"/>
<connection id="53772" src-id="49112" dest-id="41580" weight="-4.748167064359185"/>
<connection id="53775" src-id="39507" dest-id="40505" weight="-2.2414682819227476"/>
<connection id="53792" src-id="39485" dest-id="40505" weight="10.015701224974247"/>
<connection id="53965" src-id="39497" dest-id="48590" weight="4.94735519391083"/>
<neuron id="53983" type="hid" activation="sigmoid"/>
<connection id="53984" src-id="39490" dest-id="53983" weight="-0.869681105756456"/>
<connection id="53985" src-id="53983" dest-id="42901" weight="6.189497092643851"/>
<connection id="54150" src-id="42880" dest-id="52033" weight="-1.3642132755389635"/>
<connection id="54291" src-id="39500" dest-id="52033" weight="-5.798544346112476"/>
<connection id="54293" src-id="43808" dest-id="44238" weight="0.772857315314003"/>
<connection id="54294" src-id="39500" dest-id="43377" weight="-1.6848219731044316"/>
<connection id="54297" src-id="39510" dest-id="44032" weight="1.9238351443994626"/>
<connection id="54299" src-id="39479" dest-id="40505" weight="-1.5860890097626537"/>
<connection id="54301" src-id="39496" dest-id="49582" weight="16.335147057592682"/>
<connection id="54304" src-id="44023" dest-id="43588" weight="12.121908806240345"/>
<connection id="54305" src-id="40505" dest-id="42155" weight="-4.454838879470131"/>
<connection id="54317" src-id="39493" dest-id="41858" weight="-2.0666843636828367"/>
<connection id="54326" src-id="47280" dest-id="43808" weight="1.6266536145855928"/>
<connection id="54344" src-id="39509" dest-id="50997" weight="8.046346044731825"/>
<connection id="54363" src-id="41526" dest-id="48590" weight="-3.9482444728171773"/>
<connection id="54403" src-id="49112" dest-id="42880" weight="6.240175760350901"/>
<connection id="54591" src-id="41118" dest-id="41580" weight="0.0987100601196289"/>
<connection id="54636" src-id="41526" dest-id="41118" weight="2.4742698034384905"/>
<connection id="54656" src-id="40493" dest-id="44023" weight="-3.541774940927046"/>
<connection id="54669" src-id="47283" dest-id="42140" weight="-1.1400094496032913"/>
<connection id="54714" src-id="53983" dest-id="52033" weight="2.408046216451382"/>
<connection id="54731" src-id="41876" dest-id="41562" weight="-0.9772575282612628"/>
<neuron id="54795" type="hid" activation="sigmoid"/>
<connection id="54796" src-id="39490" dest-id="54795" weight="5.11091189656363"/>
<connection id="54797" src-id="54795" dest-id="42880" weight="2.515597098806717"/>
<connection id="54910" src-id="39497" dest-id="49112" weight="4.034987939631427"/>
<connection id="55009" src-id="39475" dest-id="42880" weight="-0.2843678320688183"/>
<connection id="55026" src-id="41562" dest-id="53983" weight="-5.140119988231598"/>
<connection id="55028" src-id="47283" dest-id="52033" weight="5.5404793021769505"/>
<connection id="55077" src-id="40502" dest-id="39513" weight="-3.4143507323665157"/>
<connection id="55269" src-id="39492" dest-id="43377" weight="6.872940586446511"/>
<connection id="55291" src-id="41526" dest-id="47283" weight="-3.5884103141064685"/>
<connection id="55349" src-id="39500" dest-id="40505" weight="4.589764792870675"/>
<connection id="55385" src-id="41526" dest-id="41565" weight="6.789667757823787"/>
<connection id="55386" src-id="54795" dest-id="44023" weight="-1.2474149497813234"/>
<connection id="55387" src-id="43588" dest-id="44032" weight="5.200354587761729"/>
<connection id="55392" src-id="43368" dest-id="47280" weight="-7.917604449558409"/>
<connection id="55393" src-id="39486" dest-id="40502" weight="6.3092567034209015"/>
<connection id="55394" src-id="39485" dest-id="40502" weight="5.856215050733527"/>
<connection id="55395" src-id="41562" dest-id="53350" weight="-16.027013212330537"/>
<connection id="55396" src-id="46882" dest-id="40505" weight="4.188996530366401"/>
<connection id="55399" src-id="43368" dest-id="40493" weight="-5.788521089751038"/>
<connection id="55400" src-id="39482" dest-id="43377" weight="-7.707752513233332"/>
<connection id="55402" src-id="39484" dest-id="41526" weight="-10.7558197320432"/>
<connection id="55415" src-id="54795" dest-id="44032" weight="-2.13832042734814"/>
<connection id="55418" src-id="39476" dest-id="53350" weight="-8.82377203004146"/>
<connection id="55419" src-id="53350" dest-id="54795" weight="1.7856791006269033"/>
<connection id="55520" src-id="44023" dest-id="44247" weight="0.5502595121508338"/>
<neuron id="55616" type="hid" activation="sigmoid"/>
<connection id="55617" src-id="41523" dest-id="55616" weight="21.859212964904152"/>
<connection id="55618" src-id="55616" dest-id="43377" weight="20.8961161299818"/>
<connection id="55734" src-id="43808" dest-id="39645" weight="-5.4723014947182165"/>
<connection id="55770" src-id="41526" dest-id="52033" weight="-0.2554079294204712"/>
<connection id="55854" src-id="39490" dest-id="53350" weight="8.471204543461432"/>
<connection id="55855" src-id="43368" dest-id="42880" weight="4.325131370560301"/>
<connection id="55857" src-id="47280" dest-id="39645" weight="-2.9158374239332248"/>
<connection id="56062" src-id="45917" dest-id="39645" weight="-3.9542586389460697"/>
<connection id="56085" src-id="40502" dest-id="41562" weight="1.5943922767742733"/>
<connection id="56120" src-id="39483" dest-id="41118" weight="7.2628082319372345"/>
<connection id="56123" src-id="49582" dest-id="43588" weight="6.3411586541184946"/>
<connection id="56125" src-id="39508" dest-id="41118" weight="8.98102199131306"/>
<connection id="56171" src-id="49582" dest-id="44032" weight="0.423244603126427"/>
<connection id="56172" src-id="40502" dest-id="41118" weight="-12.113128188192265"/>
<connection id="56173" src-id="41858" dest-id="50997" weight="-13.265585040237694"/>
<connection id="56177" src-id="43368" dest-id="43588" weight="4.674691576493582"/>
<connection id="56179" src-id="41858" dest-id="53983" weight="3.9557226482215198"/>
<connection id="56181" src-id="43368" dest-id="49582" weight="-5.450161617895832"/>
<connection id="56182" src-id="41520" dest-id="45917" weight="0.22237776024348932"/>
<connection id="56187" src-id="54795" dest-id="40505" weight="4.465010991155355"/>
<connection id="56228" src-id="43588" dest-id="48590" weight="2.9350761948355113"/>
<connection id="56282" src-id="47684" dest-id="40505" weight="-4.76830256993492"/>
<connection id="56302" src-id="39500" dest-id="53983" weight="1.9159476523133256"/>
<neuron id="56566" type="hid" activation="sigmoid"/>
<connection id="56567" src-id="46882" dest-id="56566" weight="2.21907192228512"/>
<connection id="56568" src-id="56566" dest-id="42155" weight="-10.551009535950028"/>
<connection id="56764" src-id="39505" dest-id="50997" weight="2.965434319826987"/>
<connection id="56973" src-id="39481" dest-id="50997" weight="9.772352776023629"/>
<connection id="56974" src-id="39481" dest-id="44023" weight="9.249566253157429"/>
<connection id="56977" src-id="45917" dest-id="49112" weight="-6.336076217530227"/>
<connection id="56978" src-id="44238" dest-id="50997" weight="-5.151860627577542"/>
<connection id="56981" src-id="39488" dest-id="45073" weight="14.569635985610873"/>
<connection id="56982" src-id="53983" dest-id="39645" weight="-4.348028364155896"/>
<connection id="56983" src-id="40493" dest-id="55616" weight="-2.422755313974456"/>
<connection id="56987" src-id="39498" dest-id="54795" weight="-3.4937064933672937"/>
<connection id="56991" src-id="39486" dest-id="53329" weight="6.582493805077997"/>
<connection id="57079" src-id="39490" dest-id="41118" weight="-9.444475082802665"/>
<connection id="57097" src-id="39496" dest-id="43368" weight="1.627011394982073"/>
<neuron id="57514" type="hid" activation="sigmoid"/>
<connection id="57515" src-id="39494" dest-id="57514" weight="1.0509460698930275"/>
<connection id="57516" src-id="57514" dest-id="43377" weight="-2.9452468378656036"/>
<neuron id="57517" type="hid" activation="sigmoid"/>
<connection id="57519" src-id="57517" dest-id="39512" weight="8.788480008247028"/>
<neuron id="57520" type="hid" activation="sigmoid"/>
<connection id="57521" src-id="39500" dest-id="57520" weight="8.209334178931721"/>
<connection id="57522" src-id="57520" dest-id="43588" weight="-1.4347922015112282"/>
<neuron id="57586" type="hid" activation="sigmoid"/>
<connection id="57587" src-id="39479" dest-id="57586" weight="-0.6269418387380412"/>
<connection id="57588" src-id="57586" dest-id="41565" weight="0.9854808853451033"/>
<connection id="57872" src-id="39474" dest-id="53983" weight="-6.713232510055707"/>
<connection id="57959" src-id="44032" dest-id="50997" weight="-1.3612839950602482"/>
<connection id="57996" src-id="39508" dest-id="54795" weight="1.7522160337473305"/>
<connection id="58244" src-id="41118" dest-id="53983" weight="-1.985089613577401"/>
<connection id="58297" src-id="45917" dest-id="55616" weight="1.3874767476935208"/>
<connection id="58299" src-id="39494" dest-id="55616" weight="8.185698959199339"/>
<connection id="58300" src-id="39491" dest-id="54795" weight="-10.852336713179758"/>
<connection id="58302" src-id="39509" dest-id="53329" weight="-7.774835990011337"/>
<connection id="58303" src-id="39471" dest-id="54795" weight="3.1526756664217643"/>
<connection id="58304" src-id="42901" dest-id="53329" weight="-3.4579099167194753"/>
<connection id="58305" src-id="54795" dest-id="40493" weight="7.953086243245605"/>
<connection id="58308" src-id="53983" dest-id="44032" weight="-1.331002510919364"/>
<connection id="58309" src-id="39475" dest-id="53329" weight="6.261146988736249"/>
<connection id="58310" src-id="44238" dest-id="57517" weight="-6.237073967398267"/>
<connection id="58311" src-id="39490" dest-id="57520" weight="-4.935012519094208"/>
<connection id="58312" src-id="41565" dest-id="57517" weight="5.628606779643103"/>
<connection id="58314" src-id="39484" dest-id="53329" weight="-5.316191924729891"/>
<connection id="58315" src-id="39494" dest-id="52033" weight="2.3417299648923993"/>
<connection id="58317" src-id="39507" dest-id="53983" weight="5.900308337502969"/>
<connection id="58318" src-id="39492" dest-id="52033" weight="3.390335793495042"/>
<connection id="58320" src-id="39506" dest-id="44023" weight="2.53932738395599"/>
<connection id="58321" src-id="53350" dest-id="45073" weight="-5.507261781623704"/>
<connection id="58437" src-id="45073" dest-id="40493" weight="-1.5579808566648292"/>
<connection id="58445" src-id="39500" dest-id="45073" weight="-2.735341964673653"/>
<connection id="58460" src-id="41118" dest-id="55616" weight="-2.8847396529635496"/>
<connection id="58681" src-id="39480" dest-id="41858" weight="1.1677850768465543"/>
<connection id="58687" src-id="53983" dest-id="41580" weight="1.0748509098227306"/>
<connection id="58732" src-id="39489" dest-id="41118" weight="3.0947323525408663"/>
<connection id="58802" src-id="39489" dest-id="40505" weight="-3.2720430102225277"/>
<connection id="58866" src-id="43368" dest-id="48590" weight="-8.062591684807991"/>
<connection id="58875" src-id="45073" dest-id="43097" weight="-1.5793307509691672"/>
<connection id="59069" src-id="45073" dest-id="43808" weight="-7.806105628934846"/>
<connection id="59117" src-id="39502" dest-id="43368" weight="-4.683661068062211"/>
<connection id="59119" src-id="57514" dest-id="50997" weight="-3.739951857920351"/>
<connection id="59120" src-id="43368" dest-id="44023" weight="-2.631647049624634"/>
<connection id="59122" src-id="43368" dest-id="45073" weight="4.409866552678407"/>
<connection id="59124" src-id="39480" dest-id="48133" weight="2.214693239782684"/>
<connection id="59125" src-id="44238" dest-id="42880" weight="-5.527134311549143"/>
<connection id="59128" src-id="39601" dest-id="57517" weight="-5.469612887820471"/>
<connection id="59130" src-id="39484" dest-id="57517" weight="-2.8876252453910984"/>
<connection id="59131" src-id="39473" dest-id="53350" weight="-9.635032917309221"/>
<connection id="59132" src-id="47283" dest-id="57514" weight="0.2407892981423303"/>
<connection id="59133" src-id="46882" dest-id="54795" weight="4.040803824279143"/>
<connection id="59152" src-id="55616" dest-id="39512" weight="1.3199832379793217"/>
<connection id="59183" src-id="44032" dest-id="40505" weight="6.029711190738732"/>
<connection id="59195" src-id="41520" dest-id="53983" weight="-1.9000605035403602"/>
<neuron id="59570" type="hid" activation="sigmoid"/>
<connection id="59571" src-id="39476" dest-id="59570" weight="-4.903325612201424"/>
<connection id="60001" src-id="41876" dest-id="41526" weight="3.161105030030471"/>
<connection id="60036" src-id="39505" dest-id="45073" weight="-8.163533969376822"/>
<connection id="60115" src-id="39479" dest-id="40502" weight="4.902925841354548"/>
<connection id="60180" src-id="39480" dest-id="44238" weight="-5.851006911477854"/>
<connection id="60235" src-id="47684" dest-id="49112" weight="0.4793734550476074"/>
<connection id="60381" src-id="55616" dest-id="44247" weight="0.43001069023293725"/>
<connection id="60388" src-id="57517" dest-id="49112" weight="-0.5888180763235875"/>
<connection id="60491" src-id="39478" dest-id="45073" weight="1.2944255540530805"/>
<neuron id="60655" type="hid" activation="sigmoid"/>
<connection id="60656" src-id="39510" dest-id="60655" weight="0.7527140615485549"/>
<connection id="60657" src-id="60655" dest-id="43808" weight="-12.857254655803207"/>
<connection id="61147" src-id="39492" dest-id="45073" weight="2.513026541087894"/>
<connection id="61148" src-id="44023" dest-id="39557" weight="4.6941018456348065"/>
<connection id="61150" src-id="39505" dest-id="59570" weight="5.0951604618261594"/>
<connection id="61151" src-id="39506" dest-id="43368" weight="-8.774787044988546"/>
<connection id="61152" src-id="48133" dest-id="39557" weight="-0.7264334028706281"/>
<connection id="61153" src-id="39472" dest-id="48133" weight="3.266455480504908"/>
<connection id="61156" src-id="59570" dest-id="57517" weight="4.769264568892178"/>
<connection id="61158" src-id="39487" dest-id="53983" weight="-0.976481579260101"/>
<connection id="61159" src-id="39508" dest-id="41586" weight="4.110948574736062"/>
<connection id="61161" src-id="39492" dest-id="57514" weight="-1.1338557381366483"/>
<connection id="61195" src-id="39491" dest-id="57514" weight="-0.3387385969930692"/>
<connection id="61201" src-id="39503" dest-id="41586" weight="3.8792827977089774"/>
<connection id="61215" src-id="53329" dest-id="39557" weight="1.0964393756060526"/>
<connection id="61233" src-id="39495" dest-id="55616" weight="2.2083747629614114"/>
<connection id="61251" src-id="39492" dest-id="44238" weight="0.6013807058334351"/>
<connection id="61602" src-id="54795" dest-id="49112" weight="-0.7452665255794697"/>
<neuron id="61843" type="hid" activation="sigmoid"/>
<connection id="61844" src-id="50997" dest-id="61843" weight="1.0"/>
<connection id="61845" src-id="61843" dest-id="57517" weight="2.2822969931781114"/>
<connection id="61901" src-id="50101" dest-id="42880" weight="-0.18628638284155752"/>
<connection id="62083" src-id="53350" dest-id="44023" weight="3.3474314370537863"/>
<connection id="62086" src-id="39473" dest-id="44032" weight="-2.83710249463019"/>
<connection id="62109" src-id="39471" dest-id="53983" weight="4.629660435732988"/>
<connection id="62208" src-id="39502" dest-id="57514" weight="1.4034487404954867"/>
<connection id="62209" src-id="49112" dest-id="40481" weight="4.029857273898418"/>
<connection id="62212" src-id="39475" dest-id="59570" weight="1.617096989013703"/>
<connection id="62215" src-id="39507" dest-id="57520" weight="-0.8232058218346643"/>
<connection id="62217" src-id="39492" dest-id="57520" weight="7.145187097168057"/>
<connection id="62220" src-id="41858" dest-id="44032" weight="2.5501564884273518"/>
<connection id="62223" src-id="39478" dest-id="40481" weight="-1.628924349953658"/>
<connection id="62224" src-id="39507" dest-id="53329" weight="-6.027854137343029"/>
<connection id="62235" src-id="42155" dest-id="59570" weight="1.50472493740267"/>
<connection id="62532" src-id="39483" dest-id="55616" weight="1.579658496796867"/>
<neuron id="63026" type="hid" activation="sigmoid"/>
<connection id="63027" src-id="45917" dest-id="63026" weight="6.20614130450827"/>
<connection id="63028" src-id="63026" dest-id="50997" weight="17.254328564547116"/>
<connection id="63394" src-id="39499" dest-id="41586" weight="-2.8296357251582673"/>
<connection id="63571" src-id="39470" dest-id="57520" weight="-1.4743132269729395"/>
<connection id="64001" src-id="60655" dest-id="43377" weight="-1.466202343242255"/>
<connection id="64002" src-id="39494" dest-id="41526" weight="0.6840275112785016"/>
<connection id="64003" src-id="42140" dest-id="50101" weight="2.497883832882355"/>
<connection id="64005" src-id="45917" dest-id="41124" weight="0.6988603295299283"/>
<connection id="64007" src-id="63026" dest-id="49112" weight="-6.31781052881596"/>
<connection id="64008" src-id="39478" dest-id="63026" weight="2.2441595015323603"/>
<connection id="64010" src-id="41520" dest-id="41586" weight="2.0920372885405505"/>
<connection id="64014" src-id="41586" dest-id="43368" weight="0.8510305539112397"/>
<connection id="64019" src-id="56566" dest-id="42140" weight="2.2169441233357174"/>
<connection id="64020" src-id="63026" dest-id="44032" weight="4.863999077849245"/>
<connection id="64021" src-id="39479" dest-id="63026" weight="-2.735347594518107"/>
<connection id="64022" src-id="39492" dest-id="60655" weight="-5.146859756161216"/>
<connection id="64024" src-id="40481" dest-id="41580" weight="9.48822457214587"/>
<connection id="64027" src-id="39470" dest-id="60655" weight="4.848680357832444"/>
<connection id="64029" src-id="60655" dest-id="41523" weight="-5.227242601701332"/>
<connection id="64179" src-id="39480" dest-id="57514" weight="2.0662428893407903"/>
<connection id="64263" src-id="45073" dest-id="44247" weight="-0.8289117813110352"/>
<connection id="64741" src-id="53983" dest-id="43808" weight="2.316108480695628"/>
<connection id="65078" src-id="39474" dest-id="59570" weight="-0.12274045605449801"/>
<connection id="65133" src-id="51472" dest-id="63026" weight="-1.634568126813781"/>
<connection id="65138" src-id="50119" dest-id="41520" weight="4.28685400576865"/>
<connection id="65141" src-id="41520" dest-id="54795" weight="-2.0888227028438915"/>
<connection id="65142" src-id="50119" dest-id="45675" weight="-0.49728424067811217"/>
<connection id="65143" src-id="39471" dest-id="50101" weight="7.652087261059429"/>
<connection id="65144" src-id="39486" dest-id="40481" weight="1.0483939141493712"/>
<connection id="65145" src-id="39472" dest-id="51472" weight="-2.224048720698555"/>
<connection id="65150" src-id="42880" dest-id="41124" weight="2.098991061144636"/>
<connection id="65152" src-id="57517" dest-id="48590" weight="0.027045194485629587"/>
<connection id="65153" src-id="39495" dest-id="51472" weight="-9.87594762643494"/>
<neuron id="65947" type="hid" activation="sigmoid"/>
<connection id="65948" src-id="41858" dest-id="65947" weight="2.6685830718277272"/>
<connection id="65949" src-id="65947" dest-id="57520" weight="-2.4867691510160643"/>
<neuron id="65950" type="hid" activation="sigmoid"/>
<connection id="65951" src-id="39490" dest-id="65950" weight="-3.0596011914795644"/>
<connection id="65952" src-id="65950" dest-id="49582" weight="5.037666812431356"/>
<neuron id="65953" type="hid" activation="sigmoid"/>
<connection id="65954" src-id="41858" dest-id="65953" weight="5.90472630765873"/>
<connection id="65955" src-id="65953" dest-id="54795" weight="-2.7264024295396765"/>
<neuron id="65956" type="hid" activation="sigmoid"/>
<connection id="65957" src-id="49582" dest-id="65956" weight="-0.7347331934881811"/>
<connection id="65958" src-id="65956" dest-id="46882" weight="4.2407679002332666"/>
<neuron id="65959" type="hid" activation="sigmoid"/>
<connection id="65960" src-id="39506" dest-id="65959" weight="0.5131690634490647"/>
<connection id="65961" src-id="65959" dest-id="44032" weight="-10.35814437693937"/>
<connection id="67238" src-id="56566" dest-id="51472" weight="-2.9178376721789157"/>
<connection id="67270" src-id="47280" dest-id="40481" weight="-0.6144378185272217"/>
<connection id="67271" src-id="39486" dest-id="51472" weight="0.03147500878268067"/>
<connection id="67272" src-id="41580" dest-id="40523" weight="1.699936412783574"/>
<connection id="67274" src-id="41118" dest-id="40583" weight="-0.4323139190673828"/>
<connection id="67275" src-id="40493" dest-id="40532" weight="-1.6111369637638697"/>
<connection id="67276" src-id="41526" dest-id="65950" weight="-1.9943319147370762"/>
<connection id="67277" src-id="39501" dest-id="65950" weight="1.6957893192266962"/>
<connection id="67279" src-id="53983" dest-id="57514" weight="0.40577805042266846"/>
<connection id="67280" src-id="39507" dest-id="53350" weight="0.574077653816209"/>
<connection id="67281" src-id="65956" dest-id="45073" weight="0.866492748260498"/>
<connection id="67283" src-id="40532" dest-id="42901" weight="-0.16699163134892725"/>
<connection id="67284" src-id="39511" dest-id="65950" weight="1.315077786934222"/>
<connection id="67286" src-id="65950" dest-id="43588" weight="-2.35536994531129"/>
<connection id="67288" src-id="65950" dest-id="48590" weight="-0.7146639823913574"/>
<connection id="67289" src-id="44247" dest-id="40532" weight="2.738091473324343"/>
<connection id="67290" src-id="65956" dest-id="40523" weight="0.8154338755560506"/>
<connection id="67292" src-id="65953" dest-id="53329" weight="-0.6404807323972601"/>
<connection id="67295" src-id="41520" dest-id="40523" weight="-2.6298889659471256"/>
<connection id="67296" src-id="41526" dest-id="51472" weight="1.2883333157171193"/>
<connection id="67299" src-id="39471" dest-id="65953" weight="2.271615131311484"/>
<connection id="67300" src-id="41858" dest-id="65956" weight="-0.709839940071106"/>
<connection id="67301" src-id="65947" dest-id="40532" weight="0.01177370548248291"/>
<neuron id="67597" type="hid" activation="sigmoid"/>
<connection id="67598" src-id="39508" dest-id="67597" weight="0.42750257888386356"/>
<connection id="67599" src-id="67597" dest-id="55616" weight="-1.9944078783728307"/>
<neuron id="67600" type="hid" activation="sigmoid"/>
<connection id="67601" src-id="44238" dest-id="67600" weight="3.567994672852491"/>
<connection id="67602" src-id="67600" dest-id="41580" weight="-2.0104247596616136"/>
<neuron id="67603" type="hid" activation="sigmoid"/>
<connection id="67604" src-id="39498" dest-id="67603" weight="-2.0227208353753072"/>
<connection id="67605" src-id="67603" dest-id="42880" weight="2.2030789486228324"/>
</chromosome>