<chromosome id="43630" primary-parent-id="43418"><neuron id="39470" type="in" activation="linear"/>
<neuron id="39471" type="in" activation="linear"/>
<neuron id="39472" type="in" activation="linear"/>
<neuron id="39473" type="in" activation="linear"/>
<neuron id="39474" type="in" activation="linear"/>
<neuron id="39475" type="in" activation="linear"/>
<neuron id="39476" type="in" activation="linear"/>
<neuron id="39477" type="in" activation="linear"/>
<neuron id="39478" type="in" activation="linear"/>
<neuron id="39479" type="in" activation="linear"/>
<neuron id="39480" type="in" activation="linear"/>
<neuron id="39481" type="in" activation="linear"/>
<neuron id="39482" type="in" activation="linear"/>
<neuron id="39483" type="in" activation="linear"/>
<neuron id="39484" type="in" activation="linear"/>
<neuron id="39485" type="in" activation="linear"/>
<neuron id="39486" type="in" activation="linear"/>
<neuron id="39487" type="in" activation="linear"/>
<neuron id="39488" type="in" activation="linear"/>
<neuron id="39489" type="in" activation="linear"/>
<neuron id="39490" type="in" activation="linear"/>
<neuron id="39491" type="in" activation="linear"/>
<neuron id="39492" type="in" activation="linear"/>
<neuron id="39493" type="in" activation="linear"/>
<neuron id="39494" type="in" activation="linear"/>
<neuron id="39495" type="in" activation="linear"/>
<neuron id="39496" type="in" activation="linear"/>
<neuron id="39497" type="in" activation="linear"/>
<neuron id="39498" type="in" activation="linear"/>
<neuron id="39499" type="in" activation="linear"/>
<neuron id="39500" type="in" activation="linear"/>
<neuron id="39501" type="in" activation="linear"/>
<neuron id="39502" type="in" activation="linear"/>
<neuron id="39503" type="in" activation="linear"/>
<neuron id="39504" type="in" activation="linear"/>
<neuron id="39505" type="in" activation="linear"/>
<neuron id="39506" type="in" activation="linear"/>
<neuron id="39507" type="in" activation="linear"/>
<neuron id="39508" type="in" activation="linear"/>
<neuron id="39509" type="in" activation="linear"/>
<neuron id="39510" type="in" activation="linear"/>
<neuron id="39511" type="in" activation="linear"/>
<neuron id="39512" type="out" activation="linear"/>
<neuron id="39513" type="hid" activation="sigmoid"/>
<connection id="39514" src-id="39470" dest-id="39513" weight="9.257069681837045"/>
<connection id="39515" src-id="39471" dest-id="39513" weight="5.839322402060213"/>
<connection id="39516" src-id="39472" dest-id="39513" weight="-5.668289495456271"/>
<connection id="39517" src-id="39473" dest-id="39513" weight="-4.094227852481191"/>
<connection id="39519" src-id="39475" dest-id="39513" weight="2.507769269317307"/>
<connection id="39520" src-id="39476" dest-id="39513" weight="3.431197595965136"/>
<connection id="39521" src-id="39477" dest-id="39513" weight="-7.235309224639278"/>
<connection id="39522" src-id="39478" dest-id="39513" weight="1.7458832577780035"/>
<connection id="39523" src-id="39479" dest-id="39513" weight="0.9978286705060001"/>
<connection id="39524" src-id="39480" dest-id="39513" weight="1.9370911799133084"/>
<connection id="39525" src-id="39481" dest-id="39513" weight="5.810746712314768"/>
<connection id="39526" src-id="39482" dest-id="39513" weight="-5.141363519371202"/>
<connection id="39527" src-id="39483" dest-id="39513" weight="-5.019689331907011"/>
<connection id="39528" src-id="39484" dest-id="39513" weight="2.075450071744388"/>
<connection id="39529" src-id="39485" dest-id="39513" weight="4.456587432910726"/>
<connection id="39530" src-id="39486" dest-id="39513" weight="-5.795815923797796"/>
<connection id="39531" src-id="39487" dest-id="39513" weight="0.4614559593945353"/>
<connection id="39532" src-id="39488" dest-id="39513" weight="8.52106053125618"/>
<connection id="39534" src-id="39490" dest-id="39513" weight="6.6008350115502035"/>
<connection id="39535" src-id="39491" dest-id="39513" weight="-2.4254949706376543"/>
<connection id="39536" src-id="39492" dest-id="39513" weight="-1.2393140450179811"/>
<connection id="39537" src-id="39493" dest-id="39513" weight="-0.23677414214717807"/>
<connection id="39538" src-id="39494" dest-id="39513" weight="2.745939514748936"/>
<connection id="39539" src-id="39495" dest-id="39513" weight="-6.05347066958611"/>
<connection id="39540" src-id="39496" dest-id="39513" weight="-5.358879277241698"/>
<connection id="39541" src-id="39497" dest-id="39513" weight="-4.58987759137333"/>
<connection id="39542" src-id="39498" dest-id="39513" weight="-0.876491973768869"/>
<connection id="39543" src-id="39499" dest-id="39513" weight="-5.0215632099011165"/>
<connection id="39544" src-id="39500" dest-id="39513" weight="0.8514184527108839"/>
<connection id="39545" src-id="39501" dest-id="39513" weight="6.82824039060211"/>
<connection id="39546" src-id="39502" dest-id="39513" weight="16.08358264540136"/>
<connection id="39547" src-id="39503" dest-id="39513" weight="4.532290073051371"/>
<connection id="39548" src-id="39504" dest-id="39513" weight="-2.113337989801175"/>
<connection id="39549" src-id="39505" dest-id="39513" weight="-4.170156271460337"/>
<connection id="39550" src-id="39506" dest-id="39513" weight="-3.9047362799433865"/>
<connection id="39551" src-id="39507" dest-id="39513" weight="-1.0564831125254255"/>
<connection id="39552" src-id="39508" dest-id="39513" weight="11.116955114197172"/>
<connection id="39554" src-id="39510" dest-id="39513" weight="1.2953546815101515"/>
<connection id="39555" src-id="39511" dest-id="39513" weight="-6.290767942068339"/>
<connection id="39556" src-id="39513" dest-id="39512" weight="3.272998809277914"/>
<neuron id="39557" type="hid" activation="sigmoid"/>
<connection id="39558" src-id="39470" dest-id="39557" weight="-8.55635974601277"/>
<connection id="39560" src-id="39472" dest-id="39557" weight="-2.42094003174934"/>
<connection id="39561" src-id="39473" dest-id="39557" weight="8.752412076599196"/>
<connection id="39562" src-id="39474" dest-id="39557" weight="7.860524053078792"/>
<connection id="39563" src-id="39475" dest-id="39557" weight="4.452341364904922"/>
<connection id="39565" src-id="39477" dest-id="39557" weight="0.8593085061962915"/>
<connection id="39566" src-id="39478" dest-id="39557" weight="5.801368199991373"/>
<connection id="39567" src-id="39479" dest-id="39557" weight="-2.595193202236432"/>
<connection id="39568" src-id="39480" dest-id="39557" weight="0.8912033128912471"/>
<connection id="39569" src-id="39481" dest-id="39557" weight="0.6317093239489684"/>
<connection id="39570" src-id="39482" dest-id="39557" weight="5.3349270694201785"/>
<connection id="39572" src-id="39484" dest-id="39557" weight="7.226828456518772"/>
<connection id="39573" src-id="39485" dest-id="39557" weight="9.02170659891312"/>
<connection id="39577" src-id="39489" dest-id="39557" weight="6.937141021768866"/>
<connection id="39578" src-id="39490" dest-id="39557" weight="-0.0715833423236858"/>
<connection id="39579" src-id="39491" dest-id="39557" weight="-9.313909095600996"/>
<connection id="39580" src-id="39492" dest-id="39557" weight="2.657411263889305"/>
<connection id="39581" src-id="39493" dest-id="39557" weight="3.4095063203623543"/>
<connection id="39582" src-id="39494" dest-id="39557" weight="-0.49146135475082"/>
<connection id="39583" src-id="39495" dest-id="39557" weight="-11.288754003581897"/>
<connection id="39584" src-id="39496" dest-id="39557" weight="-2.2844770925181006"/>
<connection id="39586" src-id="39498" dest-id="39557" weight="2.3703082974035774"/>
<connection id="39587" src-id="39499" dest-id="39557" weight="6.170328401559151"/>
<connection id="39588" src-id="39500" dest-id="39557" weight="-8.034878613823668"/>
<connection id="39589" src-id="39501" dest-id="39557" weight="-2.793588179955177"/>
<connection id="39590" src-id="39502" dest-id="39557" weight="2.222172361877003"/>
<connection id="39591" src-id="39503" dest-id="39557" weight="3.9299191382420062"/>
<connection id="39592" src-id="39504" dest-id="39557" weight="0.07926451986220556"/>
<connection id="39593" src-id="39505" dest-id="39557" weight="12.163659818023959"/>
<connection id="39594" src-id="39506" dest-id="39557" weight="3.5377814442316904"/>
<connection id="39595" src-id="39507" dest-id="39557" weight="-8.42403144212075"/>
<connection id="39596" src-id="39508" dest-id="39557" weight="5.937128777331663"/>
<connection id="39597" src-id="39509" dest-id="39557" weight="5.4029428966984705"/>
<connection id="39598" src-id="39510" dest-id="39557" weight="-0.009897328840051678"/>
<connection id="39600" src-id="39557" dest-id="39512" weight="6.775851185978888"/>
<neuron id="39601" type="hid" activation="sigmoid"/>
<connection id="39602" src-id="39470" dest-id="39601" weight="0.41602648393249275"/>
<connection id="39603" src-id="39471" dest-id="39601" weight="-4.554247177890909"/>
<connection id="39604" src-id="39472" dest-id="39601" weight="2.1974457133387255"/>
<connection id="39605" src-id="39473" dest-id="39601" weight="1.3707807290113536"/>
<connection id="39606" src-id="39474" dest-id="39601" weight="6.870498376207584"/>
<connection id="39607" src-id="39475" dest-id="39601" weight="4.341086261166054"/>
<connection id="39608" src-id="39476" dest-id="39601" weight="-2.4608074836145595"/>
<connection id="39609" src-id="39477" dest-id="39601" weight="-0.25776038019373493"/>
<connection id="39610" src-id="39478" dest-id="39601" weight="3.1805326079580474"/>
<connection id="39611" src-id="39479" dest-id="39601" weight="-3.889304112096595"/>
<connection id="39612" src-id="39480" dest-id="39601" weight="1.3459002149979669"/>
<connection id="39613" src-id="39481" dest-id="39601" weight="1.3769335434902619"/>
<connection id="39614" src-id="39482" dest-id="39601" weight="3.138955996336425"/>
<connection id="39615" src-id="39483" dest-id="39601" weight="-9.803687902592698"/>
<connection id="39616" src-id="39484" dest-id="39601" weight="0.9662309534957072"/>
<connection id="39617" src-id="39485" dest-id="39601" weight="7.544396927638605"/>
<connection id="39618" src-id="39486" dest-id="39601" weight="2.4193878249314693"/>
<connection id="39620" src-id="39488" dest-id="39601" weight="-1.100529880300087"/>
<connection id="39621" src-id="39489" dest-id="39601" weight="-10.684787010695832"/>
<connection id="39622" src-id="39490" dest-id="39601" weight="1.0629574649521585"/>
<connection id="39623" src-id="39491" dest-id="39601" weight="4.802661071635832"/>
<connection id="39624" src-id="39492" dest-id="39601" weight="5.017345563528844"/>
<connection id="39626" src-id="39494" dest-id="39601" weight="-4.029488458127115"/>
<connection id="39627" src-id="39495" dest-id="39601" weight="-2.178879997061388"/>
<connection id="39628" src-id="39496" dest-id="39601" weight="-1.8471508089622888"/>
<connection id="39629" src-id="39497" dest-id="39601" weight="-4.550344588791688"/>
<connection id="39630" src-id="39498" dest-id="39601" weight="-1.562184279451336"/>
<connection id="39631" src-id="39499" dest-id="39601" weight="11.182256902926671"/>
<connection id="39632" src-id="39500" dest-id="39601" weight="4.7007998374119415"/>
<connection id="39633" src-id="39501" dest-id="39601" weight="-22.730064384905603"/>
<connection id="39635" src-id="39503" dest-id="39601" weight="-4.4629641315475865"/>
<connection id="39636" src-id="39504" dest-id="39601" weight="-4.8268343229170805"/>
<connection id="39637" src-id="39505" dest-id="39601" weight="-2.123503568923125"/>
<connection id="39638" src-id="39506" dest-id="39601" weight="5.947728896970136"/>
<connection id="39639" src-id="39507" dest-id="39601" weight="4.984211279732809"/>
<connection id="39640" src-id="39508" dest-id="39601" weight="7.475391978785869"/>
<connection id="39641" src-id="39509" dest-id="39601" weight="1.3981229741586096"/>
<connection id="39643" src-id="39511" dest-id="39601" weight="-3.862594752852619"/>
<connection id="39644" src-id="39601" dest-id="39512" weight="11.981260097305956"/>
<neuron id="39645" type="hid" activation="sigmoid"/>
<connection id="39646" src-id="39470" dest-id="39645" weight="2.4620159260004995"/>
<connection id="39647" src-id="39471" dest-id="39645" weight="-5.549678863039375"/>
<connection id="39648" src-id="39472" dest-id="39645" weight="4.7725611988638486"/>
<connection id="39650" src-id="39474" dest-id="39645" weight="2.16596960478765"/>
<connection id="39651" src-id="39475" dest-id="39645" weight="-5.840804170206311"/>
<connection id="39652" src-id="39476" dest-id="39645" weight="-1.624424876805441"/>
<connection id="39655" src-id="39479" dest-id="39645" weight="4.2571855775823515"/>
<connection id="39656" src-id="39480" dest-id="39645" weight="7.880039089690872"/>
<connection id="39657" src-id="39481" dest-id="39645" weight="-0.2690849612789834"/>
<connection id="39658" src-id="39482" dest-id="39645" weight="-0.1594852543738703"/>
<connection id="39659" src-id="39483" dest-id="39645" weight="-3.883438959566557"/>
<connection id="39660" src-id="39484" dest-id="39645" weight="-4.814155063803099"/>
<connection id="39661" src-id="39485" dest-id="39645" weight="-7.6886238677693886"/>
<connection id="39662" src-id="39486" dest-id="39645" weight="-3.1341716073018526"/>
<connection id="39663" src-id="39487" dest-id="39645" weight="2.724932090337954"/>
<connection id="39664" src-id="39488" dest-id="39645" weight="-7.441755537929034"/>
<connection id="39665" src-id="39489" dest-id="39645" weight="9.914522741737144"/>
<connection id="39666" src-id="39490" dest-id="39645" weight="-9.84450999240698"/>
<connection id="39667" src-id="39491" dest-id="39645" weight="-1.6231391106369157"/>
<connection id="39668" src-id="39492" dest-id="39645" weight="4.685481176593411"/>
<connection id="39669" src-id="39493" dest-id="39645" weight="-4.876681831273268"/>
<connection id="39670" src-id="39494" dest-id="39645" weight="-7.488993333510937"/>
<connection id="39671" src-id="39495" dest-id="39645" weight="-0.30613177369998046"/>
<connection id="39672" src-id="39496" dest-id="39645" weight="-0.3372276166312411"/>
<connection id="39673" src-id="39497" dest-id="39645" weight="-7.816141722543502"/>
<connection id="39674" src-id="39498" dest-id="39645" weight="7.745489267742889"/>
<connection id="39675" src-id="39499" dest-id="39645" weight="2.159831117191127"/>
<connection id="39676" src-id="39500" dest-id="39645" weight="11.0186004577865"/>
<connection id="39677" src-id="39501" dest-id="39645" weight="-2.9372839214176065"/>
<connection id="39679" src-id="39503" dest-id="39645" weight="0.051734627790879895"/>
<connection id="39680" src-id="39504" dest-id="39645" weight="11.727428228297772"/>
<connection id="39681" src-id="39505" dest-id="39645" weight="-5.0712249176347655"/>
<connection id="39682" src-id="39506" dest-id="39645" weight="17.257862220799648"/>
<connection id="39683" src-id="39507" dest-id="39645" weight="7.0523604335613985"/>
<connection id="39684" src-id="39508" dest-id="39645" weight="14.21375540721665"/>
<connection id="39685" src-id="39509" dest-id="39645" weight="-9.567356773648253"/>
<connection id="39686" src-id="39510" dest-id="39645" weight="1.7134525523811228"/>
<connection id="39688" src-id="39645" dest-id="39512" weight="-6.86567867964788"/>
<connection id="40249" src-id="39492" dest-id="39512" weight="4.403896319847613"/>
<connection id="40254" src-id="39475" dest-id="39512" weight="-1.1247898429118541"/>
<neuron id="40529" type="hid" activation="sigmoid"/>
<connection id="40530" src-id="39483" dest-id="40529" weight="-5.168747036652312"/>
<connection id="40531" src-id="40529" dest-id="39557" weight="3.641524149332082"/>
<connection id="40733" src-id="39490" dest-id="39512" weight="1.894519123815576"/>
<connection id="40825" src-id="39494" dest-id="39512" weight="-2.9878661126751753"/>
<connection id="40961" src-id="39491" dest-id="39512" weight="7.250155838412614"/>
<connection id="40962" src-id="39513" dest-id="39645" weight="-1.5926293548046786"/>
<connection id="41245" src-id="39484" dest-id="39512" weight="4.032473265282706"/>
<neuron id="41520" type="hid" activation="sigmoid"/>
<connection id="41521" src-id="39511" dest-id="41520" weight="-6.524434683735388"/>
<connection id="41522" src-id="41520" dest-id="39557" weight="5.057728510903243"/>
<neuron id="41523" type="hid" activation="sigmoid"/>
<connection id="41524" src-id="39509" dest-id="41523" weight="-3.143059184627125"/>
<connection id="41525" src-id="41523" dest-id="39513" weight="-6.596006192913828"/>
<neuron id="41538" type="hid" activation="sigmoid"/>
<connection id="41539" src-id="39497" dest-id="41538" weight="-4.647063047885558"/>
<connection id="41540" src-id="41538" dest-id="39557" weight="-3.6289580588289905"/>
<connection id="41733" src-id="39509" dest-id="41520" weight="-2.400953762799854"/>
<neuron id="41906" type="hid" activation="sigmoid"/>
<connection id="41907" src-id="39510" dest-id="41906" weight="0.42454673499427287"/>
<connection id="41908" src-id="41906" dest-id="39601" weight="4.821393330571148"/>
<neuron id="42134" type="hid" activation="sigmoid"/>
<connection id="42135" src-id="39502" dest-id="42134" weight="-5.803499799593704"/>
<connection id="42238" src-id="39513" dest-id="39557" weight="-1.7157563165606307"/>
<connection id="42252" src-id="39472" dest-id="41906" weight="10.458907271745638"/>
<connection id="42255" src-id="39481" dest-id="41520" weight="0.5860079509387237"/>
<connection id="42627" src-id="39482" dest-id="41906" weight="0.38796206874013883"/>
<connection id="42628" src-id="39490" dest-id="41523" weight="6.598567581177822"/>
<connection id="42850" src-id="39473" dest-id="42134" weight="-1.808225594495662"/>
<connection id="42851" src-id="39473" dest-id="41538" weight="4.839273697391152"/>
<connection id="42853" src-id="39481" dest-id="41538" weight="-4.348400776332986"/>
<connection id="42982" src-id="39494" dest-id="42134" weight="-8.608119858168868"/>
<connection id="43046" src-id="39509" dest-id="42134" weight="-0.11023096684779121"/>
<neuron id="43118" type="hid" activation="sigmoid"/>
<connection id="43119" src-id="39474" dest-id="43118" weight="-3.5119606732513797"/>
<connection id="43120" src-id="43118" dest-id="39513" weight="5.344537136407995"/>
<neuron id="43121" type="hid" activation="sigmoid"/>
<connection id="43122" src-id="42134" dest-id="43121" weight="3.0524059053858457"/>
<connection id="43123" src-id="43121" dest-id="39601" weight="11.87364739449485"/>
<connection id="43308" src-id="39476" dest-id="41906" weight="2.06939500477741"/>
<connection id="43319" src-id="39491" dest-id="41538" weight="0.4187547778626604"/>
<connection id="43342" src-id="39499" dest-id="42134" weight="-1.294672473247712"/>
<connection id="43343" src-id="39488" dest-id="40529" weight="0.5709748850018594"/>
<connection id="43345" src-id="39496" dest-id="42134" weight="-4.409975511706549"/>
<connection id="43346" src-id="39479" dest-id="41520" weight="2.37894997933484"/>
<connection id="43558" src-id="39486" dest-id="42134" weight="-4.495381557154266"/>
<connection id="43559" src-id="39477" dest-id="43118" weight="-1.7552286611834025"/>
<connection id="43560" src-id="39480" dest-id="40529" weight="-0.4508800773065128"/>
<connection id="43561" src-id="39511" dest-id="43118" weight="2.308936376109446"/>
</chromosome>