<chromosome id="50035" primary-parent-id="49874"><neuron id="46664" type="in" activation="linear"/>
<neuron id="46665" type="in" activation="linear"/>
<neuron id="46666" type="in" activation="linear"/>
<neuron id="46667" type="in" activation="linear"/>
<neuron id="46668" type="in" activation="linear"/>
<neuron id="46669" type="in" activation="linear"/>
<neuron id="46670" type="in" activation="linear"/>
<neuron id="46671" type="in" activation="linear"/>
<neuron id="46672" type="in" activation="linear"/>
<neuron id="46673" type="in" activation="linear"/>
<neuron id="46674" type="in" activation="linear"/>
<neuron id="46675" type="in" activation="linear"/>
<neuron id="46676" type="in" activation="linear"/>
<neuron id="46677" type="in" activation="linear"/>
<neuron id="46678" type="in" activation="linear"/>
<neuron id="46679" type="in" activation="linear"/>
<neuron id="46680" type="in" activation="linear"/>
<neuron id="46681" type="in" activation="linear"/>
<neuron id="46682" type="in" activation="linear"/>
<neuron id="46683" type="in" activation="linear"/>
<neuron id="46684" type="in" activation="linear"/>
<neuron id="46685" type="in" activation="linear"/>
<neuron id="46686" type="in" activation="linear"/>
<neuron id="46687" type="in" activation="linear"/>
<neuron id="46688" type="in" activation="linear"/>
<neuron id="46689" type="in" activation="linear"/>
<neuron id="46690" type="in" activation="linear"/>
<neuron id="46691" type="in" activation="linear"/>
<neuron id="46692" type="in" activation="linear"/>
<neuron id="46693" type="in" activation="linear"/>
<neuron id="46694" type="in" activation="linear"/>
<neuron id="46695" type="in" activation="linear"/>
<neuron id="46696" type="in" activation="linear"/>
<neuron id="46697" type="in" activation="linear"/>
<neuron id="46698" type="in" activation="linear"/>
<neuron id="46699" type="in" activation="linear"/>
<neuron id="46700" type="in" activation="linear"/>
<neuron id="46701" type="in" activation="linear"/>
<neuron id="46702" type="in" activation="linear"/>
<neuron id="46703" type="in" activation="linear"/>
<neuron id="46704" type="in" activation="linear"/>
<neuron id="46705" type="in" activation="linear"/>
<neuron id="46706" type="out" activation="linear"/>
<neuron id="46707" type="hid" activation="sigmoid"/>
<connection id="46708" src-id="46664" dest-id="46707" weight="1.583109309630309"/>
<connection id="46709" src-id="46665" dest-id="46707" weight="4.869230138914713"/>
<connection id="46710" src-id="46666" dest-id="46707" weight="1.3541335496538522"/>
<connection id="46711" src-id="46667" dest-id="46707" weight="0.32124425323634254"/>
<connection id="46712" src-id="46668" dest-id="46707" weight="-3.0346461069572896"/>
<connection id="46713" src-id="46669" dest-id="46707" weight="-0.7151761227489"/>
<connection id="46714" src-id="46670" dest-id="46707" weight="3.0803657559250683"/>
<connection id="46715" src-id="46671" dest-id="46707" weight="6.380935525280601"/>
<connection id="46716" src-id="46672" dest-id="46707" weight="5.796711058152905"/>
<connection id="46717" src-id="46673" dest-id="46707" weight="5.5726890056497265"/>
<connection id="46719" src-id="46675" dest-id="46707" weight="-2.143579502384241"/>
<connection id="46720" src-id="46676" dest-id="46707" weight="-1.8191238571028183"/>
<connection id="46721" src-id="46677" dest-id="46707" weight="-4.761729287283838"/>
<connection id="46722" src-id="46678" dest-id="46707" weight="8.149066281846181"/>
<connection id="46723" src-id="46679" dest-id="46707" weight="10.535289052702677"/>
<connection id="46724" src-id="46680" dest-id="46707" weight="3.907596965983268"/>
<connection id="46725" src-id="46681" dest-id="46707" weight="-2.2083277145888487"/>
<connection id="46727" src-id="46683" dest-id="46707" weight="-8.071017984331473"/>
<connection id="46728" src-id="46684" dest-id="46707" weight="-6.3631521831959095"/>
<connection id="46729" src-id="46685" dest-id="46707" weight="-5.553019521180065"/>
<connection id="46730" src-id="46686" dest-id="46707" weight="4.205548725088505"/>
<connection id="46731" src-id="46687" dest-id="46707" weight="-0.8762041325212273"/>
<connection id="46732" src-id="46688" dest-id="46707" weight="-0.46908448988250795"/>
<connection id="46734" src-id="46690" dest-id="46707" weight="-1.5987921495976423"/>
<connection id="46736" src-id="46692" dest-id="46707" weight="3.8605644011167755"/>
<connection id="46737" src-id="46693" dest-id="46707" weight="7.708832285834664"/>
<connection id="46738" src-id="46694" dest-id="46707" weight="5.4534253947745555"/>
<connection id="46739" src-id="46695" dest-id="46707" weight="4.953561489453424"/>
<connection id="46740" src-id="46696" dest-id="46707" weight="-2.4731074610225443"/>
<connection id="46741" src-id="46697" dest-id="46707" weight="3.3200051079773267"/>
<connection id="46742" src-id="46698" dest-id="46707" weight="-1.7705441859616222"/>
<connection id="46744" src-id="46700" dest-id="46707" weight="-4.792124407558656"/>
<connection id="46745" src-id="46701" dest-id="46707" weight="2.0719272876364223"/>
<connection id="46746" src-id="46702" dest-id="46707" weight="5.338685722495581"/>
<connection id="46748" src-id="46704" dest-id="46707" weight="6.039175836642394"/>
<connection id="46749" src-id="46705" dest-id="46707" weight="-8.080205227775291"/>
<connection id="46750" src-id="46707" dest-id="46706" weight="4.3258509004445305"/>
<neuron id="46751" type="hid" activation="sigmoid"/>
<connection id="46752" src-id="46664" dest-id="46751" weight="0.76722205760265"/>
<connection id="46753" src-id="46665" dest-id="46751" weight="-3.0056801396814112"/>
<connection id="46755" src-id="46667" dest-id="46751" weight="8.068498848714462"/>
<connection id="46756" src-id="46668" dest-id="46751" weight="4.081179285419603"/>
<connection id="46758" src-id="46670" dest-id="46751" weight="7.287445725059054"/>
<connection id="46759" src-id="46671" dest-id="46751" weight="-17.032034946657568"/>
<connection id="46760" src-id="46672" dest-id="46751" weight="2.9122179670367254"/>
<connection id="46761" src-id="46673" dest-id="46751" weight="4.647775967034983"/>
<connection id="46763" src-id="46675" dest-id="46751" weight="-9.403391176195127"/>
<connection id="46764" src-id="46676" dest-id="46751" weight="1.6437353694843964"/>
<connection id="46765" src-id="46677" dest-id="46751" weight="1.8370777499299762"/>
<connection id="46767" src-id="46679" dest-id="46751" weight="14.222123753751967"/>
<connection id="46770" src-id="46682" dest-id="46751" weight="10.690891378225519"/>
<connection id="46771" src-id="46683" dest-id="46751" weight="-3.63519865977801"/>
<connection id="46772" src-id="46684" dest-id="46751" weight="3.369196610737215"/>
<connection id="46773" src-id="46685" dest-id="46751" weight="-5.6515137905288775"/>
<connection id="46774" src-id="46686" dest-id="46751" weight="-11.103882573266759"/>
<connection id="46775" src-id="46687" dest-id="46751" weight="10.662835263990939"/>
<connection id="46776" src-id="46688" dest-id="46751" weight="-6.239779088851245"/>
<connection id="46777" src-id="46689" dest-id="46751" weight="0.46284910457552075"/>
<connection id="46778" src-id="46690" dest-id="46751" weight="3.047932734229537"/>
<connection id="46779" src-id="46691" dest-id="46751" weight="3.057917603126125"/>
<connection id="46780" src-id="46692" dest-id="46751" weight="-3.177388243152919"/>
<connection id="46781" src-id="46693" dest-id="46751" weight="-5.997852154505903"/>
<connection id="46782" src-id="46694" dest-id="46751" weight="7.430730027558974"/>
<connection id="46783" src-id="46695" dest-id="46751" weight="10.335288716626504"/>
<connection id="46786" src-id="46698" dest-id="46751" weight="3.800662469546568"/>
<connection id="46787" src-id="46699" dest-id="46751" weight="-2.3810192537772923"/>
<connection id="46788" src-id="46700" dest-id="46751" weight="4.16123220644341"/>
<connection id="46789" src-id="46701" dest-id="46751" weight="-4.951091508595783"/>
<connection id="46790" src-id="46702" dest-id="46751" weight="4.7700687242403506"/>
<connection id="46792" src-id="46704" dest-id="46751" weight="3.807406221488283"/>
<connection id="46793" src-id="46705" dest-id="46751" weight="0.2966385369403761"/>
<connection id="46794" src-id="46751" dest-id="46706" weight="-0.15612203620893494"/>
<neuron id="46795" type="hid" activation="sigmoid"/>
<connection id="46796" src-id="46664" dest-id="46795" weight="2.3889623724050875"/>
<connection id="46797" src-id="46665" dest-id="46795" weight="-10.66046966111244"/>
<connection id="46798" src-id="46666" dest-id="46795" weight="1.4479847960330892"/>
<connection id="46799" src-id="46667" dest-id="46795" weight="0.9524316668707833"/>
<connection id="46800" src-id="46668" dest-id="46795" weight="-3.9547046630458897"/>
<connection id="46801" src-id="46669" dest-id="46795" weight="8.076792894845628"/>
<connection id="46802" src-id="46670" dest-id="46795" weight="1.3500882043231999"/>
<connection id="46803" src-id="46671" dest-id="46795" weight="-2.6122516484852945"/>
<connection id="46804" src-id="46672" dest-id="46795" weight="11.01160821400746"/>
<connection id="46805" src-id="46673" dest-id="46795" weight="0.8113702082622831"/>
<connection id="46807" src-id="46675" dest-id="46795" weight="2.8415061893507225"/>
<connection id="46808" src-id="46676" dest-id="46795" weight="-2.7706561449872273"/>
<connection id="46809" src-id="46677" dest-id="46795" weight="0.08456355948926753"/>
<connection id="46810" src-id="46678" dest-id="46795" weight="-4.606855457228411"/>
<connection id="46812" src-id="46680" dest-id="46795" weight="-1.1301050490401994"/>
<connection id="46813" src-id="46681" dest-id="46795" weight="-5.12000774843596"/>
<connection id="46814" src-id="46682" dest-id="46795" weight="-6.709512649665443"/>
<connection id="46815" src-id="46683" dest-id="46795" weight="-5.89170980440445"/>
<connection id="46816" src-id="46684" dest-id="46795" weight="11.395022685037087"/>
<connection id="46817" src-id="46685" dest-id="46795" weight="2.4774880348581805"/>
<connection id="46818" src-id="46686" dest-id="46795" weight="-4.3619853984009875"/>
<connection id="46819" src-id="46687" dest-id="46795" weight="-1.858310308924398"/>
<connection id="46820" src-id="46688" dest-id="46795" weight="-1.2764585728557885"/>
<connection id="46821" src-id="46689" dest-id="46795" weight="4.545690661681095"/>
<connection id="46822" src-id="46690" dest-id="46795" weight="-6.890241835947968"/>
<connection id="46823" src-id="46691" dest-id="46795" weight="-6.966729636877396"/>
<connection id="46825" src-id="46693" dest-id="46795" weight="1.218107119908057"/>
<connection id="46826" src-id="46694" dest-id="46795" weight="-0.06682877113951335"/>
<connection id="46827" src-id="46695" dest-id="46795" weight="-6.681704283469005"/>
<connection id="46828" src-id="46696" dest-id="46795" weight="-10.486917052706707"/>
<connection id="46829" src-id="46697" dest-id="46795" weight="3.3841047075796817"/>
<connection id="46830" src-id="46698" dest-id="46795" weight="-10.631144558349929"/>
<connection id="46831" src-id="46699" dest-id="46795" weight="5.350173469588036"/>
<connection id="46832" src-id="46700" dest-id="46795" weight="5.317867612260863"/>
<connection id="46833" src-id="46701" dest-id="46795" weight="8.332307443619811"/>
<connection id="46834" src-id="46702" dest-id="46795" weight="-6.860279578197698"/>
<connection id="46835" src-id="46703" dest-id="46795" weight="7.503138135912311"/>
<connection id="46836" src-id="46704" dest-id="46795" weight="-3.673742979698752"/>
<connection id="46837" src-id="46705" dest-id="46795" weight="-2.4670957799763116"/>
<connection id="46838" src-id="46795" dest-id="46706" weight="-4.5480829561907905"/>
<neuron id="46883" type="hid" activation="sigmoid"/>
<connection id="46884" src-id="46664" dest-id="46883" weight="3.0123383133416963"/>
<connection id="46885" src-id="46665" dest-id="46883" weight="-4.259526954988197"/>
<connection id="46886" src-id="46666" dest-id="46883" weight="-0.5333981928231606"/>
<connection id="46887" src-id="46667" dest-id="46883" weight="-11.85779299922574"/>
<connection id="46889" src-id="46669" dest-id="46883" weight="1.1953383350900646"/>
<connection id="46890" src-id="46670" dest-id="46883" weight="-4.428861974667123"/>
<connection id="46891" src-id="46671" dest-id="46883" weight="-3.942801053407165"/>
<connection id="46892" src-id="46672" dest-id="46883" weight="17.36197214617511"/>
<connection id="46893" src-id="46673" dest-id="46883" weight="2.9883104418784363"/>
<connection id="46894" src-id="46674" dest-id="46883" weight="-0.9063845331246638"/>
<connection id="46895" src-id="46675" dest-id="46883" weight="-9.154599212221596"/>
<connection id="46896" src-id="46676" dest-id="46883" weight="3.430857578794316"/>
<connection id="46897" src-id="46677" dest-id="46883" weight="-16.432090773667333"/>
<connection id="46898" src-id="46678" dest-id="46883" weight="-6.619618164662323"/>
<connection id="46899" src-id="46679" dest-id="46883" weight="-9.546087665543585"/>
<connection id="46900" src-id="46680" dest-id="46883" weight="-4.71103494514628"/>
<connection id="46901" src-id="46681" dest-id="46883" weight="-0.5815415193292992"/>
<connection id="46902" src-id="46682" dest-id="46883" weight="2.032716434789424"/>
<connection id="46904" src-id="46684" dest-id="46883" weight="-6.411837249079365"/>
<connection id="46906" src-id="46686" dest-id="46883" weight="3.012770580562396"/>
<connection id="46908" src-id="46688" dest-id="46883" weight="-1.9668102232551359"/>
<connection id="46909" src-id="46689" dest-id="46883" weight="8.870904241703387"/>
<connection id="46910" src-id="46690" dest-id="46883" weight="2.4614059564431283"/>
<connection id="46911" src-id="46691" dest-id="46883" weight="3.055676042931878"/>
<connection id="46912" src-id="46692" dest-id="46883" weight="-8.697583533579781"/>
<connection id="46913" src-id="46693" dest-id="46883" weight="-9.880032956298718"/>
<connection id="46914" src-id="46694" dest-id="46883" weight="-8.254445722521528"/>
<connection id="46917" src-id="46697" dest-id="46883" weight="10.287088030662462"/>
<connection id="46918" src-id="46698" dest-id="46883" weight="7.188559854691352"/>
<connection id="46919" src-id="46699" dest-id="46883" weight="-1.841538231061251"/>
<connection id="46920" src-id="46700" dest-id="46883" weight="7.754391047611333"/>
<connection id="46921" src-id="46701" dest-id="46883" weight="-3.2297175176062884"/>
<connection id="46922" src-id="46702" dest-id="46883" weight="-4.146497658336605"/>
<connection id="46923" src-id="46703" dest-id="46883" weight="2.445952360313469"/>
<connection id="46924" src-id="46704" dest-id="46883" weight="-5.7236742684170085"/>
<connection id="46925" src-id="46705" dest-id="46883" weight="-12.783729864685718"/>
<connection id="46926" src-id="46883" dest-id="46706" weight="-10.929996813092188"/>
<connection id="47147" src-id="46674" dest-id="46706" weight="3.7982956987494623"/>
<connection id="47245" src-id="46700" dest-id="46706" weight="2.841286262390162"/>
<neuron id="47329" type="hid" activation="sigmoid"/>
<connection id="47330" src-id="46685" dest-id="47329" weight="3.657541038204677"/>
<connection id="47331" src-id="47329" dest-id="46883" weight="3.048589661216942"/>
<connection id="47408" src-id="46696" dest-id="47329" weight="-7.506225276943844"/>
<connection id="47611" src-id="46672" dest-id="46706" weight="10.022250012734428"/>
<neuron id="47649" type="hid" activation="sigmoid"/>
<connection id="47650" src-id="46703" dest-id="47649" weight="1.273479277703634"/>
<connection id="47651" src-id="47649" dest-id="46707" weight="-5.418471838723947"/>
<connection id="47876" src-id="46702" dest-id="46706" weight="2.576710272294841"/>
<neuron id="47926" type="hid" activation="sigmoid"/>
<connection id="47927" src-id="46674" dest-id="47926" weight="-2.235434073891666"/>
<connection id="47928" src-id="47926" dest-id="46751" weight="9.997609610306025"/>
<connection id="48005" src-id="46686" dest-id="47329" weight="-6.414877329329122"/>
<connection id="48011" src-id="46687" dest-id="46706" weight="4.640110242861756"/>
<connection id="48012" src-id="46672" dest-id="47329" weight="-5.370994257288506"/>
<neuron id="48202" type="hid" activation="sigmoid"/>
<connection id="48203" src-id="46666" dest-id="48202" weight="-4.996447514914212"/>
<connection id="48204" src-id="48202" dest-id="46751" weight="7.720453574224701"/>
<neuron id="48205" type="hid" activation="sigmoid"/>
<connection id="48206" src-id="46678" dest-id="48205" weight="2.1617426063416305"/>
<connection id="48207" src-id="48205" dest-id="46751" weight="3.923584007307186"/>
<connection id="48406" src-id="47329" dest-id="48202" weight="-2.1364822867865065"/>
<neuron id="48477" type="hid" activation="sigmoid"/>
<connection id="48478" src-id="46695" dest-id="48477" weight="-0.5700593102063509"/>
<connection id="48479" src-id="48477" dest-id="46883" weight="3.5782295418287995"/>
<connection id="48644" src-id="46682" dest-id="48202" weight="6.200007500759085"/>
<connection id="48650" src-id="48202" dest-id="48205" weight="0.8251415411552534"/>
<connection id="48790" src-id="46694" dest-id="48205" weight="-5.334444933498755"/>
<neuron id="49134" type="hid" activation="sigmoid"/>
<connection id="49135" src-id="46699" dest-id="49134" weight="0.6467347002253065"/>
<connection id="49136" src-id="49134" dest-id="46707" weight="9.27591702992353"/>
<connection id="49504" src-id="46669" dest-id="48205" weight="2.56697740809025"/>
<neuron id="49691" type="hid" activation="sigmoid"/>
<connection id="49692" src-id="46695" dest-id="49691" weight="2.197160201839454"/>
<connection id="49693" src-id="49691" dest-id="48205" weight="0.724241657232731"/>
<connection id="49749" src-id="46703" dest-id="48202" weight="-1.731566227515228"/>
<neuron id="49845" type="hid" activation="sigmoid"/>
<connection id="49846" src-id="46696" dest-id="49845" weight="6.529310620293944"/>
<connection id="49847" src-id="49845" dest-id="46883" weight="8.34378370005421"/>
<connection id="49958" src-id="46677" dest-id="48202" weight="-1.8750202999181305"/>
<connection id="49961" src-id="49134" dest-id="48477" weight="0.8612004127590902"/>
<connection id="49963" src-id="46705" dest-id="48202" weight="3.953569310133648"/>
<neuron id="50020" type="hid" activation="sigmoid"/>
<connection id="50021" src-id="46679" dest-id="50020" weight="3.59201160486104"/>
<connection id="50022" src-id="50020" dest-id="46795" weight="-4.484822808970485"/>
</chromosome>