<chromosome id="67639" primary-parent-id="66082"><neuron id="39470" type="in" activation="linear"/>
<neuron id="39471" type="in" activation="linear"/>
<neuron id="39472" type="in" activation="linear"/>
<neuron id="39473" type="in" activation="linear"/>
<neuron id="39474" type="in" activation="linear"/>
<neuron id="39475" type="in" activation="linear"/>
<neuron id="39476" type="in" activation="linear"/>
<neuron id="39477" type="in" activation="linear"/>
<neuron id="39478" type="in" activation="linear"/>
<neuron id="39479" type="in" activation="linear"/>
<neuron id="39480" type="in" activation="linear"/>
<neuron id="39481" type="in" activation="linear"/>
<neuron id="39482" type="in" activation="linear"/>
<neuron id="39483" type="in" activation="linear"/>
<neuron id="39484" type="in" activation="linear"/>
<neuron id="39485" type="in" activation="linear"/>
<neuron id="39486" type="in" activation="linear"/>
<neuron id="39487" type="in" activation="linear"/>
<neuron id="39488" type="in" activation="linear"/>
<neuron id="39489" type="in" activation="linear"/>
<neuron id="39490" type="in" activation="linear"/>
<neuron id="39491" type="in" activation="linear"/>
<neuron id="39492" type="in" activation="linear"/>
<neuron id="39493" type="in" activation="linear"/>
<neuron id="39494" type="in" activation="linear"/>
<neuron id="39495" type="in" activation="linear"/>
<neuron id="39496" type="in" activation="linear"/>
<neuron id="39497" type="in" activation="linear"/>
<neuron id="39498" type="in" activation="linear"/>
<neuron id="39499" type="in" activation="linear"/>
<neuron id="39500" type="in" activation="linear"/>
<neuron id="39501" type="in" activation="linear"/>
<neuron id="39502" type="in" activation="linear"/>
<neuron id="39503" type="in" activation="linear"/>
<neuron id="39504" type="in" activation="linear"/>
<neuron id="39505" type="in" activation="linear"/>
<neuron id="39506" type="in" activation="linear"/>
<neuron id="39507" type="in" activation="linear"/>
<neuron id="39508" type="in" activation="linear"/>
<neuron id="39509" type="in" activation="linear"/>
<neuron id="39510" type="in" activation="linear"/>
<neuron id="39511" type="in" activation="linear"/>
<neuron id="39512" type="out" activation="linear"/>
<neuron id="39513" type="hid" activation="sigmoid"/>
<connection id="39514" src-id="39470" dest-id="39513" weight="23.88707533341852"/>
<connection id="39515" src-id="39471" dest-id="39513" weight="-18.608699508511638"/>
<connection id="39517" src-id="39473" dest-id="39513" weight="18.95942604253859"/>
<connection id="39519" src-id="39475" dest-id="39513" weight="2.9952038142721156"/>
<connection id="39521" src-id="39477" dest-id="39513" weight="-4.569095790977299"/>
<connection id="39522" src-id="39478" dest-id="39513" weight="-16.157547736806013"/>
<connection id="39523" src-id="39479" dest-id="39513" weight="-4.528110254159687"/>
<connection id="39525" src-id="39481" dest-id="39513" weight="-7.736350396177267"/>
<connection id="39526" src-id="39482" dest-id="39513" weight="-8.494125244288696"/>
<connection id="39527" src-id="39483" dest-id="39513" weight="33.54025187425773"/>
<connection id="39529" src-id="39485" dest-id="39513" weight="8.84388793325667"/>
<connection id="39530" src-id="39486" dest-id="39513" weight="6.968427651131022"/>
<connection id="39532" src-id="39488" dest-id="39513" weight="-13.813086424203544"/>
<connection id="39533" src-id="39489" dest-id="39513" weight="26.084103113312096"/>
<connection id="39534" src-id="39490" dest-id="39513" weight="-16.27469311270575"/>
<connection id="39536" src-id="39492" dest-id="39513" weight="5.81856719995336"/>
<connection id="39538" src-id="39494" dest-id="39513" weight="2.1323905853916862"/>
<connection id="39544" src-id="39500" dest-id="39513" weight="9.938630602830223"/>
<connection id="39545" src-id="39501" dest-id="39513" weight="-8.188229669946654"/>
<connection id="39546" src-id="39502" dest-id="39513" weight="1.3070472463242861"/>
<connection id="39547" src-id="39503" dest-id="39513" weight="1.2357223194909221"/>
<connection id="39550" src-id="39506" dest-id="39513" weight="-7.179079594522495"/>
<connection id="39552" src-id="39508" dest-id="39513" weight="28.517568539620733"/>
<connection id="39555" src-id="39511" dest-id="39513" weight="14.574631458405051"/>
<neuron id="39557" type="hid" activation="sigmoid"/>
<connection id="39559" src-id="39471" dest-id="39557" weight="-12.389000923692016"/>
<connection id="39560" src-id="39472" dest-id="39557" weight="-21.32685064247368"/>
<connection id="39561" src-id="39473" dest-id="39557" weight="6.536405215231756"/>
<connection id="39562" src-id="39474" dest-id="39557" weight="-6.7582757136231555"/>
<connection id="39563" src-id="39475" dest-id="39557" weight="-7.432004408360103"/>
<connection id="39565" src-id="39477" dest-id="39557" weight="-4.251024812357762"/>
<connection id="39566" src-id="39478" dest-id="39557" weight="17.739518419170224"/>
<connection id="39567" src-id="39479" dest-id="39557" weight="18.558641609239356"/>
<connection id="39569" src-id="39481" dest-id="39557" weight="-3.9137332554976014"/>
<connection id="39572" src-id="39484" dest-id="39557" weight="-9.044796148896094"/>
<connection id="39573" src-id="39485" dest-id="39557" weight="12.372025708559367"/>
<connection id="39575" src-id="39487" dest-id="39557" weight="12.820178064516433"/>
<connection id="39577" src-id="39489" dest-id="39557" weight="-6.157335517295882"/>
<connection id="39578" src-id="39490" dest-id="39557" weight="-27.256434993732164"/>
<connection id="39579" src-id="39491" dest-id="39557" weight="21.488438437767694"/>
<connection id="39580" src-id="39492" dest-id="39557" weight="-7.0154999238271305"/>
<connection id="39582" src-id="39494" dest-id="39557" weight="10.934262379136019"/>
<connection id="39583" src-id="39495" dest-id="39557" weight="-14.917146377756488"/>
<connection id="39586" src-id="39498" dest-id="39557" weight="-5.514536562707242"/>
<connection id="39590" src-id="39502" dest-id="39557" weight="-13.24705805734079"/>
<connection id="39591" src-id="39503" dest-id="39557" weight="34.00432433232008"/>
<connection id="39592" src-id="39504" dest-id="39557" weight="4.623820374989974"/>
<connection id="39594" src-id="39506" dest-id="39557" weight="14.79950507098799"/>
<connection id="39595" src-id="39507" dest-id="39557" weight="-6.130379700209313"/>
<connection id="39596" src-id="39508" dest-id="39557" weight="10.878827755474349"/>
<connection id="39597" src-id="39509" dest-id="39557" weight="-21.974302809239017"/>
<connection id="39598" src-id="39510" dest-id="39557" weight="-0.016185832104176512"/>
<connection id="39599" src-id="39511" dest-id="39557" weight="-4.763074421155915"/>
<connection id="39600" src-id="39557" dest-id="39512" weight="14.503266839521702"/>
<neuron id="39601" type="hid" activation="sigmoid"/>
<connection id="39604" src-id="39472" dest-id="39601" weight="6.493097750874727"/>
<connection id="39605" src-id="39473" dest-id="39601" weight="21.242374220655936"/>
<connection id="39606" src-id="39474" dest-id="39601" weight="3.581643666953431"/>
<connection id="39610" src-id="39478" dest-id="39601" weight="10.451151724207056"/>
<connection id="39611" src-id="39479" dest-id="39601" weight="8.144067417452767"/>
<connection id="39612" src-id="39480" dest-id="39601" weight="-13.61737697993359"/>
<connection id="39613" src-id="39481" dest-id="39601" weight="3.645215766835225"/>
<connection id="39617" src-id="39485" dest-id="39601" weight="2.0758831221650196"/>
<connection id="39618" src-id="39486" dest-id="39601" weight="-12.481686783762834"/>
<connection id="39619" src-id="39487" dest-id="39601" weight="0.047632977351014225"/>
<connection id="39620" src-id="39488" dest-id="39601" weight="10.18857976014581"/>
<connection id="39621" src-id="39489" dest-id="39601" weight="-13.77480460337446"/>
<connection id="39623" src-id="39491" dest-id="39601" weight="2.860401457737425"/>
<connection id="39624" src-id="39492" dest-id="39601" weight="4.149566620434635"/>
<connection id="39627" src-id="39495" dest-id="39601" weight="-5.795375207070169"/>
<connection id="39628" src-id="39496" dest-id="39601" weight="-10.97943074452876"/>
<connection id="39629" src-id="39497" dest-id="39601" weight="-9.653286888201396"/>
<connection id="39632" src-id="39500" dest-id="39601" weight="3.110844086513244"/>
<connection id="39637" src-id="39505" dest-id="39601" weight="9.376896402732145"/>
<connection id="39638" src-id="39506" dest-id="39601" weight="-1.6785919136486576"/>
<connection id="39640" src-id="39508" dest-id="39601" weight="-3.5605665733323804"/>
<connection id="39641" src-id="39509" dest-id="39601" weight="-4.003785520157538"/>
<connection id="39643" src-id="39511" dest-id="39601" weight="0.626430083762012"/>
<connection id="39644" src-id="39601" dest-id="39512" weight="28.50853890910976"/>
<neuron id="39645" type="hid" activation="sigmoid"/>
<connection id="39646" src-id="39470" dest-id="39645" weight="2.786146425903657"/>
<connection id="39648" src-id="39472" dest-id="39645" weight="-18.53961482664784"/>
<connection id="39656" src-id="39480" dest-id="39645" weight="-11.013262366745737"/>
<connection id="39657" src-id="39481" dest-id="39645" weight="6.949820509914042"/>
<connection id="39658" src-id="39482" dest-id="39645" weight="16.136022266816568"/>
<connection id="39659" src-id="39483" dest-id="39645" weight="-16.012020802514677"/>
<connection id="39660" src-id="39484" dest-id="39645" weight="-18.61719717013203"/>
<connection id="39662" src-id="39486" dest-id="39645" weight="1.8437780640126622"/>
<connection id="39663" src-id="39487" dest-id="39645" weight="-12.570189523934722"/>
<connection id="39665" src-id="39489" dest-id="39645" weight="32.69898931152636"/>
<connection id="39666" src-id="39490" dest-id="39645" weight="-13.840264191451553"/>
<connection id="39668" src-id="39492" dest-id="39645" weight="8.640282944396795"/>
<connection id="39670" src-id="39494" dest-id="39645" weight="-18.4664475954501"/>
<connection id="39675" src-id="39499" dest-id="39645" weight="3.839353703679943"/>
<connection id="39677" src-id="39501" dest-id="39645" weight="12.762078263772143"/>
<connection id="39680" src-id="39504" dest-id="39645" weight="16.371536515799406"/>
<connection id="39681" src-id="39505" dest-id="39645" weight="3.9584892734803323"/>
<connection id="39683" src-id="39507" dest-id="39645" weight="-7.400988962657614"/>
<connection id="39687" src-id="39511" dest-id="39645" weight="4.5621396645104255"/>
<connection id="39688" src-id="39645" dest-id="39512" weight="10.629095312809877"/>
<connection id="39977" src-id="39485" dest-id="39512" weight="9.097092199767763"/>
<connection id="40249" src-id="39492" dest-id="39512" weight="14.052334293690539"/>
<connection id="40254" src-id="39475" dest-id="39512" weight="6.323823789632373"/>
<neuron id="40493" type="hid" activation="sigmoid"/>
<connection id="40494" src-id="39480" dest-id="40493" weight="6.781234312668692"/>
<connection id="40495" src-id="40493" dest-id="39557" weight="-7.359660627548261"/>
<neuron id="40502" type="hid" activation="sigmoid"/>
<connection id="40503" src-id="39470" dest-id="40502" weight="6.479200114686305"/>
<connection id="40504" src-id="40502" dest-id="39601" weight="-7.923205304338318"/>
<neuron id="40505" type="hid" activation="sigmoid"/>
<connection id="40506" src-id="39496" dest-id="40505" weight="-6.472428737763678"/>
<connection id="40507" src-id="40505" dest-id="39557" weight="16.11644918578955"/>
<neuron id="40553" type="hid" activation="sigmoid"/>
<connection id="40554" src-id="39478" dest-id="40553" weight="0.6368198002223613"/>
<connection id="40555" src-id="40553" dest-id="39645" weight="-2.1743897045177487"/>
<connection id="40681" src-id="39477" dest-id="39512" weight="4.674787695585007"/>
<connection id="40765" src-id="39498" dest-id="39512" weight="10.140345309470364"/>
<connection id="40962" src-id="39513" dest-id="39645" weight="4.733727848288957"/>
<neuron id="41118" type="hid" activation="sigmoid"/>
<connection id="41392" src-id="39509" dest-id="39512" weight="19.914010360044298"/>
<neuron id="41520" type="hid" activation="sigmoid"/>
<connection id="41522" src-id="41520" dest-id="39557" weight="2.611542676640683"/>
<neuron id="41523" type="hid" activation="sigmoid"/>
<connection id="41524" src-id="39509" dest-id="41523" weight="-6.017102821105217"/>
<connection id="41525" src-id="41523" dest-id="39513" weight="11.545327730426834"/>
<neuron id="41526" type="hid" activation="sigmoid"/>
<connection id="41528" src-id="41526" dest-id="39513" weight="11.097474718906634"/>
<neuron id="41538" type="hid" activation="sigmoid"/>
<neuron id="41562" type="hid" activation="sigmoid"/>
<connection id="41564" src-id="41562" dest-id="39645" weight="25.60149164188455"/>
<neuron id="41565" type="hid" activation="sigmoid"/>
<connection id="41566" src-id="39471" dest-id="41565" weight="-3.2457437840792576"/>
<connection id="41567" src-id="41565" dest-id="39601" weight="-26.015769765183432"/>
<neuron id="41580" type="hid" activation="sigmoid"/>
<connection id="41581" src-id="39508" dest-id="41580" weight="11.461445489794103"/>
<connection id="41582" src-id="41580" dest-id="39645" weight="-7.503826414740622"/>
<connection id="41669" src-id="39499" dest-id="39512" weight="2.0142018224457052"/>
<connection id="41728" src-id="39501" dest-id="41520" weight="4.2943310891492095"/>
<connection id="41743" src-id="39479" dest-id="41523" weight="-1.459213447178185"/>
<neuron id="41858" type="hid" activation="sigmoid"/>
<connection id="41859" src-id="39509" dest-id="41858" weight="12.31547327020161"/>
<connection id="41860" src-id="41858" dest-id="39645" weight="-15.709853993874482"/>
<neuron id="41876" type="hid" activation="sigmoid"/>
<connection id="41877" src-id="39492" dest-id="41876" weight="16.88367231261274"/>
<neuron id="41906" type="hid" activation="sigmoid"/>
<connection id="41907" src-id="39510" dest-id="41906" weight="2.308971313819044"/>
<connection id="41908" src-id="41906" dest-id="39601" weight="7.196609687017559"/>
<connection id="42009" src-id="39494" dest-id="41876" weight="-6.325097376167708"/>
<connection id="42036" src-id="39496" dest-id="41523" weight="14.894420490115698"/>
<connection id="42045" src-id="39484" dest-id="41520" weight="3.3991417328173013"/>
<neuron id="42140" type="hid" activation="sigmoid"/>
<connection id="42141" src-id="39507" dest-id="42140" weight="-3.018696887602201"/>
<connection id="42142" src-id="42140" dest-id="39513" weight="-9.207842805227639"/>
<neuron id="42155" type="hid" activation="sigmoid"/>
<connection id="42157" src-id="42155" dest-id="39645" weight="-19.308401413948555"/>
<connection id="42213" src-id="41520" dest-id="39645" weight="-0.354344158703328"/>
<connection id="42252" src-id="39472" dest-id="41906" weight="14.19688922925427"/>
<connection id="42266" src-id="39494" dest-id="41523" weight="-8.57971644912978"/>
<connection id="42274" src-id="39483" dest-id="41523" weight="-4.638334168001888"/>
<connection id="42277" src-id="39478" dest-id="41523" weight="-1.7915342429917924"/>
<connection id="42297" src-id="39482" dest-id="41562" weight="0.7578109752067261"/>
<connection id="42339" src-id="39503" dest-id="41906" weight="11.690257470987548"/>
<connection id="42453" src-id="39491" dest-id="41520" weight="7.890913925303642"/>
<connection id="42496" src-id="39507" dest-id="41538" weight="10.197678895687673"/>
<connection id="42503" src-id="41523" dest-id="39645" weight="0.22152617726657464"/>
<connection id="42536" src-id="39496" dest-id="41520" weight="-0.10497033596038818"/>
<connection id="42627" src-id="39482" dest-id="41906" weight="-23.22593216089416"/>
<connection id="42628" src-id="39490" dest-id="41523" weight="-3.1026105942922864"/>
<connection id="42722" src-id="39473" dest-id="41520" weight="9.925358166879768"/>
<connection id="42731" src-id="39511" dest-id="41523" weight="3.491935988664347"/>
<connection id="42757" src-id="39471" dest-id="41562" weight="0.960628568902397"/>
<connection id="42763" src-id="39506" dest-id="41520" weight="-4.854518296222176"/>
<connection id="42797" src-id="39507" dest-id="41876" weight="2.7525814238092545"/>
<connection id="42851" src-id="39473" dest-id="41538" weight="-3.3214824560667036"/>
<connection id="42856" src-id="41520" dest-id="39513" weight="-4.408814991432907"/>
<connection id="42862" src-id="39507" dest-id="41523" weight="31.06696136585702"/>
<neuron id="42880" type="hid" activation="sigmoid"/>
<connection id="42881" src-id="39491" dest-id="42880" weight="12.021678348757224"/>
<connection id="42882" src-id="42880" dest-id="39513" weight="-8.35716232048734"/>
<neuron id="42901" type="hid" activation="sigmoid"/>
<connection id="42902" src-id="39479" dest-id="42901" weight="-9.516310502558003"/>
<connection id="42903" src-id="42901" dest-id="39645" weight="-42.86460199964731"/>
<connection id="42986" src-id="39480" dest-id="41565" weight="-7.906735103816806"/>
<connection id="43035" src-id="39472" dest-id="41538" weight="-30.129756061084656"/>
<connection id="43041" src-id="39475" dest-id="41906" weight="2.3956821682334226"/>
<connection id="43063" src-id="39488" dest-id="41906" weight="-4.712327239819283"/>
<neuron id="43097" type="hid" activation="sigmoid"/>
<connection id="43098" src-id="39491" dest-id="43097" weight="-11.529200789697342"/>
<connection id="43099" src-id="43097" dest-id="39512" weight="-11.016461983497063"/>
<neuron id="43100" type="hid" activation="sigmoid"/>
<connection id="43101" src-id="41538" dest-id="43100" weight="-10.200273112343666"/>
<connection id="43102" src-id="43100" dest-id="39557" weight="5.47315116224663"/>
<connection id="43208" src-id="39503" dest-id="41565" weight="-3.6716875911832916"/>
<connection id="43210" src-id="39470" dest-id="42901" weight="-2.9874788240922285"/>
<connection id="43224" src-id="39486" dest-id="39512" weight="13.871676953315898"/>
<connection id="43230" src-id="39471" dest-id="39512" weight="5.650611351362687"/>
<connection id="43265" src-id="39473" dest-id="41523" weight="2.3910962663080095"/>
<connection id="43269" src-id="39495" dest-id="41520" weight="28.09013397388389"/>
<connection id="43277" src-id="39492" dest-id="41520" weight="-4.055441381043974"/>
<connection id="43306" src-id="39504" dest-id="42901" weight="-1.0322380931110149"/>
<connection id="43307" src-id="39601" dest-id="41538" weight="-5.938937681665924"/>
<connection id="43308" src-id="39476" dest-id="41906" weight="10.583485989894422"/>
<connection id="43309" src-id="41565" dest-id="39645" weight="10.367607109036097"/>
<connection id="43314" src-id="39500" dest-id="41565" weight="5.134745480869282"/>
<connection id="43315" src-id="39486" dest-id="42901" weight="4.3718468743999255"/>
<connection id="43319" src-id="39491" dest-id="41538" weight="6.443965568616312"/>
<connection id="43338" src-id="39509" dest-id="41562" weight="-2.3944495741994833"/>
<neuron id="43368" type="hid" activation="sigmoid"/>
<connection id="43369" src-id="41876" dest-id="43368" weight="3.9422202371243484"/>
<connection id="43370" src-id="43368" dest-id="39601" weight="10.537380171423617"/>
<neuron id="43377" type="hid" activation="sigmoid"/>
<connection id="43379" src-id="43377" dest-id="39513" weight="-37.11556022565624"/>
<connection id="43432" src-id="39503" dest-id="41523" weight="2.9844388025181923"/>
<connection id="43442" src-id="39484" dest-id="42901" weight="-0.5622914642610592"/>
<connection id="43457" src-id="39507" dest-id="40502" weight="0.5573769590319235"/>
<connection id="43471" src-id="39487" dest-id="41876" weight="6.31916266433937"/>
<connection id="43535" src-id="41565" dest-id="41906" weight="9.421996508356557"/>
<connection id="43562" src-id="39487" dest-id="41906" weight="-18.42966389025649"/>
<connection id="43567" src-id="41523" dest-id="39512" weight="-3.1684491109345663"/>
<connection id="43574" src-id="41520" dest-id="39601" weight="3.6105746492073534"/>
<neuron id="43588" type="hid" activation="sigmoid"/>
<connection id="43589" src-id="39475" dest-id="43588" weight="-2.9324755358519274"/>
<neuron id="43603" type="hid" activation="sigmoid"/>
<connection id="43604" src-id="39495" dest-id="43603" weight="2.1499185473246962"/>
<connection id="43605" src-id="43603" dest-id="39645" weight="-13.731006952944163"/>
<connection id="43659" src-id="39474" dest-id="41565" weight="7.525821475007188"/>
<connection id="43672" src-id="41562" dest-id="39601" weight="-3.687691008247403"/>
<connection id="43726" src-id="39497" dest-id="42901" weight="-4.254137695603321"/>
<connection id="43733" src-id="42901" dest-id="39512" weight="4.079016554898561"/>
<neuron id="43808" type="hid" activation="sigmoid"/>
<connection id="43809" src-id="39493" dest-id="43808" weight="-20.618350039983397"/>
<connection id="43906" src-id="39470" dest-id="41538" weight="-3.999054754452063"/>
<connection id="43952" src-id="39506" dest-id="41565" weight="-2.905702076831639"/>
<neuron id="44023" type="hid" activation="sigmoid"/>
<connection id="44024" src-id="39497" dest-id="44023" weight="0.7890559361720137"/>
<connection id="44025" src-id="44023" dest-id="39512" weight="21.155472297117566"/>
<neuron id="44032" type="hid" activation="sigmoid"/>
<connection id="44033" src-id="39497" dest-id="44032" weight="-2.106972321089211"/>
<connection id="44034" src-id="44032" dest-id="39513" weight="-7.972823608593322"/>
<connection id="44080" src-id="39601" dest-id="42901" weight="0.998172315186467"/>
<connection id="44095" src-id="39508" dest-id="41906" weight="1.3654298790222448"/>
<connection id="44140" src-id="39490" dest-id="41565" weight="0.5918885469436646"/>
<connection id="44147" src-id="39473" dest-id="42155" weight="-11.336439250156822"/>
<connection id="44150" src-id="39471" dest-id="41906" weight="-0.7542962759261312"/>
<connection id="44151" src-id="39490" dest-id="41520" weight="-0.6612603637195278"/>
<connection id="44157" src-id="39488" dest-id="42901" weight="1.3060111477373484"/>
<connection id="44166" src-id="39472" dest-id="41565" weight="2.5799487805726784"/>
<connection id="44212" src-id="39504" dest-id="41538" weight="8.153002919259432"/>
<neuron id="44238" type="hid" activation="sigmoid"/>
<connection id="44239" src-id="39491" dest-id="44238" weight="0.4049794814611132"/>
<connection id="44240" src-id="44238" dest-id="39645" weight="-1.2847120388533684"/>
<neuron id="44247" type="hid" activation="sigmoid"/>
<connection id="44248" src-id="39484" dest-id="44247" weight="8.389514416667165"/>
<connection id="44322" src-id="39487" dest-id="41523" weight="14.26780262686312"/>
<connection id="44351" src-id="39493" dest-id="41906" weight="-32.92340926374065"/>
<connection id="44374" src-id="39502" dest-id="41538" weight="2.4135887907325664"/>
<connection id="44375" src-id="39491" dest-id="41565" weight="6.93766355304864"/>
<connection id="44379" src-id="39474" dest-id="42155" weight="23.22296335163832"/>
<connection id="44424" src-id="39479" dest-id="41538" weight="4.185233178566514"/>
<connection id="44437" src-id="39498" dest-id="42901" weight="-6.634981648672699"/>
<connection id="44561" src-id="39489" dest-id="42155" weight="-4.714964867795695"/>
<connection id="44621" src-id="39505" dest-id="41906" weight="5.7655345879184905"/>
<connection id="44690" src-id="42901" dest-id="39513" weight="-7.823899532079313"/>
<connection id="44691" src-id="39494" dest-id="41565" weight="9.955749030962142"/>
<connection id="44693" src-id="41565" dest-id="41520" weight="-8.08263687092902"/>
<connection id="44703" src-id="40493" dest-id="41538" weight="-11.682637613650977"/>
<connection id="44704" src-id="39480" dest-id="43588" weight="3.388088418795439"/>
<connection id="44705" src-id="41520" dest-id="41538" weight="12.308045564347262"/>
<connection id="44966" src-id="39496" dest-id="41562" weight="1.9192699973389293"/>
<connection id="44990" src-id="39476" dest-id="41538" weight="-4.722340568151623"/>
<connection id="45038" src-id="39488" dest-id="41565" weight="8.174677395447562"/>
<connection id="45041" src-id="40493" dest-id="43588" weight="3.003077562818768"/>
<connection id="45042" src-id="39497" dest-id="40493" weight="-3.4194171621918867"/>
<connection id="45058" src-id="41520" dest-id="41906" weight="0.18955870903005234"/>
<neuron id="45073" type="hid" activation="sigmoid"/>
<connection id="45074" src-id="39503" dest-id="45073" weight="6.148398705931143"/>
<connection id="45075" src-id="45073" dest-id="39601" weight="-9.37490631980275"/>
<connection id="45160" src-id="39495" dest-id="41565" weight="-15.457687692082432"/>
<connection id="45184" src-id="39482" dest-id="41565" weight="-1.9030272820667307"/>
<connection id="45265" src-id="39481" dest-id="40493" weight="2.0217321830085826"/>
<connection id="45272" src-id="39478" dest-id="41565" weight="-16.827390916824065"/>
<connection id="45274" src-id="39509" dest-id="41580" weight="-0.769520974486857"/>
<connection id="45285" src-id="39481" dest-id="41906" weight="2.870787897546175"/>
<connection id="45286" src-id="39479" dest-id="41565" weight="5.769912769661704"/>
<connection id="45288" src-id="39471" dest-id="41538" weight="4.963200371310375"/>
<connection id="45289" src-id="39480" dest-id="41580" weight="0.3820641205037163"/>
<connection id="45303" src-id="39475" dest-id="42901" weight="-0.13919341564178467"/>
<connection id="45314" src-id="39483" dest-id="42155" weight="-5.121796935765816"/>
<connection id="45428" src-id="39487" dest-id="41580" weight="11.675568707048267"/>
<connection id="45436" src-id="39501" dest-id="41565" weight="-0.9642170817022131"/>
<connection id="45477" src-id="40493" dest-id="39512" weight="-16.559480216693856"/>
<connection id="45479" src-id="39483" dest-id="43588" weight="-7.27193627096606"/>
<connection id="45482" src-id="39601" dest-id="43097" weight="-2.7203134556140873"/>
<connection id="45485" src-id="39481" dest-id="43588" weight="18.664656501477108"/>
<connection id="45537" src-id="39490" dest-id="43588" weight="29.35953816779215"/>
<connection id="45540" src-id="39488" dest-id="43097" weight="8.591169887191443"/>
<connection id="45548" src-id="39476" dest-id="43588" weight="8.846187587389377"/>
<connection id="45594" src-id="41523" dest-id="41906" weight="-1.3300106792094306"/>
<connection id="45653" src-id="39471" dest-id="42901" weight="-3.552586682650392"/>
<connection id="45658" src-id="39488" dest-id="41580" weight="-6.1960898187284075"/>
<neuron id="45675" type="hid" activation="sigmoid"/>
<connection id="45750" src-id="39502" dest-id="41906" weight="7.795367250900643"/>
<connection id="45799" src-id="39503" dest-id="42901" weight="-3.153120359064445"/>
<connection id="45813" src-id="39487" dest-id="41538" weight="-10.10878876993125"/>
<connection id="45826" src-id="41906" dest-id="39513" weight="-8.617342930351631"/>
<connection id="45833" src-id="39479" dest-id="43588" weight="-5.85563131108303"/>
<connection id="45836" src-id="39507" dest-id="40493" weight="1.0097467949937347"/>
<connection id="45852" src-id="39497" dest-id="43097" weight="-13.173002239051543"/>
<connection id="45897" src-id="39499" dest-id="41538" weight="-11.999172939139395"/>
<neuron id="45917" type="hid" activation="sigmoid"/>
<connection id="45918" src-id="43588" dest-id="45917" weight="3.9687707134297234"/>
<connection id="45919" src-id="45917" dest-id="39601" weight="-10.92224992187078"/>
<connection id="45992" src-id="39474" dest-id="41538" weight="0.414932287720128"/>
<connection id="46015" src-id="39477" dest-id="43097" weight="-8.850735766264455"/>
<connection id="46121" src-id="39491" dest-id="42901" weight="3.75173830624757"/>
<connection id="46123" src-id="39491" dest-id="40493" weight="-8.479784494013387"/>
<connection id="46124" src-id="39477" dest-id="41565" weight="-2.400514483398864"/>
<connection id="46126" src-id="39508" dest-id="41520" weight="6.319518510281522"/>
<connection id="46358" src-id="41520" dest-id="40493" weight="-4.501844403670198"/>
<connection id="46359" src-id="42155" dest-id="39601" weight="-2.1205871884379786"/>
<connection id="46362" src-id="41565" dest-id="42140" weight="22.020223635912885"/>
<connection id="46363" src-id="39505" dest-id="41538" weight="-1.567448325936702"/>
<connection id="46364" src-id="39510" dest-id="40493" weight="9.115426653189969"/>
<connection id="46456" src-id="39481" dest-id="41565" weight="-8.944816359875507"/>
<connection id="46520" src-id="41580" dest-id="39557" weight="4.299257695857432"/>
<connection id="46525" src-id="39471" dest-id="43097" weight="2.596494457030216"/>
<connection id="46668" src-id="39471" dest-id="41520" weight="-4.912331042646841"/>
<connection id="46776" src-id="39474" dest-id="42140" weight="-5.121791046946327"/>
<connection id="46808" src-id="42901" dest-id="42140" weight="-20.574845707068537"/>
<connection id="46810" src-id="43097" dest-id="42901" weight="9.609909508799939"/>
<connection id="46859" src-id="39488" dest-id="45675" weight="5.405522637898618"/>
<neuron id="46882" type="hid" activation="sigmoid"/>
<connection id="46883" src-id="39483" dest-id="46882" weight="-7.681605440682704"/>
<connection id="46884" src-id="46882" dest-id="43588" weight="18.09353921524226"/>
<connection id="46942" src-id="39480" dest-id="42901" weight="-1.3872867558196231"/>
<connection id="46973" src-id="39503" dest-id="43588" weight="0.7254357357892918"/>
<connection id="46982" src-id="39506" dest-id="46882" weight="2.989948209250679"/>
<connection id="46983" src-id="39485" dest-id="41580" weight="-7.623741770561974"/>
<connection id="47085" src-id="42140" dest-id="39512" weight="-4.069008128596136"/>
<connection id="47139" src-id="39509" dest-id="42901" weight="3.601493251157879"/>
<connection id="47140" src-id="39485" dest-id="42901" weight="-13.323364871028987"/>
<connection id="47160" src-id="39489" dest-id="43097" weight="-10.7596081929011"/>
<connection id="47168" src-id="39472" dest-id="45675" weight="-0.8801679042514738"/>
<connection id="47178" src-id="39508" dest-id="46882" weight="0.529507316343256"/>
<connection id="47185" src-id="39498" dest-id="42140" weight="-18.49735272748546"/>
<connection id="47186" src-id="39474" dest-id="42880" weight="2.0753950679486204"/>
<connection id="47187" src-id="40493" dest-id="43097" weight="1.4937435492242794"/>
<connection id="47188" src-id="39472" dest-id="43097" weight="-15.5740536560894"/>
<connection id="47190" src-id="39475" dest-id="41565" weight="-9.761050314628346"/>
<neuron id="47280" type="hid" activation="sigmoid"/>
<connection id="47281" src-id="39510" dest-id="47280" weight="-12.614379614800589"/>
<connection id="47282" src-id="47280" dest-id="41906" weight="8.534658099682686"/>
<neuron id="47283" type="hid" activation="sigmoid"/>
<connection id="47284" src-id="39493" dest-id="47283" weight="3.2388800120341124"/>
<connection id="47285" src-id="47283" dest-id="39557" weight="30.373653647447004"/>
<connection id="47390" src-id="41876" dest-id="47280" weight="-4.253304089567123"/>
<connection id="47411" src-id="39509" dest-id="42140" weight="7.5343596437283615"/>
<connection id="47475" src-id="39488" dest-id="43588" weight="-0.7907033087187572"/>
<connection id="47511" src-id="39508" dest-id="43097" weight="-2.0197535555371307"/>
<connection id="47518" src-id="39486" dest-id="41538" weight="5.556090914108794"/>
<connection id="47577" src-id="39483" dest-id="40493" weight="-10.259502510269222"/>
<connection id="47580" src-id="41876" dest-id="43097" weight="-31.67607368107035"/>
<connection id="47581" src-id="39500" dest-id="45675" weight="-8.805297500903842"/>
<connection id="47582" src-id="39495" dest-id="41538" weight="-16.184699312607215"/>
<connection id="47613" src-id="39497" dest-id="41520" weight="1.023613503439322"/>
<connection id="47636" src-id="39511" dest-id="41876" weight="8.438057986439095"/>
<connection id="47640" src-id="39474" dest-id="43588" weight="1.4249730290010083"/>
<neuron id="47684" type="hid" activation="sigmoid"/>
<connection id="47685" src-id="39490" dest-id="47684" weight="8.163549801956721"/>
<connection id="47755" src-id="39479" dest-id="46882" weight="2.00781064320186"/>
<connection id="47774" src-id="39497" dest-id="42140" weight="-10.632475025777724"/>
<connection id="47796" src-id="39488" dest-id="46882" weight="9.07716933040295"/>
<connection id="47802" src-id="39489" dest-id="46882" weight="2.3935001521600543"/>
<connection id="47836" src-id="39504" dest-id="43097" weight="-4.708220647505167"/>
<connection id="47843" src-id="39498" dest-id="42155" weight="-12.07640882892688"/>
<connection id="47867" src-id="41523" dest-id="42880" weight="0.03577252502563555"/>
<connection id="47870" src-id="39477" dest-id="42880" weight="-2.228355239450619"/>
<connection id="47892" src-id="39474" dest-id="46882" weight="-0.2091473170716578"/>
<connection id="47895" src-id="39496" dest-id="42140" weight="-2.919381878414838"/>
<connection id="47972" src-id="39490" dest-id="41876" weight="-7.49750227762432"/>
<connection id="48084" src-id="39480" dest-id="42155" weight="-1.498746227567826"/>
<neuron id="48133" type="hid" activation="sigmoid"/>
<connection id="48134" src-id="39481" dest-id="48133" weight="-3.1553213055668383"/>
<connection id="48135" src-id="48133" dest-id="41520" weight="-30.943091117796524"/>
<connection id="48206" src-id="42155" dest-id="42140" weight="0.7278563094744596"/>
<connection id="48209" src-id="42880" dest-id="41580" weight="2.7774868657100886"/>
<connection id="48211" src-id="39509" dest-id="41876" weight="-2.3853760950136706"/>
<connection id="48220" src-id="43377" dest-id="42901" weight="-3.062302025973403"/>
<connection id="48221" src-id="42901" dest-id="42880" weight="0.8172076940536499"/>
<connection id="48283" src-id="39496" dest-id="42880" weight="-3.628996576906359"/>
<connection id="48288" src-id="39501" dest-id="47684" weight="-1.4807731758491136"/>
<connection id="48312" src-id="39493" dest-id="46882" weight="15.635899795230488"/>
<connection id="48334" src-id="44247" dest-id="43097" weight="-19.74063727131857"/>
<connection id="48335" src-id="43097" dest-id="43377" weight="-1.445711786152593"/>
<connection id="48336" src-id="39475" dest-id="43097" weight="-2.4928354951097877"/>
<connection id="48342" src-id="47684" dest-id="41538" weight="0.7828200608426044"/>
<connection id="48366" src-id="39476" dest-id="43377" weight="4.0622952619464465"/>
<connection id="48470" src-id="41520" dest-id="42155" weight="-3.183389126101317"/>
<connection id="48493" src-id="39503" dest-id="41580" weight="2.21098491493801"/>
<connection id="48557" src-id="39510" dest-id="41580" weight="-3.3987236772279767"/>
<neuron id="48590" type="hid" activation="sigmoid"/>
<connection id="48591" src-id="46882" dest-id="48590" weight="-16.336532570858772"/>
<connection id="48592" src-id="48590" dest-id="45675" weight="-2.5884322932234527"/>
<neuron id="48602" type="hid" activation="sigmoid"/>
<connection id="48603" src-id="41520" dest-id="48602" weight="-3.634640567261883"/>
<connection id="48604" src-id="48602" dest-id="41523" weight="5.229922794368255"/>
<connection id="48752" src-id="39474" dest-id="44247" weight="5.215192366984873"/>
<connection id="48755" src-id="39505" dest-id="43588" weight="14.172632068951188"/>
<connection id="48757" src-id="39487" dest-id="42880" weight="6.946758539060567"/>
<connection id="48758" src-id="39499" dest-id="43377" weight="0.9460430879868547"/>
<connection id="48784" src-id="46882" dest-id="41906" weight="-15.605365674416664"/>
<connection id="48879" src-id="39478" dest-id="45675" weight="2.4201039591865077"/>
<connection id="48988" src-id="41523" dest-id="43588" weight="0.7477396413884032"/>
<connection id="48989" src-id="39473" dest-id="47283" weight="-6.955599989737779"/>
<connection id="48999" src-id="39501" dest-id="44247" weight="-1.2207550786926102"/>
<connection id="49006" src-id="39478" dest-id="41876" weight="-0.179805100509979"/>
<connection id="49010" src-id="39488" dest-id="47280" weight="-1.5760103207534664"/>
<connection id="49012" src-id="39494" dest-id="43097" weight="11.008622159956342"/>
<connection id="49075" src-id="39475" dest-id="44247" weight="12.987318680507448"/>
<connection id="49078" src-id="47280" dest-id="39513" weight="-8.135283706281133"/>
<connection id="49090" src-id="39501" dest-id="41906" weight="0.3930884778430599"/>
<neuron id="49112" type="hid" activation="sigmoid"/>
<connection id="49113" src-id="42901" dest-id="49112" weight="3.6752777711265425"/>
<connection id="49114" src-id="49112" dest-id="42140" weight="6.004230026324109"/>
<connection id="49251" src-id="39507" dest-id="47283" weight="-8.738989099356036"/>
<connection id="49282" src-id="39506" dest-id="40493" weight="4.591942792523475"/>
<connection id="49286" src-id="39491" dest-id="43808" weight="-7.538388911750774"/>
<connection id="49404" src-id="39474" dest-id="43377" weight="6.1295094812512865"/>
<connection id="49405" src-id="48590" dest-id="41538" weight="2.0982416463698357"/>
<connection id="49406" src-id="46882" dest-id="39557" weight="4.735621441729872"/>
<connection id="49407" src-id="39470" dest-id="48590" weight="-6.788762060272613"/>
<connection id="49408" src-id="39477" dest-id="46882" weight="0.061448465955236675"/>
<connection id="49412" src-id="39479" dest-id="43377" weight="-2.475485818210027"/>
<connection id="49414" src-id="39489" dest-id="49112" weight="5.964880543087302"/>
<connection id="49415" src-id="46882" dest-id="43377" weight="10.304407581288574"/>
<connection id="49416" src-id="42140" dest-id="42880" weight="13.078516237981468"/>
<neuron id="49582" type="hid" activation="sigmoid"/>
<connection id="49584" src-id="49582" dest-id="39513" weight="6.761797840279878"/>
<connection id="49677" src-id="39498" dest-id="42880" weight="2.6473610655240676"/>
<connection id="49732" src-id="41118" dest-id="44247" weight="1.609566764603572"/>
<connection id="49769" src-id="39490" dest-id="45675" weight="5.941912909049488"/>
<connection id="49926" src-id="39489" dest-id="48590" weight="2.3178540028581613"/>
<connection id="49928" src-id="39493" dest-id="41118" weight="-4.126089878395118"/>
<connection id="49930" src-id="47280" dest-id="47283" weight="6.763397049202964"/>
<connection id="49933" src-id="43808" dest-id="43097" weight="-5.75020523263727"/>
<connection id="49934" src-id="39506" dest-id="41580" weight="4.303525155145621"/>
<connection id="49935" src-id="40493" dest-id="47283" weight="-11.071364296852076"/>
<connection id="49936" src-id="41858" dest-id="47280" weight="0.8466539678841694"/>
<connection id="49949" src-id="49582" dest-id="45675" weight="-2.189589465742958"/>
<connection id="49954" src-id="39485" dest-id="48590" weight="-14.366642427117974"/>
<connection id="50002" src-id="39491" dest-id="41876" weight="1.7187118969524162"/>
<connection id="50006" src-id="45675" dest-id="39512" weight="-3.7532930360248464"/>
<connection id="50048" src-id="39501" dest-id="42140" weight="-0.07987829006094882"/>
<connection id="50190" src-id="46882" dest-id="49112" weight="4.5402250337760846"/>
<connection id="50192" src-id="39488" dest-id="41858" weight="1.765290759931123"/>
<connection id="50202" src-id="39477" dest-id="47283" weight="8.712981502483556"/>
<connection id="50220" src-id="39485" dest-id="44247" weight="-1.6335014760795996"/>
<connection id="50225" src-id="41858" dest-id="46882" weight="4.2972164580249235"/>
<connection id="50273" src-id="46882" dest-id="42155" weight="-11.182946915844038"/>
<connection id="50293" src-id="39495" dest-id="47684" weight="-4.825924089572155"/>
<connection id="50294" src-id="39513" dest-id="48590" weight="6.9479531555959735"/>
<connection id="50296" src-id="39494" dest-id="49582" weight="8.34556235457765"/>
<connection id="50308" src-id="39505" dest-id="48590" weight="-7.171458975160428"/>
<connection id="50321" src-id="41858" dest-id="43377" weight="-12.53804595775827"/>
<connection id="50431" src-id="39502" dest-id="45675" weight="-5.462676276318349"/>
<connection id="50485" src-id="41520" dest-id="46882" weight="-1.5059725229627428"/>
<connection id="50496" src-id="39511" dest-id="45675" weight="2.177416630526621"/>
<connection id="50537" src-id="39504" dest-id="43588" weight="10.838626383732603"/>
<connection id="50737" src-id="39493" dest-id="45675" weight="-4.7263918051890395"/>
<connection id="50752" src-id="39474" dest-id="41858" weight="3.172902241571778"/>
<connection id="50754" src-id="39601" dest-id="44247" weight="-0.35837323913128216"/>
<connection id="50755" src-id="39480" dest-id="42880" weight="-2.6390815831391707"/>
<connection id="50756" src-id="39482" dest-id="47280" weight="5.122464840386315"/>
<connection id="50759" src-id="41118" dest-id="40493" weight="15.801904561167394"/>
<connection id="50786" src-id="42140" dest-id="39557" weight="3.0352710693953937"/>
<connection id="50852" src-id="39503" dest-id="47283" weight="-0.49385278735495997"/>
<neuron id="50997" type="hid" activation="sigmoid"/>
<connection id="50998" src-id="39491" dest-id="50997" weight="1.229223800323112"/>
<connection id="50999" src-id="50997" dest-id="42901" weight="10.441181044418856"/>
<neuron id="51012" type="hid" activation="sigmoid"/>
<connection id="51014" src-id="51012" dest-id="40493" weight="9.970654615959372"/>
<connection id="51111" src-id="39501" dest-id="43100" weight="-3.7591958561237355"/>
<connection id="51177" src-id="39477" dest-id="44023" weight="-6.585484857617385"/>
<connection id="51208" src-id="39476" dest-id="45675" weight="-8.806327717671403"/>
<connection id="51232" src-id="39494" dest-id="48590" weight="0.1792664988931285"/>
<connection id="51259" src-id="39496" dest-id="48590" weight="0.14700678805135814"/>
<connection id="51265" src-id="39481" dest-id="51012" weight="-0.05850448080761339"/>
<connection id="51282" src-id="39494" dest-id="46882" weight="-0.2179155144502507"/>
<connection id="51286" src-id="39491" dest-id="47684" weight="1.2159631854272468"/>
<connection id="51391" src-id="39510" dest-id="42880" weight="-5.065469783487732"/>
<connection id="51394" src-id="49582" dest-id="39557" weight="10.980511418781848"/>
<connection id="51395" src-id="39503" dest-id="43097" weight="-3.4669939879609633"/>
<connection id="51398" src-id="39484" dest-id="47684" weight="-15.287869904779313"/>
<connection id="51404" src-id="39509" dest-id="43808" weight="-1.440572863692772"/>
<connection id="51584" src-id="41858" dest-id="39512" weight="-5.485464274532459"/>
<connection id="51644" src-id="39509" dest-id="46882" weight="-0.1571437120437622"/>
<connection id="51654" src-id="39499" dest-id="48590" weight="10.216071394607885"/>
<connection id="51655" src-id="41118" dest-id="41523" weight="-2.107669981635112"/>
<connection id="51659" src-id="39502" dest-id="50997" weight="-12.257130275019499"/>
<connection id="51676" src-id="39501" dest-id="41118" weight="6.321783583193744"/>
<connection id="51745" src-id="39492" dest-id="45675" weight="-0.749580363908894"/>
<connection id="51747" src-id="39498" dest-id="45675" weight="1.1958663362201793"/>
<connection id="51896" src-id="44023" dest-id="42880" weight="4.6102969537494785"/>
<connection id="51898" src-id="47283" dest-id="41906" weight="6.710944379509369"/>
<connection id="51900" src-id="39478" dest-id="49112" weight="14.276323510295423"/>
<connection id="51901" src-id="39490" dest-id="43808" weight="6.481191724253848"/>
<connection id="51903" src-id="41906" dest-id="44023" weight="8.781134562581006"/>
<connection id="51906" src-id="39491" dest-id="47280" weight="5.0709996820395915"/>
<connection id="51910" src-id="39482" dest-id="41858" weight="0.7665252078060716"/>
<neuron id="52033" type="hid" activation="sigmoid"/>
<connection id="52034" src-id="39499" dest-id="52033" weight="-3.3714035591379643"/>
<connection id="52138" src-id="50997" dest-id="49112" weight="-12.381713457090429"/>
<connection id="52178" src-id="42140" dest-id="48590" weight="3.903607112481066"/>
<connection id="52186" src-id="39496" dest-id="41118" weight="3.1962813532409307"/>
<connection id="52196" src-id="39500" dest-id="41118" weight="-2.3706047828751524"/>
<connection id="52198" src-id="41523" dest-id="41858" weight="12.324926000257832"/>
<connection id="52219" src-id="39490" dest-id="48590" weight="0.9812540503395435"/>
<connection id="52330" src-id="39486" dest-id="43377" weight="-6.942106337056996"/>
<connection id="52340" src-id="39483" dest-id="48590" weight="2.972451594576355"/>
<connection id="52370" src-id="44247" dest-id="49112" weight="-8.125648358984943"/>
<connection id="52377" src-id="39494" dest-id="47684" weight="0.9627858400344849"/>
<connection id="52411" src-id="39477" dest-id="40502" weight="-0.16978503126059707"/>
<connection id="52413" src-id="49582" dest-id="41858" weight="-6.098456763911231"/>
<connection id="52414" src-id="41562" dest-id="41565" weight="-2.85462059128031"/>
<connection id="52415" src-id="47283" dest-id="43097" weight="6.3981085426542315"/>
<connection id="52418" src-id="47684" dest-id="41562" weight="-1.2316683658481655"/>
<connection id="52419" src-id="39473" dest-id="46882" weight="-1.3752658084237175"/>
<connection id="52420" src-id="45917" dest-id="50997" weight="-3.593217855908118"/>
<connection id="52506" src-id="39490" dest-id="49582" weight="0.03592039702267297"/>
<connection id="52516" src-id="39503" dest-id="49112" weight="-6.529365034226987"/>
<connection id="52566" src-id="41118" dest-id="39557" weight="-6.603721622893721"/>
<neuron id="52618" type="hid" activation="sigmoid"/>
<connection id="52619" src-id="39484" dest-id="52618" weight="4.258150573711171"/>
<connection id="52620" src-id="52618" dest-id="42880" weight="6.714083727913173"/>
<connection id="52729" src-id="41118" dest-id="42155" weight="18.090846620988213"/>
<connection id="52732" src-id="39508" dest-id="49112" weight="0.5969936392968545"/>
<connection id="52762" src-id="41520" dest-id="49582" weight="-12.4062145697211"/>
<connection id="52767" src-id="47283" dest-id="39512" weight="-0.07265490394990078"/>
<connection id="52783" src-id="39472" dest-id="49582" weight="3.0936911137937537"/>
<connection id="52879" src-id="45675" dest-id="39645" weight="-4.12500094930116"/>
<connection id="52976" src-id="39487" dest-id="47283" weight="-2.9576905858851132"/>
<connection id="52985" src-id="39488" dest-id="43808" weight="3.371737445688404"/>
<connection id="52998" src-id="39477" dest-id="41118" weight="-4.530638315818474"/>
<connection id="53039" src-id="39510" dest-id="43808" weight="3.2730560657904815"/>
<connection id="53049" src-id="39504" dest-id="40505" weight="-6.654371592886301"/>
<connection id="53128" src-id="39475" dest-id="41118" weight="7.877395624287348"/>
<connection id="53137" src-id="46882" dest-id="52033" weight="-2.7736800836876236"/>
<connection id="53199" src-id="44238" dest-id="43377" weight="4.027079824907721"/>
<connection id="53203" src-id="39507" dest-id="52033" weight="-4.517255862975771"/>
<connection id="53212" src-id="47684" dest-id="39557" weight="2.175171690660294"/>
<connection id="53213" src-id="39470" dest-id="41858" weight="5.263986551045014"/>
<connection id="53214" src-id="39490" dest-id="40505" weight="15.392119316939686"/>
<connection id="53218" src-id="45917" dest-id="39513" weight="-4.207534595854791"/>
<connection id="53220" src-id="41565" dest-id="50997" weight="-0.11314234074423835"/>
<connection id="53221" src-id="49112" dest-id="39512" weight="-4.876798846092956"/>
<connection id="53223" src-id="39507" dest-id="43100" weight="-10.32800089510809"/>
<connection id="53236" src-id="39492" dest-id="50997" weight="8.130947128349488"/>
<connection id="53245" src-id="39493" dest-id="44238" weight="0.47769895852355626"/>
<neuron id="53326" type="hid" activation="sigmoid"/>
<connection id="53327" src-id="43588" dest-id="53326" weight="1.9953650392694757"/>
<connection id="53328" src-id="53326" dest-id="42155" weight="-7.507155836880708"/>
<neuron id="53329" type="hid" activation="sigmoid"/>
<connection id="53330" src-id="43588" dest-id="53329" weight="-5.325616073398503"/>
<connection id="53331" src-id="53329" dest-id="39645" weight="7.19210013902039"/>
<neuron id="53350" type="hid" activation="sigmoid"/>
<connection id="53351" src-id="39488" dest-id="53350" weight="3.4874678427647687"/>
<connection id="53352" src-id="53350" dest-id="42880" weight="-10.061784580764957"/>
<connection id="53408" src-id="39483" dest-id="47684" weight="0.09317969316691038"/>
<connection id="53457" src-id="53350" dest-id="45675" weight="-0.03131336383406058"/>
<connection id="53459" src-id="41858" dest-id="53350" weight="-3.266184090996017"/>
<connection id="53460" src-id="39500" dest-id="43100" weight="-2.1024121311506603"/>
<connection id="53461" src-id="45917" dest-id="44247" weight="-1.5507354542823981"/>
<connection id="53463" src-id="39481" dest-id="41858" weight="6.947388569428776"/>
<connection id="53465" src-id="39498" dest-id="43100" weight="0.4163708995224186"/>
<connection id="53466" src-id="39473" dest-id="47684" weight="-5.617765596225571"/>
<connection id="53467" src-id="53350" dest-id="47280" weight="1.027094851440261"/>
<connection id="53468" src-id="39486" dest-id="43808" weight="-4.2413611318049504"/>
<connection id="53470" src-id="40493" dest-id="44238" weight="-10.587992706371713"/>
<connection id="53472" src-id="39488" dest-id="44238" weight="-6.43296141292648"/>
<connection id="53549" src-id="39482" dest-id="48590" weight="5.472795577816677"/>
<connection id="53604" src-id="39485" dest-id="47283" weight="-3.4113281802017656"/>
<connection id="53613" src-id="39480" dest-id="49582" weight="2.2149885531836695"/>
<connection id="53658" src-id="46882" dest-id="44023" weight="-3.685248327469866"/>
<connection id="53665" src-id="39476" dest-id="50997" weight="1.8240220197606987"/>
<connection id="53720" src-id="39504" dest-id="41858" weight="-2.2125954323546884"/>
<connection id="53731" src-id="39505" dest-id="40502" weight="-2.9197094919474726"/>
<connection id="53732" src-id="39479" dest-id="44247" weight="1.1277915819125621"/>
<connection id="53733" src-id="39506" dest-id="40505" weight="-9.417649660942642"/>
<connection id="53764" src-id="39507" dest-id="49582" weight="-3.9604237683672663"/>
<connection id="53790" src-id="41523" dest-id="49582" weight="-6.621574996954376"/>
<connection id="53792" src-id="39485" dest-id="40505" weight="8.856230936123163"/>
<connection id="53797" src-id="47283" dest-id="53329" weight="5.525560133655987"/>
<connection id="53936" src-id="39479" dest-id="49112" weight="-0.5955903725335666"/>
<connection id="53955" src-id="52033" dest-id="48590" weight="-3.27227560925739"/>
<connection id="53965" src-id="39497" dest-id="48590" weight="1.741544007947644"/>
<neuron id="53983" type="hid" activation="sigmoid"/>
<connection id="53984" src-id="39490" dest-id="53983" weight="-3.025090813493821"/>
<connection id="53985" src-id="53983" dest-id="42901" weight="3.028075483488406"/>
<neuron id="54037" type="hid" activation="sigmoid"/>
<connection id="54038" src-id="43097" dest-id="54037" weight="6.804831773584371"/>
<connection id="54039" src-id="54037" dest-id="41538" weight="12.3741340501346"/>
<connection id="54146" src-id="39497" dest-id="41526" weight="0.6884294896418278"/>
<connection id="54230" src-id="39504" dest-id="41526" weight="0.1713930368423462"/>
<connection id="54291" src-id="39500" dest-id="52033" weight="-4.96443739233967"/>
<connection id="54292" src-id="39496" dest-id="45917" weight="0.8975415903056589"/>
<connection id="54294" src-id="39500" dest-id="43377" weight="0.5935188716695796"/>
<connection id="54296" src-id="39510" dest-id="43100" weight="-7.681090448177406"/>
<connection id="54297" src-id="39510" dest-id="44032" weight="4.277330989816823"/>
<connection id="54299" src-id="39479" dest-id="40505" weight="-15.24493311263737"/>
<connection id="54301" src-id="39496" dest-id="49582" weight="11.903104763841574"/>
<connection id="54303" src-id="44238" dest-id="39601" weight="-3.9962542742323386"/>
<connection id="54304" src-id="44023" dest-id="43588" weight="-5.711957047226807"/>
<connection id="54305" src-id="40505" dest-id="42155" weight="-4.339147372570361"/>
<connection id="54313" src-id="39507" dest-id="48590" weight="2.2828239020460774"/>
<connection id="54317" src-id="39493" dest-id="41858" weight="2.7542646195707157"/>
<connection id="54326" src-id="47280" dest-id="43808" weight="-4.476915697299818"/>
<connection id="54344" src-id="39509" dest-id="50997" weight="-4.41662681065763"/>
<connection id="54357" src-id="39473" dest-id="49582" weight="5.45072740553608"/>
<connection id="54363" src-id="41526" dest-id="48590" weight="0.1867985287771332"/>
<connection id="54406" src-id="39499" dest-id="45675" weight="-6.834789257943168"/>
<connection id="54408" src-id="41562" dest-id="47280" weight="3.1038213126762884"/>
<connection id="54409" src-id="39475" dest-id="52033" weight="0.46903123837333704"/>
<connection id="54413" src-id="40502" dest-id="47684" weight="-1.1833938800700379"/>
<connection id="54555" src-id="39474" dest-id="52033" weight="-7.294134702463554"/>
<connection id="54565" src-id="47684" dest-id="41876" weight="-0.4442129914367454"/>
<connection id="54636" src-id="41526" dest-id="41118" weight="-2.094472608963318"/>
<connection id="54696" src-id="39487" dest-id="41118" weight="-10.061376460683721"/>
<connection id="54725" src-id="53350" dest-id="50997" weight="-7.459353442882157"/>
<connection id="54731" src-id="41876" dest-id="41562" weight="-7.152216344585761"/>
<connection id="54756" src-id="44238" dest-id="43588" weight="0.21226939843165837"/>
<neuron id="54795" type="hid" activation="sigmoid"/>
<connection id="54796" src-id="39490" dest-id="54795" weight="-0.700119335458234"/>
<connection id="54797" src-id="54795" dest-id="42880" weight="0.5007897804132342"/>
<connection id="55009" src-id="39475" dest-id="42880" weight="0.7829198213195205"/>
<connection id="55036" src-id="39494" dest-id="43377" weight="-0.3532143831253052"/>
<connection id="55053" src-id="49582" dest-id="41538" weight="-7.290415922367231"/>
<connection id="55112" src-id="49582" dest-id="46882" weight="-6.670149459145829"/>
<connection id="55291" src-id="41526" dest-id="47283" weight="-0.9349411060426863"/>
<connection id="55385" src-id="41526" dest-id="41565" weight="-8.946272623457842"/>
<connection id="55387" src-id="43588" dest-id="44032" weight="6.344508192528422"/>
<connection id="55389" src-id="53350" dest-id="40493" weight="1.6648547192046808"/>
<connection id="55392" src-id="43368" dest-id="47280" weight="2.5768199381085126"/>
<connection id="55393" src-id="39486" dest-id="40502" weight="0.33879481840946823"/>
<connection id="55394" src-id="39485" dest-id="40502" weight="-3.3305488212520817"/>
<connection id="55395" src-id="41562" dest-id="53350" weight="-7.772731168691424"/>
<connection id="55396" src-id="46882" dest-id="40505" weight="5.5734652452733515"/>
<connection id="55399" src-id="43368" dest-id="40493" weight="-10.524591392781385"/>
<connection id="55401" src-id="40505" dest-id="43100" weight="-13.500032905871489"/>
<connection id="55402" src-id="39484" dest-id="41526" weight="-7.710474956134197"/>
<connection id="55418" src-id="39476" dest-id="53350" weight="0.06430403830993625"/>
<connection id="55419" src-id="53350" dest-id="54795" weight="2.547518201634624"/>
<connection id="55520" src-id="44023" dest-id="44247" weight="7.785067325814267"/>
<neuron id="55616" type="hid" activation="sigmoid"/>
<connection id="55617" src-id="41523" dest-id="55616" weight="12.295818134518536"/>
<connection id="55618" src-id="55616" dest-id="43377" weight="3.566034750705472"/>
<neuron id="55646" type="hid" activation="sigmoid"/>
<connection id="55647" src-id="43808" dest-id="55646" weight="-3.564981331203256"/>
<connection id="55648" src-id="55646" dest-id="44238" weight="11.04961106583218"/>
<connection id="55734" src-id="43808" dest-id="39645" weight="-9.1543859981861"/>
<connection id="55854" src-id="39490" dest-id="53350" weight="7.361839371061777"/>
<connection id="56052" src-id="39503" dest-id="44023" weight="-8.64604294113112"/>
<connection id="56062" src-id="45917" dest-id="39645" weight="0.20046999043228952"/>
<connection id="56085" src-id="40502" dest-id="41562" weight="1.8596470838923413"/>
<connection id="56125" src-id="39508" dest-id="41118" weight="-5.8105033681469145"/>
<connection id="56140" src-id="40502" dest-id="43100" weight="1.0976812448474556"/>
<connection id="56171" src-id="49582" dest-id="44032" weight="1.096367222458854"/>
<connection id="56172" src-id="40502" dest-id="41118" weight="-11.604802119260121"/>
<connection id="56173" src-id="41858" dest-id="50997" weight="-4.830297142985149"/>
<connection id="56177" src-id="43368" dest-id="43588" weight="-1.217563557484886"/>
<connection id="56179" src-id="41858" dest-id="53983" weight="-5.833684942339818"/>
<connection id="56180" src-id="39477" dest-id="44238" weight="-5.509442814008092"/>
<connection id="56181" src-id="43368" dest-id="49582" weight="-5.4709990108591455"/>
<connection id="56182" src-id="41520" dest-id="45917" weight="5.952613554013535"/>
<connection id="56187" src-id="54795" dest-id="40505" weight="6.435269649142967"/>
<connection id="56240" src-id="39472" dest-id="43377" weight="6.478903748792798"/>
<connection id="56346" src-id="44238" dest-id="42140" weight="-6.005410927813018"/>
<neuron id="56560" type="hid" activation="sigmoid"/>
<connection id="56561" src-id="45675" dest-id="56560" weight="3.2473444624839676"/>
<connection id="56562" src-id="56560" dest-id="41538" weight="-6.179185426355896"/>
<neuron id="56656" type="hid" activation="sigmoid"/>
<connection id="56657" src-id="39505" dest-id="56656" weight="5.7353920345671305"/>
<connection id="56658" src-id="56656" dest-id="40505" weight="3.748576119982603"/>
<connection id="56805" src-id="44238" dest-id="40505" weight="-9.500683857193936"/>
<connection id="56806" src-id="53983" dest-id="44023" weight="6.883270644225874"/>
<connection id="56886" src-id="39489" dest-id="45917" weight="5.876483495036121"/>
<connection id="56974" src-id="39481" dest-id="44023" weight="4.623524911215652"/>
<connection id="56977" src-id="45917" dest-id="49112" weight="10.223934640233598"/>
<connection id="56978" src-id="44238" dest-id="50997" weight="-10.91154359232289"/>
<connection id="56981" src-id="39488" dest-id="45073" weight="8.661947186021418"/>
<connection id="56982" src-id="53983" dest-id="39645" weight="4.456978158153756"/>
<connection id="56983" src-id="40493" dest-id="55616" weight="-7.351108843414524"/>
<connection id="56987" src-id="39498" dest-id="54795" weight="4.4841999647676705"/>
<connection id="56991" src-id="39486" dest-id="53329" weight="-0.9698775392073238"/>
<connection id="57106" src-id="55646" dest-id="41580" weight="-1.6957541336680442"/>
<connection id="57122" src-id="39504" dest-id="45073" weight="7.299430201941165"/>
<connection id="57241" src-id="39485" dest-id="43377" weight="-0.21956186840773484"/>
<connection id="57386" src-id="40493" dest-id="43377" weight="1.728141217668533"/>
<neuron id="57514" type="hid" activation="sigmoid"/>
<connection id="57515" src-id="39494" dest-id="57514" weight="16.373363766966378"/>
<connection id="57516" src-id="57514" dest-id="43377" weight="-0.48174467164705925"/>
<neuron id="57517" type="hid" activation="sigmoid"/>
<connection id="57518" src-id="50997" dest-id="57517" weight="2.4805481969675784"/>
<neuron id="57520" type="hid" activation="sigmoid"/>
<connection id="57521" src-id="39500" dest-id="57520" weight="3.2798467167632133"/>
<connection id="57764" src-id="39494" dest-id="45073" weight="-4.752821863737578"/>
<connection id="57848" src-id="39508" dest-id="44023" weight="2.707461053733215"/>
<connection id="57885" src-id="53350" dest-id="41538" weight="-1.8335509993716412"/>
<connection id="57950" src-id="44023" dest-id="48590" weight="-3.457143975019805"/>
<connection id="58200" src-id="39499" dest-id="43368" weight="-2.1315938200796536"/>
<connection id="58297" src-id="45917" dest-id="55616" weight="-2.4395047831695504"/>
<connection id="58299" src-id="39494" dest-id="55616" weight="-3.152335439910338"/>
<connection id="58300" src-id="39491" dest-id="54795" weight="4.246213059356478"/>
<connection id="58302" src-id="39509" dest-id="53329" weight="-4.585729342438212"/>
<connection id="58303" src-id="39471" dest-id="54795" weight="8.793103748556161"/>
<connection id="58304" src-id="42901" dest-id="53329" weight="-6.119636201101231"/>
<connection id="58305" src-id="54795" dest-id="40493" weight="-0.8596758558099267"/>
<connection id="58308" src-id="53983" dest-id="44032" weight="-1.926029730531984"/>
<connection id="58309" src-id="39475" dest-id="53329" weight="-1.5930090308628562"/>
<connection id="58310" src-id="44238" dest-id="57517" weight="-6.875541956248663"/>
<connection id="58311" src-id="39490" dest-id="57520" weight="-4.550502414809664"/>
<connection id="58312" src-id="41565" dest-id="57517" weight="-5.659810190426389"/>
<connection id="58315" src-id="39494" dest-id="52033" weight="-2.6875527929352474"/>
<connection id="58317" src-id="39507" dest-id="53983" weight="0.7557568956703702"/>
<connection id="58318" src-id="39492" dest-id="52033" weight="0.5108604848014826"/>
<connection id="58320" src-id="39506" dest-id="44023" weight="1.411718333919735"/>
<connection id="58321" src-id="53350" dest-id="45073" weight="5.9478777741709274"/>
<connection id="58340" src-id="39645" dest-id="57517" weight="1.1854299256634988"/>
<connection id="58387" src-id="39508" dest-id="53350" weight="4.39007792213212"/>
<connection id="58452" src-id="44238" dest-id="39512" weight="-6.096301875652497"/>
<neuron id="58514" type="hid" activation="sigmoid"/>
<connection id="58515" src-id="41858" dest-id="58514" weight="1.0"/>
<connection id="58516" src-id="58514" dest-id="39513" weight="5.4489704206715635"/>
<connection id="58775" src-id="43368" dest-id="41565" weight="-0.43051748905747367"/>
<connection id="58802" src-id="39489" dest-id="40505" weight="0.11672031879425049"/>
<connection id="58860" src-id="49582" dest-id="40505" weight="4.330208206752115"/>
<connection id="58864" src-id="39486" dest-id="54795" weight="-3.899295036961793"/>
<connection id="58881" src-id="55616" dest-id="41580" weight="-1.8017095723937038"/>
<connection id="59019" src-id="39486" dest-id="43100" weight="3.5002943597708844"/>
<connection id="59138" src-id="40493" dest-id="57514" weight="5.93653211206246"/>
<connection id="59139" src-id="49112" dest-id="57517" weight="-2.230344539448395"/>
<connection id="59141" src-id="41118" dest-id="45073" weight="-3.9001730824337666"/>
<connection id="59149" src-id="43368" dest-id="39512" weight="-0.469882016972413"/>
<connection id="59221" src-id="52033" dest-id="45073" weight="4.634845247133863"/>
<connection id="59231" src-id="53983" dest-id="50997" weight="-4.525528924095532"/>
<connection id="59256" src-id="39502" dest-id="43100" weight="0.9244485503064832"/>
<connection id="59351" src-id="39502" dest-id="41526" weight="7.520309551256777"/>
<connection id="59366" src-id="39470" dest-id="54795" weight="4.040333713315372"/>
<neuron id="59576" type="hid" activation="sigmoid"/>
<connection id="59577" src-id="39497" dest-id="59576" weight="6.44901985931053"/>
<connection id="59578" src-id="59576" dest-id="41562" weight="4.740749678338907"/>
<neuron id="59588" type="hid" activation="sigmoid"/>
<connection id="59589" src-id="39489" dest-id="59588" weight="1.055913128368384"/>
<connection id="59590" src-id="59588" dest-id="42140" weight="-6.078217102129933"/>
<connection id="59716" src-id="39504" dest-id="54795" weight="-1.6061109240085496"/>
<connection id="59720" src-id="39497" dest-id="53983" weight="2.951674894619761"/>
<connection id="59880" src-id="52033" dest-id="54795" weight="-8.126678953968469"/>
<connection id="59886" src-id="39500" dest-id="57517" weight="-5.562142284921056"/>
<connection id="59941" src-id="50997" dest-id="39557" weight="-10.60972705120454"/>
<connection id="59991" src-id="55616" dest-id="39645" weight="-7.775353768887564"/>
<connection id="59993" src-id="44247" dest-id="53329" weight="-3.513384913741101"/>
<connection id="59994" src-id="49582" dest-id="55616" weight="-2.548308768313904"/>
<connection id="59997" src-id="41538" dest-id="57517" weight="5.075013000965058"/>
<connection id="59998" src-id="41526" dest-id="39645" weight="-0.8883485902283879"/>
<connection id="59999" src-id="47684" dest-id="55616" weight="2.7942707092050454"/>
<connection id="60001" src-id="41876" dest-id="41526" weight="-0.05799866144674781"/>
<connection id="60004" src-id="57520" dest-id="46882" weight="-3.433639586644854"/>
<connection id="60005" src-id="39496" dest-id="40502" weight="3.59677102679287"/>
<connection id="60006" src-id="42155" dest-id="43377" weight="-8.254537272237684"/>
<connection id="60008" src-id="54795" dest-id="57517" weight="-3.843657298023623"/>
<connection id="60009" src-id="48133" dest-id="41580" weight="0.48645725946215457"/>
<connection id="60172" src-id="39472" dest-id="44032" weight="-0.7650812421094123"/>
<connection id="60206" src-id="53983" dest-id="44247" weight="3.41227483848604"/>
<connection id="60258" src-id="43368" dest-id="44032" weight="-3.204751369216015"/>
<connection id="60292" src-id="39498" dest-id="44247" weight="1.547968669512339"/>
<connection id="60335" src-id="46882" dest-id="53983" weight="-1.8862636505509052"/>
<connection id="60350" src-id="57520" dest-id="42880" weight="-2.514736462960446"/>
<connection id="60398" src-id="40502" dest-id="53983" weight="-2.579104340208179"/>
<connection id="60412" src-id="39481" dest-id="53350" weight="3.5138385170564668"/>
<connection id="60438" src-id="43368" dest-id="39557" weight="-3.1071188408724577"/>
<connection id="60458" src-id="45073" dest-id="55616" weight="1.5537390555034194"/>
<neuron id="60601" type="hid" activation="sigmoid"/>
<connection id="60602" src-id="39496" dest-id="60601" weight="4.832065689120941"/>
<connection id="60603" src-id="60601" dest-id="41906" weight="4.715108358402366"/>
<neuron id="60652" type="hid" activation="sigmoid"/>
<connection id="60653" src-id="49582" dest-id="60652" weight="14.521435483564451"/>
<connection id="60654" src-id="60652" dest-id="47283" weight="15.124638032949878"/>
<connection id="60863" src-id="39503" dest-id="53329" weight="2.4175060020897554"/>
<connection id="60951" src-id="43368" dest-id="57517" weight="-0.4367725347729583"/>
<connection id="60952" src-id="39506" dest-id="40502" weight="4.792204650753367"/>
<connection id="60955" src-id="39474" dest-id="44032" weight="1.951586734768977"/>
<connection id="61081" src-id="39503" dest-id="53983" weight="-3.713300108468373"/>
<connection id="61301" src-id="40502" dest-id="43588" weight="2.9396700482740847"/>
<connection id="61422" src-id="44247" dest-id="55616" weight="4.286654942559165"/>
<connection id="61564" src-id="39488" dest-id="57517" weight="0.381964641316348"/>
<connection id="61581" src-id="39507" dest-id="48133" weight="-4.9377098748384585"/>
<connection id="61616" src-id="39479" dest-id="53329" weight="-0.6150823831558228"/>
<neuron id="61699" type="hid" activation="sigmoid"/>
<connection id="61700" src-id="55616" dest-id="61699" weight="1.3542368137789944"/>
<connection id="61701" src-id="61699" dest-id="43377" weight="18.29661844537262"/>
<neuron id="61702" type="hid" activation="sigmoid"/>
<connection id="61703" src-id="39482" dest-id="61702" weight="-8.236707954877128"/>
<connection id="61704" src-id="61702" dest-id="43377" weight="3.518707622891724"/>
<neuron id="61708" type="hid" activation="sigmoid"/>
<connection id="61709" src-id="40493" dest-id="61708" weight="-1.8298573175497497"/>
<connection id="61710" src-id="61708" dest-id="42140" weight="-14.530966378816572"/>
<neuron id="61768" type="hid" activation="sigmoid"/>
<connection id="61769" src-id="57517" dest-id="61768" weight="3.988236557288115"/>
<connection id="61770" src-id="61768" dest-id="39512" weight="-0.6815117806078286"/>
<neuron id="61795" type="hid" activation="sigmoid"/>
<connection id="61796" src-id="52033" dest-id="61795" weight="2.3113252042363253"/>
<connection id="61797" src-id="61795" dest-id="41580" weight="-14.100803906750711"/>
<connection id="62004" src-id="39510" dest-id="60652" weight="-2.2244821195251183"/>
<connection id="62134" src-id="39470" dest-id="51012" weight="-0.21035104645399194"/>
<connection id="62462" src-id="60601" dest-id="42140" weight="2.20894145470043"/>
<connection id="62463" src-id="40553" dest-id="42880" weight="5.329210253027813"/>
<connection id="62464" src-id="61702" dest-id="53329" weight="1.3925258295446663"/>
<connection id="62468" src-id="39472" dest-id="60601" weight="2.0080783584556667"/>
<connection id="62471" src-id="55646" dest-id="45073" weight="-3.358044371106524"/>
<connection id="62472" src-id="40553" dest-id="43100" weight="4.232695555489341"/>
<connection id="62473" src-id="39503" dest-id="60601" weight="-4.823417120999213"/>
<connection id="62477" src-id="39497" dest-id="55646" weight="-3.9160328429075753"/>
<connection id="62479" src-id="43588" dest-id="61708" weight="-7.713134276244616"/>
<connection id="62481" src-id="39497" dest-id="45073" weight="5.878628892657968"/>
<connection id="62482" src-id="49112" dest-id="43100" weight="7.1047165864038195"/>
<connection id="62483" src-id="61708" dest-id="39557" weight="11.888269472007472"/>
<connection id="62485" src-id="57520" dest-id="55616" weight="0.5905938099204198"/>
<connection id="62487" src-id="61702" dest-id="39512" weight="5.324261082324657"/>
<connection id="62491" src-id="60652" dest-id="40553" weight="-1.4586635584817687"/>
<connection id="62492" src-id="41520" dest-id="57514" weight="-0.5319159512970124"/>
<connection id="62494" src-id="39480" dest-id="54795" weight="-0.7671900562966735"/>
<connection id="62495" src-id="39498" dest-id="61699" weight="-3.283879392679591"/>
<connection id="62562" src-id="59588" dest-id="55616" weight="1.1298293068230227"/>
<connection id="62709" src-id="55616" dest-id="48590" weight="0.03163555571234933"/>
<neuron id="62981" type="hid" activation="sigmoid"/>
<connection id="62982" src-id="57520" dest-id="62981" weight="-2.003240359050616"/>
<connection id="62983" src-id="62981" dest-id="43588" weight="16.099413586183402"/>
<neuron id="63104" type="hid" activation="sigmoid"/>
<connection id="63105" src-id="39499" dest-id="63104" weight="-3.157140407821323"/>
<connection id="63106" src-id="63104" dest-id="46882" weight="2.1086783799566664"/>
<connection id="63407" src-id="39476" dest-id="61699" weight="-1.8808696417572226"/>
<connection id="63457" src-id="47684" dest-id="54037" weight="-0.217734694480896"/>
<connection id="63643" src-id="39511" dest-id="61702" weight="4.887062369756544"/>
<connection id="63672" src-id="39470" dest-id="43603" weight="-1.7809678637018327"/>
<connection id="64044" src-id="61702" dest-id="44032" weight="0.4720101042590854"/>
<connection id="64199" src-id="39495" dest-id="53326" weight="2.3986598874630607"/>
<connection id="64200" src-id="39502" dest-id="57517" weight="-3.481475879360595"/>
<connection id="64201" src-id="44023" dest-id="54037" weight="3.3757592068647395"/>
<connection id="64202" src-id="41526" dest-id="49112" weight="8.084410023013676"/>
<connection id="64203" src-id="43603" dest-id="48590" weight="-2.7778581862691496"/>
<connection id="64204" src-id="43808" dest-id="61699" weight="2.576672700155523"/>
<connection id="64206" src-id="40553" dest-id="61708" weight="4.070545675233236"/>
<connection id="64207" src-id="39499" dest-id="43603" weight="-0.6277705253480723"/>
<connection id="64208" src-id="44238" dest-id="60601" weight="2.957036013197223"/>
<connection id="64209" src-id="43368" dest-id="56656" weight="-4.0361139729715925"/>
<connection id="64210" src-id="39500" dest-id="61699" weight="-3.0165662772409076"/>
<connection id="64211" src-id="45917" dest-id="61699" weight="-2.1493250657683527"/>
<connection id="64213" src-id="39503" dest-id="57520" weight="-0.4065700410309657"/>
<connection id="64215" src-id="41565" dest-id="57514" weight="0.9047296533134236"/>
<connection id="64216" src-id="39471" dest-id="54037" weight="2.7944723367881297"/>
<connection id="64218" src-id="40553" dest-id="55646" weight="0.9382572136311089"/>
<connection id="64221" src-id="39496" dest-id="57514" weight="1.2747181228075943"/>
<connection id="64222" src-id="54037" dest-id="39557" weight="-6.805342060963655"/>
<connection id="64224" src-id="39496" dest-id="54037" weight="-4.431099163753889"/>
<connection id="64225" src-id="48133" dest-id="47684" weight="3.953465433051979"/>
<connection id="64226" src-id="39508" dest-id="61699" weight="0.4432594307536173"/>
<connection id="64227" src-id="44247" dest-id="54037" weight="4.423335398312102"/>
<connection id="64230" src-id="39505" dest-id="51012" weight="-2.6005018601114935"/>
<connection id="64231" src-id="39510" dest-id="56656" weight="-4.993669904705279"/>
<neuron id="64440" type="hid" activation="sigmoid"/>
<connection id="64441" src-id="39476" dest-id="64440" weight="4.051490167599036"/>
<connection id="64442" src-id="64440" dest-id="49582" weight="3.9807611820112303"/>
<connection id="64515" src-id="41538" dest-id="53329" weight="0.06589030302648968"/>
<connection id="64610" src-id="63104" dest-id="44238" weight="-3.5036402055949702"/>
<connection id="64881" src-id="47283" dest-id="55616" weight="0.40537672154193377"/>
<connection id="65261" src-id="47684" dest-id="41906" weight="2.9106470898459778"/>
<connection id="65273" src-id="64440" dest-id="42140" weight="0.7146120290898671"/>
<connection id="65276" src-id="39498" dest-id="45073" weight="0.8120897009484563"/>
<connection id="65282" src-id="56656" dest-id="46882" weight="2.9921941894542026"/>
<connection id="65283" src-id="61702" dest-id="60601" weight="3.377691129584931"/>
<connection id="65286" src-id="41906" dest-id="61708" weight="-0.3845493672854165"/>
<connection id="65287" src-id="40502" dest-id="53326" weight="-0.14016449254810093"/>
<connection id="65289" src-id="39503" dest-id="63104" weight="-5.991875914074674"/>
<connection id="65290" src-id="39500" dest-id="63104" weight="-3.7652574538365084"/>
<connection id="65294" src-id="55646" dest-id="39513" weight="0.4769613742828369"/>
<connection id="65299" src-id="41526" dest-id="41906" weight="5.703848844489637"/>
<connection id="65300" src-id="48602" dest-id="61708" weight="1.506317614553072"/>
<connection id="65301" src-id="39476" dest-id="63104" weight="1.738686551588859"/>
<connection id="65302" src-id="39499" dest-id="57520" weight="-2.391543392662292"/>
<connection id="65303" src-id="39503" dest-id="61768" weight="3.7103753175961236"/>
<connection id="65304" src-id="43603" dest-id="44023" weight="2.835250663231994"/>
<connection id="65305" src-id="41565" dest-id="56656" weight="0.21425867080688477"/>
<connection id="65306" src-id="54795" dest-id="61768" weight="-0.9882366426340672"/>
<connection id="65307" src-id="51012" dest-id="43368" weight="1.0415772387820588"/>
<connection id="65308" src-id="53983" dest-id="53350" weight="0.35236358642578125"/>
<connection id="65309" src-id="41565" dest-id="60601" weight="1.4915002237631496"/>
<connection id="65310" src-id="39475" dest-id="54037" weight="-0.5549492585556668"/>
<connection id="65489" src-id="39493" dest-id="61768" weight="-0.8330244071574626"/>
<neuron id="66004" type="hid" activation="sigmoid"/>
<connection id="66005" src-id="39499" dest-id="66004" weight="10.092826548460376"/>
<connection id="66006" src-id="66004" dest-id="47684" weight="-8.761477345512002"/>
<connection id="66316" src-id="57520" dest-id="40493" weight="2.188269112796144"/>
<connection id="66317" src-id="53350" dest-id="61699" weight="0.25043365085911073"/>
<connection id="66318" src-id="39488" dest-id="61699" weight="2.496760055117762"/>
<connection id="66319" src-id="56656" dest-id="57514" weight="-0.514384951034254"/>
<connection id="66320" src-id="41858" dest-id="40553" weight="0.28123021125793457"/>
<connection id="66321" src-id="60601" dest-id="48590" weight="2.4014684600812357"/>
<connection id="66322" src-id="60652" dest-id="61702" weight="3.244365496150521"/>
<connection id="66326" src-id="52618" dest-id="41876" weight="-2.2582935340211225"/>
<connection id="66328" src-id="59588" dest-id="48590" weight="-0.7476968765258789"/>
<connection id="66329" src-id="64440" dest-id="59576" weight="0.8278823188193276"/>
<connection id="66331" src-id="59576" dest-id="42140" weight="0.13169074058532715"/>
<connection id="66332" src-id="39507" dest-id="54037" weight="-6.363269675173888"/>
<connection id="66335" src-id="55616" dest-id="53329" weight="1.6462044482704346"/>
<connection id="66337" src-id="39482" dest-id="61795" weight="1.2304389190093485"/>
<connection id="66338" src-id="40553" dest-id="61795" weight="1.167195351774645"/>
<connection id="66342" src-id="39511" dest-id="61795" weight="0.13703688986542256"/>
<connection id="66344" src-id="51012" dest-id="41562" weight="0.8974017452399118"/>
<connection id="66347" src-id="39508" dest-id="60652" weight="-0.7435608987861042"/>
<connection id="66348" src-id="41526" dest-id="63104" weight="2.345204097490336"/>
<neuron id="67462" type="hid" activation="sigmoid"/>
<connection id="67463" src-id="39484" dest-id="67462" weight="5.386670101354267"/>
<connection id="67464" src-id="67462" dest-id="53329" weight="8.065892609629936"/>
<neuron id="67465" type="hid" activation="sigmoid"/>
<connection id="67466" src-id="40553" dest-id="67465" weight="3.407040225555858"/>
<connection id="67467" src-id="67465" dest-id="61699" weight="-0.6978848610323314"/>
</chromosome>